metabolites_id,reaction_id,name,reaction_string,subsystem,lower_bound,upper_bound,formula,charge,compartment
cpd02096_c0,rxn02925,L-3-Amino-isobutyrate,cpd00035_c0 + cpd00287_c0 <=> cpd00020_c0 + cpd02096_c0,,-1000.0,1000.0,C4H9NO2,0,c0
cpd00693_c0,rxn02210,D-Lactaldehyde,cpd03674_c0 --> cpd00020_c0 + cpd00693_c0,,0.0,1000.0,C3H6O2,0,c0
cpd00693_c0,ADD_D_Fuc7,D-Lactaldehyde,cpd00001_c0 + cpd00003_c0 + cpd00693_c0 <=> cpd00004_c0 + 2.0 cpd00067_c0 + cpd00221_c0,,-1000.0,1000.0,C3H6O2,0,c0
cpd00066_e0,EXpd00066,L-Phenylalanine,cpd00066_e0 --> ,,0.0,1000.0,C9H11NO2,0,e0
cpd00066_e0,rxn05306,L-Phenylalanine,cpd00066_e0 + cpd00067_e0 <=> cpd00066_c0 + cpd00067_c0,,-1000.0,1000.0,C9H11NO2,0,e0
cpd11512_c0,rxn05375,12-methyl-3-oxo-tetra-decanoyl-ACP,cpd11492_c0 + cpd11511_c0 --> cpd00011_c0 + cpd11493_c0 + cpd11512_c0,,0.0,1000.0,C26H47N2O9PRS,-1,c0
cpd11512_c0,rxn05376,12-methyl-3-oxo-tetra-decanoyl-ACP,cpd00005_c0 + cpd00067_c0 + cpd11512_c0 <=> cpd00006_c0 + cpd11513_c0,,-1000.0,1000.0,C26H47N2O9PRS,-1,c0
cpd15422_c0,rxn09207,"CDP-1,2-ditetradec-7-enoylglycerol",cpd00054_c0 + cpd15422_c0 --> cpd00046_c0 + 2.0 cpd00067_c0 + cpd15554_c0,,0.0,1000.0,C40H67N3O15P2,-2,c0
cpd15422_c0,rxn09110,"CDP-1,2-ditetradec-7-enoylglycerol",cpd00080_c0 + cpd15422_c0 <=> cpd00046_c0 + cpd15544_c0,,-1000.0,1000.0,C40H67N3O15P2,-2,c0
cpd15422_c0,rxn08308,"CDP-1,2-ditetradec-7-enoylglycerol",cpd00052_c0 + cpd15523_c0 <=> cpd00012_c0 + cpd00067_c0 + cpd15422_c0,,-1000.0,1000.0,C40H67N3O15P2,-2,c0
cpd00226_c0,rxn01297,HYXN,cpd00001_c0 + cpd00003_c0 + cpd00226_c0 <=> cpd00004_c0 + cpd00067_c0 + cpd00309_c0,,-1000.0,1000.0,C5H4N4O,0,c0
cpd00226_c0,rxn05201,HYXN,cpd00067_e0 + cpd00226_e0 <=> cpd00067_c0 + cpd00226_c0,,-1000.0,1000.0,C5H4N4O,0,c0
cpd00226_c0,rxn00836,HYXN,cpd00103_c0 + cpd00226_c0 --> cpd00012_c0 + cpd00067_c0 + cpd00114_c0,,0.0,1000.0,C5H4N4O,0,c0
cpd00226_c0,rxn01358,HYXN,cpd00009_c0 + cpd00246_c0 <=> cpd00226_c0 + cpd00475_c0,,-1000.0,1000.0,C5H4N4O,0,c0
cpd15796_c0,rxn10339,Isotetradecanoylcardiolipin (B. subtilis),2.0 cpd15724_c0 <=> cpd00100_c0 + cpd15796_c0,,-1000.0,1000.0,C65H124O17P2,-2,c0
cpd00001_c0,rxn00883,H2O,cpd00001_c0 + cpd02484_c0 --> cpd00009_c0 + cpd00121_c0,,0.0,1000.0,H2O,0,c0
cpd00001_c0,rxn00302,H2O,cpd00001_c0 + cpd00038_c0 --> cpd00067_c0 + cpd03518_c0,,0.0,1000.0,H2O,0,c0
cpd00001_c0,rxn08799,H2O,cpd00001_c0 + cpd15327_c0 <=> 2.0 cpd00067_c0 + cpd00080_c0 + cpd00214_c0,,-1000.0,1000.0,H2O,0,c0
cpd00001_c0,rxn01445,H2O,cpd00001_c0 + cpd00296_c0 --> cpd00009_c0 + cpd00277_c0,,0.0,1000.0,H2O,0,c0
cpd00001_c0,ADD_D_Fuc4,H2O,D_Fucono_σ_lactone_c0 + cpd00001_c0 --> cpd01161_c0,,0.0,1000.0,H2O,0,c0
cpd00001_c0,rxn05147,H2O,cpd00001_c0 + cpd00002_c0 + cpd00027_e0 --> cpd00008_c0 + cpd00009_c0 + cpd00027_c0 + cpd00067_c0,,0.0,1000.0,H2O,0,c0
cpd00001_c0,rxn10481,H2O,cpd00001_c0 + cpd00002_c0 + cpd00058_e0 --> cpd00008_c0 + cpd00009_c0 + cpd00058_c0 + cpd00067_c0,,0.0,1000.0,H2O,0,c0
cpd00001_c0,rxn03247,H2O,cpd03120_c0 <=> cpd00001_c0 + cpd03130_c0,,-1000.0,1000.0,H2O,0,c0
cpd00001_c0,rxn01923,H2O,cpd00007_c0 + 2.0 cpd00481_c0 --> 2.0 cpd00001_c0 + 2.0 cpd02187_c0,,0.0,1000.0,H2O,0,c0
cpd00001_c0,rxn08817,H2O,cpd00001_c0 + cpd15350_c0 <=> 2.0 cpd00067_c0 + cpd00080_c0 + cpd01741_c0,,-1000.0,1000.0,H2O,0,c0
cpd00001_c0,rxn02608,H2O,cpd01161_c0 --> cpd00001_c0 + cpd03674_c0,,0.0,1000.0,H2O,0,c0
cpd00001_c0,rxn01522,H2O,cpd00001_c0 + cpd00003_c0 + cpd00309_c0 --> cpd00004_c0 + cpd00067_c0 + cpd00300_c0,,0.0,1000.0,H2O,0,c0
cpd00001_c0,rxn00917,H2O,cpd00001_c0 + cpd00002_c0 + cpd00053_c0 + cpd00497_c0 --> cpd00012_c0 + cpd00018_c0 + cpd00023_c0 + 3.0 cpd00067_c0 + cpd00126_c0,,0.0,1000.0,H2O,0,c0
cpd00001_c0,rxn06077,H2O,cpd00001_c0 + cpd00060_c0 + cpd11420_c0 <=> cpd01914_c0 + cpd11421_c0,,-1000.0,1000.0,H2O,0,c0
cpd00001_c0,rxn05734,H2O,cpd00001_c0 + cpd00003_c0 + cpd00040_c0 <=> cpd00004_c0 + 2.0 cpd00067_c0 + cpd00180_c0,,-1000.0,1000.0,H2O,0,c0
cpd00001_c0,rxn00102,H2O,cpd00067_c0 + cpd00242_c0 <=> cpd00001_c0 + cpd00011_c0,,-1000.0,1000.0,H2O,0,c0
cpd00001_c0,rxn01274,H2O,cpd00001_c0 + cpd02182_c0 --> cpd00042_c0 + cpd00067_c0 + cpd00221_c0,,0.0,1000.0,H2O,0,c0
cpd00001_c0,rxn08815,H2O,cpd00001_c0 + cpd15323_c0 <=> cpd00067_c0 + cpd01080_c0 + cpd02090_c0,,-1000.0,1000.0,H2O,0,c0
cpd00001_c0,rxn03236,H2O,cpd03897_c0 <=> cpd00001_c0 + cpd00231_c0,,-1000.0,1000.0,H2O,0,c0
cpd00001_c0,ADD_D_Fuc7,H2O,cpd00001_c0 + cpd00003_c0 + cpd00693_c0 <=> cpd00004_c0 + 2.0 cpd00067_c0 + cpd00221_c0,,-1000.0,1000.0,H2O,0,c0
cpd00001_c0,rxn08816,H2O,cpd00001_c0 + cpd15324_c0 <=> cpd00067_c0 + cpd02090_c0 + cpd15269_c0,,-1000.0,1000.0,H2O,0,c0
cpd00001_c0,rxn05541,H2O,cpd00001_c0 + cpd00002_c0 + cpd11586_e0 --> cpd00008_c0 + cpd00009_c0 + cpd00067_c0 + cpd11586_c0,,0.0,1000.0,H2O,0,c0
cpd00001_c0,rxn01107,H2O,cpd00001_c0 + cpd00170_c0 --> cpd00067_c0 + cpd00222_c0,,0.0,1000.0,H2O,0,c0
cpd00001_c0,rxn00002,H2O,cpd00001_c0 + 3.0 cpd00067_c0 + cpd00742_c0 --> 2.0 cpd00011_c0 + 2.0 cpd00013_c0,,0.0,1000.0,H2O,0,c0
cpd00001_c0,rxn00804,H2O,cpd00001_c0 + cpd00003_c0 + cpd00107_c0 <=> cpd00004_c0 + cpd00013_c0 + cpd00067_c0 + cpd00200_c0,,-1000.0,1000.0,H2O,0,c0
cpd00001_c0,rxn05386,H2O,cpd11522_c0 --> cpd00001_c0 + cpd11523_c0,,0.0,1000.0,H2O,0,c0
cpd00001_c0,rxn12846,H2O,cpd00001_c0 + cpd15605_c0 <=> cpd00033_c0 + cpd00066_c0,,-1000.0,1000.0,H2O,0,c0
cpd00001_c0,rxn05543,H2O,cpd00001_c0 + cpd00002_c0 + cpd11584_e0 --> cpd00008_c0 + cpd00009_c0 + cpd00067_c0 + cpd11584_c0,,0.0,1000.0,H2O,0,c0
cpd00001_c0,rxn05235,H2O,cpd00052_c0 + cpd11421_c0 --> cpd00001_c0 + cpd00356_c0 + cpd11420_c0,,0.0,1000.0,H2O,0,c0
cpd00001_c0,rxn01218,H2O,cpd00001_c0 + cpd00206_c0 --> cpd00009_c0 + cpd00654_c0,,0.0,1000.0,H2O,0,c0
cpd00001_c0,rxn08844,H2O,cpd00001_c0 + cpd15342_c0 <=> cpd00067_c0 + cpd00908_c0 + cpd15269_c0,,-1000.0,1000.0,H2O,0,c0
cpd00001_c0,rxn01521,H2O,cpd00001_c0 + cpd00299_c0 --> cpd00009_c0 + cpd00412_c0,,0.0,1000.0,H2O,0,c0
cpd00001_c0,rxn05402,H2O,cpd11538_c0 --> cpd00001_c0 + cpd11539_c0,,0.0,1000.0,H2O,0,c0
cpd00001_c0,rxn00776,H2O,cpd00092_c0 + cpd00101_c0 --> cpd00001_c0 + cpd00859_c0,,0.0,1000.0,H2O,0,c0
cpd00001_c0,rxn05161,H2O,cpd00001_c0 + cpd00002_c0 + cpd00107_e0 --> cpd00008_c0 + cpd00009_c0 + cpd00067_c0 + cpd00107_c0,,0.0,1000.0,H2O,0,c0
cpd00001_c0,rxn12634,H2O,cpd00001_c0 + cpd11592_c0 <=> cpd00023_c0 + cpd00033_c0,,-1000.0,1000.0,H2O,0,c0
cpd00001_c0,rxn06075,H2O,cpd00014_c0 + cpd11421_c0 --> cpd00001_c0 + cpd00978_c0 + cpd11420_c0,,0.0,1000.0,H2O,0,c0
cpd00001_c0,rxn00251,H2O,cpd00001_c0 + cpd00011_c0 + cpd00061_c0 --> cpd00009_c0 + cpd00032_c0 + cpd00067_c0,,0.0,1000.0,H2O,0,c0
cpd00001_c0,rxn05334,H2O,cpd11483_c0 --> cpd00001_c0 + cpd11471_c0,,0.0,1000.0,H2O,0,c0
cpd00001_c0,rxn01297,H2O,cpd00001_c0 + cpd00003_c0 + cpd00226_c0 <=> cpd00004_c0 + cpd00067_c0 + cpd00309_c0,,-1000.0,1000.0,H2O,0,c0
cpd00001_c0,rxn05545,H2O,cpd00001_c0 + cpd00002_c0 + cpd11582_e0 --> cpd00008_c0 + cpd00009_c0 + cpd00067_c0 + cpd11582_c0,,0.0,1000.0,H2O,0,c0
cpd00001_c0,rxn09103,H2O,cpd00001_c0 + cpd15544_c0 --> cpd00009_c0 + cpd00067_c0 + cpd15537_c0,,0.0,1000.0,H2O,0,c0
cpd00001_c0,rxn12646,H2O,cpd00001_c0 + cpd11580_c0 <=> cpd00033_c0 + cpd00053_c0,,-1000.0,1000.0,H2O,0,c0
cpd00001_c0,rxn00126,H2O,cpd00001_c0 + cpd00002_c0 + cpd00060_c0 --> cpd00009_c0 + cpd00012_c0 + cpd00017_c0 + cpd00067_c0,,0.0,1000.0,H2O,0,c0
cpd00001_c0,rxn05329,H2O,cpd11478_c0 --> cpd00001_c0 + cpd11465_c0,,0.0,1000.0,H2O,0,c0
cpd00001_c0,rxn02569,H2O,cpd00001_c0 + cpd00002_c0 + cpd01078_c0 <=> cpd00009_c0 + cpd00018_c0 + cpd00067_c0 + cpd03078_c0,,-1000.0,1000.0,H2O,0,c0
cpd00001_c0,rxn09296,H2O,cpd00025_c0 + cpd11421_c0 --> 2.0 cpd00001_c0 + cpd11420_c0,,0.0,1000.0,H2O,0,c0
cpd00001_c0,rxn12637,H2O,cpd00001_c0 + cpd11589_c0 <=> cpd00033_c0 + cpd00041_c0,,-1000.0,1000.0,H2O,0,c0
cpd00001_c0,rxn12845,H2O,cpd00001_c0 + cpd15604_c0 <=> cpd00033_c0 + cpd00107_c0,,-1000.0,1000.0,H2O,0,c0
cpd00001_c0,rxn00414,H2O,cpd00001_c0 + 2.0 cpd00002_c0 + cpd00053_c0 + cpd00242_c0 --> 2.0 cpd00008_c0 + cpd00009_c0 + cpd00023_c0 + 2.0 cpd00067_c0 + cpd00146_c0,,0.0,1000.0,H2O,0,c0
cpd00001_c0,rxn05333,H2O,cpd11482_c0 --> cpd00001_c0 + cpd11475_c0,,0.0,1000.0,H2O,0,c0
cpd00001_c0,rxn00327,H2O,cpd00001_c0 + 2.0 cpd00067_c0 + cpd00465_c0 --> cpd00011_c0 + 2.0 cpd00013_c0 + cpd00040_c0,,0.0,1000.0,H2O,0,c0
cpd00001_c0,rxn00300,H2O,3.0 cpd00001_c0 + cpd00038_c0 --> cpd00012_c0 + cpd00047_c0 + 3.0 cpd00067_c0 + cpd00957_c0,,0.0,1000.0,H2O,0,c0
cpd00001_c0,rxn00679,H2O,cpd00010_c0 + cpd00067_c0 + cpd01501_c0 <=> cpd00001_c0 + cpd00032_c0 + cpd00086_c0,,-1000.0,1000.0,H2O,0,c0
cpd00001_c0,rxn09104,H2O,cpd00001_c0 + cpd15545_c0 --> cpd00009_c0 + cpd00067_c0 + cpd15538_c0,,0.0,1000.0,H2O,0,c0
cpd00001_c0,rxn05547,H2O,cpd00001_c0 + cpd00002_c0 + cpd11580_e0 --> cpd00008_c0 + cpd00009_c0 + cpd00067_c0 + cpd11580_c0,,0.0,1000.0,H2O,0,c0
cpd00001_c0,rxn05394,H2O,cpd11530_c0 --> cpd00001_c0 + cpd11531_c0,,0.0,1000.0,H2O,0,c0
cpd00001_c0,Cis9_hex_syn,H2O,3.0 cpd00004_c0 + 3.0 cpd00005_c0 + 8.0 cpd00067_c0 + cpd11482_c0 + 3.0 cpd11492_c0 --> cis9_hexadecenoyl_acp_c0 + 4.0 cpd00001_c0 + 3.0 cpd00003_c0 + 3.0 cpd00006_c0 + 3.0 cpd00011_c0 + 3.0 cpd11493_c0,,0.0,1000.0,H2O,0,c0
cpd00001_c0,rxn08811,H2O,cpd00001_c0 + cpd15319_c0 <=> cpd00067_c0 + cpd02090_c0 + cpd03847_c0,,-1000.0,1000.0,H2O,0,c0
cpd00001_c0,Cis11_oct_syn,H2O,cis9_hexadecenoyl_acp_c0 + cpd00004_c0 + cpd00005_c0 + 3.0 cpd00067_c0 + cpd11492_c0 --> cis11_octadecenoyl_acp_c0 + cpd00001_c0 + cpd00003_c0 + cpd00006_c0 + cpd00011_c0 + cpd11493_c0,,0.0,1000.0,H2O,0,c0
cpd00001_c0,rxn13782,H2O,10412.0 cpd00001_c0 + 6730.0 cpd00002_c0 + 496.0 cpd00033_c0 + 1370.0 cpd00035_c0 + 10162.0 cpd00038_c0 + 431.0 cpd00039_c0 + 250.0 cpd00041_c0 + 121.0 cpd00051_c0 + 500.0 cpd00053_c0 + 290.0 cpd00054_c0 + 116.0 cpd00060_c0 + 54.0 cpd00065_c0 + 199.0 cpd00066_c0 + 138.0 cpd00069_c0 + 87.0 cpd00084_c0 + 428.0 cpd00107_c0 + 145.0 cpd00119_c0 + 541.0 cpd00129_c0 + 420.0 cpd00156_c0 + 436.0 cpd00161_c0 + 14.0 cpd00201_c0 + 213.0 cpd00322_c0 --> Protein_c0 + 250.0 cpd00008_c0 + 10412.0 cpd00009_c0 + 6480.0 cpd00012_c0 + 6480.0 cpd00018_c0 + 10162.0 cpd00031_c0 + 14.0 cpd00047_c0 + 15493.0 cpd00067_c0 + 14.0 cpd00087_c0,,0.0,1000.0,H2O,0,c0
cpd00001_c0,rxn05365,H2O,cpd11501_c0 --> cpd00001_c0 + cpd11502_c0,,0.0,1000.0,H2O,0,c0
cpd00001_c0,rxn05332,H2O,cpd11481_c0 --> cpd00001_c0 + cpd11477_c0,,0.0,1000.0,H2O,0,c0
cpd00001_c0,rxn01997,H2O,cpd00626_c0 --> cpd00001_c0 + cpd00521_c0,,0.0,1000.0,H2O,0,c0
cpd00001_c0,rxn02789,H2O,cpd01646_c0 <=> cpd00001_c0 + cpd01710_c0,,-1000.0,1000.0,H2O,0,c0
cpd00001_c0,rxn10344,H2O,cpd00001_c0 + cpd00002_c0 + cpd04097_c0 --> cpd00008_c0 + cpd00009_c0 + cpd00067_c0 + cpd04097_e0,,0.0,1000.0,H2O,0,c0
cpd00001_c0,rxn08807,H2O,cpd00001_c0 + cpd15317_c0 <=> cpd00067_c0 + cpd00908_c0 + cpd15237_c0,,-1000.0,1000.0,H2O,0,c0
cpd00001_c0,rxn00980,H2O,cpd00001_c0 + cpd00727_c0 --> cpd00009_c0 + cpd00139_c0,,0.0,1000.0,H2O,0,c0
cpd00001_c0,rxn10266,H2O,cpd00001_c0 + cpd15717_c0 --> cpd00009_c0 + cpd00067_c0 + cpd15723_c0,,0.0,1000.0,H2O,0,c0
cpd00001_c0,rxn00132,H2O,cpd00001_c0 + cpd00018_c0 <=> cpd00009_c0 + cpd00182_c0,,-1000.0,1000.0,H2O,0,c0
cpd00001_c0,rxn02007,H2O,cpd00524_c0 --> cpd00001_c0 + cpd02631_c0,,0.0,1000.0,H2O,0,c0
cpd00001_c0,rxn09542,H2O,50.0 cpd00001_c0 + cpd11454_c0 --> 50.0 cpd00009_c0 + cpd11652_c0,,0.0,1000.0,H2O,0,c0
cpd00001_c0,rxn05187,H2O,cpd00001_c0 + cpd00002_c0 + cpd03424_e0 --> cpd00008_c0 + cpd00009_c0 + cpd00067_c0 + cpd03424_c0,,0.0,1000.0,H2O,0,c0
cpd00001_c0,rxn05183,H2O,cpd00001_c0 + cpd00002_c0 + cpd00637_e0 --> cpd00008_c0 + cpd00009_c0 + cpd00067_c0 + cpd00637_c0,,0.0,1000.0,H2O,0,c0
cpd00001_c0,rxn00902,H2O,cpd00001_c0 + cpd00022_c0 + cpd00123_c0 --> cpd00010_c0 + cpd00067_c0 + cpd01646_c0,,0.0,1000.0,H2O,0,c0
cpd00001_c0,rxn05373,H2O,cpd11509_c0 --> cpd00001_c0 + cpd11510_c0,,0.0,1000.0,H2O,0,c0
cpd00001_c0,rxn12147,H2O,cpd00001_c0 + cpd02631_c0 --> cpd00067_c0 + cpd16540_c0,,0.0,1000.0,H2O,0,c0
cpd00001_c0,rxn10267,H2O,cpd00001_c0 + cpd15718_c0 --> cpd00009_c0 + cpd00067_c0 + cpd15724_c0,,0.0,1000.0,H2O,0,c0
cpd00001_c0,rxn00790,H2O,cpd00001_c0 + cpd00053_c0 + cpd00103_c0 --> cpd00012_c0 + cpd00023_c0 + cpd00067_c0 + cpd01982_c0,,0.0,1000.0,H2O,0,c0
cpd00001_c0,rxn01868,H2O,cpd00001_c0 + cpd00006_c0 + cpd00447_c0 --> cpd00005_c0 + 2.0 cpd00067_c0 + cpd00540_c0,,0.0,1000.0,H2O,0,c0
cpd00001_c0,rxn05542,H2O,cpd00001_c0 + cpd00002_c0 + cpd11585_e0 --> cpd00008_c0 + cpd00009_c0 + cpd00067_c0 + cpd11585_c0,,0.0,1000.0,H2O,0,c0
cpd00001_c0,rxn05390,H2O,cpd11526_c0 --> cpd00001_c0 + cpd11527_c0,,0.0,1000.0,H2O,0,c0
cpd00001_c0,rxn02404,H2O,cpd00001_c0 + cpd02730_c0 --> cpd00009_c0 + cpd00875_c0,,0.0,1000.0,H2O,0,c0
cpd00001_c0,rxn01331,H2O,cpd00001_c0 + cpd00003_c0 + cpd00236_c0 --> cpd00004_c0 + 2.0 cpd00067_c0 + cpd02147_c0,,0.0,1000.0,H2O,0,c0
cpd00001_c0,rxn08798,H2O,cpd00001_c0 + cpd15330_c0 --> 2.0 cpd00067_c0 + cpd00080_c0 + cpd15298_c0,,0.0,1000.0,H2O,0,c0
cpd00001_c0,rxn05546,H2O,cpd00001_c0 + cpd00002_c0 + cpd11581_e0 --> cpd00008_c0 + cpd00009_c0 + cpd00067_c0 + cpd11581_c0,,0.0,1000.0,H2O,0,c0
cpd00001_c0,rxn05039,H2O,cpd00001_c0 + cpd02720_c0 --> cpd00009_c0 + cpd02882_c0,,0.0,1000.0,H2O,0,c0
cpd00001_c0,rxn01858,H2O,cpd00001_c0 + cpd00067_c0 + cpd00438_c0 --> cpd00013_c0 + cpd03279_c0,,0.0,1000.0,H2O,0,c0
cpd00001_c0,rxn08797,H2O,cpd00001_c0 + cpd15331_c0 <=> cpd00067_c0 + cpd00080_c0 + cpd03847_c0,,-1000.0,1000.0,H2O,0,c0
cpd00001_c0,rxn05528,H2O,cpd00001_c0 + cpd00002_c0 + cpd00058_c0 --> cpd00008_c0 + cpd00009_c0 + cpd00058_e0 + cpd00067_c0,,0.0,1000.0,H2O,0,c0
cpd00001_c0,rxn00642,H2O,cpd00083_c0 --> cpd00001_c0 + cpd00900_c0,,0.0,1000.0,H2O,0,c0
cpd00001_c0,rxn00567,H2O,cpd00001_c0 + cpd00109_c0 + cpd00418_c0 <=> cpd00067_c0 + cpd00075_c0 + cpd00110_c0,,-1000.0,1000.0,H2O,0,c0
cpd00001_c0,rxn01000,H2O,cpd00067_c0 + cpd00219_c0 --> cpd00001_c0 + cpd00011_c0 + cpd00143_c0,,0.0,1000.0,H2O,0,c0
cpd00001_c0,rxn01069,H2O,cpd00001_c0 + cpd00809_c0 --> cpd00009_c0 + cpd00161_c0,,0.0,1000.0,H2O,0,c0
cpd00001_c0,rxn08805,H2O,cpd00001_c0 + cpd15315_c0 <=> cpd00067_c0 + cpd00908_c0 + cpd15298_c0,,-1000.0,1000.0,H2O,0,c0
cpd00001_c0,rxn05176,H2O,cpd00001_c0 + cpd00002_c0 + cpd00268_e0 --> cpd00008_c0 + cpd00009_c0 + cpd00067_c0 + cpd00268_c0,,0.0,1000.0,H2O,0,c0
cpd00001_c0,rxn08801,H2O,cpd00001_c0 + cpd15329_c0 <=> cpd00067_c0 + cpd00080_c0 + cpd01080_c0,,-1000.0,1000.0,H2O,0,c0
cpd00001_c0,rxn00974,H2O,cpd00137_c0 <=> cpd00001_c0 + cpd00331_c0,,-1000.0,1000.0,H2O,0,c0
cpd00001_c0,rxn01893,H2O,cpd00001_c0 + cpd00461_c0 --> cpd02258_c0,,0.0,1000.0,H2O,0,c0
cpd00001_c0,rxn01332,H2O,cpd00001_c0 + cpd00061_c0 + cpd00236_c0 --> cpd00009_c0 + cpd02857_c0,,0.0,1000.0,H2O,0,c0
cpd00001_c0,rxn05219,H2O,cpd00001_c0 + cpd00002_c0 + cpd00060_e0 --> cpd00008_c0 + cpd00009_c0 + cpd00060_c0 + cpd00067_c0,,0.0,1000.0,H2O,0,c0
cpd00001_c0,rxn00189,H2O,cpd00001_c0 + cpd00053_c0 --> cpd00013_c0 + cpd00023_c0,,0.0,1000.0,H2O,0,c0
cpd00001_c0,rxn00060,H2O,cpd00001_c0 + 4.0 cpd00689_c0 --> 4.0 cpd00013_c0 + cpd00755_c0,,0.0,1000.0,H2O,0,c0
cpd00001_c0,rxn02144,H2O,cpd00001_c0 + cpd02255_c0 --> cpd00067_c0 + cpd00630_c0,,0.0,1000.0,H2O,0,c0
cpd00001_c0,rxn05538,H2O,cpd00001_c0 + cpd00002_c0 + cpd11588_e0 --> cpd00008_c0 + cpd00009_c0 + cpd00067_c0 + cpd11588_c0,,0.0,1000.0,H2O,0,c0
cpd00001_c0,rxn01867,H2O,cpd00001_c0 + cpd00003_c0 + cpd00447_c0 --> cpd00004_c0 + 2.0 cpd00067_c0 + cpd00540_c0,,0.0,1000.0,H2O,0,c0
cpd00001_c0,rxn01541,H2O,cpd00105_c0 + cpd00307_c0 --> cpd00001_c0 + cpd00367_c0,,0.0,1000.0,H2O,0,c0
cpd00001_c0,rxn08814,H2O,cpd00001_c0 + cpd15322_c0 <=> cpd00067_c0 + cpd02090_c0 + cpd15237_c0,,-1000.0,1000.0,H2O,0,c0
cpd00001_c0,rxn05234,H2O,cpd00038_c0 + cpd11421_c0 --> cpd00001_c0 + cpd00241_c0 + cpd11420_c0,,0.0,1000.0,H2O,0,c0
cpd00001_c0,rxn00006,H2O,2.0 cpd00025_c0 --> 2.0 cpd00001_c0 + cpd00007_c0,,0.0,1000.0,H2O,0,c0
cpd00001_c0,rxn00291,H2O,cpd00001_c0 + cpd03525_c0 <=> cpd00023_c0 + cpd00036_c0,,-1000.0,1000.0,H2O,0,c0
cpd00001_c0,rxn05516,H2O,cpd00001_c0 + cpd00002_c0 + cpd01012_c0 --> cpd00008_c0 + cpd00009_c0 + cpd00067_c0 + cpd01012_e0,,0.0,1000.0,H2O,0,c0
cpd00001_c0,rxn04070,H2O,cpd08289_c0 + cpd08449_c0 --> 2.0 cpd00001_c0 + cpd00009_c0 + cpd00067_c0 + cpd00478_c0,,0.0,1000.0,H2O,0,c0
cpd00001_c0,rxn05381,H2O,cpd11517_c0 --> cpd00001_c0 + cpd11518_c0,,0.0,1000.0,H2O,0,c0
cpd00001_c0,rxn12640,H2O,cpd00001_c0 + cpd11586_c0 <=> cpd00023_c0 + cpd00035_c0,,-1000.0,1000.0,H2O,0,c0
cpd00001_c0,rxn02400,H2O,cpd00001_c0 + cpd00873_c0 --> cpd00009_c0 + cpd03471_c0,,0.0,1000.0,H2O,0,c0
cpd00001_c0,rxn02507,H2O,cpd00067_c0 + cpd00956_c0 --> cpd00001_c0 + cpd00011_c0 + cpd02210_c0,,0.0,1000.0,H2O,0,c0
cpd00001_c0,rxn05608,H2O,cpd00001_c0 + cpd00002_c0 + cpd01262_e0 --> cpd00008_c0 + cpd00009_c0 + cpd00067_c0 + cpd01262_c0,,0.0,1000.0,H2O,0,c0
cpd00001_c0,rxn02004,H2O,cpd00001_c0 + cpd00523_c0 --> cpd00009_c0 + cpd00794_c0,,0.0,1000.0,H2O,0,c0
cpd00001_c0,ADD_5oxpro3,H2O,2.0 cpd00001_c0 + cpd00002_c0 + cpd01293_c0 --> cpd00008_c0 + cpd00009_c0 + cpd00023_c0 + cpd00067_c0,,0.0,1000.0,H2O,0,c0
cpd00001_c0,rxn02473,H2O,cpd02843_c0 --> cpd00001_c0 + cpd00930_c0,,0.0,1000.0,H2O,0,c0
cpd00001_c0,rxn12849,H2O,cpd00001_c0 + cpd00002_c0 + cpd15604_e0 --> cpd00008_c0 + cpd00009_c0 + cpd00067_c0 + cpd15604_c0,,0.0,1000.0,H2O,0,c0
cpd00001_c0,rxn05533,H2O,cpd00001_c0 + cpd00002_c0 + cpd11593_e0 --> cpd00008_c0 + cpd00009_c0 + cpd00067_c0 + cpd11593_c0,,0.0,1000.0,H2O,0,c0
cpd00001_c0,rxn00758,H2O,cpd00001_c0 + cpd00507_c0 --> cpd00067_c0 + cpd00080_c0 + cpd00098_c0,,0.0,1000.0,H2O,0,c0
cpd00001_c0,rxn00474,H2O,cpd00054_c0 + cpd00359_c0 --> cpd00001_c0 + cpd00065_c0,,0.0,1000.0,H2O,0,c0
cpd00001_c0,rxn01507,H2O,cpd00001_c0 + cpd00294_c0 --> cpd00009_c0 + cpd00438_c0,,0.0,1000.0,H2O,0,c0
cpd00001_c0,rxn00202,H2O,cpd00001_c0 + cpd00022_c0 + cpd00024_c0 --> cpd00010_c0 + cpd00067_c0 + cpd00919_c0,,0.0,1000.0,H2O,0,c0
cpd00001_c0,rxn05369,H2O,cpd11505_c0 --> cpd00001_c0 + cpd11506_c0,,0.0,1000.0,H2O,0,c0
cpd00001_c0,rxn00898,H2O,cpd02498_c0 --> cpd00001_c0 + cpd00123_c0,,0.0,1000.0,H2O,0,c0
cpd00001_c0,rxn01729,H2O,cpd00001_c0 + cpd00003_c0 + cpd02089_c0 --> cpd00004_c0 + 2.0 cpd00067_c0 + cpd00379_c0,,0.0,1000.0,H2O,0,c0
cpd00001_c0,rxn00834,H2O,cpd00001_c0 + cpd00003_c0 + cpd00114_c0 <=> cpd00004_c0 + cpd00067_c0 + cpd00497_c0,,-1000.0,1000.0,H2O,0,c0
cpd00001_c0,rxn00208,H2O,cpd00001_c0 + cpd00007_c0 + cpd00493_c0 --> cpd00013_c0 + cpd00016_c0 + cpd00025_c0,,0.0,1000.0,H2O,0,c0
cpd00001_c0,rxn11544,H2O,cpd00001_c0 + 2.0 cpd00002_c0 + 2.0 cpd00053_c0 + cpd03832_c0 <=> 2.0 cpd00008_c0 + cpd00012_c0 + 2.0 cpd00023_c0 + cpd00067_c0 + cpd03913_c0,,-1000.0,1000.0,H2O,0,c0
cpd00001_c0,rxn03919,H2O,cpd00001_c0 + cpd08316_c0 --> cpd00009_c0 + cpd04920_c0,,0.0,1000.0,H2O,0,c0
cpd00001_c0,rxn02174,H2O,cpd00001_c0 + cpd02143_c0 <=> cpd00067_c0 + cpd00653_c0,,-1000.0,1000.0,H2O,0,c0
cpd00001_c0,rxn05164,H2O,cpd00001_c0 + cpd00002_c0 + cpd00119_e0 --> cpd00008_c0 + cpd00009_c0 + cpd00067_c0 + cpd00119_c0,,0.0,1000.0,H2O,0,c0
cpd00001_c0,rxn08818,H2O,cpd00001_c0 + cpd15363_c0 <=> 2.0 cpd00067_c0 + cpd00080_c0 + cpd03847_c0,,-1000.0,1000.0,H2O,0,c0
cpd00001_c0,rxn05293,H2O,cpd00004_c0 + cpd00067_c0 + cpd08301_c0 --> cpd00001_c0 + cpd00003_c0 + cpd08615_c0,,0.0,1000.0,H2O,0,c0
cpd00001_c0,rxn05231,H2O,cpd00008_c0 + cpd11421_c0 --> cpd00001_c0 + cpd00177_c0 + cpd11420_c0,,0.0,1000.0,H2O,0,c0
cpd00001_c0,rxn05063,H2O,cpd00001_c0 + cpd01015_c0 --> cpd01101_c0,,0.0,1000.0,H2O,0,c0
cpd00001_c0,rxn10268,H2O,cpd00001_c0 + cpd15719_c0 --> cpd00009_c0 + cpd00067_c0 + cpd15725_c0,,0.0,1000.0,H2O,0,c0
cpd00001_c0,rxn02173,H2O,cpd00653_c0 --> cpd00001_c0 + cpd00894_c0,,0.0,1000.0,H2O,0,c0
cpd00001_c0,rxn00262,H2O,cpd00001_c0 + cpd00007_c0 + cpd00041_c0 --> cpd00013_c0 + cpd00025_c0 + cpd00032_c0,,0.0,1000.0,H2O,0,c0
cpd00001_c0,rxn01670,H2O,cpd00001_c0 + cpd00355_c0 --> cpd00009_c0 + cpd02016_c0,,0.0,1000.0,H2O,0,c0
cpd00001_c0,rxn12639,H2O,cpd00001_c0 + cpd11587_c0 <=> cpd00035_c0 + cpd00053_c0,,-1000.0,1000.0,H2O,0,c0
cpd00001_c0,rxn05146,H2O,cpd00001_c0 + cpd00002_c0 + cpd00023_e0 --> cpd00008_c0 + cpd00009_c0 + cpd00023_c0 + cpd00067_c0,,0.0,1000.0,H2O,0,c0
cpd00001_c0,rxn08838,H2O,cpd00001_c0 + cpd15336_c0 <=> cpd00067_c0 + cpd00908_c0 + cpd01741_c0,,-1000.0,1000.0,H2O,0,c0
cpd00001_c0,rxn05644,H2O,cpd00001_c0 + cpd00002_c0 + cpd00105_c0 --> cpd00008_c0 + cpd00009_c0 + cpd00067_c0 + cpd00105_e0,,0.0,1000.0,H2O,0,c0
cpd00001_c0,rxn05406,H2O,cpd11542_c0 --> cpd00001_c0 + cpd11543_c0,,0.0,1000.0,H2O,0,c0
cpd00001_c0,rxn00993,H2O,cpd00001_c0 + cpd00780_c0 --> cpd00067_c0 + cpd00106_c0 + cpd00142_c0,,0.0,1000.0,H2O,0,c0
cpd00001_c0,rxn03080,H2O,cpd02882_c0 + cpd11225_c0 <=> 2.0 cpd00001_c0 + cpd00009_c0 + cpd00067_c0 + cpd02656_c0,,-1000.0,1000.0,H2O,0,c0
cpd00001_c0,rxn01029,H2O,cpd00001_c0 + cpd00152_c0 --> cpd00013_c0 + cpd00341_c0,,0.0,1000.0,H2O,0,c0
cpd00001_c0,rxn05160,H2O,cpd00001_c0 + cpd00002_c0 + cpd00105_e0 --> cpd00008_c0 + cpd00009_c0 + cpd00067_c0 + cpd00105_c0,,0.0,1000.0,H2O,0,c0
cpd00001_c0,rxn12641,H2O,cpd00001_c0 + cpd11585_c0 <=> cpd00033_c0 + cpd00035_c0,,-1000.0,1000.0,H2O,0,c0
cpd00001_c0,rxn10147,H2O,cpd00001_c0 + cpd00002_c0 + cpd00635_e0 --> cpd00008_c0 + cpd00009_c0 + cpd00067_c0 + cpd00635_c0,,0.0,1000.0,H2O,0,c0
cpd00001_c0,rxn05150,H2O,cpd00001_c0 + cpd00002_c0 + cpd00034_e0 --> cpd00008_c0 + cpd00009_c0 + cpd00034_c0 + cpd00067_c0,,0.0,1000.0,H2O,0,c0
cpd00001_c0,rxn05152,H2O,cpd00001_c0 + cpd00002_c0 + cpd00041_e0 --> cpd00008_c0 + cpd00009_c0 + cpd00041_c0 + cpd00067_c0,,0.0,1000.0,H2O,0,c0
cpd00001_c0,rxn00569,H2O,3.0 cpd00005_c0 + 4.0 cpd00067_c0 + cpd00075_c0 --> 2.0 cpd00001_c0 + 3.0 cpd00006_c0 + cpd00013_c0,,0.0,1000.0,H2O,0,c0
cpd00001_c0,rxn05735,H2O,cpd00001_c0 + cpd00003_c0 + cpd04122_c0 --> cpd00004_c0 + cpd00033_c0 + 2.0 cpd00067_c0,,0.0,1000.0,H2O,0,c0
cpd00001_c0,rxn00120,H2O,cpd00001_c0 + cpd00062_c0 --> cpd00009_c0 + cpd00014_c0 + cpd00067_c0,,0.0,1000.0,H2O,0,c0
cpd00001_c0,rxn02475,H2O,cpd00001_c0 + cpd00067_c0 + cpd00957_c0 --> cpd00013_c0 + cpd00931_c0,,0.0,1000.0,H2O,0,c0
cpd00001_c0,rxn01465,H2O,cpd00001_c0 + cpd00282_c0 <=> cpd00067_c0 + cpd00343_c0,,-1000.0,1000.0,H2O,0,c0
cpd00001_c0,rxn08821,H2O,cpd00001_c0 + cpd15354_c0 <=> 2.0 cpd00067_c0 + cpd00080_c0 + cpd15237_c0,,-1000.0,1000.0,H2O,0,c0
cpd00001_c0,rxn00691,H2O,cpd00001_c0 + cpd00201_c0 --> cpd00047_c0 + cpd00067_c0 + cpd00087_c0,,0.0,1000.0,H2O,0,c0
cpd00001_c0,ADD_GABA3,H2O,cpd00001_c0 + cpd00003_c0 + cpd00199_c0 --> cpd00004_c0 + cpd00036_c0 + 2.0 cpd00067_c0,,0.0,1000.0,H2O,0,c0
cpd00001_c0,R00274,H2O,cpd00025_c0 + 2.0 cpd00042_c0 --> 2.0 cpd00001_c0 + cpd00111_c0,,0.0,1000.0,H2O,0,c0
cpd00001_c0,rxn08803,H2O,cpd00001_c0 + cpd15313_c0 <=> cpd00067_c0 + cpd00908_c0 + cpd01741_c0,,-1000.0,1000.0,H2O,0,c0
cpd00001_c0,rxn08847,H2O,cpd00001_c0 + cpd15345_c0 --> cpd00067_c0 + cpd02090_c0 + cpd15298_c0,,0.0,1000.0,H2O,0,c0
cpd00001_c0,rxn00503,H2O,2.0 cpd00001_c0 + cpd00003_c0 + cpd02431_c0 --> cpd00004_c0 + cpd00023_c0 + cpd00067_c0,,0.0,1000.0,H2O,0,c0
cpd00001_c0,rxn10269,H2O,cpd00001_c0 + cpd15720_c0 --> cpd00009_c0 + cpd00067_c0 + cpd15726_c0,,0.0,1000.0,H2O,0,c0
cpd00001_c0,rxn12638,H2O,cpd00001_c0 + cpd11588_c0 --> cpd00033_c0 + cpd00129_c0,,0.0,1000.0,H2O,0,c0
cpd00001_c0,rxn05377,H2O,cpd11513_c0 --> cpd00001_c0 + cpd11514_c0,,0.0,1000.0,H2O,0,c0
cpd00001_c0,rxn08840,H2O,cpd00001_c0 + cpd15338_c0 --> cpd00067_c0 + cpd00908_c0 + cpd15298_c0,,0.0,1000.0,H2O,0,c0
cpd00001_c0,rxn00147,H2O,cpd00001_c0 + cpd00002_c0 + cpd00020_c0 --> cpd00009_c0 + cpd00018_c0 + cpd00061_c0 + 3.0 cpd00067_c0,,0.0,1000.0,H2O,0,c0
cpd00001_c0,rxn00231,H2O,cpd00001_c0 + cpd03734_c0 --> cpd00013_c0 + cpd00029_c0,,0.0,1000.0,H2O,0,c0
cpd00001_c0,rxn00548,H2O,cpd00009_c0 + cpd00072_c0 --> cpd00001_c0 + cpd00196_c0 + cpd00236_c0,,0.0,1000.0,H2O,0,c0
cpd00001_c0,rxn01843,H2O,cpd00001_c0 + cpd00067_c0 + cpd01647_c0 <=> cpd00013_c0 + cpd00430_c0,,-1000.0,1000.0,H2O,0,c0
cpd00001_c0,R01668,H2O,cpd00001_c0 + cpd00356_c0 --> cpd00012_c0 + 2.0 cpd00067_c0 + cpd00206_c0,,0.0,1000.0,H2O,0,c0
cpd00001_c0,rxn00183,H2O,cpd00001_c0 + cpd00003_c0 + cpd00858_c0 --> cpd00004_c0 + cpd00023_c0 + 2.0 cpd00067_c0,,0.0,1000.0,H2O,0,c0
cpd00001_c0,rxn12645,H2O,cpd00001_c0 + cpd11581_c0 <=> cpd00033_c0 + cpd00132_c0,,-1000.0,1000.0,H2O,0,c0
cpd00001_c0,rxn00863,H2O,cpd00001_c0 + cpd00003_c0 + cpd01324_c0 --> cpd00004_c0 + 2.0 cpd00067_c0 + cpd00119_c0,,0.0,1000.0,H2O,0,c0
cpd00001_c0,rxn00350,H2O,cpd00001_c0 + cpd00042_c0 <=> cpd00023_c0 + cpd01017_c0,,-1000.0,1000.0,H2O,0,c0
cpd00001_c0,rxn09106,H2O,cpd00001_c0 + cpd15547_c0 --> cpd00009_c0 + cpd00067_c0 + cpd15540_c0,,0.0,1000.0,H2O,0,c0
cpd00001_c0,rxn01477,H2O,cpd00284_c0 --> cpd00001_c0 + cpd02711_c0,,0.0,1000.0,H2O,0,c0
cpd00001_c0,rxn12643,H2O,cpd00001_c0 + cpd11583_c0 --> cpd00035_c0 + cpd00107_c0,,0.0,1000.0,H2O,0,c0
cpd00001_c0,rxn00383,H2O,cpd00001_c0 + cpd00007_c0 + cpd00081_c0 --> cpd00025_c0 + cpd00048_c0 + cpd00067_c0,,0.0,1000.0,H2O,0,c0
cpd00001_c0,rxn00330,H2O,cpd00001_c0 + cpd00022_c0 + cpd00040_c0 --> cpd00010_c0 + cpd00067_c0 + cpd00130_c0,,0.0,1000.0,H2O,0,c0
cpd00001_c0,rxn10270,H2O,cpd00001_c0 + cpd15721_c0 --> cpd00009_c0 + cpd00067_c0 + cpd15727_c0,,0.0,1000.0,H2O,0,c0
cpd00001_c0,rxn00420,H2O,cpd00001_c0 + cpd00738_c0 --> cpd00009_c0 + cpd00054_c0,,0.0,1000.0,H2O,0,c0
cpd00001_c0,rxn12224,H2O,cpd00007_c0 + cpd03446_c0 --> cpd00001_c0 + cpd03447_c0,,0.0,1000.0,H2O,0,c0
cpd00001_c0,rxn14250,H2O,cpd00007_c0 + cpd00067_c0 + cpd01270_c0 + cpd18071_c0 --> cpd00001_c0 + cpd00050_c0 + cpd00071_c0 + cpd00075_c0,,0.0,1000.0,H2O,0,c0
cpd00001_c0,rxn03150,H2O,cpd00001_c0 + cpd02904_c0 --> cpd00009_c0 + cpd03423_c0,,0.0,1000.0,H2O,0,c0
cpd00001_c0,rxn08813,H2O,cpd00001_c0 + cpd15321_c0 <=> cpd00067_c0 + cpd00214_c0 + cpd02090_c0,,-1000.0,1000.0,H2O,0,c0
cpd00001_c0,rxn08846,H2O,cpd00001_c0 + cpd15344_c0 <=> cpd00067_c0 + cpd02090_c0 + cpd03847_c0,,-1000.0,1000.0,H2O,0,c0
cpd00001_c0,rxn00001,H2O,cpd00001_c0 + cpd00012_c0 --> 2.0 cpd00009_c0 + cpd00067_c0,,0.0,1000.0,H2O,0,c0
cpd00001_c0,rxn02792,H2O,cpd00023_c0 + cpd00067_c0 + cpd01651_c0 --> cpd00001_c0 + cpd00011_c0 + cpd03646_c0,,0.0,1000.0,H2O,0,c0
cpd00001_c0,R00022,H2O,cpd00001_c0 + cpd01157_c0 --> 2.0 cpd00122_c0,,0.0,1000.0,H2O,0,c0
cpd00001_c0,rxn08822,H2O,cpd00001_c0 + cpd15358_c0 <=> 2.0 cpd00067_c0 + cpd00080_c0 + cpd01080_c0,,-1000.0,1000.0,H2O,0,c0
cpd00001_c0,rxn01476,H2O,cpd00001_c0 + cpd00911_c0 --> cpd00067_c0 + cpd00284_c0,,0.0,1000.0,H2O,0,c0
cpd00001_c0,rxn00717,H2O,cpd00001_c0 + cpd00067_c0 + cpd00307_c0 --> cpd00013_c0 + cpd00092_c0,,0.0,1000.0,H2O,0,c0
cpd00001_c0,rxn00799,H2O,cpd00130_c0 <=> cpd00001_c0 + cpd00106_c0,,-1000.0,1000.0,H2O,0,c0
cpd00001_c0,rxn00058,H2O,cpd00007_c0 + 4.0 cpd00067_c0 + 4.0 cpd00110_c0 --> 2.0 cpd00001_c0 + 4.0 cpd00109_c0,,0.0,1000.0,H2O,0,c0
cpd00001_c0,rxn00395,H2O,cpd00001_c0 + cpd00051_c0 --> cpd00013_c0 + cpd00274_c0,,0.0,1000.0,H2O,0,c0
cpd00001_c0,rxn12633,H2O,cpd00001_c0 + cpd11593_c0 <=> cpd00035_c0 + cpd00041_c0,,-1000.0,1000.0,H2O,0,c0
cpd00001_c0,rxn01634,H2O,cpd00067_c0 + cpd00515_c0 <=> cpd00001_c0 + cpd00011_c0 + cpd00340_c0,,-1000.0,1000.0,H2O,0,c0
cpd00001_c0,R00103,H2O,cpd00001_c0 + cpd00003_c0 --> cpd00018_c0 + 2.0 cpd00067_c0 + cpd00355_c0,,0.0,1000.0,H2O,0,c0
cpd00001_c0,rxn02167,H2O,cpd00842_c0 <=> cpd00001_c0 + cpd00650_c0,,-1000.0,1000.0,H2O,0,c0
cpd00001_c0,rxn04113,H2O,cpd00005_c0 + cpd00067_c0 + cpd08615_c0 --> cpd00001_c0 + cpd00006_c0 + cpd00113_c0,,0.0,1000.0,H2O,0,c0
cpd00001_c0,rxn02264,H2O,cpd00755_c0 <=> cpd00001_c0 + cpd00774_c0,,-1000.0,1000.0,H2O,0,c0
cpd00001_c0,ADD_GALA7,H2O,cpd00001_c0 + cpd00006_c0 + cpd00340_c0 <=> cpd00005_c0 + cpd00024_c0 + 2.0 cpd00067_c0,,-1000.0,1000.0,H2O,0,c0
cpd00001_c0,rxn05539,H2O,cpd00001_c0 + cpd00002_c0 + cpd01017_e0 --> cpd00008_c0 + cpd00009_c0 + cpd00067_c0 + cpd01017_c0,,0.0,1000.0,H2O,0,c0
cpd00001_c0,rxn09240,H2O,cpd00001_c0 + cpd00002_c0 + cpd00038_c0 + cpd00048_c0 --> cpd00009_c0 + cpd00012_c0 + cpd00031_c0 + cpd00067_c0 + cpd00193_c0,,0.0,1000.0,H2O,0,c0
cpd00001_c0,rxn11937,H2O,cpd00004_c0 + cpd00067_c0 + cpd00659_c0 --> cpd00001_c0 + cpd00003_c0 + cpd00528_c0,,0.0,1000.0,H2O,0,c0
cpd00001_c0,rxn01225,H2O,cpd00001_c0 + cpd00067_c0 + cpd00207_c0 --> cpd00013_c0 + cpd00309_c0,,0.0,1000.0,H2O,0,c0
cpd00001_c0,rxn00342,H2O,cpd00001_c0 + cpd00132_c0 --> cpd00013_c0 + cpd00041_c0,,0.0,1000.0,H2O,0,c0
cpd00001_c0,rxn01504,H2O,cpd00292_c0 <=> cpd00001_c0 + cpd02068_c0,,-1000.0,1000.0,H2O,0,c0
cpd00001_c0,rxn00962,H2O,cpd00005_c0 + cpd00007_c0 + cpd00067_c0 + cpd00136_c0 --> cpd00001_c0 + cpd00006_c0 + cpd00197_c0,,0.0,1000.0,H2O,0,c0
cpd00001_c0,rxn08291,H2O,cpd00001_c0 + cpd00015_c0 + cpd00117_c0 <=> cpd00013_c0 + cpd00020_c0 + cpd00982_c0,,-1000.0,1000.0,H2O,0,c0
cpd00001_c0,rxn02791,H2O,cpd00023_c0 + cpd01651_c0 <=> cpd00001_c0 + cpd03407_c0,,-1000.0,1000.0,H2O,0,c0
cpd00001_c0,rxn00007,H2O,cpd00001_c0 + cpd00794_c0 --> 2.0 cpd00027_c0,,0.0,1000.0,H2O,0,c0
cpd00001_c0,rxn00965,H2O,cpd00001_c0 + cpd01892_c0 --> cpd00010_c0 + cpd00067_c0 + cpd00136_c0,,0.0,1000.0,H2O,0,c0
cpd00001_c0,rxn05175,H2O,cpd00001_c0 + cpd00002_c0 + cpd00264_e0 --> cpd00008_c0 + cpd00009_c0 + cpd00067_c0 + cpd00264_c0,,0.0,1000.0,H2O,0,c0
cpd00001_c0,rxn05156,H2O,cpd00001_c0 + cpd00002_c0 + cpd00064_e0 --> cpd00008_c0 + cpd00009_c0 + cpd00064_c0 + cpd00067_c0,,0.0,1000.0,H2O,0,c0
cpd00001_c0,rxn08756,H2O,cpd00004_c0 + cpd00067_c0 + cpd08615_c0 --> cpd00001_c0 + cpd00003_c0 + cpd00113_c0,,0.0,1000.0,H2O,0,c0
cpd00001_c0,rxn07438,H2O,cpd00001_c0 + cpd11420_c0 + cpd12237_c0 <=> cpd11421_c0 + cpd14507_c0,,-1000.0,1000.0,H2O,0,c0
cpd00001_c0,rxn01315,H2O,cpd00007_c0 + cpd00066_c0 + cpd00233_c0 --> cpd00001_c0 + cpd00069_c0 + cpd00231_c0,,0.0,1000.0,H2O,0,c0
cpd00001_c0,rxn00549,H2O,cpd00001_c0 + cpd00290_c0 --> cpd00009_c0 + cpd00072_c0,,0.0,1000.0,H2O,0,c0
cpd00001_c0,rxn01073,H2O,cpd00001_c0 + cpd00908_c0 --> cpd00067_c0 + cpd00080_c0 + cpd00162_c0,,0.0,1000.0,H2O,0,c0
cpd00001_c0,rxn09107,H2O,cpd00001_c0 + cpd15548_c0 --> cpd00009_c0 + cpd00067_c0 + cpd15541_c0,,0.0,1000.0,H2O,0,c0
cpd00001_c0,rxn03060,H2O,cpd01501_c0 <=> cpd00001_c0 + cpd02597_c0,,-1000.0,1000.0,H2O,0,c0
cpd00001_c0,rxn08850,H2O,cpd00001_c0 + cpd15348_c0 <=> cpd00067_c0 + cpd01080_c0 + cpd02090_c0,,-1000.0,1000.0,H2O,0,c0
cpd00001_c0,rxn08820,H2O,cpd00001_c0 + cpd15355_c0 <=> 2.0 cpd00067_c0 + cpd00080_c0 + cpd00214_c0,,-1000.0,1000.0,H2O,0,c0
cpd00001_c0,rxn00568,H2O,3.0 cpd00004_c0 + 4.0 cpd00067_c0 + cpd00075_c0 --> 2.0 cpd00001_c0 + 3.0 cpd00003_c0 + cpd00013_c0,,0.0,1000.0,H2O,0,c0
cpd00001_c0,rxn01187,H2O,cpd00009_c0 + cpd00198_c0 --> cpd00001_c0 + cpd00102_c0 + cpd00196_c0,,0.0,1000.0,H2O,0,c0
cpd00001_c0,rxn02811,H2O,cpd02693_c0 <=> cpd00001_c0 + cpd01710_c0,,-1000.0,1000.0,H2O,0,c0
cpd00001_c0,rxn01961,H2O,cpd00001_c0 + cpd00497_c0 --> cpd00009_c0 + cpd01217_c0,,0.0,1000.0,H2O,0,c0
cpd00001_c0,rxn00832,H2O,cpd00001_c0 + cpd00114_c0 <=> cpd02884_c0,,-1000.0,1000.0,H2O,0,c0
cpd00001_c0,rxn03174,H2O,cpd03666_c0 --> cpd00001_c0 + cpd02978_c0,,0.0,1000.0,H2O,0,c0
cpd00001_c0,rxn00623,H2O,3.0 cpd00001_c0 + 3.0 cpd00006_c0 + cpd00239_c0 <=> 3.0 cpd00005_c0 + 3.0 cpd00067_c0 + cpd00081_c0,,-1000.0,1000.0,H2O,0,c0
cpd00001_c0,rxn04788,H2O,cpd03862_c0 --> cpd00001_c0 + cpd03727_c0,,0.0,1000.0,H2O,0,c0
cpd00001_c0,rxn03869,H2O,cpd00001_c0 + cpd06707_c0 --> cpd00013_c0 + cpd00153_c0,,0.0,1000.0,H2O,0,c0
cpd00001_c0,rxn09310,H2O,cpd00002_c0 + cpd00069_c0 + cpd00084_c0 + cpd08289_c0 --> cpd00001_c0 + cpd00011_c0 + cpd00012_c0 + cpd00018_c0 + cpd00035_c0 + 2.0 cpd00067_c0 + cpd02654_c0 + cpd15378_c0,,0.0,1000.0,H2O,0,c0
cpd00001_c0,rxn01964,H2O,cpd00054_c0 + cpd02210_c0 --> cpd00001_c0 + cpd00065_c0 + cpd00102_c0,,0.0,1000.0,H2O,0,c0
cpd00001_c0,rxn08810,H2O,cpd00001_c0 + cpd15318_c0 <=> cpd00067_c0 + cpd01741_c0 + cpd02090_c0,,-1000.0,1000.0,H2O,0,c0
cpd00001_c0,rxn01746,H2O,cpd00001_c0 + cpd00388_c0 <=> cpd00073_c0 + cpd00465_c0,,-1000.0,1000.0,H2O,0,c0
cpd00001_c0,rxn22447,H2O,cpd00001_c0 + 2.0 cpd00109_c0 + cpd00528_c0 <=> 2.0 cpd00067_c0 + 2.0 cpd00110_c0 + cpd00659_c0,,-1000.0,1000.0,H2O,0,c0
cpd00001_c0,rxn06022,H2O,cpd00001_c0 + cpd11493_c0 --> cpd00834_c0 + cpd12370_c0,,0.0,1000.0,H2O,0,c0
cpd00001_c0,rxn05540,H2O,cpd00001_c0 + cpd00002_c0 + cpd11587_e0 --> cpd00008_c0 + cpd00009_c0 + cpd00067_c0 + cpd11587_c0,,0.0,1000.0,H2O,0,c0
cpd00001_c0,rxn01286,H2O,cpd00001_c0 + cpd00003_c0 + cpd00448_c0 --> cpd00004_c0 + 2.0 cpd00067_c0 + cpd00223_c0,,0.0,1000.0,H2O,0,c0
cpd00001_c0,rxn10174,H2O,cpd00001_c0 + cpd00002_c0 + cpd01329_e0 --> cpd00008_c0 + cpd00009_c0 + cpd00067_c0 + cpd01329_c0,,0.0,1000.0,H2O,0,c0
cpd00001_c0,rxn01045,H2O,cpd00001_c0 + cpd00003_c0 + cpd00156_c0 <=> cpd00004_c0 + cpd00013_c0 + cpd00067_c0 + cpd00123_c0,,-1000.0,1000.0,H2O,0,c0
cpd00001_c0,rxn02046,H2O,cpd00001_c0 + cpd01665_c0 --> cpd00009_c0 + cpd00550_c0,,0.0,1000.0,H2O,0,c0
cpd00001_c0,rxn00363,H2O,cpd00001_c0 + cpd00046_c0 --> cpd00009_c0 + cpd00367_c0,,0.0,1000.0,H2O,0,c0
cpd00001_c0,rxn08808,H2O,cpd00001_c0 + cpd00067_c0 + cpd12547_c0 --> cpd00908_c0 + cpd01080_c0,,0.0,1000.0,H2O,0,c0
cpd00001_c0,rxn08352,H2O,cpd00004_c0 + cpd00067_c0 + cpd08615_c0 --> cpd00001_c0 + cpd00003_c0 + cpd00202_c0,,0.0,1000.0,H2O,0,c0
cpd00001_c0,rxn00738,H2O,cpd00001_c0 + cpd00909_c0 <=> cpd00013_c0 + cpd00094_c0,,-1000.0,1000.0,H2O,0,c0
cpd00001_c0,rxn02449,H2O,cpd00001_c0 + cpd02740_c0 --> cpd00009_c0 + cpd00067_c0 + cpd00905_c0,,0.0,1000.0,H2O,0,c0
cpd00001_c0,biomass0,H2O,0.169975 cpd00002_c0 + 0.00215 cpd00003_c0 + 5e-05 cpd00004_c0 + 0.0004 cpd00005_c0 + 0.00013 cpd00006_c0 + 6e-06 cpd00010_c0 + 1e-05 cpd00015_c0 + 5e-05 cpd00022_c0 + 0.25 cpd00023_c0 + 0.003 cpd00026_c0 + 1e-06 cpd00028_c0 + 0.496 cpd00033_c0 + 0.499 cpd00035_c0 + 0.203 cpd00038_c0 + 0.431 cpd00039_c0 + 0.245 cpd00041_c0 + 0.121 cpd00051_c0 + 0.126 cpd00052_c0 + 0.25 cpd00053_c0 + 0.29 cpd00054_c0 + 0.116 cpd00060_c0 + 0.136 cpd00062_c0 + 0.054 cpd00065_c0 + 0.199 cpd00066_c0 + 0.138 cpd00069_c0 + 3e-06 cpd00078_c0 + 0.087 cpd00084_c0 + 0.428 cpd00107_c0 + 0.01814 cpd00115_c0 + 0.035 cpd00118_c0 + 0.145 cpd00119_c0 + 0.541 cpd00129_c0 + 0.245 cpd00132_c0 + 0.154 cpd00155_c0 + 0.42 cpd00156_c0 + 0.436 cpd00161_c0 + 0.000223 cpd00201_c0 + 0.0254 cpd00241_c0 + 0.0089 cpd00264_c0 + 0.213 cpd00322_c0 + 0.000223 cpd00345_c0 + 0.0254 cpd00356_c0 + 0.01814 cpd00357_c0 + 0.000142 cpd11652_c0 + 0.000216 cpd12801_c0 + 0.000701 cpd15432_c0 + 0.00276 cpd15665_c0 + 0.00192 cpd16083_c0 + 4.3e-05 cpd16093_c0 --> biomass_c0 + 5.604 cpd00001_c0 + 0.08708 cpd00009_c0 + 0.634975 cpd00012_c0,,0.0,1000.0,H2O,0,c0
cpd00001_c0,rxn01053,H2O,cpd00001_c0 + cpd00003_c0 + cpd00334_c0 <=> cpd00004_c0 + 2.0 cpd00067_c0 + cpd00159_c0,,-1000.0,1000.0,H2O,0,c0
cpd00001_c0,rxn00853,H2O,cpd00001_c0 + 2.0 cpd00067_c0 + cpd00341_c0 --> cpd00011_c0 + cpd00013_c0 + cpd00118_c0,,0.0,1000.0,H2O,0,c0
cpd00001_c0,rxn05555,H2O,cpd00001_c0 + cpd00002_c0 + cpd10515_e0 --> cpd00008_c0 + cpd00009_c0 + cpd00067_c0 + cpd10515_c0,,0.0,1000.0,H2O,0,c0
cpd00001_c0,rxn00412,H2O,cpd00001_c0 + cpd00002_c0 + cpd00053_c0 + cpd00062_c0 --> cpd00008_c0 + cpd00009_c0 + cpd00023_c0 + cpd00052_c0 + 2.0 cpd00067_c0,,0.0,1000.0,H2O,0,c0
cpd00001_c0,rxn05613,H2O,cpd00001_c0 + cpd00002_c0 + cpd01914_e0 --> cpd00008_c0 + cpd00009_c0 + cpd00067_c0 + cpd01914_c0,,0.0,1000.0,H2O,0,c0
cpd00001_c0,biomass1,H2O,10000.0 biomass_c0 + 1050000.0 cpd00001_c0 + 1050000.0 cpd00002_c0 --> 10000.0 biomass_e0 + 1050000.0 cpd00008_c0 + 1050000.0 cpd00009_c0 + 1050000.0 cpd00067_c0,,0.0,1000.0,H2O,0,c0
cpd00001_c0,rxn08669,H2O,cpd00001_c0 + cpd02090_c0 --> cpd00067_c0 + cpd00080_c0 + cpd00100_c0,,0.0,1000.0,H2O,0,c0
cpd00001_c0,rxn02268,H2O,cpd00007_c0 + 2.0 cpd00760_c0 --> 2.0 cpd00001_c0 + 2.0 cpd02125_c0,,0.0,1000.0,H2O,0,c0
cpd00001_c0,rxn08806,H2O,cpd00001_c0 + cpd15316_c0 <=> cpd00067_c0 + cpd00214_c0 + cpd00908_c0,,-1000.0,1000.0,H2O,0,c0
cpd00001_c0,rxn05535,H2O,cpd00001_c0 + cpd00002_c0 + cpd11591_e0 --> cpd00008_c0 + cpd00009_c0 + cpd00067_c0 + cpd11591_c0,,0.0,1000.0,H2O,0,c0
cpd00001_c0,rxn03245,H2O,cpd03118_c0 <=> cpd00001_c0 + cpd03129_c0,,-1000.0,1000.0,H2O,0,c0
cpd00001_c0,rxn00269,H2O,cpd00001_c0 + cpd00007_c0 + cpd00033_c0 --> cpd00013_c0 + cpd00025_c0 + cpd00040_c0,,0.0,1000.0,H2O,0,c0
cpd00001_c0,rxn00056,H2O,cpd00007_c0 + 4.0 cpd00067_c0 + 4.0 cpd10515_c0 <=> 2.0 cpd00001_c0 + 4.0 cpd10516_c0,,-1000.0,1000.0,H2O,0,c0
cpd00001_c0,rxn10121,H2O,cpd00067_c0 + cpd00209_c0 + cpd15499_c0 --> cpd00001_c0 + cpd00075_c0 + cpd15500_c0,,0.0,0.0,H2O,0,c0
cpd00001_c0,rxn02200,H2O,cpd00443_c0 + cpd00954_c0 <=> cpd00001_c0 + cpd00683_c0,,-1000.0,1000.0,H2O,0,c0
cpd00001_c0,rxn05179,H2O,cpd00001_c0 + cpd00002_c0 + cpd00322_e0 --> cpd00008_c0 + cpd00009_c0 + cpd00067_c0 + cpd00322_c0,,0.0,1000.0,H2O,0,c0
cpd00001_c0,rxn00831,H2O,cpd00001_c0 + cpd00114_c0 --> cpd00009_c0 + cpd00246_c0,,0.0,1000.0,H2O,0,c0
cpd00001_c0,rxn01137,H2O,cpd00001_c0 + cpd00067_c0 + cpd00182_c0 --> cpd00013_c0 + cpd00246_c0,,0.0,1000.0,H2O,0,c0
cpd00001_c0,rxn03031,H2O,cpd00010_c0 + cpd02724_c0 <-- cpd00001_c0 + cpd00078_c0 + cpd02465_c0,,-1000.0,0.0,H2O,0,c0
cpd00001_c0,rxn02834,H2O,cpd00001_c0 + cpd01775_c0 --> cpd00012_c0 + 2.0 cpd00067_c0 + cpd01777_c0,,0.0,1000.0,H2O,0,c0
cpd00001_c0,rxn00029,H2O,2.0 cpd00338_c0 --> 2.0 cpd00001_c0 + cpd00067_c0 + cpd00689_c0,,0.0,1000.0,H2O,0,c0
cpd00001_c0,rxn06076,H2O,cpd00096_c0 + cpd11421_c0 --> cpd00001_c0 + cpd00533_c0 + cpd11420_c0,,0.0,1000.0,H2O,0,c0
cpd00001_c0,rxn00407,H2O,cpd00001_c0 + cpd00052_c0 + cpd00067_c0 --> cpd00013_c0 + cpd00062_c0,,0.0,1000.0,H2O,0,c0
cpd00001_c0,rxn08812,H2O,cpd00001_c0 + cpd15320_c0 <=> cpd00067_c0 + cpd02090_c0 + cpd15298_c0,,-1000.0,1000.0,H2O,0,c0
cpd00001_c0,rxn08804,H2O,cpd00001_c0 + cpd15314_c0 <=> cpd00067_c0 + cpd00908_c0 + cpd03847_c0,,-1000.0,1000.0,H2O,0,c0
cpd00001_c0,rxn05145,H2O,cpd00001_c0 + cpd00002_c0 + cpd00009_e0 --> cpd00008_c0 + 2.0 cpd00009_c0 + cpd00067_c0,,0.0,1000.0,H2O,0,c0
cpd00001_c0,rxn12844,H2O,cpd00001_c0 + cpd15603_c0 <=> cpd00033_c0 + cpd00084_c0,,-1000.0,1000.0,H2O,0,c0
cpd00001_c0,rxn05151,H2O,cpd00001_c0 + cpd00002_c0 + cpd00039_e0 --> cpd00008_c0 + cpd00009_c0 + cpd00039_c0 + cpd00067_c0,,0.0,1000.0,H2O,0,c0
cpd00001_c0,rxn08796,H2O,cpd00001_c0 + cpd15325_c0 <=> cpd00067_c0 + cpd00080_c0 + cpd01741_c0,,-1000.0,1000.0,H2O,0,c0
cpd00001_c0,rxn00469,H2O,cpd00001_c0 + cpd00342_c0 <=> cpd00029_c0 + cpd00064_c0,,-1000.0,1000.0,H2O,0,c0
cpd00001_c0,rxn12847,H2O,cpd00001_c0 + cpd15606_c0 <=> cpd00033_c0 + cpd00069_c0,,-1000.0,1000.0,H2O,0,c0
cpd00001_c0,rxn00913,H2O,cpd00001_c0 + cpd00126_c0 --> cpd00009_c0 + cpd00311_c0,,0.0,1000.0,H2O,0,c0
cpd00001_c0,rxn01573,H2O,cpd00001_c0 + cpd00003_c0 + cpd00322_c0 <=> cpd00004_c0 + cpd00013_c0 + cpd00067_c0 + cpd00508_c0,,-1000.0,1000.0,H2O,0,c0
cpd00001_c0,rxn03433,H2O,cpd00001_c0 + cpd03572_c0 --> cpd00010_c0 + cpd00067_c0 + cpd00876_c0,,0.0,1000.0,H2O,0,c0
cpd00001_c0,rxn03130,H2O,cpd00001_c0 + cpd02835_c0 --> 2.0 cpd00067_c0 + cpd00091_c0 + cpd02930_c0,,0.0,1000.0,H2O,0,c0
cpd00001_c0,rxn00101,H2O,cpd00001_c0 + 2.0 cpd00067_c0 + cpd00073_c0 --> cpd00011_c0 + 2.0 cpd00013_c0,,0.0,1000.0,H2O,0,c0
cpd00001_c0,rxn03250,H2O,cpd03122_c0 <=> cpd00001_c0 + cpd03125_c0,,-1000.0,1000.0,H2O,0,c0
cpd00001_c0,rxn00137,H2O,cpd00001_c0 + cpd00045_c0 --> cpd00009_c0 + cpd00018_c0,,0.0,1000.0,H2O,0,c0
cpd00001_c0,rxn08851,H2O,cpd00001_c0 + cpd15349_c0 <=> cpd00067_c0 + cpd02090_c0 + cpd15269_c0,,-1000.0,1000.0,H2O,0,c0
cpd00001_c0,rxn02213,H2O,cpd00699_c0 --> cpd00001_c0 + cpd01716_c0,,0.0,1000.0,H2O,0,c0
cpd00001_c0,rxn01459,H2O,cpd00001_c0 + cpd00006_c0 + cpd00434_c0 --> cpd00005_c0 + 2.0 cpd00067_c0 + cpd00281_c0,,0.0,1000.0,H2O,0,c0
cpd00001_c0,rxn05537,H2O,cpd00001_c0 + cpd00002_c0 + cpd11589_e0 --> cpd00008_c0 + cpd00009_c0 + cpd00067_c0 + cpd11589_c0,,0.0,1000.0,H2O,0,c0
cpd00001_c0,rxn04996,H2O,cpd00005_c0 + cpd00067_c0 + cpd08615_c0 --> cpd00001_c0 + cpd00006_c0 + cpd00202_c0,,0.0,1000.0,H2O,0,c0
cpd00001_c0,rxn03241,H2O,cpd03115_c0 <=> cpd00001_c0 + cpd03127_c0,,-1000.0,1000.0,H2O,0,c0
cpd00001_c0,rxn08841,H2O,cpd00001_c0 + cpd15339_c0 <=> cpd00067_c0 + cpd00214_c0 + cpd00908_c0,,-1000.0,1000.0,H2O,0,c0
cpd00001_c0,rxn03839,H2O,cpd00001_c0 + cpd01150_c0 --> cpd00013_c0 + cpd00400_c0,,0.0,1000.0,H2O,0,c0
cpd00001_c0,rxn05236,H2O,cpd00062_c0 + cpd11421_c0 --> cpd00001_c0 + cpd00358_c0 + cpd11420_c0,,0.0,1000.0,H2O,0,c0
cpd00001_c0,rxn02835,H2O,cpd00001_c0 + cpd01777_c0 <=> cpd02979_c0,,-1000.0,1000.0,H2O,0,c0
cpd00001_c0,rxn00256,H2O,cpd00001_c0 + cpd00022_c0 + cpd00032_c0 --> cpd00010_c0 + cpd00067_c0 + cpd00137_c0,,0.0,1000.0,H2O,0,c0
cpd00001_c0,rxn00416,H2O,cpd00001_c0 + cpd00002_c0 + cpd00041_c0 + cpd00053_c0 --> cpd00012_c0 + cpd00018_c0 + cpd00023_c0 + 2.0 cpd00067_c0 + cpd00132_c0,,0.0,1000.0,H2O,0,c0
cpd00001_c0,rxn12636,H2O,cpd00001_c0 + cpd00067_c0 + cpd11590_c0 <=> cpd00035_c0 + cpd00060_c0,,-1000.0,1000.0,H2O,0,c0
cpd00001_c0,rxn04139,H2O,cpd00005_c0 + cpd00007_c0 + cpd03448_c0 --> cpd00001_c0 + cpd00006_c0 + cpd03449_c0,,0.0,1000.0,H2O,0,c0
cpd00001_c0,rxn08839,H2O,cpd00001_c0 + cpd15337_c0 <=> cpd00067_c0 + cpd00908_c0 + cpd03847_c0,,-1000.0,1000.0,H2O,0,c0
cpd00001_c0,rxn12644,H2O,cpd00001_c0 + cpd11582_c0 <=> cpd00035_c0 + cpd00161_c0,,-1000.0,1000.0,H2O,0,c0
cpd00001_c0,rxn10042,H2O,cpd00008_c0 + cpd00009_c0 + 4.0 cpd00067_e0 --> cpd00001_c0 + cpd00002_c0 + 3.0 cpd00067_c0,,0.0,1000.0,H2O,0,c0
cpd00001_c0,rxn09101,H2O,cpd00001_c0 + cpd15542_c0 --> cpd00009_c0 + cpd00067_c0 + cpd15535_c0,,0.0,1000.0,H2O,0,c0
cpd00001_c0,rxn10120,H2O,cpd00067_c0 + cpd00209_c0 + cpd15561_c0 --> cpd00001_c0 + cpd00075_c0 + cpd15560_c0,,0.0,1000.0,H2O,0,c0
cpd00001_c0,rxn00726,H2O,cpd00013_c0 + cpd00216_c0 --> cpd00001_c0 + cpd00020_c0 + cpd00067_c0 + cpd00093_c0,,0.0,1000.0,H2O,0,c0
cpd00001_c0,rxn05536,H2O,cpd00001_c0 + cpd00002_c0 + cpd11590_e0 --> cpd00008_c0 + cpd00009_c0 + cpd00067_c0 + cpd11590_c0,,0.0,1000.0,H2O,0,c0
cpd00001_c0,rxn01316,H2O,cpd00001_c0 + cpd00061_c0 + cpd00492_c0 --> cpd00009_c0 + cpd00232_c0,,0.0,1000.0,H2O,0,c0
cpd00001_c0,rxn08842,H2O,cpd00001_c0 + cpd15340_c0 <=> cpd00067_c0 + cpd00908_c0 + cpd15237_c0,,-1000.0,1000.0,H2O,0,c0
cpd00001_c0,rxn00022,H2O,cpd00001_c0 + cpd00179_c0 --> 2.0 cpd00027_c0,,0.0,1000.0,H2O,0,c0
cpd00001_c0,rxn01388,H2O,cpd00260_c0 <=> cpd00001_c0 + cpd00331_c0,,-1000.0,1000.0,H2O,0,c0
cpd00001_c0,rxn06979,H2O,2.0 cpd00001_c0 + 2.0 cpd00002_c0 + 2.0 cpd00053_c0 + cpd03421_c0 <=> 2.0 cpd00008_c0 + 2.0 cpd00009_c0 + 2.0 cpd00023_c0 + 2.0 cpd00067_c0 + cpd03914_c0,,-1000.0,1000.0,H2O,0,c0
cpd00001_c0,rxn00131,H2O,cpd00001_c0 + cpd00018_c0 <=> cpd00101_c0 + cpd00128_c0,,-1000.0,1000.0,H2O,0,c0
cpd00001_c0,rxn05170,H2O,cpd00001_c0 + cpd00002_c0 + cpd00179_e0 --> cpd00008_c0 + cpd00009_c0 + cpd00067_c0 + cpd00179_c0,,0.0,1000.0,H2O,0,c0
cpd00001_c0,rxn10571,H2O,cpd00001_c0 + cpd00002_c0 + cpd00254_e0 --> cpd00008_c0 + cpd00009_c0 + cpd00067_c0 + cpd00254_c0,,0.0,1000.0,H2O,0,c0
cpd00001_c0,rxn01644,H2O,cpd00020_c0 + cpd00346_c0 --> 2.0 cpd00001_c0 + cpd00067_c0 + cpd02120_c0,,0.0,1000.0,H2O,0,c0
cpd00001_c0,rxn08800,H2O,cpd00001_c0 + cpd15326_c0 <=> 2.0 cpd00067_c0 + cpd00080_c0 + cpd15237_c0,,-1000.0,1000.0,H2O,0,c0
cpd00001_c0,rxn05153,H2O,cpd00001_c0 + cpd00002_c0 + cpd00048_e0 --> cpd00008_c0 + cpd00009_c0 + cpd00048_c0 + cpd00067_c0,,0.0,1000.0,H2O,0,c0
cpd00001_c0,rxn00506,H2O,cpd00001_c0 + cpd00003_c0 + cpd00071_c0 --> cpd00004_c0 + cpd00029_c0 + 2.0 cpd00067_c0,,0.0,1000.0,H2O,0,c0
cpd00001_c0,rxn03084,H2O,cpd00001_c0 + cpd00002_c0 + cpd00053_c0 + cpd02678_c0 --> cpd00008_c0 + cpd00009_c0 + cpd00023_c0 + cpd00067_c0 + cpd02826_c0,,0.0,1000.0,H2O,0,c0
cpd00001_c0,rxn02303,H2O,cpd00007_c0 + 2.0 cpd00067_c0 + cpd02083_c0 <=> 2.0 cpd00001_c0 + 2.0 cpd00011_c0 + cpd00791_c0,,-1000.0,1000.0,H2O,0,c0
cpd00001_c0,rxn05195,H2O,cpd00001_c0 + cpd00002_c0 + cpd10516_e0 --> cpd00008_c0 + cpd00009_c0 + cpd00067_c0 + cpd10516_c0,,0.0,1000.0,H2O,0,c0
cpd00001_c0,rxn00882,H2O,cpd00001_c0 + cpd02230_c0 --> cpd00009_c0 + cpd00121_c0,,0.0,1000.0,H2O,0,c0
cpd00001_c0,rxn02177,H2O,cpd00001_c0 + cpd00658_c0 --> cpd00020_c0 + cpd02566_c0,,0.0,1000.0,H2O,0,c0
cpd00001_c0,rxn03394,H2O,cpd00005_c0 + cpd00007_c0 + cpd00067_c0 + cpd03444_c0 --> cpd00001_c0 + cpd00006_c0 + cpd03445_c0,,0.0,1000.0,H2O,0,c0
cpd00001_c0,rxn01519,H2O,cpd00001_c0 + cpd00358_c0 --> cpd00012_c0 + 2.0 cpd00067_c0 + cpd00299_c0,,0.0,1000.0,H2O,0,c0
cpd00001_c0,rxn12642,H2O,cpd00001_c0 + cpd11584_c0 <=> cpd00035_c0 + cpd00119_c0,,-1000.0,1000.0,H2O,0,c0
cpd00001_c0,rxn12850,H2O,cpd00001_c0 + cpd00002_c0 + cpd15605_e0 --> cpd00008_c0 + cpd00009_c0 + cpd00067_c0 + cpd15605_c0,,0.0,1000.0,H2O,0,c0
cpd00001_c0,rxn00062,H2O,cpd00001_c0 + cpd00002_c0 --> cpd00008_c0 + cpd00009_c0 + cpd00067_c0,,4.98,1000.0,H2O,0,c0
cpd00001_c0,rxn02222,H2O,cpd00001_c0 + cpd01747_c0 --> cpd00013_c0 + cpd00703_c0,,0.0,1000.0,H2O,0,c0
cpd00001_c0,rxn08845,H2O,cpd00001_c0 + cpd15343_c0 <=> cpd00067_c0 + cpd01741_c0 + cpd02090_c0,,-1000.0,1000.0,H2O,0,c0
cpd00001_c0,rxn02928,H2O,cpd00004_c0 + cpd00067_c0 + cpd02120_c0 --> cpd00001_c0 + cpd00003_c0 + cpd02465_c0,,0.0,1000.0,H2O,0,c0
cpd00001_c0,rxn08823,H2O,cpd00001_c0 + cpd15357_c0 <=> 2.0 cpd00067_c0 + cpd00080_c0 + cpd15269_c0,,-1000.0,1000.0,H2O,0,c0
cpd00001_c0,rxn10043,H2O,0.5 cpd00007_c0 + 4.0 cpd00067_c0 + 2.0 cpd00110_c0 --> cpd00001_c0 + 2.0 cpd00067_e0 + 2.0 cpd00109_c0,,0.0,1000.0,H2O,0,c0
cpd00001_c0,rxn01973,H2O,cpd00001_c0 + cpd02698_c0 <=> cpd00036_c0 + cpd00504_c0,,-1000.0,1000.0,H2O,0,c0
cpd00001_c0,rxn00881,H2O,cpd00001_c0 + cpd00867_c0 --> cpd00009_c0 + cpd00121_c0,,0.0,1000.0,H2O,0,c0
cpd00001_c0,rxn04132,H2O,cpd00001_c0 + cpd08625_c0 --> cpd00011_c0 + cpd01567_c0,,0.0,1000.0,H2O,0,c0
cpd00001_c0,ADD_Tur2,H2O,cpd00001_c0 + cpd00002_c0 + cpd20885_e0 --> cpd00008_c0 + cpd00009_c0 + cpd00067_c0 + cpd20885_c0,,0.0,1000.0,H2O,0,c0
cpd00001_c0,rxn00095,H2O,cpd00001_c0 + cpd00924_c0 --> 2.0 cpd00008_c0,,0.0,1000.0,H2O,0,c0
cpd00001_c0,rxn10343,H2O,cpd00001_c0 + cpd00002_c0 + cpd00531_c0 --> cpd00008_c0 + cpd00009_c0 + cpd00067_c0 + cpd00531_e0,,0.0,1000.0,H2O,0,c0
cpd00001_c0,rxn01652,H2O,cpd00001_c0 + cpd00347_c0 --> cpd00067_c0 + cpd02197_c0,,0.0,1000.0,H2O,0,c0
cpd00001_c0,rxn05168,H2O,cpd00001_c0 + cpd00002_c0 + cpd00156_e0 --> cpd00008_c0 + cpd00009_c0 + cpd00067_c0 + cpd00156_c0,,0.0,1000.0,H2O,0,c0
cpd00001_c0,rxn04133,H2O,cpd00001_c0 + cpd08625_c0 --> cpd00011_c0 + cpd01092_c0,,0.0,1000.0,H2O,0,c0
cpd00001_c0,ADD_Tur3,H2O,cpd00001_c0 + cpd20885_c0 --> cpd00027_c0 + cpd00082_c0,,0.0,1000.0,H2O,0,c0
cpd00001_c0,rxn02911,H2O,cpd03116_c0 <=> cpd00001_c0 + cpd02060_c0,,-1000.0,1000.0,H2O,0,c0
cpd00001_c0,rxn05154,H2O,cpd00001_c0 + cpd00002_c0 + cpd00051_e0 --> cpd00008_c0 + cpd00009_c0 + cpd00051_c0 + cpd00067_c0,,0.0,1000.0,H2O,0,c0
cpd00001_c0,rxn05544,H2O,cpd00001_c0 + cpd00002_c0 + cpd11583_e0 --> cpd00008_c0 + cpd00009_c0 + cpd00067_c0 + cpd11583_c0,,0.0,1000.0,H2O,0,c0
cpd00001_c0,rxn05319,H2O,cpd00001_c0 <=> cpd00001_e0,,-1000.0,1000.0,H2O,0,c0
cpd00001_c0,rxn01211,H2O,cpd00001_c0 + cpd00347_c0 <=> cpd00067_c0 + cpd00201_c0,,-1000.0,1000.0,H2O,0,c0
cpd00001_c0,rxn05233,H2O,cpd00031_c0 + cpd11421_c0 --> cpd00001_c0 + cpd00295_c0 + cpd11420_c0,,0.0,1000.0,H2O,0,c0
cpd00001_c0,rxn01851,H2O,cpd00001_c0 + cpd00003_c0 + cpd00434_c0 --> cpd00004_c0 + 2.0 cpd00067_c0 + cpd00281_c0,,0.0,1000.0,H2O,0,c0
cpd00001_c0,rxn03061,H2O,cpd02799_c0 <=> cpd00001_c0 + cpd02597_c0,,-1000.0,1000.0,H2O,0,c0
cpd00001_c0,rxn12851,H2O,cpd00001_c0 + cpd00002_c0 + cpd15606_e0 --> cpd00008_c0 + cpd00009_c0 + cpd00067_c0 + cpd15606_c0,,0.0,1000.0,H2O,0,c0
cpd00001_c0,rxn02275,H2O,cpd00001_c0 + cpd01973_c0 --> cpd00013_c0 + cpd00762_c0,,0.0,1000.0,H2O,0,c0
cpd00001_c0,rxn00708,H2O,cpd00001_c0 + cpd00091_c0 --> cpd00009_c0 + cpd00249_c0,,0.0,1000.0,H2O,0,c0
cpd00001_c0,rxn02949,H2O,cpd00001_c0 + cpd02187_c0 <=> cpd03572_c0,,-1000.0,1000.0,H2O,0,c0
cpd00001_c0,rxn05549,H2O,cpd00001_c0 + cpd00002_c0 + cpd01242_e0 --> cpd00008_c0 + cpd00009_c0 + cpd00067_c0 + cpd01242_c0,,0.0,1000.0,H2O,0,c0
cpd00001_c0,rxn10806,H2O,0.5 cpd00007_c0 + 2.0 cpd00067_c0 + cpd15499_c0 --> cpd00001_c0 + 2.0 cpd00067_e0 + cpd15500_c0,,0.0,0.0,H2O,0,c0
cpd00001_c0,rxn03146,H2O,cpd00001_c0 + cpd02886_c0 <=> cpd00029_c0 + cpd03584_c0,,-1000.0,1000.0,H2O,0,c0
cpd00001_c0,ADD_Melibiose3,H2O,cpd00001_c0 + cpd29840_c0 --> cpd00027_c0 + cpd26818_c0,,0.0,1000.0,H2O,0,c0
cpd00001_c0,rxn08819,H2O,cpd00001_c0 + cpd15362_c0 --> 2.0 cpd00067_c0 + cpd00080_c0 + cpd15298_c0,,0.0,1000.0,H2O,0,c0
cpd00001_c0,rxn00459,H2O,cpd00482_c0 <=> cpd00001_c0 + cpd00061_c0,,-1000.0,1000.0,H2O,0,c0
cpd00001_c0,rxn00714,H2O,cpd00001_c0 + cpd03706_c0 --> cpd00062_c0 + cpd00067_c0 + cpd00091_c0,,0.0,1000.0,H2O,0,c0
cpd00001_c0,rxn08802,H2O,cpd00001_c0 + cpd15328_c0 <=> 2.0 cpd00067_c0 + cpd00080_c0 + cpd15269_c0,,-1000.0,1000.0,H2O,0,c0
cpd00001_c0,rxn08843,H2O,cpd00001_c0 + cpd15341_c0 <=> cpd00067_c0 + cpd00908_c0 + cpd01080_c0,,-1000.0,1000.0,H2O,0,c0
cpd00001_c0,rxn05782,H2O,3.0 cpd00001_c0 + cpd02978_c0 --> 3.0 cpd00009_c0 + 2.0 cpd00067_c0 + cpd02961_c0,,0.0,1000.0,H2O,0,c0
cpd00001_c0,rxn02988,H2O,cpd00095_c0 + cpd03470_c0 --> 2.0 cpd00001_c0 + cpd00009_c0 + cpd00067_c0 + cpd02333_c0,,0.0,1000.0,H2O,0,c0
cpd00001_c0,rxn00242,H2O,cpd00001_c0 + cpd00905_c0 --> cpd00012_c0 + cpd00031_c0,,0.0,1000.0,H2O,0,c0
cpd00001_c0,rxn02374,H2O,cpd00858_c0 --> cpd00001_c0 + cpd00067_c0 + cpd02431_c0,,0.0,1000.0,H2O,0,c0
cpd00001_c0,rxn03901,H2O,cpd00001_c0 + cpd02229_c0 --> cpd00009_c0 + 2.0 cpd00067_c0 + cpd00286_c0,,0.0,1000.0,H2O,0,c0
cpd00001_c0,rxn12635,H2O,cpd00001_c0 + cpd11591_c0 <=> cpd00033_c0 + cpd00060_c0,,-1000.0,1000.0,H2O,0,c0
cpd00001_c0,rxn00979,H2O,cpd00001_c0 + cpd00003_c0 + cpd00229_c0 --> cpd00004_c0 + 2.0 cpd00067_c0 + cpd00139_c0,,0.0,1000.0,H2O,0,c0
cpd00001_c0,rxn03446,H2O,cpd00001_c0 + cpd03607_c0 --> cpd00009_c0 + cpd03608_c0,,0.0,1000.0,H2O,0,c0
cpd00001_c0,rxn01672,H2O,cpd00001_c0 + cpd00067_c0 + cpd00356_c0 --> cpd00013_c0 + cpd00358_c0,,0.0,1000.0,H2O,0,c0
cpd00001_c0,rxn10265,H2O,cpd00001_c0 + cpd15716_c0 --> cpd00009_c0 + cpd00067_c0 + cpd15722_c0,,0.0,1000.0,H2O,0,c0
cpd00001_c0,rxn05232,H2O,cpd00002_c0 + cpd11421_c0 --> cpd00001_c0 + cpd00115_c0 + cpd11420_c0,,0.0,1000.0,H2O,0,c0
cpd00001_c0,rxn03012,H2O,cpd02414_c0 --> cpd00001_c0 + cpd00067_c0 + cpd02465_c0,,0.0,1000.0,H2O,0,c0
cpd00001_c0,rxn03437,H2O,cpd02535_c0 --> cpd00001_c0 + cpd00508_c0,,0.0,1000.0,H2O,0,c0
cpd00001_c0,rxn00141,H2O,cpd00001_c0 + cpd00019_c0 <=> cpd00135_c0 + cpd00182_c0,,-1000.0,1000.0,H2O,0,c0
cpd00001_c0,rxn02934,H2O,cpd02691_c0 <=> cpd00001_c0 + cpd02125_c0,,-1000.0,1000.0,H2O,0,c0
cpd00001_c0,rxn00182,H2O,cpd00001_c0 + cpd00003_c0 + cpd00023_c0 <=> cpd00004_c0 + cpd00013_c0 + cpd00024_c0 + cpd00067_c0,,-1000.0,1000.0,H2O,0,c0
cpd00001_c0,ADD_12dia,H2O,cpd00001_c0 + cpd15521_c0 --> cpd00009_c0 + cpd15311_c0,,0.0,1000.0,H2O,0,c0
cpd00001_c0,rxn12848,H2O,cpd00001_c0 + cpd00002_c0 + cpd15603_e0 --> cpd00008_c0 + cpd00009_c0 + cpd00067_c0 + cpd15603_c0,,0.0,1000.0,H2O,0,c0
cpd00001_c0,rxn05534,H2O,cpd00001_c0 + cpd00002_c0 + cpd11592_e0 --> cpd00008_c0 + cpd00009_c0 + cpd00067_c0 + cpd11592_c0,,0.0,1000.0,H2O,0,c0
cpd00001_c0,rxn01484,H2O,cpd00001_c0 + cpd00293_c0 --> cpd00029_c0 + cpd00288_c0,,0.0,1000.0,H2O,0,c0
cpd00001_c0,rxn09105,H2O,cpd00001_c0 + cpd15546_c0 --> cpd00009_c0 + cpd00067_c0 + cpd15539_c0,,0.0,1000.0,H2O,0,c0
cpd00001_c0,rxn01806,H2O,cpd00004_c0 + cpd00067_c0 + 2.0 cpd00418_c0 <=> cpd00001_c0 + cpd00003_c0 + cpd00659_c0,,-1000.0,1000.0,H2O,0,c0
cpd00001_c0,rxn01145,H2O,cpd00001_c0 + cpd00298_c0 --> cpd00009_c0 + cpd00184_c0,,0.0,1000.0,H2O,0,c0
cpd00001_c0,rxn10113,H2O,0.5 cpd00007_c0 + 2.0 cpd00067_c0 + cpd15561_c0 --> cpd00001_c0 + 2.0 cpd00067_e0 + cpd15560_c0,,0.0,1000.0,H2O,0,c0
cpd00001_c0,rxn00552,H2O,cpd00001_c0 + cpd00288_c0 --> cpd00013_c0 + cpd00072_c0,,0.0,1000.0,H2O,0,c0
cpd00001_c0,rxn09102,H2O,cpd00001_c0 + cpd15543_c0 --> cpd00009_c0 + cpd00067_c0 + cpd15536_c0,,0.0,1000.0,H2O,0,c0
cpd00001_c0,rxn03419,H2O,cpd00001_c0 + cpd03518_c0 <=> cpd00047_c0 + cpd00067_c0 + cpd03519_c0,,-1000.0,1000.0,H2O,0,c0
cpd00001_c0,rxn01664,H2O,cpd02522_c0 --> cpd00001_c0 + cpd00067_c0 + cpd00352_c0,,0.0,1000.0,H2O,0,c0
cpd00001_c0,ADD_TPP3,H2O,IscS_with_bound_sulfur_c0 + cpd00002_c0 + cpd00005_c0 + cpd08289_c0 + cpd14545_c0 --> IscS_sulfur_acceptor_protein_c0 + 2.0 cpd00001_c0 + cpd00006_c0 + cpd00011_c0 + cpd00012_c0 + cpd00018_c0 + cpd00067_c0 + cpd02654_c0,,0.0,1000.0,H2O,0,c0
cpd00001_c0,rxn00775,H2O,cpd00001_c0 + cpd00251_c0 --> cpd00018_c0 + 2.0 cpd00067_c0 + cpd00101_c0,,0.0,1000.0,H2O,0,c0
cpd00001_c0,rxn02916,H2O,cpd02074_c0 --> cpd00001_c0 + cpd00922_c0,,0.0,1000.0,H2O,0,c0
cpd00001_c0,rxn08809,H2O,cpd00001_c0 + cpd12547_c0 <=> cpd00067_c0 + cpd00908_c0 + cpd15269_c0,,-1000.0,1000.0,H2O,0,c0
cpd00001_c0,rxn00184,H2O,cpd00001_c0 + cpd00006_c0 + cpd00023_c0 <=> cpd00005_c0 + cpd00013_c0 + cpd00024_c0 + cpd00067_c0,,-1000.0,1000.0,H2O,0,c0
cpd00001_c0,rxn02160,H2O,cpd00001_c0 + cpd00807_c0 --> cpd00009_c0 + cpd00641_c0,,0.0,1000.0,H2O,0,c0
cpd00001_c0,rxn00912,H2O,cpd00001_c0 + cpd00123_c0 + cpd00125_c0 <=> cpd00087_c0 + cpd00712_c0,,-1000.0,1000.0,H2O,0,c0
cpd00001_c0,rxn08849,H2O,cpd00001_c0 + cpd15347_c0 <=> cpd00067_c0 + cpd02090_c0 + cpd15237_c0,,-1000.0,1000.0,H2O,0,c0
cpd00001_c0,rxn05361,H2O,cpd11497_c0 --> cpd00001_c0 + cpd11498_c0,,0.0,1000.0,H2O,0,c0
cpd00001_c0,rxn00299,H2O,cpd00001_c0 + cpd00038_c0 --> cpd00047_c0 + 2.0 cpd00067_c0 + cpd02978_c0,,0.0,1000.0,H2O,0,c0
cpd00001_c0,rxn08848,H2O,cpd00001_c0 + cpd15346_c0 <=> cpd00067_c0 + cpd00214_c0 + cpd02090_c0,,-1000.0,1000.0,H2O,0,c0
cpd00001_c0,rxn02331,H2O,cpd00001_c0 + cpd00061_c0 + cpd00817_c0 --> cpd00009_c0 + cpd02730_c0,,0.0,1000.0,H2O,0,c0
cpd00001_c0,rxn05398,H2O,cpd11534_c0 --> cpd00001_c0 + cpd11535_c0,,0.0,1000.0,H2O,0,c0
cpd00001_c0,rxn03240,H2O,cpd03113_c0 <=> cpd00001_c0 + cpd03126_c0,,-1000.0,1000.0,H2O,0,c0
cpd00001_c0,rxn05614,H2O,cpd00001_c0 + cpd00002_c0 + cpd11576_e0 --> cpd00008_c0 + cpd00009_c0 + cpd00067_c0 + cpd11576_c0,,0.0,1000.0,H2O,0,c0
cpd00001_c0,rxn01025,H2O,cpd00001_c0 + cpd00067_c0 + cpd01587_c0 --> cpd00013_c0 + cpd00151_c0,,0.0,1000.0,H2O,0,c0
cpd00001_c0,rxn05163,H2O,cpd00001_c0 + cpd00002_c0 + cpd00118_e0 --> cpd00008_c0 + cpd00009_c0 + cpd00067_c0 + cpd00118_c0,,0.0,1000.0,H2O,0,c0
cpd00001_c0,rxn02853,H2O,cpd00001_c0 + cpd00003_c0 + cpd03052_c0 --> cpd00004_c0 + 2.0 cpd00067_c0 + cpd01831_c0,,0.0,1000.0,H2O,0,c0
cpd00001_c0,rxn00650,H2O,cpd00001_c0 + cpd01017_c0 <=> cpd00033_c0 + cpd00084_c0,,-1000.0,1000.0,H2O,0,c0
cpd00001_c0,rxn00692,H2O,cpd00001_c0 + cpd00033_c0 + cpd00125_c0 <=> cpd00054_c0 + cpd00087_c0,,-1000.0,1000.0,H2O,0,c0
cpd00001_c0,rxn02304,H2O,3.0 cpd00007_c0 + 2.0 cpd00791_c0 --> 6.0 cpd00001_c0 + 2.0 cpd01476_c0,,0.0,1000.0,H2O,0,c0
cpd00001_c0,ADD_TPP8,H2O,cpd00001_c0 + cpd00012_c0 --> 2.0 cpd00009_c0 + cpd00067_c0,,0.0,1000.0,H2O,0,c0
cpd00001_c0,rxn00020,H2O,cpd00001_c0 + cpd00158_c0 --> 2.0 cpd00190_c0,,0.0,1000.0,H2O,0,c0
cpd00001_c0,rxn05515,H2O,cpd00001_c0 + cpd00002_c0 + cpd00423_e0 --> cpd00008_c0 + cpd00009_c0 + cpd00067_c0 + cpd00423_c0,,0.0,1000.0,H2O,0,c0
cpd03586_c0,rxn06865,kdo2-lipid iva,cpd03586_c0 + cpd11468_c0 --> cpd03736_c0 + cpd11493_c0,,0.0,1000.0,C84H148N2O37P2,-6,c0
cpd03586_c0,rxn03439,kdo2-lipid iva,cpd02546_c0 + cpd03585_c0 --> cpd00046_c0 + cpd00067_c0 + cpd03586_c0,,0.0,1000.0,C84H148N2O37P2,-6,c0
cpd00557_c0,rxn02056,Siroheme,2.0 cpd00067_c0 + cpd00557_c0 <=> cpd03426_c0 + cpd10515_c0,,-1000.0,1000.0,C42H36FeN4O16,-8,c0
cpd08287_c0,rxn03908,4--cytidine5-diphospho-2-C-methyl-D-erythritol,cpd00002_c0 + cpd08287_c0 <=> cpd00008_c0 + cpd00067_c0 + cpd08288_c0,,-1000.0,1000.0,C14H23N3O14P2,-2,c0
cpd08287_c0,rxn03907,4--cytidine5-diphospho-2-C-methyl-D-erythritol,cpd00052_c0 + cpd08286_c0 <=> cpd00012_c0 + cpd08287_c0,,-1000.0,1000.0,C14H23N3O14P2,-2,c0
cpd11544_c0,rxn05444,15-methyl-hexa-decanoyl-ACP,cpd00004_c0 + cpd00067_c0 + cpd11543_c0 --> cpd00003_c0 + cpd11544_c0,,0.0,1000.0,C28H53N2O8PRS,-2,c0
cpd11544_c0,rxn05454,15-methyl-hexa-decanoyl-ACP,cpd00010_c0 + cpd11544_c0 <=> cpd11432_c0 + cpd11493_c0,,-1000.0,1000.0,C28H53N2O8PRS,-2,c0
cpd01262_c0,rxn05608,Amylotriose,cpd00001_c0 + cpd00002_c0 + cpd01262_e0 --> cpd00008_c0 + cpd00009_c0 + cpd00067_c0 + cpd01262_c0,,0.0,1000.0,C18H32O16,0,c0
cpd01262_c0,rxn08126,Amylotriose,cpd00179_c0 + cpd01262_c0 <=> cpd00027_c0 + cpd01399_c0,,-1000.0,1000.0,C18H32O16,0,c0
cpd00751_e0,EXpd00751,L-Fucose,cpd00751_e0 --> ,,0.0,1000.0,C6H12O5,0,e0
cpd00751_e0,ADD_L_Fuc2,L-Fucose,cpd00751_e0 --> cpd00751_c0,,0.0,1000.0,C6H12O5,0,e0
cpd11537_c0,rxn05401,13-methyl-3-oxo-tetra-decanoyl-ACP,cpd00005_c0 + cpd00067_c0 + cpd11537_c0 <=> cpd00006_c0 + cpd11538_c0,,-1000.0,1000.0,C26H47N2O9PRS,-1,c0
cpd11537_c0,rxn05400,13-methyl-3-oxo-tetra-decanoyl-ACP,cpd11492_c0 + cpd11536_c0 --> cpd00011_c0 + cpd11493_c0 + cpd11537_c0,,0.0,1000.0,C26H47N2O9PRS,-1,c0
cpd12237_c0,rxn07438,Peptide-L-methionine,cpd00001_c0 + cpd11420_c0 + cpd12237_c0 <=> cpd11421_c0 + cpd14507_c0,,-1000.0,1000.0,C6H10N2O2R2S,0,c0
cpd02074_c0,rxn02916,2-Oxo-6-aminocaproate,cpd02074_c0 --> cpd00001_c0 + cpd00922_c0,,0.0,1000.0,C6H11NO3,0,c0
cpd01974_c0,rxn02339,4-Hydroxy-L-glutamate,cpd00024_c0 + cpd01974_c0 <=> cpd00023_c0 + cpd00830_c0,,-1000.0,1000.0,C5H8NO5,-1,c0
cpd00007_e0,EXpd00007,O2,cpd00007_e0 <=> ,,-1000.0,1000.0,O2,0,e0
cpd00007_e0,rxn05468,O2,cpd00007_e0 <=> cpd00007_c0,,-1000.0,1000.0,O2,0,e0
cpd00241_c0,biomass0,dGTP,0.169975 cpd00002_c0 + 0.00215 cpd00003_c0 + 5e-05 cpd00004_c0 + 0.0004 cpd00005_c0 + 0.00013 cpd00006_c0 + 6e-06 cpd00010_c0 + 1e-05 cpd00015_c0 + 5e-05 cpd00022_c0 + 0.25 cpd00023_c0 + 0.003 cpd00026_c0 + 1e-06 cpd00028_c0 + 0.496 cpd00033_c0 + 0.499 cpd00035_c0 + 0.203 cpd00038_c0 + 0.431 cpd00039_c0 + 0.245 cpd00041_c0 + 0.121 cpd00051_c0 + 0.126 cpd00052_c0 + 0.25 cpd00053_c0 + 0.29 cpd00054_c0 + 0.116 cpd00060_c0 + 0.136 cpd00062_c0 + 0.054 cpd00065_c0 + 0.199 cpd00066_c0 + 0.138 cpd00069_c0 + 3e-06 cpd00078_c0 + 0.087 cpd00084_c0 + 0.428 cpd00107_c0 + 0.01814 cpd00115_c0 + 0.035 cpd00118_c0 + 0.145 cpd00119_c0 + 0.541 cpd00129_c0 + 0.245 cpd00132_c0 + 0.154 cpd00155_c0 + 0.42 cpd00156_c0 + 0.436 cpd00161_c0 + 0.000223 cpd00201_c0 + 0.0254 cpd00241_c0 + 0.0089 cpd00264_c0 + 0.213 cpd00322_c0 + 0.000223 cpd00345_c0 + 0.0254 cpd00356_c0 + 0.01814 cpd00357_c0 + 0.000142 cpd11652_c0 + 0.000216 cpd12801_c0 + 0.000701 cpd15432_c0 + 0.00276 cpd15665_c0 + 0.00192 cpd16083_c0 + 4.3e-05 cpd16093_c0 --> biomass_c0 + 5.604 cpd00001_c0 + 0.08708 cpd00009_c0 + 0.634975 cpd00012_c0,,0.0,1000.0,C10H13N5O13P3,-3,c0
cpd00241_c0,rxn01353,dGTP,cpd00002_c0 + cpd00295_c0 <=> cpd00008_c0 + cpd00241_c0,,-1000.0,1000.0,C10H13N5O13P3,-3,c0
cpd00241_c0,rxn05234,dGTP,cpd00038_c0 + cpd11421_c0 --> cpd00001_c0 + cpd00241_c0 + cpd11420_c0,,0.0,1000.0,C10H13N5O13P3,-3,c0
cpd00724_c0,rxn15121,alpha-D-Galactose,cpd00002_c0 + cpd00724_c0 --> cpd00008_c0 + cpd00067_c0 + cpd00348_c0,,0.0,1000.0,C6H12O6,0,c0
cpd00724_c0,ADD_Galactose3,alpha-D-Galactose,cpd26818_c0 --> cpd00724_c0,,0.0,1000.0,C6H12O6,0,c0
cpd05262_e0,ADD_GALA2,galacturonate,cpd05262_e0 --> cpd05262_c0,,0.0,1000.0,C6H9O7,-1,e0
cpd05262_e0,EXpd05262,galacturonate,cpd05262_e0 --> ,,0.0,1000.0,C6H9O7,-1,e0
cpd15500_c0,rxn10121,Menaquinone 8,cpd00067_c0 + cpd00209_c0 + cpd15499_c0 --> cpd00001_c0 + cpd00075_c0 + cpd15500_c0,,0.0,0.0,C51H72O2,0,c0
cpd15500_c0,rxn08557,Menaquinone 8,cpd00080_c0 + cpd15500_c0 --> cpd00095_c0 + cpd15499_c0,,0.0,1000.0,C51H72O2,0,c0
cpd15500_c0,rxn08656,Menaquinone 8,cpd00139_c0 + cpd15500_c0 --> cpd00040_c0 + cpd15499_c0,,0.0,1000.0,C51H72O2,0,c0
cpd15500_c0,rxn08527,Menaquinone 8,cpd00106_c0 + cpd15499_c0 <=> cpd00036_c0 + cpd15500_c0,,-1000.0,1000.0,C51H72O2,0,c0
cpd15500_c0,rxn08971,Menaquinone 8,cpd00004_c0 + cpd00067_c0 + cpd15500_c0 --> cpd00003_c0 + cpd15499_c0,,0.0,1000.0,C51H72O2,0,c0
cpd15500_c0,rxn10806,Menaquinone 8,0.5 cpd00007_c0 + 2.0 cpd00067_c0 + cpd15499_c0 --> cpd00001_c0 + 2.0 cpd00067_e0 + cpd15500_c0,,0.0,0.0,C51H72O2,0,c0
cpd15500_c0,rxn08336,Menaquinone 8,cpd00282_c0 + cpd15500_c0 --> cpd00247_c0 + cpd15499_c0,,0.0,1000.0,C51H72O2,0,c0
cpd15500_c0,rxn10094,Menaquinone 8,cpd00017_c0 + cpd15352_c0 --> cpd00019_c0 + cpd00067_c0 + cpd15500_c0,,0.0,1000.0,C51H72O2,0,c0
cpd15500_c0,rxn08901,Menaquinone 8,cpd00130_c0 + cpd15500_c0 --> cpd00032_c0 + cpd15499_c0,,0.0,1000.0,C51H72O2,0,c0
cpd04097_c0,rxn10344,Pb,cpd00001_c0 + cpd00002_c0 + cpd04097_c0 --> cpd00008_c0 + cpd00009_c0 + cpd00067_c0 + cpd04097_e0,,0.0,1000.0,Pb,2,c0
cpd15529_c0,rxn09198,phosphatidylethanolamine ditetradecanoyl,2.0 cpd00067_c0 + cpd15553_c0 <=> cpd00011_c0 + cpd15529_c0,,-1000.0,1000.0,C33H66NO8P,0,c0
cpd00322_c0,rxn01575,L-Isoleucine,cpd00024_c0 + cpd00322_c0 <=> cpd00023_c0 + cpd00508_c0,,-1000.0,1000.0,C6H13NO2,0,c0
cpd00322_c0,biomass0,L-Isoleucine,0.169975 cpd00002_c0 + 0.00215 cpd00003_c0 + 5e-05 cpd00004_c0 + 0.0004 cpd00005_c0 + 0.00013 cpd00006_c0 + 6e-06 cpd00010_c0 + 1e-05 cpd00015_c0 + 5e-05 cpd00022_c0 + 0.25 cpd00023_c0 + 0.003 cpd00026_c0 + 1e-06 cpd00028_c0 + 0.496 cpd00033_c0 + 0.499 cpd00035_c0 + 0.203 cpd00038_c0 + 0.431 cpd00039_c0 + 0.245 cpd00041_c0 + 0.121 cpd00051_c0 + 0.126 cpd00052_c0 + 0.25 cpd00053_c0 + 0.29 cpd00054_c0 + 0.116 cpd00060_c0 + 0.136 cpd00062_c0 + 0.054 cpd00065_c0 + 0.199 cpd00066_c0 + 0.138 cpd00069_c0 + 3e-06 cpd00078_c0 + 0.087 cpd00084_c0 + 0.428 cpd00107_c0 + 0.01814 cpd00115_c0 + 0.035 cpd00118_c0 + 0.145 cpd00119_c0 + 0.541 cpd00129_c0 + 0.245 cpd00132_c0 + 0.154 cpd00155_c0 + 0.42 cpd00156_c0 + 0.436 cpd00161_c0 + 0.000223 cpd00201_c0 + 0.0254 cpd00241_c0 + 0.0089 cpd00264_c0 + 0.213 cpd00322_c0 + 0.000223 cpd00345_c0 + 0.0254 cpd00356_c0 + 0.01814 cpd00357_c0 + 0.000142 cpd11652_c0 + 0.000216 cpd12801_c0 + 0.000701 cpd15432_c0 + 0.00276 cpd15665_c0 + 0.00192 cpd16083_c0 + 4.3e-05 cpd16093_c0 --> biomass_c0 + 5.604 cpd00001_c0 + 0.08708 cpd00009_c0 + 0.634975 cpd00012_c0,,0.0,1000.0,C6H13NO2,0,c0
cpd00322_c0,rxn05179,L-Isoleucine,cpd00001_c0 + cpd00002_c0 + cpd00322_e0 --> cpd00008_c0 + cpd00009_c0 + cpd00067_c0 + cpd00322_c0,,0.0,1000.0,C6H13NO2,0,c0
cpd00322_c0,rxn13782,L-Isoleucine,10412.0 cpd00001_c0 + 6730.0 cpd00002_c0 + 496.0 cpd00033_c0 + 1370.0 cpd00035_c0 + 10162.0 cpd00038_c0 + 431.0 cpd00039_c0 + 250.0 cpd00041_c0 + 121.0 cpd00051_c0 + 500.0 cpd00053_c0 + 290.0 cpd00054_c0 + 116.0 cpd00060_c0 + 54.0 cpd00065_c0 + 199.0 cpd00066_c0 + 138.0 cpd00069_c0 + 87.0 cpd00084_c0 + 428.0 cpd00107_c0 + 145.0 cpd00119_c0 + 541.0 cpd00129_c0 + 420.0 cpd00156_c0 + 436.0 cpd00161_c0 + 14.0 cpd00201_c0 + 213.0 cpd00322_c0 --> Protein_c0 + 250.0 cpd00008_c0 + 10412.0 cpd00009_c0 + 6480.0 cpd00012_c0 + 6480.0 cpd00018_c0 + 10162.0 cpd00031_c0 + 14.0 cpd00047_c0 + 15493.0 cpd00067_c0 + 14.0 cpd00087_c0,,0.0,1000.0,C6H13NO2,0,c0
cpd00322_c0,rxn05244,L-Isoleucine,cpd00067_e0 + cpd00322_e0 <=> cpd00067_c0 + cpd00322_c0,,-1000.0,1000.0,C6H13NO2,0,c0
cpd00322_c0,rxn01573,L-Isoleucine,cpd00001_c0 + cpd00003_c0 + cpd00322_c0 <=> cpd00004_c0 + cpd00013_c0 + cpd00067_c0 + cpd00508_c0,,-1000.0,1000.0,C6H13NO2,0,c0
cpd03426_c0,rxn02774,Sirohydrochlorin,cpd00003_c0 + cpd01620_c0 <=> cpd00004_c0 + 2.0 cpd00067_c0 + cpd03426_c0,,-1000.0,1000.0,C42H38N4O16,-8,c0
cpd03426_c0,rxn02056,Sirohydrochlorin,2.0 cpd00067_c0 + cpd00557_c0 <=> cpd03426_c0 + cpd10515_c0,,-1000.0,1000.0,C42H38N4O16,-8,c0
cpd00447_c0,rxn01868,Betaine aldehyde,cpd00001_c0 + cpd00006_c0 + cpd00447_c0 --> cpd00005_c0 + 2.0 cpd00067_c0 + cpd00540_c0,,0.0,1000.0,C5H12NO,1,c0
cpd00447_c0,rxn10770,Betaine aldehyde,cpd00003_c0 + cpd00098_c0 <=> cpd00004_c0 + cpd00067_c0 + cpd00447_c0,,-1000.0,1000.0,C5H12NO,1,c0
cpd00447_c0,rxn01867,Betaine aldehyde,cpd00001_c0 + cpd00003_c0 + cpd00447_c0 --> cpd00004_c0 + 2.0 cpd00067_c0 + cpd00540_c0,,0.0,1000.0,C5H12NO,1,c0
cpd00909_c0,rxn00738,1-Aminocyclopropane-1-carboxylate,cpd00001_c0 + cpd00909_c0 <=> cpd00013_c0 + cpd00094_c0,,-1000.0,1000.0,C4H7NO2,0,c0
cpd02738_c0,rxn11944,5-Methyltetrahydropteroyltri-L-glutamate,cpd00017_c0 + cpd02555_c0 --> cpd00019_c0 + cpd00067_c0 + cpd02738_c0,,0.0,1000.0,C30H35N9O12,-4,c0
cpd02738_c0,rxn03052,5-Methyltetrahydropteroyltri-L-glutamate,cpd00135_c0 + cpd02738_c0 <=> cpd00060_c0 + cpd02555_c0,,-1000.0,1000.0,C30H35N9O12,-4,c0
cpd00077_c0,rxn00584,Catechol,cpd00003_c0 + cpd03762_c0 --> cpd00004_c0 + cpd00011_c0 + cpd00077_c0,,0.0,1000.0,C6H6O2,0,c0
cpd00077_c0,rxn00588,Catechol,cpd00007_c0 + cpd00077_c0 --> 2.0 cpd00067_c0 + cpd01630_c0,,0.0,1000.0,C6H6O2,0,c0
cpd01042_c0,EXpd01042,p-Cresol,cpd01042_c0 --> ,,0.0,1000.0,C7H8O,0,c0
cpd01042_c0,rxn42709,p-Cresol,cpd00005_c0 + cpd00017_c0 + cpd00069_c0 --> cpd00006_c0 + cpd00060_c0 + cpd01042_c0 + cpd03091_c0 + cpd14545_c0,,0.0,1000.0,C7H8O,0,c0
cpd11543_c0,rxn05444,15-methyl-trans-hexa-dec-2-enoyl-ACP,cpd00004_c0 + cpd00067_c0 + cpd11543_c0 --> cpd00003_c0 + cpd11544_c0,,0.0,1000.0,C28H51N2O8PRS,-1,c0
cpd11543_c0,rxn05406,15-methyl-trans-hexa-dec-2-enoyl-ACP,cpd11542_c0 --> cpd00001_c0 + cpd11543_c0,,0.0,1000.0,C28H51N2O8PRS,-1,c0
cpd01567_c0,rxn04132,(R)-Allantoin,cpd00001_c0 + cpd08625_c0 --> cpd00011_c0 + cpd01567_c0,,0.0,1000.0,C4H6N4O3,0,c0
cpd01567_c0,rxn04457,(R)-Allantoin,cpd00067_c0 + cpd09027_c0 --> cpd00011_c0 + cpd01567_c0,,0.0,1000.0,C4H6N4O3,0,c0
cpd15421_c0,rxn09113,"CDP-1,2-dioctadecanoylglycerol",cpd00080_c0 + cpd15421_c0 <=> cpd00046_c0 + cpd15547_c0,,-1000.0,1000.0,C48H87N3O15P2,-2,c0
cpd15421_c0,rxn09210,"CDP-1,2-dioctadecanoylglycerol",cpd00054_c0 + cpd15421_c0 --> cpd00046_c0 + 2.0 cpd00067_c0 + cpd15557_c0,,0.0,1000.0,C48H87N3O15P2,-2,c0
cpd15421_c0,rxn08311,"CDP-1,2-dioctadecanoylglycerol",cpd00052_c0 + cpd15526_c0 <=> cpd00012_c0 + cpd00067_c0 + cpd15421_c0,,-1000.0,1000.0,C48H87N3O15P2,-2,c0
cpd00091_c0,rxn00710,UMP,cpd00067_c0 + cpd00810_c0 --> cpd00011_c0 + cpd00091_c0,,0.0,1000.0,C9H11N2O9P,-2,c0
cpd00091_c0,rxn00711,UMP,cpd00092_c0 + cpd00103_c0 --> cpd00012_c0 + cpd00067_c0 + cpd00091_c0,,0.0,1000.0,C9H11N2O9P,-2,c0
cpd00091_c0,rxn00708,UMP,cpd00001_c0 + cpd00091_c0 --> cpd00009_c0 + cpd00249_c0,,0.0,1000.0,C9H11N2O9P,-2,c0
cpd00091_c0,rxn03903,UMP,cpd00286_c0 + cpd02862_c0 <=> cpd00091_c0 + cpd02948_c0,,-1000.0,1000.0,C9H11N2O9P,-2,c0
cpd00091_c0,rxn03904,UMP,cpd00286_c0 + cpd02968_c0 <=> cpd00091_c0 + cpd03494_c0,,-1000.0,1000.0,C9H11N2O9P,-2,c0
cpd00091_c0,rxn00119,UMP,cpd00002_c0 + cpd00067_c0 + cpd00091_c0 --> cpd00008_c0 + cpd00014_c0,,0.0,1000.0,C9H11N2O9P,-2,c0
cpd00091_c0,rxn03130,UMP,cpd00001_c0 + cpd02835_c0 --> 2.0 cpd00067_c0 + cpd00091_c0 + cpd02930_c0,,0.0,1000.0,C9H11N2O9P,-2,c0
cpd00091_c0,rxn00714,UMP,cpd00001_c0 + cpd03706_c0 --> cpd00062_c0 + cpd00067_c0 + cpd00091_c0,,0.0,1000.0,C9H11N2O9P,-2,c0
cpd15698_c0,rxn10235,Diisopentadecanoylphosphatidylethanolamine,2.0 cpd00067_c0 + cpd15692_c0 <=> cpd00011_c0 + cpd15698_c0,,-1000.0,1000.0,C35H70NO8P,0,c0
cpd15541_c0,rxn09107,Phosphatidylglycerol dioctadec-11-enoyl,cpd00001_c0 + cpd15548_c0 --> cpd00009_c0 + cpd00067_c0 + cpd15541_c0,,0.0,1000.0,C42H78O10P,-1,c0
cpd01716_c0,rxn01740,3-Dehydroshikimate,cpd00006_c0 + cpd00383_c0 <=> cpd00005_c0 + cpd00067_c0 + cpd01716_c0,,-1000.0,1000.0,C7H7O5,-1,c0
cpd01716_c0,rxn02213,3-Dehydroshikimate,cpd00699_c0 --> cpd00001_c0 + cpd01716_c0,,0.0,1000.0,C7H7O5,-1,c0
cpd01914_c0,rxn06077,L-Methionine S-oxide,cpd00001_c0 + cpd00060_c0 + cpd11420_c0 <=> cpd01914_c0 + cpd11421_c0,,-1000.0,1000.0,C5H11NO3S,0,c0
cpd01914_c0,rxn05613,L-Methionine S-oxide,cpd00001_c0 + cpd00002_c0 + cpd01914_e0 --> cpd00008_c0 + cpd00009_c0 + cpd00067_c0 + cpd01914_c0,,0.0,1000.0,C5H11NO3S,0,c0
cpd02210_c0,rxn02507,Indoleglycerol phosphate,cpd00067_c0 + cpd00956_c0 --> cpd00001_c0 + cpd00011_c0 + cpd02210_c0,,0.0,1000.0,C11H12NO6P,-2,c0
cpd02210_c0,rxn01964,Indoleglycerol phosphate,cpd00054_c0 + cpd02210_c0 --> cpd00001_c0 + cpd00065_c0 + cpd00102_c0,,0.0,1000.0,C11H12NO6P,-2,c0
cpd02210_c0,rxn01682,Indoleglycerol phosphate,cpd02210_c0 <=> cpd00102_c0 + cpd00359_c0,,-1000.0,1000.0,C11H12NO6P,-2,c0
cpd01693_c0,rxn05655,6-Phosphosucrose,cpd00061_c0 + cpd00076_e0 <=> cpd00020_c0 + cpd01693_c0,,-1000.0,1000.0,C12H21O14P,-2,c0
cpd01919_c0,rxn05607,maltose-6-phosphate,cpd00061_c0 + cpd00179_e0 <=> cpd00020_c0 + cpd01919_c0,,-1000.0,1000.0,C12H21O14P,-2,c0
cpd00205_c0,rxn05206,K+,cpd00205_e0 <=> cpd00205_c0,,-1000.0,1000.0,K,1,c0
cpd00205_c0,rxn05315,K+,cpd00034_c0 + cpd00067_e0 + cpd00205_e0 <=> cpd00034_e0 + cpd00067_c0 + cpd00205_c0,,-1000.0,1000.0,K,1,c0
cpd00205_c0,rxn05517,K+,cpd00067_e0 + cpd00205_e0 + cpd01012_c0 <=> cpd00067_c0 + cpd00205_c0 + cpd01012_e0,,-1000.0,1000.0,K,1,c0
cpd00205_c0,rxn05596,K+,cpd00067_e0 + cpd00205_c0 --> cpd00067_c0 + cpd00205_e0,,0.0,1000.0,K,1,c0
cpd15315_c0,rxn08805,1-Acyl-sn-glycero-3-phosphoethanolamine tetradec-7-enoyl,cpd00001_c0 + cpd15315_c0 <=> cpd00067_c0 + cpd00908_c0 + cpd15298_c0,,-1000.0,1000.0,C19H38NO7P,0,c0
cpd02124_c0,rxn00676,2-Methylacetoacetyl-CoA,cpd00022_c0 + cpd00086_c0 <=> cpd00010_c0 + cpd02124_c0,,-1000.0,1000.0,C26H38N7O18P3S,-4,c0
cpd02124_c0,rxn02933,2-Methylacetoacetyl-CoA,cpd00003_c0 + cpd02691_c0 <=> cpd00004_c0 + cpd00067_c0 + cpd02124_c0,,-1000.0,1000.0,C26H38N7O18P3S,-4,c0
cpd00066_c0,biomass0,L-Phenylalanine,0.169975 cpd00002_c0 + 0.00215 cpd00003_c0 + 5e-05 cpd00004_c0 + 0.0004 cpd00005_c0 + 0.00013 cpd00006_c0 + 6e-06 cpd00010_c0 + 1e-05 cpd00015_c0 + 5e-05 cpd00022_c0 + 0.25 cpd00023_c0 + 0.003 cpd00026_c0 + 1e-06 cpd00028_c0 + 0.496 cpd00033_c0 + 0.499 cpd00035_c0 + 0.203 cpd00038_c0 + 0.431 cpd00039_c0 + 0.245 cpd00041_c0 + 0.121 cpd00051_c0 + 0.126 cpd00052_c0 + 0.25 cpd00053_c0 + 0.29 cpd00054_c0 + 0.116 cpd00060_c0 + 0.136 cpd00062_c0 + 0.054 cpd00065_c0 + 0.199 cpd00066_c0 + 0.138 cpd00069_c0 + 3e-06 cpd00078_c0 + 0.087 cpd00084_c0 + 0.428 cpd00107_c0 + 0.01814 cpd00115_c0 + 0.035 cpd00118_c0 + 0.145 cpd00119_c0 + 0.541 cpd00129_c0 + 0.245 cpd00132_c0 + 0.154 cpd00155_c0 + 0.42 cpd00156_c0 + 0.436 cpd00161_c0 + 0.000223 cpd00201_c0 + 0.0254 cpd00241_c0 + 0.0089 cpd00264_c0 + 0.213 cpd00322_c0 + 0.000223 cpd00345_c0 + 0.0254 cpd00356_c0 + 0.01814 cpd00357_c0 + 0.000142 cpd11652_c0 + 0.000216 cpd12801_c0 + 0.000701 cpd15432_c0 + 0.00276 cpd15665_c0 + 0.00192 cpd16083_c0 + 4.3e-05 cpd16093_c0 --> biomass_c0 + 5.604 cpd00001_c0 + 0.08708 cpd00009_c0 + 0.634975 cpd00012_c0,,0.0,1000.0,C9H11NO2,0,c0
cpd00066_c0,rxn12846,L-Phenylalanine,cpd00001_c0 + cpd15605_c0 <=> cpd00033_c0 + cpd00066_c0,,-1000.0,1000.0,C9H11NO2,0,c0
cpd00066_c0,rxn01315,L-Phenylalanine,cpd00007_c0 + cpd00066_c0 + cpd00233_c0 --> cpd00001_c0 + cpd00069_c0 + cpd00231_c0,,0.0,1000.0,C9H11NO2,0,c0
cpd00066_c0,rxn05306,L-Phenylalanine,cpd00066_e0 + cpd00067_e0 <=> cpd00066_c0 + cpd00067_c0,,-1000.0,1000.0,C9H11NO2,0,c0
cpd00066_c0,rxn13782,L-Phenylalanine,10412.0 cpd00001_c0 + 6730.0 cpd00002_c0 + 496.0 cpd00033_c0 + 1370.0 cpd00035_c0 + 10162.0 cpd00038_c0 + 431.0 cpd00039_c0 + 250.0 cpd00041_c0 + 121.0 cpd00051_c0 + 500.0 cpd00053_c0 + 290.0 cpd00054_c0 + 116.0 cpd00060_c0 + 54.0 cpd00065_c0 + 199.0 cpd00066_c0 + 138.0 cpd00069_c0 + 87.0 cpd00084_c0 + 428.0 cpd00107_c0 + 145.0 cpd00119_c0 + 541.0 cpd00129_c0 + 420.0 cpd00156_c0 + 436.0 cpd00161_c0 + 14.0 cpd00201_c0 + 213.0 cpd00322_c0 --> Protein_c0 + 250.0 cpd00008_c0 + 10412.0 cpd00009_c0 + 6480.0 cpd00012_c0 + 6480.0 cpd00018_c0 + 10162.0 cpd00031_c0 + 14.0 cpd00047_c0 + 15493.0 cpd00067_c0 + 14.0 cpd00087_c0,,0.0,1000.0,C9H11NO2,0,c0
cpd00066_c0,rxn00493,L-Phenylalanine,cpd00024_c0 + cpd00066_c0 <=> cpd00023_c0 + cpd00143_c0,,-1000.0,1000.0,C9H11NO2,0,c0
cpd00066_c0,rxn04989,L-Phenylalanine,cpd00007_c0 + cpd00066_c0 + cpd00233_c0 --> cpd00069_c0 + cpd03897_c0,,0.0,1000.0,C9H11NO2,0,c0
cpd11472_c0,rxn05326,Hexanoyl-ACP,cpd00004_c0 + cpd00067_c0 + cpd11473_c0 --> cpd00003_c0 + cpd11472_c0,,0.0,1000.0,C17H31N2O8PRS,-2,c0
cpd11472_c0,rxn05350,Hexanoyl-ACP,cpd00067_c0 + cpd11472_c0 + cpd11492_c0 --> cpd00011_c0 + cpd11490_c0 + cpd11493_c0,,0.0,1000.0,C17H31N2O8PRS,-2,c0
cpd12543_c0,rxn06673,Carboxybiotin-carboxyl-carrier protein,cpd00022_c0 + cpd12543_c0 --> cpd00070_c0 + cpd12848_c0,,0.0,1000.0,C18H26N5O6R2S,-1,c0
cpd12543_c0,rxn06672,Carboxybiotin-carboxyl-carrier protein,cpd00002_c0 + cpd00242_c0 + cpd12848_c0 <=> cpd00008_c0 + cpd00009_c0 + cpd00067_c0 + cpd12543_c0,,-1000.0,1000.0,C18H26N5O6R2S,-1,c0
cpd15703_c0,rxn10255,"1,2-Diisotetradecanoyl-sn-glycerol",cpd00002_c0 + cpd15703_c0 <=> cpd00008_c0 + cpd15679_c0,,-1000.0,1000.0,C31H60O5,0,c0
cpd00114_c0,rxn00831,IMP,cpd00001_c0 + cpd00114_c0 --> cpd00009_c0 + cpd00246_c0,,0.0,1000.0,C10H11N4O8P,-2,c0
cpd00114_c0,rxn00832,IMP,cpd00001_c0 + cpd00114_c0 <=> cpd02884_c0,,-1000.0,1000.0,C10H11N4O8P,-2,c0
cpd00114_c0,rxn00838,IMP,cpd00038_c0 + cpd00041_c0 + cpd00114_c0 --> cpd00009_c0 + cpd00031_c0 + 2.0 cpd00067_c0 + cpd02375_c0,,0.0,1000.0,C10H11N4O8P,-2,c0
cpd00114_c0,rxn00836,IMP,cpd00103_c0 + cpd00226_c0 --> cpd00012_c0 + cpd00067_c0 + cpd00114_c0,,0.0,1000.0,C10H11N4O8P,-2,c0
cpd00114_c0,rxn00834,IMP,cpd00001_c0 + cpd00003_c0 + cpd00114_c0 <=> cpd00004_c0 + cpd00067_c0 + cpd00497_c0,,-1000.0,1000.0,C10H11N4O8P,-2,c0
cpd00774_c0,rxn02264,UroporphyrinogenIII,cpd00755_c0 <=> cpd00001_c0 + cpd00774_c0,,-1000.0,1000.0,C40H36N4O16,-8,c0
cpd00774_c0,rxn02287,UroporphyrinogenIII,2.0 cpd00017_c0 + cpd00774_c0 <=> 2.0 cpd00019_c0 + cpd00067_c0 + cpd01620_c0,,-1000.0,1000.0,C40H36N4O16,-8,c0
cpd00774_c0,rxn02288,UroporphyrinogenIII,4.0 cpd00067_c0 + cpd00774_c0 <=> 4.0 cpd00011_c0 + cpd02083_c0,,-1000.0,1000.0,C40H36N4O16,-8,c0
cpd11583_e0,EXpd11583,Ala-Leu,cpd11583_e0 --> ,,0.0,1000.0,C9H18N2O3,0,e0
cpd11583_e0,rxn05544,Ala-Leu,cpd00001_c0 + cpd00002_c0 + cpd11583_e0 --> cpd00008_c0 + cpd00009_c0 + cpd00067_c0 + cpd11583_c0,,0.0,1000.0,C9H18N2O3,0,e0
cpd00938_c0,rxn02369,4-Carboxymuconolactone,cpd00938_c0 <=> cpd00067_c0 + cpd00856_c0,,-1000.0,1000.0,C7H4O6,-2,c0
cpd00938_c0,rxn02483,4-Carboxymuconolactone,cpd00067_c0 + cpd00938_c0 --> cpd00011_c0 + cpd02255_c0,,0.0,1000.0,C7H4O6,-2,c0
cpd16080_c0,rxn10859,phosphatidate (Saureus),cpd00052_c0 + cpd00067_c0 + 0.02 cpd16080_c0 --> cpd00012_c0 + 0.02 cpd16067_c0,,0.0,1000.0,X,0,c0
cpd16080_c0,PA_syn,phosphatidate (Saureus),17.0 cis11_octadecenoyl_acp_c0 + 32.0 cis9_hexadecenoyl_acp_c0 + 50.0 cpd00080_c0 + 9.0 cpd11468_c0 + 6.0 cpd11480_c0 + 7.0 cpd11482_c0 + 29.0 cpd15277_c0 --> 100.0 cpd11493_c0 + cpd16080_c0,,0.0,1000.0,X,0,c0
cpd02968_c0,rxn03904,UDP-N-acetylmuramoyl-L-alanyl-D-glutamyl-6-carboxy-L-lysyl-D-alanyl- D-alanine,cpd00286_c0 + cpd02968_c0 <=> cpd00091_c0 + cpd03494_c0,,-1000.0,1000.0,C41H61N9O28P2,-4,c0
cpd02968_c0,rxn03164,UDP-N-acetylmuramoyl-L-alanyl-D-glutamyl-6-carboxy-L-lysyl-D-alanyl- D-alanine,cpd00002_c0 + cpd00731_c0 + cpd02964_c0 --> cpd00008_c0 + cpd00009_c0 + cpd00067_c0 + cpd02968_c0,,0.0,1000.0,C41H61N9O28P2,-4,c0
cpd02967_c0,rxn03852,"N-Acetyl-beta-D-mannosaminyl-1,4-N-acetyl-D- glucosaminyldiphosphoundecaprenol",cpd00946_c0 + cpd01999_c0 <=> cpd00031_c0 + cpd00067_c0 + cpd02967_c0,,-1000.0,1000.0,C71H116N2O17P2,-2,c0
cpd01298_c0,rxn02666,Aminoacetone,cpd00067_c0 + cpd02211_c0 --> cpd00011_c0 + cpd01298_c0,,0.0,1000.0,C3H8NO,1,c0
cpd00428_c0,rxn01834,2-Oxopropanal,cpd02182_c0 <=> cpd00042_c0 + cpd00428_c0,,-1000.0,1000.0,C3H4O2,0,c0
cpd03002_c0,rxn03181,Lipid A disaccharide,cpd00002_c0 + cpd03002_c0 <=> cpd00008_c0 + cpd00067_c0 + cpd02993_c0,,-1000.0,1000.0,C68H127N2O20P,-2,c0
cpd03002_c0,rxn03159,Lipid A disaccharide,cpd02835_c0 + cpd02930_c0 <=> cpd00014_c0 + cpd03002_c0,,-1000.0,1000.0,C68H127N2O20P,-2,c0
cpd00089_c0,rxn01675,Glucose-1-phosphate,cpd00089_c0 + cpd00357_c0 <=> cpd00012_c0 + cpd00626_c0,,-1000.0,1000.0,C6H11O9P,-2,c0
cpd00089_c0,rxn00213,Glucose-1-phosphate,cpd00062_c0 + cpd00089_c0 <=> cpd00012_c0 + cpd00026_c0,,-1000.0,1000.0,C6H11O9P,-2,c0
cpd00089_c0,rxn05740,Glucose-1-phosphate,cpd00009_c0 + cpd00155_c0 <=> cpd00089_c0,,-1000.0,1000.0,C6H11O9P,-2,c0
cpd00089_c0,rxn12158,Glucose-1-phosphate,cpd00008_c0 + cpd00089_c0 <=> cpd00009_c0 + cpd00387_c0,,-1000.0,1000.0,C6H11O9P,-2,c0
cpd00089_c0,rxn05026,Glucose-1-phosphate,cpd00009_c0 + cpd00794_c0 --> cpd00027_c0 + cpd00089_c0,,0.0,1000.0,C6H11O9P,-2,c0
cpd00089_c0,rxn00704,Glucose-1-phosphate,cpd00089_c0 <=> cpd00079_c0,,-1000.0,1000.0,C6H11O9P,-2,c0
cpd00367_c0,rxn00363,Cytidine,cpd00001_c0 + cpd00046_c0 --> cpd00009_c0 + cpd00367_c0,,0.0,1000.0,C9H13N3O5,0,c0
cpd00367_c0,rxn00707,Cytidine,cpd00068_c0 + cpd00367_c0 <=> cpd00046_c0 + cpd00067_c0 + cpd00090_c0,,-1000.0,1000.0,C9H13N3O5,0,c0
cpd00367_c0,rxn01541,Cytidine,cpd00105_c0 + cpd00307_c0 --> cpd00001_c0 + cpd00367_c0,,0.0,1000.0,C9H13N3O5,0,c0
cpd15499_c0,rxn10121,Menaquinol 8,cpd00067_c0 + cpd00209_c0 + cpd15499_c0 --> cpd00001_c0 + cpd00075_c0 + cpd15500_c0,,0.0,0.0,C51H74O2,0,c0
cpd15499_c0,rxn08557,Menaquinol 8,cpd00080_c0 + cpd15500_c0 --> cpd00095_c0 + cpd15499_c0,,0.0,1000.0,C51H74O2,0,c0
cpd15499_c0,rxn08656,Menaquinol 8,cpd00139_c0 + cpd15500_c0 --> cpd00040_c0 + cpd15499_c0,,0.0,1000.0,C51H74O2,0,c0
cpd15499_c0,rxn08527,Menaquinol 8,cpd00106_c0 + cpd15499_c0 <=> cpd00036_c0 + cpd15500_c0,,-1000.0,1000.0,C51H74O2,0,c0
cpd15499_c0,rxn08971,Menaquinol 8,cpd00004_c0 + cpd00067_c0 + cpd15500_c0 --> cpd00003_c0 + cpd15499_c0,,0.0,1000.0,C51H74O2,0,c0
cpd15499_c0,rxn10806,Menaquinol 8,0.5 cpd00007_c0 + 2.0 cpd00067_c0 + cpd15499_c0 --> cpd00001_c0 + 2.0 cpd00067_e0 + cpd15500_c0,,0.0,0.0,C51H74O2,0,c0
cpd15499_c0,rxn08336,Menaquinol 8,cpd00282_c0 + cpd15500_c0 --> cpd00247_c0 + cpd15499_c0,,0.0,1000.0,C51H74O2,0,c0
cpd15499_c0,rxn08901,Menaquinol 8,cpd00130_c0 + cpd15500_c0 --> cpd00032_c0 + cpd15499_c0,,0.0,1000.0,C51H74O2,0,c0
cpd00083_c0,rxn00640,GDP-mannose,cpd00031_c0 + cpd00485_c0 <=> cpd00009_c0 + cpd00083_c0,,-1000.0,1000.0,C16H23N5O16P2,-2,c0
cpd00083_c0,rxn00642,GDP-mannose,cpd00083_c0 --> cpd00001_c0 + cpd00900_c0,,0.0,1000.0,C16H23N5O16P2,-2,c0
cpd00082_c0,ADD_Tur3,D-Fructose,cpd00001_c0 + cpd20885_c0 --> cpd00027_c0 + cpd00082_c0,,0.0,1000.0,C6H12O6,0,c0
cpd00082_c0,rxn00547,D-Fructose,cpd00002_c0 + cpd00082_c0 <=> cpd00008_c0 + cpd00067_c0 + cpd00072_c0,,-1000.0,1000.0,C6H12O6,0,c0
cpd00082_c0,rxn00629,D-Fructose,cpd00003_c0 + cpd00314_c0 <=> cpd00004_c0 + cpd00067_c0 + cpd00082_c0,,-1000.0,1000.0,C6H12O6,0,c0
cpd15604_e0,rxn12849,Gly-Leu,cpd00001_c0 + cpd00002_c0 + cpd15604_e0 --> cpd00008_c0 + cpd00009_c0 + cpd00067_c0 + cpd15604_c0,,0.0,1000.0,C8H16N2O3,0,e0
cpd15604_e0,EXpd15604,Gly-Leu,cpd15604_e0 --> ,,0.0,1000.0,C8H16N2O3,0,e0
cpd00478_c0,rxn00209,Pyridoxine phosphate,cpd00007_c0 + cpd00478_c0 --> cpd00016_c0 + cpd00025_c0,,0.0,1000.0,C8H10NO6P,-2,c0
cpd00478_c0,rxn04070,Pyridoxine phosphate,cpd08289_c0 + cpd08449_c0 --> 2.0 cpd00001_c0 + cpd00009_c0 + cpd00067_c0 + cpd00478_c0,,0.0,1000.0,C8H10NO6P,-2,c0
cpd00046_c0,rxn10263,CMP,cpd00080_c0 + cpd15687_c0 <=> cpd00046_c0 + cpd15720_c0,,-1000.0,1000.0,C9H12N3O8P,-2,c0
cpd00046_c0,rxn10229,CMP,cpd00054_c0 + cpd15686_c0 --> cpd00046_c0 + 2.0 cpd00067_c0 + cpd15692_c0,,0.0,1000.0,C9H12N3O8P,-2,c0
cpd00046_c0,rxn09210,CMP,cpd00054_c0 + cpd15421_c0 --> cpd00046_c0 + 2.0 cpd00067_c0 + cpd15557_c0,,0.0,1000.0,C9H12N3O8P,-2,c0
cpd00046_c0,rxn10227,CMP,cpd00054_c0 + cpd15684_c0 --> cpd00046_c0 + 2.0 cpd00067_c0 + cpd15690_c0,,0.0,1000.0,C9H12N3O8P,-2,c0
cpd00046_c0,rxn03182,CMP,cpd02546_c0 + cpd02993_c0 --> cpd00046_c0 + cpd00067_c0 + cpd03585_c0,,0.0,1000.0,C9H12N3O8P,-2,c0
cpd00046_c0,rxn09177,CMP,cpd00052_c0 + cpd00084_c0 + cpd02201_c0 --> cpd00012_c0 + cpd00046_c0 + 2.0 cpd00067_c0 + cpd02666_c0,,0.0,1000.0,C9H12N3O8P,-2,c0
cpd00046_c0,rxn09206,CMP,cpd00054_c0 + cpd15423_c0 --> cpd00046_c0 + 2.0 cpd00067_c0 + cpd15553_c0,,0.0,1000.0,C9H12N3O8P,-2,c0
cpd00046_c0,rxn00707,CMP,cpd00068_c0 + cpd00367_c0 <=> cpd00046_c0 + cpd00067_c0 + cpd00090_c0,,-1000.0,1000.0,C9H12N3O8P,-2,c0
cpd00046_c0,rxn10262,CMP,cpd00080_c0 + cpd15686_c0 <=> cpd00046_c0 + cpd15719_c0,,-1000.0,1000.0,C9H12N3O8P,-2,c0
cpd00046_c0,rxn09113,CMP,cpd00080_c0 + cpd15421_c0 <=> cpd00046_c0 + cpd15547_c0,,-1000.0,1000.0,C9H12N3O8P,-2,c0
cpd00046_c0,rxn10228,CMP,cpd00054_c0 + cpd15685_c0 --> cpd00046_c0 + 2.0 cpd00067_c0 + cpd15691_c0,,0.0,1000.0,C9H12N3O8P,-2,c0
cpd00046_c0,rxn09209,CMP,cpd00054_c0 + cpd15418_c0 --> cpd00046_c0 + 2.0 cpd00067_c0 + cpd15556_c0,,0.0,1000.0,C9H12N3O8P,-2,c0
cpd00046_c0,rxn10260,CMP,cpd00080_c0 + cpd15684_c0 <=> cpd00046_c0 + cpd15717_c0,,-1000.0,1000.0,C9H12N3O8P,-2,c0
cpd00046_c0,rxn00363,CMP,cpd00001_c0 + cpd00046_c0 --> cpd00009_c0 + cpd00367_c0,,0.0,1000.0,C9H12N3O8P,-2,c0
cpd00046_c0,rxn10230,CMP,cpd00054_c0 + cpd15687_c0 --> cpd00046_c0 + 2.0 cpd00067_c0 + cpd15693_c0,,0.0,1000.0,C9H12N3O8P,-2,c0
cpd00046_c0,rxn09208,CMP,cpd00054_c0 + cpd15419_c0 --> cpd00046_c0 + 2.0 cpd00067_c0 + cpd15555_c0,,0.0,1000.0,C9H12N3O8P,-2,c0
cpd00046_c0,rxn10880,CMP,cpd00054_c0 + 0.02 cpd16067_c0 --> cpd00046_c0 + cpd00067_c0 + 0.02 cpd16093_c0,,0.0,1000.0,C9H12N3O8P,-2,c0
cpd00046_c0,rxn10259,CMP,cpd00080_c0 + cpd15683_c0 <=> cpd00046_c0 + cpd15716_c0,,-1000.0,1000.0,C9H12N3O8P,-2,c0
cpd00046_c0,rxn09211,CMP,cpd00054_c0 + cpd15420_c0 --> cpd00046_c0 + 2.0 cpd00067_c0 + cpd15558_c0,,0.0,1000.0,C9H12N3O8P,-2,c0
cpd00046_c0,rxn10875,CMP,50.0 cpd00080_c0 + cpd16067_c0 --> 50.0 cpd00046_c0 + 50.0 cpd00067_c0 + cpd11652_c0,,0.0,1000.0,C9H12N3O8P,-2,c0
cpd00046_c0,rxn09111,CMP,cpd00080_c0 + cpd15419_c0 <=> cpd00046_c0 + cpd15545_c0,,-1000.0,1000.0,C9H12N3O8P,-2,c0
cpd00046_c0,rxn09114,CMP,cpd00080_c0 + cpd15420_c0 <=> cpd00046_c0 + cpd15548_c0,,-1000.0,1000.0,C9H12N3O8P,-2,c0
cpd00046_c0,rxn00364,CMP,cpd00002_c0 + cpd00046_c0 + cpd00067_c0 <=> cpd00008_c0 + cpd00096_c0,,-1000.0,1000.0,C9H12N3O8P,-2,c0
cpd00046_c0,rxn09207,CMP,cpd00054_c0 + cpd15422_c0 --> cpd00046_c0 + 2.0 cpd00067_c0 + cpd15554_c0,,0.0,1000.0,C9H12N3O8P,-2,c0
cpd00046_c0,rxn10226,CMP,cpd00054_c0 + cpd15683_c0 --> cpd00046_c0 + 2.0 cpd00067_c0 + cpd15689_c0,,0.0,1000.0,C9H12N3O8P,-2,c0
cpd00046_c0,rxn10264,CMP,cpd00080_c0 + cpd15688_c0 <=> cpd00046_c0 + cpd15721_c0,,-1000.0,1000.0,C9H12N3O8P,-2,c0
cpd00046_c0,rxn09110,CMP,cpd00080_c0 + cpd15422_c0 <=> cpd00046_c0 + cpd15544_c0,,-1000.0,1000.0,C9H12N3O8P,-2,c0
cpd00046_c0,rxn09205,CMP,cpd00054_c0 + cpd15417_c0 --> cpd00046_c0 + 2.0 cpd00067_c0 + cpd15552_c0,,0.0,1000.0,C9H12N3O8P,-2,c0
cpd00046_c0,rxn03439,CMP,cpd02546_c0 + cpd03585_c0 --> cpd00046_c0 + cpd00067_c0 + cpd03586_c0,,0.0,1000.0,C9H12N3O8P,-2,c0
cpd00046_c0,rxn09109,CMP,cpd00080_c0 + cpd15423_c0 <=> cpd00046_c0 + cpd15543_c0,,-1000.0,1000.0,C9H12N3O8P,-2,c0
cpd00046_c0,rxn10261,CMP,cpd00080_c0 + cpd15685_c0 <=> cpd00046_c0 + cpd15718_c0,,-1000.0,1000.0,C9H12N3O8P,-2,c0
cpd00046_c0,rxn03910,CMP,cpd08288_c0 <=> cpd00046_c0 + cpd08301_c0,,-1000.0,1000.0,C9H12N3O8P,-2,c0
cpd00046_c0,rxn08954,CMP,cpd02546_c0 + cpd15550_c0 --> cpd00046_c0 + cpd00067_c0 + cpd15492_c0,,0.0,1000.0,C9H12N3O8P,-2,c0
cpd00046_c0,rxn09108,CMP,cpd00080_c0 + cpd15417_c0 <=> cpd00046_c0 + cpd15542_c0,,-1000.0,1000.0,C9H12N3O8P,-2,c0
cpd00046_c0,rxn09112,CMP,cpd00080_c0 + cpd15418_c0 <=> cpd00046_c0 + cpd15546_c0,,-1000.0,1000.0,C9H12N3O8P,-2,c0
cpd00046_c0,rxn10231,CMP,cpd00054_c0 + cpd15688_c0 --> cpd00046_c0 + 2.0 cpd00067_c0 + cpd15694_c0,,0.0,1000.0,C9H12N3O8P,-2,c0
cpd00300_c0,rxn01522,Urate,cpd00001_c0 + cpd00003_c0 + cpd00309_c0 --> cpd00004_c0 + cpd00067_c0 + cpd00300_c0,,0.0,1000.0,C5H4N4O3,0,c0
cpd00156_c0,biomass0,L-Valine,0.169975 cpd00002_c0 + 0.00215 cpd00003_c0 + 5e-05 cpd00004_c0 + 0.0004 cpd00005_c0 + 0.00013 cpd00006_c0 + 6e-06 cpd00010_c0 + 1e-05 cpd00015_c0 + 5e-05 cpd00022_c0 + 0.25 cpd00023_c0 + 0.003 cpd00026_c0 + 1e-06 cpd00028_c0 + 0.496 cpd00033_c0 + 0.499 cpd00035_c0 + 0.203 cpd00038_c0 + 0.431 cpd00039_c0 + 0.245 cpd00041_c0 + 0.121 cpd00051_c0 + 0.126 cpd00052_c0 + 0.25 cpd00053_c0 + 0.29 cpd00054_c0 + 0.116 cpd00060_c0 + 0.136 cpd00062_c0 + 0.054 cpd00065_c0 + 0.199 cpd00066_c0 + 0.138 cpd00069_c0 + 3e-06 cpd00078_c0 + 0.087 cpd00084_c0 + 0.428 cpd00107_c0 + 0.01814 cpd00115_c0 + 0.035 cpd00118_c0 + 0.145 cpd00119_c0 + 0.541 cpd00129_c0 + 0.245 cpd00132_c0 + 0.154 cpd00155_c0 + 0.42 cpd00156_c0 + 0.436 cpd00161_c0 + 0.000223 cpd00201_c0 + 0.0254 cpd00241_c0 + 0.0089 cpd00264_c0 + 0.213 cpd00322_c0 + 0.000223 cpd00345_c0 + 0.0254 cpd00356_c0 + 0.01814 cpd00357_c0 + 0.000142 cpd11652_c0 + 0.000216 cpd12801_c0 + 0.000701 cpd15432_c0 + 0.00276 cpd15665_c0 + 0.00192 cpd16083_c0 + 4.3e-05 cpd16093_c0 --> biomass_c0 + 5.604 cpd00001_c0 + 0.08708 cpd00009_c0 + 0.634975 cpd00012_c0,,0.0,1000.0,C5H11NO2,0,c0
cpd00156_c0,rxn05168,L-Valine,cpd00001_c0 + cpd00002_c0 + cpd00156_e0 --> cpd00008_c0 + cpd00009_c0 + cpd00067_c0 + cpd00156_c0,,0.0,1000.0,C5H11NO2,0,c0
cpd00156_c0,rxn01045,L-Valine,cpd00001_c0 + cpd00003_c0 + cpd00156_c0 <=> cpd00004_c0 + cpd00013_c0 + cpd00067_c0 + cpd00123_c0,,-1000.0,1000.0,C5H11NO2,0,c0
cpd00156_c0,rxn13782,L-Valine,10412.0 cpd00001_c0 + 6730.0 cpd00002_c0 + 496.0 cpd00033_c0 + 1370.0 cpd00035_c0 + 10162.0 cpd00038_c0 + 431.0 cpd00039_c0 + 250.0 cpd00041_c0 + 121.0 cpd00051_c0 + 500.0 cpd00053_c0 + 290.0 cpd00054_c0 + 116.0 cpd00060_c0 + 54.0 cpd00065_c0 + 199.0 cpd00066_c0 + 138.0 cpd00069_c0 + 87.0 cpd00084_c0 + 428.0 cpd00107_c0 + 145.0 cpd00119_c0 + 541.0 cpd00129_c0 + 420.0 cpd00156_c0 + 436.0 cpd00161_c0 + 14.0 cpd00201_c0 + 213.0 cpd00322_c0 --> Protein_c0 + 250.0 cpd00008_c0 + 10412.0 cpd00009_c0 + 6480.0 cpd00012_c0 + 6480.0 cpd00018_c0 + 10162.0 cpd00031_c0 + 14.0 cpd00047_c0 + 15493.0 cpd00067_c0 + 14.0 cpd00087_c0,,0.0,1000.0,C5H11NO2,0,c0
cpd00156_c0,rxn00904,L-Valine,cpd00020_c0 + cpd00156_c0 <=> cpd00035_c0 + cpd00123_c0,,-1000.0,1000.0,C5H11NO2,0,c0
cpd00156_c0,rxn00903,L-Valine,cpd00024_c0 + cpd00156_c0 <=> cpd00023_c0 + cpd00123_c0,,-1000.0,1000.0,C5H11NO2,0,c0
cpd00156_c0,rxn05669,L-Valine,cpd00067_e0 + cpd00156_e0 <=> cpd00067_c0 + cpd00156_c0,,-1000.0,1000.0,C5H11NO2,0,c0
cpd15544_c0,rxn09110,Phosphatidylglycerophosphate ditetradec-7-enoyl,cpd00080_c0 + cpd15422_c0 <=> cpd00046_c0 + cpd15544_c0,,-1000.0,1000.0,C34H62O13P2,-2,c0
cpd15544_c0,rxn09103,Phosphatidylglycerophosphate ditetradec-7-enoyl,cpd00001_c0 + cpd15544_c0 --> cpd00009_c0 + cpd00067_c0 + cpd15537_c0,,0.0,1000.0,C34H62O13P2,-2,c0
cpd15557_c0,rxn09202,phosphatidylserine dioctadecanoyl,2.0 cpd00067_c0 + cpd15557_c0 <=> cpd00011_c0 + cpd15533_c0,,-1000.0,1000.0,C42H80NO10P,-2,c0
cpd15557_c0,rxn09210,phosphatidylserine dioctadecanoyl,cpd00054_c0 + cpd15421_c0 --> cpd00046_c0 + 2.0 cpd00067_c0 + cpd15557_c0,,0.0,1000.0,C42H80NO10P,-2,c0
cpd00209_c0,rxn10121,Nitrate,cpd00067_c0 + cpd00209_c0 + cpd15499_c0 --> cpd00001_c0 + cpd00075_c0 + cpd15500_c0,,0.0,0.0,NO3,-1,c0
cpd00209_c0,rxn05627,Nitrate,cpd00067_e0 + cpd00209_e0 <=> cpd00067_c0 + cpd00209_c0,,-1000.0,1000.0,NO3,-1,c0
cpd00209_c0,rxn10120,Nitrate,cpd00067_c0 + cpd00209_c0 + cpd15561_c0 --> cpd00001_c0 + cpd00075_c0 + cpd15560_c0,,0.0,1000.0,NO3,-1,c0
cpd00209_c0,rxn03990,Nitrate,cpd00004_c0 + 2.0 cpd00007_c0 + 2.0 cpd00418_c0 --> cpd00003_c0 + cpd00067_c0 + 2.0 cpd00209_c0,,0.0,1000.0,NO3,-1,c0
cpd00209_c0,rxn03991,Nitrate,cpd00005_c0 + 2.0 cpd00007_c0 + 2.0 cpd00418_c0 --> cpd00006_c0 + cpd00067_c0 + 2.0 cpd00209_c0,,0.0,1000.0,NO3,-1,c0
cpd00024_c0,rxn01575,2-Oxoglutarate,cpd00024_c0 + cpd00322_c0 <=> cpd00023_c0 + cpd00508_c0,,-1000.0,1000.0,C5H4O5,-2,c0
cpd00024_c0,rxn00184,2-Oxoglutarate,cpd00001_c0 + cpd00006_c0 + cpd00023_c0 <=> cpd00005_c0 + cpd00013_c0 + cpd00024_c0 + cpd00067_c0,,-1000.0,1000.0,C5H4O5,-2,c0
cpd00024_c0,rxn01631,2-Oxoglutarate,cpd00024_c0 + cpd00339_c0 <=> cpd00023_c0 + cpd02089_c0,,-1000.0,1000.0,C5H4O5,-2,c0
cpd00024_c0,rxn00527,2-Oxoglutarate,cpd00024_c0 + cpd00069_c0 <=> cpd00023_c0 + cpd00868_c0,,-1000.0,1000.0,C5H4O5,-2,c0
cpd00024_c0,ADD_2_Oxoglutarate,2-Oxoglutarate,cpd00024_e0 + cpd00067_e0 <=> cpd00024_c0 + cpd00067_c0,,-1000.0,1000.0,C5H4O5,-2,c0
cpd00024_c0,rxn00191,2-Oxoglutarate,cpd00024_c0 + cpd00035_c0 <=> cpd00020_c0 + cpd00023_c0,,-1000.0,1000.0,C5H4O5,-2,c0
cpd00024_c0,rxn02320,2-Oxoglutarate,cpd00024_c0 + cpd00807_c0 <=> cpd00023_c0 + cpd00930_c0,,-1000.0,1000.0,C5H4O5,-2,c0
cpd00024_c0,ADD_GALA7,2-Oxoglutarate,cpd00001_c0 + cpd00006_c0 + cpd00340_c0 <=> cpd00005_c0 + cpd00024_c0 + 2.0 cpd00067_c0,,-1000.0,1000.0,C5H4O5,-2,c0
cpd00024_c0,rxn00182,2-Oxoglutarate,cpd00001_c0 + cpd00003_c0 + cpd00023_c0 <=> cpd00004_c0 + cpd00013_c0 + cpd00024_c0 + cpd00067_c0,,-1000.0,1000.0,C5H4O5,-2,c0
cpd00024_c0,rxn00085,2-Oxoglutarate,cpd00006_c0 + 2.0 cpd00023_c0 <-- cpd00005_c0 + cpd00024_c0 + cpd00053_c0 + cpd00067_c0,,-1000.0,0.0,C5H4O5,-2,c0
cpd00024_c0,R00093,2-Oxoglutarate,cpd00003_c0 + 2.0 cpd00023_c0 --> cpd00004_c0 + cpd00024_c0 + cpd00053_c0 + cpd00067_c0,,0.0,1000.0,C5H4O5,-2,c0
cpd00024_c0,rxn01204,2-Oxoglutarate,cpd00024_c0 + cpd00281_c0 <=> cpd00023_c0 + cpd00199_c0,,-1000.0,1000.0,C5H4O5,-2,c0
cpd00024_c0,rxn01637,2-Oxoglutarate,cpd00023_c0 + cpd00918_c0 --> cpd00024_c0 + cpd00342_c0,,0.0,1000.0,C5H4O5,-2,c0
cpd00024_c0,rxn07840,2-Oxoglutarate,cpd00007_c0 + cpd00024_c0 + cpd03727_c0 --> cpd00011_c0 + cpd00036_c0 + cpd15137_c0,,0.0,1000.0,C5H4O5,-2,c0
cpd00024_c0,rxn02944,2-Oxoglutarate,cpd00024_c0 + cpd02160_c0 <=> cpd00023_c0 + cpd03526_c0,,-1000.0,1000.0,C5H4O5,-2,c0
cpd00024_c0,rxn08094,2-Oxoglutarate,cpd00003_c0 + cpd00010_c0 + cpd00024_c0 --> cpd00004_c0 + cpd00011_c0 + cpd00078_c0,,0.0,1000.0,C5H4O5,-2,c0
cpd00024_c0,rxn02339,2-Oxoglutarate,cpd00024_c0 + cpd01974_c0 <=> cpd00023_c0 + cpd00830_c0,,-1000.0,1000.0,C5H4O5,-2,c0
cpd00024_c0,rxn02914,2-Oxoglutarate,cpd00024_c0 + cpd00738_c0 <=> cpd00023_c0 + cpd02069_c0,,-1000.0,1000.0,C5H4O5,-2,c0
cpd00024_c0,R11337,2-Oxoglutarate,cpd00003_c0 + cpd00795_e0 <=> cpd00004_c0 + cpd00024_c0 + cpd00067_c0,,-1000.0,1000.0,C5H4O5,-2,c0
cpd00024_c0,rxn00493,2-Oxoglutarate,cpd00024_c0 + cpd00066_c0 <=> cpd00023_c0 + cpd00143_c0,,-1000.0,1000.0,C5H4O5,-2,c0
cpd00024_c0,rxn00199,2-Oxoglutarate,cpd00067_c0 + cpd03187_c0 --> cpd00011_c0 + cpd00024_c0,,0.0,1000.0,C5H4O5,-2,c0
cpd00024_c0,rxn00202,2-Oxoglutarate,cpd00001_c0 + cpd00022_c0 + cpd00024_c0 --> cpd00010_c0 + cpd00067_c0 + cpd00919_c0,,0.0,1000.0,C5H4O5,-2,c0
cpd00024_c0,rxn04786,2-Oxoglutarate,cpd00023_c0 + cpd00346_c0 --> cpd00024_c0 + cpd02095_c0,,0.0,1000.0,C5H4O5,-2,c0
cpd00024_c0,rxn03445,2-Oxoglutarate,cpd00024_c0 + cpd03607_c0 <=> cpd00023_c0 + cpd03606_c0,,-1000.0,1000.0,C5H4O5,-2,c0
cpd00024_c0,rxn05108,2-Oxoglutarate,cpd00023_c0 + cpd00869_c0 <=> cpd00024_c0 + cpd00060_c0,,-1000.0,1000.0,C5H4O5,-2,c0
cpd00024_c0,rxn00806,2-Oxoglutarate,cpd00024_c0 + cpd00107_c0 <=> cpd00023_c0 + cpd00200_c0,,-1000.0,1000.0,C5H4O5,-2,c0
cpd00024_c0,rxn00260,2-Oxoglutarate,cpd00024_c0 + cpd00041_c0 <=> cpd00023_c0 + cpd00032_c0,,-1000.0,1000.0,C5H4O5,-2,c0
cpd00024_c0,rxn00849,2-Oxoglutarate,cpd00024_c0 + cpd00117_c0 --> cpd00020_c0 + cpd00186_c0,,0.0,1000.0,C5H4O5,-2,c0
cpd00024_c0,rxn00903,2-Oxoglutarate,cpd00024_c0 + cpd00156_c0 <=> cpd00023_c0 + cpd00123_c0,,-1000.0,1000.0,C5H4O5,-2,c0
cpd00024_c0,rxn03087,2-Oxoglutarate,cpd00024_c0 + cpd02698_c0 <=> cpd00023_c0 + cpd02724_c0,,-1000.0,1000.0,C5H4O5,-2,c0
cpd00024_c0,rxn00441,2-Oxoglutarate,cpd00024_c0 + cpd00056_c0 + cpd00067_c0 --> cpd00011_c0 + cpd03189_c0,,0.0,1000.0,C5H4O5,-2,c0
cpd00086_c0,rxn00679,Propionyl-CoA,cpd00010_c0 + cpd00067_c0 + cpd01501_c0 <=> cpd00001_c0 + cpd00032_c0 + cpd00086_c0,,-1000.0,1000.0,C24H36N7O17P3S,-4,c0
cpd00086_c0,rxn00670,Propionyl-CoA,cpd00009_c0 + cpd00086_c0 <=> cpd00010_c0 + cpd01844_c0,,-1000.0,1000.0,C24H36N7O17P3S,-4,c0
cpd00086_c0,rxn00671,Propionyl-CoA,cpd00003_c0 + cpd00010_c0 + cpd00287_c0 <=> cpd00004_c0 + cpd00011_c0 + cpd00086_c0,,-1000.0,1000.0,C24H36N7O17P3S,-4,c0
cpd00086_c0,rxn00676,Propionyl-CoA,cpd00022_c0 + cpd00086_c0 <=> cpd00010_c0 + cpd02124_c0,,-1000.0,1000.0,C24H36N7O17P3S,-4,c0
cpd00086_c0,rxn00675,Propionyl-CoA,cpd00010_c0 + cpd03560_c0 --> cpd00018_c0 + cpd00067_c0 + cpd00086_c0,,0.0,1000.0,C24H36N7O17P3S,-4,c0
cpd00086_c0,rxn00669,Propionyl-CoA,cpd00002_c0 + cpd00010_c0 + cpd00141_c0 --> cpd00008_c0 + cpd00009_c0 + cpd00086_c0,,0.0,1000.0,C24H36N7O17P3S,-4,c0
cpd11475_c0,rxn05327,(2E)-Decenoyl-[acp],cpd00004_c0 + cpd00067_c0 + cpd11475_c0 --> cpd00003_c0 + cpd11474_c0,,0.0,1000.0,C21H37N2O8PRS,-2,c0
cpd11475_c0,rxn05333,(2E)-Decenoyl-[acp],cpd11482_c0 --> cpd00001_c0 + cpd11475_c0,,0.0,1000.0,C21H37N2O8PRS,-2,c0
cpd03572_c0,rxn02949,(S)-3-Hydroxyisobutyryl-CoA,cpd00001_c0 + cpd02187_c0 <=> cpd03572_c0,,-1000.0,1000.0,C25H38N7O18P3S,-4,c0
cpd03572_c0,rxn03433,(S)-3-Hydroxyisobutyryl-CoA,cpd00001_c0 + cpd03572_c0 --> cpd00010_c0 + cpd00067_c0 + cpd00876_c0,,0.0,1000.0,C25H38N7O18P3S,-4,c0
cpd02884_c0,rxn00832,FAICAR,cpd00001_c0 + cpd00114_c0 <=> cpd02884_c0,,-1000.0,1000.0,C10H13N4O9P,-2,c0
cpd02884_c0,rxn03137,FAICAR,cpd00201_c0 + cpd02851_c0 <=> cpd00087_c0 + cpd02884_c0,,-1000.0,1000.0,C10H13N4O9P,-2,c0
cpd15685_c0,rxn10228,"CDP-1,2-diisotetradecanoylglycerol",cpd00054_c0 + cpd15685_c0 --> cpd00046_c0 + 2.0 cpd00067_c0 + cpd15691_c0,,0.0,1000.0,C40H71N3O15P2,-2,c0
cpd15685_c0,rxn10261,"CDP-1,2-diisotetradecanoylglycerol",cpd00080_c0 + cpd15685_c0 <=> cpd00046_c0 + cpd15718_c0,,-1000.0,1000.0,C40H71N3O15P2,-2,c0
cpd15685_c0,rxn10222,"CDP-1,2-diisotetradecanoylglycerol",cpd00052_c0 + cpd15679_c0 <=> cpd00012_c0 + cpd00067_c0 + cpd15685_c0,,-1000.0,1000.0,C40H71N3O15P2,-2,c0
cpd03449_c0,rxn04139,"2-Octaprenyl-3-methyl-5-hydroxy-6-methoxy-1,4-benzoquinone",cpd00005_c0 + cpd00007_c0 + cpd03448_c0 --> cpd00001_c0 + cpd00006_c0 + cpd03449_c0,,0.0,1000.0,C48H74O4,0,c0
cpd03449_c0,rxn11946,"2-Octaprenyl-3-methyl-5-hydroxy-6-methoxy-1,4-benzoquinone",cpd00017_c0 + cpd03449_c0 <=> cpd00019_c0 + cpd15560_c0,,-1000.0,1000.0,C48H74O4,0,c0
cpd00018_c0,rxn05251,AMP,cpd00002_c0 + cpd00010_c0 + cpd11433_c0 --> cpd00012_c0 + cpd00018_c0 + cpd11434_c0,,0.0,1000.0,C10H12N5O7P,-2,c0
cpd00018_c0,rxn10052,AMP,cpd00018_c0 + cpd00067_c0 + cpd00421_c0 <=> cpd00008_c0 + cpd00012_c0,,-1000.0,1000.0,C10H12N5O7P,-2,c0
cpd00018_c0,rxn05736,AMP,cpd00002_c0 + cpd00010_c0 + cpd03847_c0 --> cpd00012_c0 + cpd00018_c0 + cpd00067_c0 + cpd01695_c0,,0.0,1000.0,C10H12N5O7P,-2,c0
cpd00018_c0,rxn00947,AMP,cpd00002_c0 + cpd00010_c0 + cpd00214_c0 --> cpd00012_c0 + cpd00018_c0 + cpd00067_c0 + cpd00134_c0,,0.0,1000.0,C10H12N5O7P,-2,c0
cpd00018_c0,rxn13782,AMP,10412.0 cpd00001_c0 + 6730.0 cpd00002_c0 + 496.0 cpd00033_c0 + 1370.0 cpd00035_c0 + 10162.0 cpd00038_c0 + 431.0 cpd00039_c0 + 250.0 cpd00041_c0 + 121.0 cpd00051_c0 + 500.0 cpd00053_c0 + 290.0 cpd00054_c0 + 116.0 cpd00060_c0 + 54.0 cpd00065_c0 + 199.0 cpd00066_c0 + 138.0 cpd00069_c0 + 87.0 cpd00084_c0 + 428.0 cpd00107_c0 + 145.0 cpd00119_c0 + 541.0 cpd00129_c0 + 420.0 cpd00156_c0 + 436.0 cpd00161_c0 + 14.0 cpd00201_c0 + 213.0 cpd00322_c0 --> Protein_c0 + 250.0 cpd00008_c0 + 10412.0 cpd00009_c0 + 6480.0 cpd00012_c0 + 6480.0 cpd00018_c0 + 10162.0 cpd00031_c0 + 14.0 cpd00047_c0 + 15493.0 cpd00067_c0 + 14.0 cpd00087_c0,,0.0,1000.0,C10H12N5O7P,-2,c0
cpd00018_c0,rxn06937,AMP,cpd00002_c0 + cpd00023_c0 + cpd00067_c0 + cpd11912_c0 --> cpd00012_c0 + cpd00018_c0 + cpd12227_c0,,0.0,1000.0,C10H12N5O7P,-2,c0
cpd00018_c0,rxn09450,AMP,cpd00002_c0 + cpd00010_c0 + cpd15237_c0 --> cpd00012_c0 + cpd00018_c0 + cpd15238_c0,,0.0,1000.0,C10H12N5O7P,-2,c0
cpd00018_c0,rxn00917,AMP,cpd00001_c0 + cpd00002_c0 + cpd00053_c0 + cpd00497_c0 --> cpd00012_c0 + cpd00018_c0 + cpd00023_c0 + 3.0 cpd00067_c0 + cpd00126_c0,,0.0,1000.0,C10H12N5O7P,-2,c0
cpd00018_c0,rxn09310,AMP,cpd00002_c0 + cpd00069_c0 + cpd00084_c0 + cpd08289_c0 --> cpd00001_c0 + cpd00011_c0 + cpd00012_c0 + cpd00018_c0 + cpd00035_c0 + 2.0 cpd00067_c0 + cpd02654_c0 + cpd15378_c0,,0.0,1000.0,C10H12N5O7P,-2,c0
cpd00018_c0,rxn00988,AMP,cpd00002_c0 + cpd00010_c0 + cpd00142_c0 --> cpd00012_c0 + cpd00018_c0 + cpd00067_c0 + cpd00279_c0,,0.0,1000.0,C10H12N5O7P,-2,c0
cpd00018_c0,rxn12512,AMP,cpd00002_c0 + cpd00084_c0 + cpd02201_c0 --> cpd00012_c0 + cpd00018_c0 + 2.0 cpd00067_c0 + cpd02666_c0,,0.0,1000.0,C10H12N5O7P,-2,c0
cpd00018_c0,rxn00132,AMP,cpd00001_c0 + cpd00018_c0 <=> cpd00009_c0 + cpd00182_c0,,-1000.0,1000.0,C10H12N5O7P,-2,c0
cpd00018_c0,rxn05249,AMP,cpd00002_c0 + cpd00010_c0 + cpd11436_c0 --> cpd00012_c0 + cpd00018_c0 + cpd11437_c0,,0.0,1000.0,C10H12N5O7P,-2,c0
cpd00018_c0,rxn05252,AMP,cpd00002_c0 + cpd00010_c0 + cpd11431_c0 --> cpd00012_c0 + cpd00018_c0 + cpd11432_c0,,0.0,1000.0,C10H12N5O7P,-2,c0
cpd00018_c0,rxn00137,AMP,cpd00001_c0 + cpd00045_c0 --> cpd00009_c0 + cpd00018_c0,,0.0,1000.0,C10H12N5O7P,-2,c0
cpd00018_c0,rxn09449,AMP,cpd00002_c0 + cpd00010_c0 + cpd01080_c0 --> cpd00012_c0 + cpd00018_c0 + cpd00067_c0 + cpd00327_c0,,0.0,1000.0,C10H12N5O7P,-2,c0
cpd00018_c0,rxn00303,AMP,cpd00002_c0 + cpd00038_c0 <=> cpd00018_c0 + 2.0 cpd00067_c0 + cpd02740_c0,,-1000.0,1000.0,C10H12N5O7P,-2,c0
cpd00018_c0,rxn05247,AMP,cpd00002_c0 + cpd00010_c0 + cpd11430_c0 --> cpd00012_c0 + cpd00018_c0 + cpd11435_c0,,0.0,1000.0,C10H12N5O7P,-2,c0
cpd00018_c0,rxn00775,AMP,cpd00001_c0 + cpd00251_c0 --> cpd00018_c0 + 2.0 cpd00067_c0 + cpd00101_c0,,0.0,1000.0,C10H12N5O7P,-2,c0
cpd00018_c0,ADD_TPP3,AMP,IscS_with_bound_sulfur_c0 + cpd00002_c0 + cpd00005_c0 + cpd08289_c0 + cpd14545_c0 --> IscS_sulfur_acceptor_protein_c0 + 2.0 cpd00001_c0 + cpd00006_c0 + cpd00011_c0 + cpd00012_c0 + cpd00018_c0 + cpd00067_c0 + cpd02654_c0,,0.0,1000.0,C10H12N5O7P,-2,c0
cpd00018_c0,rxn00175,AMP,cpd00002_c0 + cpd00010_c0 + cpd00029_c0 --> cpd00012_c0 + cpd00018_c0 + cpd00022_c0 + cpd00067_c0,,0.0,1000.0,C10H12N5O7P,-2,c0
cpd00018_c0,R00103,AMP,cpd00001_c0 + cpd00003_c0 --> cpd00018_c0 + 2.0 cpd00067_c0 + cpd00355_c0,,0.0,1000.0,C10H12N5O7P,-2,c0
cpd00018_c0,rxn09448,AMP,cpd00002_c0 + cpd00010_c0 + cpd15269_c0 --> cpd00012_c0 + cpd00018_c0 + cpd15274_c0,,0.0,1000.0,C10H12N5O7P,-2,c0
cpd00018_c0,rxn00138,AMP,cpd00002_c0 + cpd00013_c0 + cpd00638_c0 --> cpd00003_c0 + cpd00012_c0 + cpd00018_c0 + 2.0 cpd00067_c0,,0.0,1000.0,C10H12N5O7P,-2,c0
cpd00018_c0,rxn01434,AMP,cpd00002_c0 + cpd00041_c0 + cpd00274_c0 <=> cpd00012_c0 + cpd00018_c0 + 2.0 cpd00067_c0 + cpd02152_c0,,-1000.0,1000.0,C10H12N5O7P,-2,c0
cpd00018_c0,rxn00800,AMP,cpd02375_c0 <=> cpd00018_c0 + cpd00106_c0,,-1000.0,1000.0,C10H12N5O7P,-2,c0
cpd00018_c0,rxn00097,AMP,cpd00002_c0 + cpd00018_c0 + cpd00067_c0 <=> 2.0 cpd00008_c0,,-1000.0,1000.0,C10H12N5O7P,-2,c0
cpd00018_c0,rxn05250,AMP,cpd00002_c0 + cpd00010_c0 + cpd11440_c0 --> cpd00012_c0 + cpd00018_c0 + cpd11441_c0,,0.0,1000.0,C10H12N5O7P,-2,c0
cpd00018_c0,rxn02503,AMP,cpd00002_c0 + cpd00954_c0 <=> cpd00018_c0 + 2.0 cpd00067_c0 + cpd02920_c0,,-1000.0,1000.0,C10H12N5O7P,-2,c0
cpd00018_c0,rxn00416,AMP,cpd00001_c0 + cpd00002_c0 + cpd00041_c0 + cpd00053_c0 --> cpd00012_c0 + cpd00018_c0 + cpd00023_c0 + 2.0 cpd00067_c0 + cpd00132_c0,,0.0,1000.0,C10H12N5O7P,-2,c0
cpd00018_c0,rxn00770,AMP,cpd00002_c0 + cpd00101_c0 <=> cpd00018_c0 + cpd00067_c0 + cpd00103_c0,,-1000.0,1000.0,C10H12N5O7P,-2,c0
cpd00018_c0,rxn02569,AMP,cpd00001_c0 + cpd00002_c0 + cpd01078_c0 <=> cpd00009_c0 + cpd00018_c0 + cpd00067_c0 + cpd03078_c0,,-1000.0,1000.0,C10H12N5O7P,-2,c0
cpd00018_c0,rxn00675,AMP,cpd00010_c0 + cpd03560_c0 --> cpd00018_c0 + cpd00067_c0 + cpd00086_c0,,0.0,1000.0,C10H12N5O7P,-2,c0
cpd00018_c0,rxn01791,AMP,cpd00002_c0 + cpd00085_c0 + cpd00408_c0 --> cpd00012_c0 + cpd00018_c0 + 2.0 cpd00067_c0 + cpd00644_c0,,0.0,1000.0,C10H12N5O7P,-2,c0
cpd00018_c0,rxn05248,AMP,cpd00002_c0 + cpd00010_c0 + cpd11438_c0 --> cpd00012_c0 + cpd00018_c0 + cpd11439_c0,,0.0,1000.0,C10H12N5O7P,-2,c0
cpd00018_c0,rxn00139,AMP,cpd00103_c0 + cpd00128_c0 --> cpd00012_c0 + cpd00018_c0 + cpd00067_c0,,0.0,1000.0,C10H12N5O7P,-2,c0
cpd00018_c0,rxn00147,AMP,cpd00001_c0 + cpd00002_c0 + cpd00020_c0 --> cpd00009_c0 + cpd00018_c0 + cpd00061_c0 + 3.0 cpd00067_c0,,0.0,1000.0,C10H12N5O7P,-2,c0
cpd00018_c0,rxn00131,AMP,cpd00001_c0 + cpd00018_c0 <=> cpd00101_c0 + cpd00128_c0,,-1000.0,1000.0,C10H12N5O7P,-2,c0
cpd00358_c0,rxn01519,dUTP,cpd00001_c0 + cpd00358_c0 --> cpd00012_c0 + 2.0 cpd00067_c0 + cpd00299_c0,,0.0,1000.0,C9H12N2O14P3,-3,c0
cpd00358_c0,rxn05236,dUTP,cpd00062_c0 + cpd11421_c0 --> cpd00001_c0 + cpd00358_c0 + cpd11420_c0,,0.0,1000.0,C9H12N2O14P3,-3,c0
cpd00358_c0,rxn01672,dUTP,cpd00001_c0 + cpd00067_c0 + cpd00356_c0 --> cpd00013_c0 + cpd00358_c0,,0.0,1000.0,C9H12N2O14P3,-3,c0
cpd00358_c0,rxn01678,dUTP,cpd00002_c0 + cpd00978_c0 <=> cpd00008_c0 + cpd00358_c0,,-1000.0,1000.0,C9H12N2O14P3,-3,c0
cpd00797_e0,EXpd00797,(R)-3-Hydroxybutanoate,cpd00797_e0 --> ,,0.0,1000.0,C4H7O3,-1,e0
cpd00797_e0,rxn12405,(R)-3-Hydroxybutanoate,cpd00797_e0 <=> cpd00797_c0,,-1000.0,1000.0,C4H7O3,-1,e0
cpd02921_c0,rxn03147,SAICAR,cpd00002_c0 + cpd00041_c0 + cpd02893_c0 --> cpd00008_c0 + cpd00009_c0 + 2.0 cpd00067_c0 + cpd02921_c0,,0.0,1000.0,C13H15N4O12P,-4,c0
cpd02921_c0,rxn03136,SAICAR,cpd02921_c0 <=> cpd00106_c0 + cpd02851_c0,,-1000.0,1000.0,C13H15N4O12P,-4,c0
cpd02612_c0,rxn01951,N-Acetylmannosamine 6-phosphate,cpd00002_c0 + cpd00492_c0 --> cpd00008_c0 + cpd00067_c0 + cpd02612_c0,,0.0,1000.0,C8H14NO9P,-2,c0
cpd02612_c0,rxn01506,N-Acetylmannosamine 6-phosphate,cpd00293_c0 <=> cpd02612_c0,,-1000.0,1000.0,C8H14NO9P,-2,c0
cpd00793_c0,rxn02305,Thiamine phosphate,cpd00067_c0 + cpd02654_c0 + cpd02894_c0 <=> cpd00012_c0 + cpd00793_c0,,-1000.0,1000.0,C12H17N4O4PS,0,c0
cpd00793_c0,rxn05722,Thiamine phosphate,cpd00067_e0 + cpd00793_e0 --> cpd00067_c0 + cpd00793_c0,,0.0,1000.0,C12H17N4O4PS,0,c0
cpd00793_c0,rxn00438,Thiamine phosphate,cpd00002_c0 + cpd00793_c0 <=> cpd00008_c0 + cpd00056_c0,,-1000.0,1000.0,C12H17N4O4PS,0,c0
cpd02904_c0,rxn02897,alpha-Ribazole 5'-phosphate,cpd00873_c0 + cpd01997_c0 <=> cpd00067_c0 + cpd00218_c0 + cpd02904_c0,,-1000.0,1000.0,C14H17N2O7P,-2,c0
cpd02904_c0,rxn03150,alpha-Ribazole 5'-phosphate,cpd00001_c0 + cpd02904_c0 --> cpd00009_c0 + cpd03423_c0,,0.0,1000.0,C14H17N2O7P,-2,c0
cpd12370_c0,rxn06022,apo-ACP,cpd00001_c0 + cpd11493_c0 --> cpd00834_c0 + cpd12370_c0,,0.0,1000.0,HOR,0,c0
cpd12370_c0,rxn06023,apo-ACP,cpd00010_c0 + cpd12370_c0 <=> cpd00045_c0 + cpd11493_c0,,-1000.0,1000.0,HOR,0,c0
cpd03124_c0,rxn03248,Hexanoyl-CoA,cpd00022_c0 + cpd03124_c0 <=> cpd00010_c0 + cpd03121_c0,,-1000.0,1000.0,C27H42N7O17P3S,-4,c0
cpd03124_c0,rxn10010,Hexanoyl-CoA,cpd00004_c0 + cpd00067_c0 + cpd03125_c0 --> cpd00003_c0 + cpd03124_c0,,0.0,1000.0,C27H42N7O17P3S,-4,c0
cpd00171_c0,rxn01116,D-Ribulose5-phosphate,cpd00171_c0 <=> cpd00198_c0,,-1000.0,1000.0,C5H9O8P,-2,c0
cpd00171_c0,rxn00777,D-Ribulose5-phosphate,cpd00101_c0 <=> cpd00171_c0,,-1000.0,1000.0,C5H9O8P,-2,c0
cpd00171_c0,rxn01117,D-Ribulose5-phosphate,cpd00817_c0 <=> cpd00171_c0,,-1000.0,1000.0,C5H9O8P,-2,c0
cpd00171_c0,rxn05040,D-Ribulose5-phosphate,cpd00171_c0 --> cpd00047_c0 + cpd00067_c0 + cpd11225_c0,,0.0,1000.0,C5H9O8P,-2,c0
cpd00061_c0,rxn05485,Phosphoenolpyruvate,cpd00061_c0 + cpd00122_e0 <=> cpd00020_c0 + cpd00293_c0,,-1000.0,1000.0,C3H2O6P,-3,c0
cpd00061_c0,rxn05647,Phosphoenolpyruvate,cpd00061_c0 + cpd01030_e0 <=> cpd00020_c0 + cpd03698_c0,,-1000.0,1000.0,C3H2O6P,-3,c0
cpd00061_c0,rxn02331,Phosphoenolpyruvate,cpd00001_c0 + cpd00061_c0 + cpd00817_c0 --> cpd00009_c0 + cpd02730_c0,,0.0,1000.0,C3H2O6P,-3,c0
cpd00061_c0,rxn05655,Phosphoenolpyruvate,cpd00061_c0 + cpd00076_e0 <=> cpd00020_c0 + cpd01693_c0,,-1000.0,1000.0,C3H2O6P,-3,c0
cpd00061_c0,rxn05607,Phosphoenolpyruvate,cpd00061_c0 + cpd00179_e0 <=> cpd00020_c0 + cpd01919_c0,,-1000.0,1000.0,C3H2O6P,-3,c0
cpd00061_c0,rxn00251,Phosphoenolpyruvate,cpd00001_c0 + cpd00011_c0 + cpd00061_c0 --> cpd00009_c0 + cpd00032_c0 + cpd00067_c0,,0.0,1000.0,C3H2O6P,-3,c0
cpd00061_c0,rxn10184,Phosphoenolpyruvate,cpd00061_c0 + cpd00588_e0 --> cpd00020_c0 + cpd00804_c0,,0.0,0.0,C3H2O6P,-3,c0
cpd00061_c0,rxn05569,Phosphoenolpyruvate,cpd00061_c0 + cpd00276_e0 <=> cpd00020_c0 + cpd00288_c0,,-1000.0,1000.0,C3H2O6P,-3,c0
cpd00061_c0,rxn05560,Phosphoenolpyruvate,cpd00061_c0 + cpd00082_e0 <=> cpd00020_c0 + cpd00802_c0,,-1000.0,1000.0,C3H2O6P,-3,c0
cpd00061_c0,rxn02476,Phosphoenolpyruvate,cpd00061_c0 + cpd02030_c0 <=> cpd00009_c0 + cpd00932_c0,,-1000.0,1000.0,C3H2O6P,-3,c0
cpd00061_c0,rxn05501,Phosphoenolpyruvate,cpd00061_c0 + cpd03696_e0 <=> cpd00020_c0 + cpd03697_c0,,-1000.0,1000.0,C3H2O6P,-3,c0
cpd00061_c0,rxn00459,Phosphoenolpyruvate,cpd00482_c0 <=> cpd00001_c0 + cpd00061_c0,,-1000.0,1000.0,C3H2O6P,-3,c0
cpd00061_c0,rxn05567,Phosphoenolpyruvate,cpd00061_c0 + cpd01171_e0 <=> cpd00020_c0 + cpd03752_c0,,-1000.0,1000.0,C3H2O6P,-3,c0
cpd00061_c0,rxn00247,Phosphoenolpyruvate,cpd00002_c0 + cpd00032_c0 --> cpd00008_c0 + cpd00011_c0 + cpd00061_c0,,0.0,1000.0,C3H2O6P,-3,c0
cpd00061_c0,rxn01332,Phosphoenolpyruvate,cpd00001_c0 + cpd00061_c0 + cpd00236_c0 --> cpd00009_c0 + cpd02857_c0,,0.0,1000.0,C3H2O6P,-3,c0
cpd00061_c0,rxn02005,Phosphoenolpyruvate,cpd00061_c0 + cpd00794_e0 <-- cpd00020_c0 + cpd00523_c0,,-1000.0,0.0,C3H2O6P,-3,c0
cpd00061_c0,rxn05617,Phosphoenolpyruvate,cpd00061_c0 + cpd00314_e0 <=> cpd00020_c0 + cpd00491_c0,,-1000.0,1000.0,C3H2O6P,-3,c0
cpd00061_c0,rxn01316,Phosphoenolpyruvate,cpd00001_c0 + cpd00061_c0 + cpd00492_c0 --> cpd00009_c0 + cpd00232_c0,,0.0,1000.0,C3H2O6P,-3,c0
cpd00061_c0,rxn00461,Phosphoenolpyruvate,cpd00037_c0 + cpd00061_c0 <=> cpd00009_c0 + cpd02820_c0,,-1000.0,1000.0,C3H2O6P,-3,c0
cpd00061_c0,rxn00148,Phosphoenolpyruvate,cpd00008_c0 + cpd00061_c0 + cpd00067_c0 --> cpd00002_c0 + cpd00020_c0,,0.0,1000.0,C3H2O6P,-3,c0
cpd00061_c0,rxn00147,Phosphoenolpyruvate,cpd00001_c0 + cpd00002_c0 + cpd00020_c0 --> cpd00009_c0 + cpd00018_c0 + cpd00061_c0 + 3.0 cpd00067_c0,,0.0,1000.0,C3H2O6P,-3,c0
cpd11542_c0,rxn05405,15-methyl-3-hydroxy-hexa-decanoyl-ACP,cpd00005_c0 + cpd00067_c0 + cpd11541_c0 <=> cpd00006_c0 + cpd11542_c0,,-1000.0,1000.0,C28H53N2O9PRS,-1,c0
cpd11542_c0,rxn05406,15-methyl-3-hydroxy-hexa-decanoyl-ACP,cpd11542_c0 --> cpd00001_c0 + cpd11543_c0,,0.0,1000.0,C28H53N2O9PRS,-1,c0
cpd00122_c0,rxn13990,N-Acetyl-D-glucosamine,cpd00002_c0 + cpd00122_c0 --> cpd00008_c0 + cpd00067_c0 + cpd02611_c0,,0.0,1000.0,C8H15NO6,0,c0
cpd00122_c0,R00022,N-Acetyl-D-glucosamine,cpd00001_c0 + cpd01157_c0 --> 2.0 cpd00122_c0,,0.0,1000.0,C8H15NO6,0,c0
cpd11440_c0,rxn05250,fa6,cpd00002_c0 + cpd00010_c0 + cpd11440_c0 --> cpd00012_c0 + cpd00018_c0 + cpd11441_c0,,0.0,1000.0,C16H31O2,-1,c0
cpd00412_c0,rxn01521,Deoxyuridine,cpd00001_c0 + cpd00299_c0 --> cpd00009_c0 + cpd00412_c0,,0.0,1000.0,C9H12N2O5,0,c0
cpd03646_c0,rxn02792,gamma-Glutamyl-3-aminopropiononitrile,cpd00023_c0 + cpd00067_c0 + cpd01651_c0 --> cpd00001_c0 + cpd00011_c0 + cpd03646_c0,,0.0,1000.0,C8H13N3O3,0,c0
cpd00159_c0,rxn01053,L-Lactate,cpd00001_c0 + cpd00003_c0 + cpd00334_c0 <=> cpd00004_c0 + 2.0 cpd00067_c0 + cpd00159_c0,,-1000.0,1000.0,C3H5O3,-1,c0
cpd00159_c0,rxn00499,L-Lactate,cpd00003_c0 + cpd00159_c0 <=> cpd00004_c0 + cpd00020_c0 + cpd00067_c0,,-1000.0,1000.0,C3H5O3,-1,c0
cpd00159_c0,rxn05604,L-Lactate,2.0 cpd00067_e0 + cpd00130_e0 + cpd00159_c0 + cpd00971_c0 --> 2.0 cpd00067_c0 + cpd00130_c0 + cpd00159_e0 + cpd00971_e0,,0.0,1000.0,C3H5O3,-1,c0
cpd00159_c0,rxn05602,L-Lactate,cpd00067_e0 + cpd00159_e0 <=> cpd00067_c0 + cpd00159_c0,,-1000.0,1000.0,C3H5O3,-1,c0
cpd11521_c0,rxn05384,5-methyl-3-oxo-hexanoyl-ACP,cpd00067_c0 + cpd11492_c0 + cpd11520_c0 --> cpd00011_c0 + cpd11493_c0 + cpd11521_c0,,0.0,1000.0,C18H31N2O9PRS,-1,c0
cpd11521_c0,rxn05385,5-methyl-3-oxo-hexanoyl-ACP,cpd00005_c0 + cpd00067_c0 + cpd11521_c0 <=> cpd00006_c0 + cpd11522_c0,,-1000.0,1000.0,C18H31N2O9PRS,-1,c0
cpd03696_e0,rxn05501,Ursin,cpd00061_c0 + cpd03696_e0 <=> cpd00020_c0 + cpd03697_c0,,-1000.0,1000.0,C12H16O7,0,e0
cpd03696_e0,EXpd03696,Ursin,cpd03696_e0 --> ,,0.0,1000.0,C12H16O7,0,e0
cpd04242_c0,rxn12146,DKH,cpd16540_c0 --> cpd04242_c0,,0.0,1000.0,C6H9O6,-1,c0
cpd04242_c0,rxn03932,DKH,cpd00002_c0 + cpd04242_c0 --> cpd00008_c0 + cpd00067_c0 + cpd02721_c0,,0.0,1000.0,C6H9O6,-1,c0
cpd15313_c0,rxn08803,1-Acyl-sn-glycero-3-phosphoethanolamine dodecanoyl,cpd00001_c0 + cpd15313_c0 <=> cpd00067_c0 + cpd00908_c0 + cpd01741_c0,,-1000.0,1000.0,C17H36NO7P,0,c0
cpd11478_c0,rxn05329,(R)-3-Hydroxybutanoyl-[acyl-carrier protein],cpd11478_c0 --> cpd00001_c0 + cpd11465_c0,,0.0,1000.0,C15H27N2O9PRS,-1,c0
cpd11478_c0,rxn05339,(R)-3-Hydroxybutanoyl-[acyl-carrier protein],cpd00006_c0 + cpd11478_c0 <=> cpd00005_c0 + cpd11488_c0,,-1000.0,1000.0,C15H27N2O9PRS,-1,c0
biomass_e0,biomass1,biomass_e0,10000.0 biomass_c0 + 1050000.0 cpd00001_c0 + 1050000.0 cpd00002_c0 --> 10000.0 biomass_e0 + 1050000.0 cpd00008_c0 + 1050000.0 cpd00009_c0 + 1050000.0 cpd00067_c0,,0.0,1000.0,X,0,e0
biomass_e0,EX_Biomass,biomass_e0,biomass_e0 --> ,,0.0,1000.0,X,0,e0
cpd00924_c0,rxn00095,AppppA,cpd00001_c0 + cpd00924_c0 --> 2.0 cpd00008_c0,,0.0,1000.0,C20H24N10O19P4,-4,c0
cpd03847_c0,rxn08804,Myristic acid,cpd00001_c0 + cpd15314_c0 <=> cpd00067_c0 + cpd00908_c0 + cpd03847_c0,,-1000.0,1000.0,C14H27O2,-1,c0
cpd03847_c0,rxn05736,Myristic acid,cpd00002_c0 + cpd00010_c0 + cpd03847_c0 --> cpd00012_c0 + cpd00018_c0 + cpd00067_c0 + cpd01695_c0,,0.0,1000.0,C14H27O2,-1,c0
cpd03847_c0,rxn08839,Myristic acid,cpd00001_c0 + cpd15337_c0 <=> cpd00067_c0 + cpd00908_c0 + cpd03847_c0,,-1000.0,1000.0,C14H27O2,-1,c0
cpd03847_c0,rxn08811,Myristic acid,cpd00001_c0 + cpd15319_c0 <=> cpd00067_c0 + cpd02090_c0 + cpd03847_c0,,-1000.0,1000.0,C14H27O2,-1,c0
cpd03847_c0,rxn08797,Myristic acid,cpd00001_c0 + cpd15331_c0 <=> cpd00067_c0 + cpd00080_c0 + cpd03847_c0,,-1000.0,1000.0,C14H27O2,-1,c0
cpd03847_c0,rxn10163,Myristic acid,cpd00067_e0 + cpd03847_e0 <=> cpd00067_c0 + cpd03847_c0,,-1000.0,1000.0,C14H27O2,-1,c0
cpd03847_c0,rxn08818,Myristic acid,cpd00001_c0 + cpd15363_c0 <=> 2.0 cpd00067_c0 + cpd00080_c0 + cpd03847_c0,,-1000.0,1000.0,C14H27O2,-1,c0
cpd03847_c0,rxn08846,Myristic acid,cpd00001_c0 + cpd15344_c0 <=> cpd00067_c0 + cpd02090_c0 + cpd03847_c0,,-1000.0,1000.0,C14H27O2,-1,c0
cpd15679_c0,rxn10255,"1,2-diisotetradecanoyl-sn-glycerol 3-phosphate",cpd00002_c0 + cpd15703_c0 <=> cpd00008_c0 + cpd15679_c0,,-1000.0,1000.0,C31H60O8P,-1,c0
cpd15679_c0,rxn10216,"1,2-diisotetradecanoyl-sn-glycerol 3-phosphate",cpd11435_c0 + cpd15673_c0 --> cpd00010_c0 + cpd00067_c0 + cpd15679_c0,,0.0,1000.0,C31H60O8P,-1,c0
cpd15679_c0,rxn10222,"1,2-diisotetradecanoyl-sn-glycerol 3-phosphate",cpd00052_c0 + cpd15679_c0 <=> cpd00012_c0 + cpd00067_c0 + cpd15685_c0,,-1000.0,1000.0,C31H60O8P,-1,c0
cpd15338_c0,rxn08840,2-Acyl-sn-glycero-3-phosphoethanolamine tetradec-7-enoyl,cpd00001_c0 + cpd15338_c0 --> cpd00067_c0 + cpd00908_c0 + cpd15298_c0,,0.0,1000.0,C19H38NO7P,0,c0
cpd00363_c0,rxn00543,Ethanol,cpd00003_c0 + cpd00363_c0 <=> cpd00004_c0 + cpd00067_c0 + cpd00071_c0,,-1000.0,1000.0,C2H6O,0,c0
cpd15423_c0,rxn08307,"CDP-1,2-ditetradecanoylglycerol",cpd00052_c0 + cpd15522_c0 <=> cpd00012_c0 + cpd00067_c0 + cpd15423_c0,,-1000.0,1000.0,C40H71N3O15P2,-2,c0
cpd15423_c0,rxn09206,"CDP-1,2-ditetradecanoylglycerol",cpd00054_c0 + cpd15423_c0 --> cpd00046_c0 + 2.0 cpd00067_c0 + cpd15553_c0,,0.0,1000.0,C40H71N3O15P2,-2,c0
cpd15423_c0,rxn09109,"CDP-1,2-ditetradecanoylglycerol",cpd00080_c0 + cpd15423_c0 <=> cpd00046_c0 + cpd15543_c0,,-1000.0,1000.0,C40H71N3O15P2,-2,c0
cpd00482_c0,rxn01106,2-Phospho-D-glycerate,cpd00482_c0 <=> cpd00169_c0,,-1000.0,1000.0,C3H4O7P,-3,c0
cpd00482_c0,rxn00459,2-Phospho-D-glycerate,cpd00482_c0 <=> cpd00001_c0 + cpd00061_c0,,-1000.0,1000.0,C3H4O7P,-3,c0
cpd02030_c0,rxn01739,3-phosphoshikimate,cpd00002_c0 + cpd00383_c0 <=> cpd00008_c0 + cpd00067_c0 + cpd02030_c0,,-1000.0,1000.0,C7H8O8P,-3,c0
cpd02030_c0,rxn02476,3-phosphoshikimate,cpd00061_c0 + cpd02030_c0 <=> cpd00009_c0 + cpd00932_c0,,-1000.0,1000.0,C7H8O8P,-3,c0
cpd02820_c0,rxn02285,UDP-N-acetylglucosamine enolpyruvate,cpd00006_c0 + cpd00773_c0 <=> cpd00005_c0 + cpd00067_c0 + cpd02820_c0,,-1000.0,1000.0,C20H26N3O19P2,-3,c0
cpd02820_c0,rxn00461,UDP-N-acetylglucosamine enolpyruvate,cpd00037_c0 + cpd00061_c0 <=> cpd00009_c0 + cpd02820_c0,,-1000.0,1000.0,C20H26N3O19P2,-3,c0
cpd00339_c0,rxn01631,5-Aminopentanoate,cpd00024_c0 + cpd00339_c0 <=> cpd00023_c0 + cpd02089_c0,,-1000.0,1000.0,C5H11NO2,0,c0
cpd00128_c0,rxn00139,Adenine,cpd00103_c0 + cpd00128_c0 --> cpd00012_c0 + cpd00018_c0 + cpd00067_c0,,0.0,1000.0,C5H5N5,0,c0
cpd00128_c0,rxn01022,Adenine,cpd00009_c0 + cpd00147_c0 <=> cpd00128_c0 + cpd02574_c0,,-1000.0,1000.0,C5H5N5,0,c0
cpd00128_c0,rxn00131,Adenine,cpd00001_c0 + cpd00018_c0 <=> cpd00101_c0 + cpd00128_c0,,-1000.0,1000.0,C5H5N5,0,c0
cpd11500_c0,rxn05363,6-methyl-3-oxo-octanoyl-ACP,cpd11492_c0 + cpd11499_c0 --> cpd00011_c0 + cpd11493_c0 + cpd11500_c0,,0.0,1000.0,C20H35N2O9PRS,-1,c0
cpd11500_c0,rxn05364,6-methyl-3-oxo-octanoyl-ACP,cpd00005_c0 + cpd00067_c0 + cpd11500_c0 <=> cpd00006_c0 + cpd11501_c0,,-1000.0,1000.0,C20H35N2O9PRS,-1,c0
cpd03762_c0,rxn00584,"cis-1,2-dihydroxybenzoate",cpd00003_c0 + cpd03762_c0 --> cpd00004_c0 + cpd00011_c0 + cpd00077_c0,,0.0,1000.0,C7H7O4,-1,c0
cpd03762_c0,rxn03898,"cis-1,2-dihydroxybenzoate",cpd00005_c0 + cpd00007_c0 + cpd00067_c0 + cpd00153_c0 --> cpd00006_c0 + cpd03762_c0,,0.0,1000.0,C7H7O4,-1,c0
cpd03762_c0,rxn03897,"cis-1,2-dihydroxybenzoate",cpd00004_c0 + cpd00007_c0 + cpd00067_c0 + cpd00153_c0 --> cpd00003_c0 + cpd03762_c0,,0.0,1000.0,C7H7O4,-1,c0
cpd00804_c0,rxn03886,Sorbitol 6-phosphate,cpd00003_c0 + cpd00804_c0 <=> cpd00004_c0 + cpd00067_c0 + cpd00072_c0,,-1000.0,1000.0,C6H13O9P,-2,c0
cpd00804_c0,rxn10184,Sorbitol 6-phosphate,cpd00061_c0 + cpd00588_e0 --> cpd00020_c0 + cpd00804_c0,,0.0,0.0,C6H13O9P,-2,c0
cpd00025_c0,rxn00206,H2O2,2.0 cpd00067_c0 + 2.0 cpd00532_c0 --> cpd00007_c0 + cpd00025_c0,,0.0,1000.0,H2O2,0,c0
cpd00025_c0,rxn00262,H2O2,cpd00001_c0 + cpd00007_c0 + cpd00041_c0 --> cpd00013_c0 + cpd00025_c0 + cpd00032_c0,,0.0,1000.0,H2O2,0,c0
cpd00025_c0,R00993,H2O2,cpd00007_c0 + cpd00009_c0 + cpd00067_c0 + cpd00094_c0 --> cpd00011_c0 + cpd00025_c0 + cpd01844_c0,,0.0,1000.0,H2O2,0,c0
cpd00025_c0,rxn09296,H2O2,cpd00025_c0 + cpd11421_c0 --> 2.0 cpd00001_c0 + cpd11420_c0,,0.0,1000.0,H2O2,0,c0
cpd00025_c0,rxn01360,H2O2,cpd00007_c0 + cpd00282_c0 --> cpd00025_c0 + cpd00247_c0,,0.0,1000.0,H2O2,0,c0
cpd00025_c0,rxn00333,H2O2,cpd00007_c0 + cpd00139_c0 --> cpd00025_c0 + cpd00040_c0,,0.0,1000.0,H2O2,0,c0
cpd00025_c0,rxn00338,H2O2,cpd00007_c0 + cpd00041_c0 --> cpd00025_c0 + cpd03470_c0,,0.0,1000.0,H2O2,0,c0
cpd00025_c0,R00274,H2O2,cpd00025_c0 + 2.0 cpd00042_c0 --> 2.0 cpd00001_c0 + cpd00111_c0,,0.0,1000.0,H2O2,0,c0
cpd00025_c0,rxn00383,H2O2,cpd00001_c0 + cpd00007_c0 + cpd00081_c0 --> cpd00025_c0 + cpd00048_c0 + cpd00067_c0,,0.0,1000.0,H2O2,0,c0
cpd00025_c0,rxn00209,H2O2,cpd00007_c0 + cpd00478_c0 --> cpd00016_c0 + cpd00025_c0,,0.0,1000.0,H2O2,0,c0
cpd00025_c0,rxn00269,H2O2,cpd00001_c0 + cpd00007_c0 + cpd00033_c0 --> cpd00013_c0 + cpd00025_c0 + cpd00040_c0,,0.0,1000.0,H2O2,0,c0
cpd00025_c0,rxn00208,H2O2,cpd00001_c0 + cpd00007_c0 + cpd00493_c0 --> cpd00013_c0 + cpd00016_c0 + cpd00025_c0,,0.0,1000.0,H2O2,0,c0
cpd00025_c0,rxn00006,H2O2,2.0 cpd00025_c0 --> 2.0 cpd00001_c0 + cpd00007_c0,,0.0,1000.0,H2O2,0,c0
cpd02394_c0,rxn02895,GAR,cpd00002_c0 + cpd00033_c0 + cpd01982_c0 --> cpd00008_c0 + cpd00009_c0 + cpd00067_c0 + cpd02394_c0,,0.0,1000.0,C7H14N2O8P,-1,c0
cpd02394_c0,rxn03004,GAR,cpd00201_c0 + cpd02394_c0 <=> cpd00067_c0 + cpd00087_c0 + cpd02678_c0,,-1000.0,1000.0,C7H14N2O8P,-1,c0
cpd02394_c0,rxn04783,GAR,cpd00002_c0 + cpd00047_c0 + cpd02394_c0 --> cpd00008_c0 + cpd00009_c0 + cpd00067_c0 + cpd02678_c0,,0.0,1000.0,C7H14N2O8P,-1,c0
cpd00641_c0,rxn02160,L-Histidinol,cpd00001_c0 + cpd00807_c0 --> cpd00009_c0 + cpd00641_c0,,0.0,1000.0,C6H12N3O,1,c0
cpd00641_c0,rxn02159,L-Histidinol,cpd00003_c0 + cpd00641_c0 <=> cpd00004_c0 + cpd00067_c0 + cpd01324_c0,,-1000.0,1000.0,C6H12N3O,1,c0
Protein_c0,rxn13782,Protein_c0,10412.0 cpd00001_c0 + 6730.0 cpd00002_c0 + 496.0 cpd00033_c0 + 1370.0 cpd00035_c0 + 10162.0 cpd00038_c0 + 431.0 cpd00039_c0 + 250.0 cpd00041_c0 + 121.0 cpd00051_c0 + 500.0 cpd00053_c0 + 290.0 cpd00054_c0 + 116.0 cpd00060_c0 + 54.0 cpd00065_c0 + 199.0 cpd00066_c0 + 138.0 cpd00069_c0 + 87.0 cpd00084_c0 + 428.0 cpd00107_c0 + 145.0 cpd00119_c0 + 541.0 cpd00129_c0 + 420.0 cpd00156_c0 + 436.0 cpd00161_c0 + 14.0 cpd00201_c0 + 213.0 cpd00322_c0 --> Protein_c0 + 250.0 cpd00008_c0 + 10412.0 cpd00009_c0 + 6480.0 cpd00012_c0 + 6480.0 cpd00018_c0 + 10162.0 cpd00031_c0 + 14.0 cpd00047_c0 + 15493.0 cpd00067_c0 + 14.0 cpd00087_c0,,0.0,1000.0,X,0,c0
cpd11486_c0,rxn05346,3-Oxohexanoyl-[acp],cpd11464_c0 + cpd11492_c0 --> cpd00011_c0 + cpd11486_c0 + cpd11493_c0,,0.0,1000.0,C17H30N2O9PRS,-2,c0
cpd11486_c0,rxn05337,3-Oxohexanoyl-[acp],cpd00006_c0 + cpd11479_c0 <=> cpd00005_c0 + cpd00067_c0 + cpd11486_c0,,-1000.0,1000.0,C17H30N2O9PRS,-2,c0
cpd03734_c0,rxn00231,Acetamide,cpd00001_c0 + cpd03734_c0 --> cpd00013_c0 + cpd00029_c0,,0.0,1000.0,C2H5NO,0,c0
cpd00616_c0,rxn01270,Pretyrosine,cpd00032_c0 + cpd00616_c0 <=> cpd00041_c0 + cpd00219_c0,,-1000.0,1000.0,C10H12NO5,-1,c0
cpd03078_c0,rxn02569,Selenophosphate,cpd00001_c0 + cpd00002_c0 + cpd01078_c0 <=> cpd00009_c0 + cpd00018_c0 + cpd00067_c0 + cpd03078_c0,,-1000.0,1000.0,H2O3PSe,-1,c0
cpd15319_c0,rxn08811,1-Acyl-sn-glycero-3-phosphoglycerol tetradecanoyl,cpd00001_c0 + cpd15319_c0 <=> cpd00067_c0 + cpd02090_c0 + cpd03847_c0,,-1000.0,1000.0,C20H40O9P,-1,c0
cpd00331_c0,rxn01388,cis-Aconitate,cpd00260_c0 <=> cpd00001_c0 + cpd00331_c0,,-1000.0,1000.0,C6H3O6,-3,c0
cpd00331_c0,rxn00974,cis-Aconitate,cpd00137_c0 <=> cpd00001_c0 + cpd00331_c0,,-1000.0,1000.0,C6H3O6,-3,c0
cpd00355_e0,rxn10181,Nicotinamide ribonucleotide,cpd00355_e0 <=> cpd00355_c0,,-1000.0,1000.0,C11H14N2O8P,-1,e0
cpd00355_e0,EXpd00355,Nicotinamide ribonucleotide,cpd00355_e0 --> ,,0.0,1000.0,C11H14N2O8P,-1,e0
cpd11563_c0,rxn05426,12-methyl-3-hydroxy-tridecanoyl-ACP,cpd00005_c0 + cpd00067_c0 + cpd11562_c0 <=> cpd00006_c0 + cpd11563_c0,,-1000.0,1000.0,C25H47N2O9PRS,-1,c0
cpd11488_c0,rxn05339,Acetoacetyl-ACP,cpd00006_c0 + cpd11478_c0 <=> cpd00005_c0 + cpd11488_c0,,-1000.0,1000.0,C15H26N2O9PRS,-2,c0
cpd11488_c0,rxn05347,Acetoacetyl-ACP,cpd11492_c0 + cpd11494_c0 --> cpd00011_c0 + cpd11488_c0 + cpd11493_c0,,0.0,1000.0,C15H26N2O9PRS,-2,c0
cpd03561_e0,ADD_ex-2-hydrobut,2-Hydroxybutyrate,cpd03561_e0 <-- cpd03561_c0,,-1000.0,0.0,C4H7O3,-1,e0
cpd03561_e0,EXpd03561,2-Hydroxybutyrate,cpd03561_e0 --> ,,0.0,1000.0,C4H7O3,-1,e0
cpd15329_c0,rxn08801,1-octadecanoyl-sn-glycerol 3-phosphate,cpd00001_c0 + cpd15329_c0 <=> cpd00067_c0 + cpd00080_c0 + cpd01080_c0,,-1000.0,1000.0,C21H41O7P,-2,c0
cpd15329_c0,rxn08551,1-octadecanoyl-sn-glycerol 3-phosphate,cpd00080_c0 + cpd15268_c0 --> cpd11493_c0 + cpd15329_c0,,0.0,1000.0,C21H41O7P,-2,c0
cpd15329_c0,rxn08088,1-octadecanoyl-sn-glycerol 3-phosphate,cpd15268_c0 + cpd15329_c0 --> cpd11493_c0 + cpd15526_c0,,0.0,1000.0,C21H41O7P,-2,c0
cpd15329_c0,rxn10204,1-octadecanoyl-sn-glycerol 3-phosphate,cpd00080_c0 + cpd00327_c0 --> cpd00010_c0 + cpd15329_c0,,0.0,1000.0,C21H41O7P,-2,c0
cpd15329_c0,rxn10213,1-octadecanoyl-sn-glycerol 3-phosphate,cpd00067_c0 + cpd00327_c0 + cpd15329_c0 --> cpd00010_c0 + cpd15526_c0,,0.0,1000.0,C21H41O7P,-2,c0
cpd00658_c0,rxn02177,Isochorismate,cpd00001_c0 + cpd00658_c0 --> cpd00020_c0 + cpd02566_c0,,0.0,1000.0,C10H8O6,-2,c0
cpd11562_c0,rxn05425,12-methyl-3-oxo-tridecanoyl-ACP,cpd11492_c0 + cpd11561_c0 --> cpd00011_c0 + cpd11493_c0 + cpd11562_c0,,0.0,1000.0,C25H45N2O9PRS,-1,c0
cpd11562_c0,rxn05426,12-methyl-3-oxo-tridecanoyl-ACP,cpd00005_c0 + cpd00067_c0 + cpd11562_c0 <=> cpd00006_c0 + cpd11563_c0,,-1000.0,1000.0,C25H45N2O9PRS,-1,c0
cpd00279_c0,rxn00178,Acetoacetyl-CoA,2.0 cpd00022_c0 <=> cpd00010_c0 + cpd00279_c0,,-1000.0,1000.0,C25H36N7O18P3S,-4,c0
cpd00279_c0,rxn01451,Acetoacetyl-CoA,cpd00003_c0 + cpd00842_c0 <=> cpd00004_c0 + cpd00067_c0 + cpd00279_c0,,-1000.0,1000.0,C25H36N7O18P3S,-4,c0
cpd00279_c0,rxn00988,Acetoacetyl-CoA,cpd00002_c0 + cpd00010_c0 + cpd00142_c0 --> cpd00012_c0 + cpd00018_c0 + cpd00067_c0 + cpd00279_c0,,0.0,1000.0,C25H36N7O18P3S,-4,c0
cpd00279_c0,rxn00290,Acetoacetyl-CoA,cpd00078_c0 + cpd00142_c0 <=> cpd00036_c0 + cpd00279_c0,,-1000.0,1000.0,C25H36N7O18P3S,-4,c0
cpd00279_c0,rxn01453,Acetoacetyl-CoA,cpd00006_c0 + cpd02234_c0 <=> cpd00005_c0 + cpd00067_c0 + cpd00279_c0,,-1000.0,1000.0,C25H36N7O18P3S,-4,c0
cpd02721_c0,rxn03932,DKHP,cpd00002_c0 + cpd04242_c0 --> cpd00008_c0 + cpd00067_c0 + cpd02721_c0,,0.0,1000.0,C6H8O9P,-3,c0
cpd02721_c0,rxn01176,DKHP,cpd02721_c0 --> cpd00095_c0 + cpd00191_c0,,0.0,1000.0,C6H8O9P,-3,c0
cpd11473_c0,rxn05326,(2E)-Hexenoyl-[acp],cpd00004_c0 + cpd00067_c0 + cpd11473_c0 --> cpd00003_c0 + cpd11472_c0,,0.0,1000.0,C17H29N2O8PRS,-1,c0
cpd11473_c0,rxn05330,(2E)-Hexenoyl-[acp],cpd11479_c0 --> cpd11473_c0,,0.0,1000.0,C17H29N2O8PRS,-1,c0
cpd02197_c0,rxn01653,5-Formyltetrahydrofolate,cpd00002_c0 + cpd02197_c0 --> cpd00008_c0 + cpd00009_c0 + cpd00347_c0,,0.0,1000.0,C20H21N7O7,-2,c0
cpd02197_c0,rxn01652,5-Formyltetrahydrofolate,cpd00001_c0 + cpd00347_c0 --> cpd00067_c0 + cpd02197_c0,,0.0,1000.0,C20H21N7O7,-2,c0
cpd03446_c0,rxn12224,2-Octaprenyl-6-methoxyphenol,cpd00007_c0 + cpd03446_c0 --> cpd00001_c0 + cpd03447_c0,,0.0,1000.0,C47H72O2,0,c0
cpd03446_c0,rxn03395,2-Octaprenyl-6-methoxyphenol,cpd00017_c0 + cpd03445_c0 <=> cpd00019_c0 + cpd00067_c0 + cpd03446_c0,,-1000.0,1000.0,C47H72O2,0,c0
cpd00193_c0,rxn09240,APS,cpd00001_c0 + cpd00002_c0 + cpd00038_c0 + cpd00048_c0 --> cpd00009_c0 + cpd00012_c0 + cpd00031_c0 + cpd00067_c0 + cpd00193_c0,,0.0,1000.0,C10H12N5O10PS,-2,c0
cpd00193_c0,rxn00379,APS,cpd00002_c0 + cpd00048_c0 <=> cpd00012_c0 + cpd00193_c0,,-1000.0,1000.0,C10H12N5O10PS,-2,c0
cpd00193_c0,rxn00361,APS,cpd00002_c0 + cpd00193_c0 <=> cpd00008_c0 + cpd00044_c0 + cpd00067_c0,,-1000.0,1000.0,C10H12N5O10PS,-2,c0
cpd11585_c0,rxn05542,L-alanylglycine,cpd00001_c0 + cpd00002_c0 + cpd11585_e0 --> cpd00008_c0 + cpd00009_c0 + cpd00067_c0 + cpd11585_c0,,0.0,1000.0,C5H10N2O3,0,c0
cpd11585_c0,rxn12641,L-alanylglycine,cpd00001_c0 + cpd11585_c0 <=> cpd00033_c0 + cpd00035_c0,,-1000.0,1000.0,C5H10N2O3,0,c0
cpd11565_c0,rxn05429,12-methyl-tridecanoyl-ACP,cpd00067_c0 + cpd11492_c0 + cpd11565_c0 --> cpd00011_c0 + cpd11493_c0 + cpd11566_c0,,0.0,1000.0,C25H47N2O8PRS,-2,c0
cpd11565_c0,rxn05449,12-methyl-tridecanoyl-ACP,cpd00004_c0 + cpd00067_c0 + cpd11564_c0 --> cpd00003_c0 + cpd11565_c0,,0.0,1000.0,C25H47N2O8PRS,-2,c0
cpd11565_c0,rxn05455,12-methyl-tridecanoyl-ACP,cpd00010_c0 + cpd11565_c0 <=> cpd11435_c0 + cpd11493_c0,,-1000.0,1000.0,C25H47N2O8PRS,-2,c0
cpd03525_c0,rxn00291,N-Succinyl-L-glutamate,cpd00001_c0 + cpd03525_c0 <=> cpd00023_c0 + cpd00036_c0,,-1000.0,1000.0,C9H10NO7,-3,c0
cpd15605_c0,rxn12846,Gly-Phe,cpd00001_c0 + cpd15605_c0 <=> cpd00033_c0 + cpd00066_c0,,-1000.0,1000.0,C11H14N2O3,0,c0
cpd15605_c0,rxn12850,Gly-Phe,cpd00001_c0 + cpd00002_c0 + cpd15605_e0 --> cpd00008_c0 + cpd00009_c0 + cpd00067_c0 + cpd15605_c0,,0.0,1000.0,C11H14N2O3,0,c0
cpd00383_c0,rxn01739,Shikimate,cpd00002_c0 + cpd00383_c0 <=> cpd00008_c0 + cpd00067_c0 + cpd02030_c0,,-1000.0,1000.0,C7H9O5,-1,c0
cpd00383_c0,rxn01740,Shikimate,cpd00006_c0 + cpd00383_c0 <=> cpd00005_c0 + cpd00067_c0 + cpd01716_c0,,-1000.0,1000.0,C7H9O5,-1,c0
cpd02886_c0,rxn06729,UDP-3-O-(beta-hydroxymyristoyl)-N-acetylglucosamine,cpd00037_c0 + cpd00067_c0 + cpd11484_c0 --> cpd02886_c0 + cpd11493_c0,,0.0,1000.0,C31H51N3O19P2,-2,c0
cpd02886_c0,rxn03146,UDP-3-O-(beta-hydroxymyristoyl)-N-acetylglucosamine,cpd00001_c0 + cpd02886_c0 <=> cpd00029_c0 + cpd03584_c0,,-1000.0,1000.0,C31H51N3O19P2,-2,c0
cpd11541_c0,rxn05405,15-methyl-3-oxo-hexa-decanoyl-ACP,cpd00005_c0 + cpd00067_c0 + cpd11541_c0 <=> cpd00006_c0 + cpd11542_c0,,-1000.0,1000.0,C28H51N2O9PRS,-1,c0
cpd11541_c0,rxn05404,15-methyl-3-oxo-hexa-decanoyl-ACP,cpd00067_c0 + cpd11492_c0 + cpd11540_c0 --> cpd00011_c0 + cpd11493_c0 + cpd11541_c0,,0.0,1000.0,C28H51N2O9PRS,-1,c0
cpd03916_c0,rxn03535,Adenosyl cobyrinate diamide,cpd00002_c0 + cpd03915_c0 <=> cpd00421_c0 + cpd03916_c0,,-1000.0,1000.0,C55H68CoN11O15,-4,c0
cpd00531_e0,rxn10343,Hg2+,cpd00001_c0 + cpd00002_c0 + cpd00531_c0 --> cpd00008_c0 + cpd00009_c0 + cpd00067_c0 + cpd00531_e0,,0.0,1000.0,Hg,2,e0
cpd00531_e0,EXpd00531,Hg2+,cpd00531_e0 <=> ,,-1000.0,1000.0,Hg,2,e0
cpd14507_c0,rxn07438,Peptide-L-methionine (R)-S-oxide,cpd00001_c0 + cpd11420_c0 + cpd12237_c0 <=> cpd11421_c0 + cpd14507_c0,,-1000.0,1000.0,C6H10N2O3R2S,0,c0
cpd00283_c0,rxn01213,Geranyldiphosphate,cpd00113_c0 + cpd00202_c0 --> cpd00012_c0 + cpd00067_c0 + cpd00283_c0,,0.0,1000.0,C10H18O7P2,-2,c0
cpd00283_c0,rxn01466,Geranyldiphosphate,cpd00113_c0 + cpd00283_c0 --> cpd00012_c0 + cpd00067_c0 + cpd00350_c0,,0.0,1000.0,C10H18O7P2,-2,c0
cpd00047_e0,EXpd00047,Formate,cpd00047_e0 --> ,,0.0,1000.0,CHO2,-1,e0
cpd00047_e0,ADD_formate,Formate,cpd00047_e0 + cpd00067_e0 <=> cpd00047_c0 + cpd00067_c0,,-1000.0,1000.0,CHO2,-1,e0
cpd11420_c0,rxn05231,trdox,cpd00008_c0 + cpd11421_c0 --> cpd00001_c0 + cpd00177_c0 + cpd11420_c0,,0.0,1000.0,C10H13N4O4R4S2,1,c0
cpd11420_c0,rxn05236,trdox,cpd00062_c0 + cpd11421_c0 --> cpd00001_c0 + cpd00358_c0 + cpd11420_c0,,0.0,1000.0,C10H13N4O4R4S2,1,c0
cpd11420_c0,rxn05289,trdox,cpd00005_c0 + cpd00067_c0 + cpd11420_c0 <=> cpd00006_c0 + cpd11421_c0,,-1000.0,1000.0,C10H13N4O4R4S2,1,c0
cpd11420_c0,rxn09296,trdox,cpd00025_c0 + cpd11421_c0 --> 2.0 cpd00001_c0 + cpd11420_c0,,0.0,1000.0,C10H13N4O4R4S2,1,c0
cpd11420_c0,rxn05233,trdox,cpd00031_c0 + cpd11421_c0 --> cpd00001_c0 + cpd00295_c0 + cpd11420_c0,,0.0,1000.0,C10H13N4O4R4S2,1,c0
cpd11420_c0,rxn06075,trdox,cpd00014_c0 + cpd11421_c0 --> cpd00001_c0 + cpd00978_c0 + cpd11420_c0,,0.0,1000.0,C10H13N4O4R4S2,1,c0
cpd11420_c0,rxn05733,trdox,cpd00268_c0 + cpd00722_c0 + cpd11421_c0 --> cpd00029_c0 + cpd00067_c0 + cpd00081_c0 + cpd00084_c0 + cpd11420_c0,,0.0,1000.0,C10H13N4O4R4S2,1,c0
cpd11420_c0,rxn07438,trdox,cpd00001_c0 + cpd11420_c0 + cpd12237_c0 <=> cpd11421_c0 + cpd14507_c0,,-1000.0,1000.0,C10H13N4O4R4S2,1,c0
cpd11420_c0,rxn06077,trdox,cpd00001_c0 + cpd00060_c0 + cpd11420_c0 <=> cpd01914_c0 + cpd11421_c0,,-1000.0,1000.0,C10H13N4O4R4S2,1,c0
cpd11420_c0,rxn05232,trdox,cpd00002_c0 + cpd11421_c0 --> cpd00001_c0 + cpd00115_c0 + cpd11420_c0,,0.0,1000.0,C10H13N4O4R4S2,1,c0
cpd11420_c0,rxn05234,trdox,cpd00038_c0 + cpd11421_c0 --> cpd00001_c0 + cpd00241_c0 + cpd11420_c0,,0.0,1000.0,C10H13N4O4R4S2,1,c0
cpd11420_c0,rxn06076,trdox,cpd00096_c0 + cpd11421_c0 --> cpd00001_c0 + cpd00533_c0 + cpd11420_c0,,0.0,1000.0,C10H13N4O4R4S2,1,c0
cpd11420_c0,rxn06078,trdox,cpd00268_c0 + cpd00790_c0 + cpd11421_c0 --> cpd00029_c0 + cpd00067_c0 + cpd00081_c0 + cpd00135_c0 + cpd11420_c0,,0.0,1000.0,C10H13N4O4R4S2,1,c0
cpd11420_c0,rxn05235,trdox,cpd00052_c0 + cpd11421_c0 --> cpd00001_c0 + cpd00356_c0 + cpd11420_c0,,0.0,1000.0,C10H13N4O4R4S2,1,c0
cpd11420_c0,rxn05239,trdox,cpd00044_c0 + cpd11421_c0 --> cpd00045_c0 + cpd00067_c0 + cpd00081_c0 + cpd11420_c0,,0.0,1000.0,C10H13N4O4R4S2,1,c0
cpd00098_c0,rxn10770,Choline,cpd00003_c0 + cpd00098_c0 <=> cpd00004_c0 + cpd00067_c0 + cpd00447_c0,,-1000.0,1000.0,C5H14NO,1,c0
cpd00098_c0,rxn00758,Choline,cpd00001_c0 + cpd00507_c0 --> cpd00067_c0 + cpd00080_c0 + cpd00098_c0,,0.0,1000.0,C5H14NO,1,c0
cpd00098_c0,rxn09692,Choline,cpd00067_e0 + cpd00098_e0 <=> cpd00067_c0 + cpd00098_c0,,-1000.0,1000.0,C5H14NO,1,c0
cpd10515_e0,EXpd10515,Fe+2,cpd10515_e0 <=> ,,-1000.0,1000.0,Fe,2,e0
cpd10515_e0,rxn05555,Fe+2,cpd00001_c0 + cpd00002_c0 + cpd10515_e0 --> cpd00008_c0 + cpd00009_c0 + cpd00067_c0 + cpd10515_c0,,0.0,1000.0,Fe,2,e0
cpd02566_c0,rxn02177,"2,3-Dihydroxy-2,3-dihydrobenzoate",cpd00001_c0 + cpd00658_c0 --> cpd00020_c0 + cpd02566_c0,,0.0,1000.0,C7H7O4,-1,c0
cpd03847_e0,rxn10163,Myristic acid,cpd00067_e0 + cpd03847_e0 <=> cpd00067_c0 + cpd03847_c0,,-1000.0,1000.0,C14H27O2,-1,e0
cpd03847_e0,EXpd03847,Myristic acid,cpd03847_e0 --> ,,0.0,1000.0,C14H27O2,-1,e0
cpd00236_c0,rxn01331,D-Erythrose4-phosphate,cpd00001_c0 + cpd00003_c0 + cpd00236_c0 --> cpd00004_c0 + 2.0 cpd00067_c0 + cpd02147_c0,,0.0,1000.0,C4H7O7P,-2,c0
cpd00236_c0,rxn00785,D-Erythrose4-phosphate,cpd00072_c0 + cpd00102_c0 <=> cpd00198_c0 + cpd00236_c0,,-1000.0,1000.0,C4H7O7P,-2,c0
cpd00236_c0,rxn01333,D-Erythrose4-phosphate,cpd00102_c0 + cpd00238_c0 <=> cpd00072_c0 + cpd00236_c0,,-1000.0,1000.0,C4H7O7P,-2,c0
cpd00236_c0,rxn00548,D-Erythrose4-phosphate,cpd00009_c0 + cpd00072_c0 --> cpd00001_c0 + cpd00196_c0 + cpd00236_c0,,0.0,1000.0,C4H7O7P,-2,c0
cpd00236_c0,rxn01332,D-Erythrose4-phosphate,cpd00001_c0 + cpd00061_c0 + cpd00236_c0 --> cpd00009_c0 + cpd02857_c0,,0.0,1000.0,C4H7O7P,-2,c0
cpd00236_c0,rxn01334,D-Erythrose4-phosphate,cpd00349_c0 <=> cpd00095_c0 + cpd00236_c0,,-1000.0,1000.0,C4H7O7P,-2,c0
cpd00015_c0,rxn00935,FAD,cpd00015_c0 + cpd00130_c0 <=> cpd00032_c0 + cpd00982_c0,,-1000.0,1000.0,C27H31N9O15P2,-2,c0
cpd00015_c0,biomass0,FAD,0.169975 cpd00002_c0 + 0.00215 cpd00003_c0 + 5e-05 cpd00004_c0 + 0.0004 cpd00005_c0 + 0.00013 cpd00006_c0 + 6e-06 cpd00010_c0 + 1e-05 cpd00015_c0 + 5e-05 cpd00022_c0 + 0.25 cpd00023_c0 + 0.003 cpd00026_c0 + 1e-06 cpd00028_c0 + 0.496 cpd00033_c0 + 0.499 cpd00035_c0 + 0.203 cpd00038_c0 + 0.431 cpd00039_c0 + 0.245 cpd00041_c0 + 0.121 cpd00051_c0 + 0.126 cpd00052_c0 + 0.25 cpd00053_c0 + 0.29 cpd00054_c0 + 0.116 cpd00060_c0 + 0.136 cpd00062_c0 + 0.054 cpd00065_c0 + 0.199 cpd00066_c0 + 0.138 cpd00069_c0 + 3e-06 cpd00078_c0 + 0.087 cpd00084_c0 + 0.428 cpd00107_c0 + 0.01814 cpd00115_c0 + 0.035 cpd00118_c0 + 0.145 cpd00119_c0 + 0.541 cpd00129_c0 + 0.245 cpd00132_c0 + 0.154 cpd00155_c0 + 0.42 cpd00156_c0 + 0.436 cpd00161_c0 + 0.000223 cpd00201_c0 + 0.0254 cpd00241_c0 + 0.0089 cpd00264_c0 + 0.213 cpd00322_c0 + 0.000223 cpd00345_c0 + 0.0254 cpd00356_c0 + 0.01814 cpd00357_c0 + 0.000142 cpd11652_c0 + 0.000216 cpd12801_c0 + 0.000701 cpd15432_c0 + 0.00276 cpd15665_c0 + 0.00192 cpd16083_c0 + 4.3e-05 cpd16093_c0 --> biomass_c0 + 5.604 cpd00001_c0 + 0.08708 cpd00009_c0 + 0.634975 cpd00012_c0,,0.0,1000.0,C27H31N9O15P2,-2,c0
cpd00015_c0,rxn02270,FAD,cpd00982_c0 + cpd02125_c0 --> cpd00015_c0 + cpd00760_c0,,0.0,1000.0,C27H31N9O15P2,-2,c0
cpd00015_c0,rxn02866,FAD,cpd00982_c0 + cpd01966_c0 --> cpd00015_c0 + cpd01882_c0,,0.0,1000.0,C27H31N9O15P2,-2,c0
cpd00015_c0,rxn09188,FAD,cpd00015_c0 + cpd00129_c0 <=> cpd00067_c0 + cpd00982_c0 + cpd02431_c0,,-1000.0,1000.0,C27H31N9O15P2,-2,c0
cpd00015_c0,rxn00288,FAD,cpd00106_c0 + cpd00982_c0 --> cpd00015_c0 + cpd00036_c0,,0.0,1000.0,C27H31N9O15P2,-2,c0
cpd00015_c0,rxn01924,FAD,cpd00982_c0 + cpd02187_c0 --> cpd00015_c0 + cpd00481_c0,,0.0,1000.0,C27H31N9O15P2,-2,c0
cpd00015_c0,rxn10126,FAD,cpd00982_c0 + cpd15560_c0 --> cpd00015_c0 + cpd15561_c0,,0.0,1000.0,C27H31N9O15P2,-2,c0
cpd00015_c0,rxn00872,FAD,cpd00650_c0 + cpd00982_c0 --> cpd00015_c0 + cpd00120_c0,,0.0,1000.0,C27H31N9O15P2,-2,c0
cpd00015_c0,rxn00616,FAD,cpd00015_c0 + cpd00080_c0 <=> cpd00095_c0 + cpd00982_c0,,-1000.0,1000.0,C27H31N9O15P2,-2,c0
cpd00015_c0,rxn00122,FAD,cpd00002_c0 + cpd00050_c0 --> cpd00012_c0 + cpd00015_c0,,0.0,1000.0,C27H31N9O15P2,-2,c0
cpd00015_c0,rxn02359,FAD,cpd00015_c0 + cpd00851_c0 <=> cpd00067_c0 + cpd00982_c0 + cpd02625_c0,,-1000.0,1000.0,C27H31N9O15P2,-2,c0
cpd00015_c0,rxn08291,FAD,cpd00001_c0 + cpd00015_c0 + cpd00117_c0 <=> cpd00013_c0 + cpd00020_c0 + cpd00982_c0,,-1000.0,1000.0,C27H31N9O15P2,-2,c0
cpd11538_c0,rxn05401,13-methyl-3-hydroxy-tetra-decanoyl-ACP,cpd00005_c0 + cpd00067_c0 + cpd11537_c0 <=> cpd00006_c0 + cpd11538_c0,,-1000.0,1000.0,C26H49N2O9PRS,-1,c0
cpd11538_c0,rxn05402,13-methyl-3-hydroxy-tetra-decanoyl-ACP,cpd11538_c0 --> cpd00001_c0 + cpd11539_c0,,0.0,1000.0,C26H49N2O9PRS,-1,c0
cpd00153_c0,rxn03898,Benzoate,cpd00005_c0 + cpd00007_c0 + cpd00067_c0 + cpd00153_c0 --> cpd00006_c0 + cpd03762_c0,,0.0,1000.0,C7H5O2,-1,c0
cpd00153_c0,rxn03869,Benzoate,cpd00001_c0 + cpd06707_c0 --> cpd00013_c0 + cpd00153_c0,,0.0,1000.0,C7H5O2,-1,c0
cpd00153_c0,rxn03897,Benzoate,cpd00004_c0 + cpd00007_c0 + cpd00067_c0 + cpd00153_c0 --> cpd00003_c0 + cpd03762_c0,,0.0,1000.0,C7H5O2,-1,c0
cpd15274_c0,rxn09448,Octadecenoyl-CoA,cpd00002_c0 + cpd00010_c0 + cpd15269_c0 --> cpd00012_c0 + cpd00018_c0 + cpd15274_c0,,0.0,1000.0,C39H65N7O17P3S,-3,c0
cpd15726_c0,rxn10269,Dianteisopentadecanoylphosphatidylglycerol,cpd00001_c0 + cpd15720_c0 --> cpd00009_c0 + cpd00067_c0 + cpd15726_c0,,0.0,1000.0,C36H70O10P,-1,c0
cpd15726_c0,rxn10341,Dianteisopentadecanoylphosphatidylglycerol,2.0 cpd15726_c0 <=> cpd00100_c0 + cpd15798_c0,,-1000.0,1000.0,C36H70O10P,-1,c0
cpd00524_c0,rxn02007,2-Inosose,cpd00524_c0 --> cpd00001_c0 + cpd02631_c0,,0.0,1000.0,C6H10O6,0,c0
cpd00524_c0,rxn00879,2-Inosose,cpd00003_c0 + cpd00121_c0 <=> cpd00004_c0 + cpd00067_c0 + cpd00524_c0,,-1000.0,1000.0,C6H10O6,0,c0
cpd00207_c0,rxn01225,Guanine,cpd00001_c0 + cpd00067_c0 + cpd00207_c0 --> cpd00013_c0 + cpd00309_c0,,0.0,1000.0,C5H5N5O,0,c0
cpd00207_c0,rxn00915,Guanine,cpd00103_c0 + cpd00207_c0 --> cpd00012_c0 + cpd00067_c0 + cpd00126_c0,,0.0,1000.0,C5H5N5O,0,c0
cpd11548_c0,rxn05445,4-methyl-trans-pent-2-enoyl-ACP,cpd00004_c0 + cpd00067_c0 + cpd11548_c0 --> cpd00003_c0 + cpd11549_c0,,0.0,1000.0,C17H29N2O8PRS,-1,c0
cpd15547_c0,rxn09113,Phosphatidylglycerophosphate dioctadecanoyl,cpd00080_c0 + cpd15421_c0 <=> cpd00046_c0 + cpd15547_c0,,-1000.0,1000.0,C42H82O13P2,-2,c0
cpd15547_c0,rxn09106,Phosphatidylglycerophosphate dioctadecanoyl,cpd00001_c0 + cpd15547_c0 --> cpd00009_c0 + cpd00067_c0 + cpd15540_c0,,0.0,1000.0,C42H82O13P2,-2,c0
cpd03187_c0,rxn00199,Oxalosuccinate,cpd00067_c0 + cpd03187_c0 --> cpd00011_c0 + cpd00024_c0,,0.0,1000.0,C6H3O7,-3,c0
cpd03187_c0,rxn01387,Oxalosuccinate,cpd00006_c0 + cpd00260_c0 <=> cpd00005_c0 + cpd00067_c0 + cpd03187_c0,,-1000.0,1000.0,C6H3O7,-3,c0
cpd02569_c0,rxn03068,2-Oxo-3-hydroxyisovalerate,cpd00006_c0 + cpd02498_c0 <=> cpd00005_c0 + cpd00067_c0 + cpd02569_c0,,-1000.0,1000.0,C5H7O4,-1,c0
cpd02569_c0,rxn02187,2-Oxo-3-hydroxyisovalerate,cpd00668_c0 <=> cpd02569_c0,,-1000.0,1000.0,C5H7O4,-1,c0
cpd12072_c0,rxn06526,Protein dithiol,cpd00006_c0 + cpd12072_c0 <=> cpd00005_c0 + cpd00067_c0 + cpd12139_c0,,-1000.0,1000.0,C7H11N3O3R2S2,0,c0
cpd00036_e0,rxn05654,Succinate,cpd00036_e0 + cpd00067_e0 <=> cpd00036_c0 + cpd00067_c0,,-1000.0,1000.0,C4H4O4,-2,e0
cpd00036_e0,EXpd00036,Succinate,cpd00036_e0 --> ,,0.0,1000.0,C4H4O4,-2,e0
cpd00790_c0,rxn06078,O-Acetyl-L-homoserine,cpd00268_c0 + cpd00790_c0 + cpd11421_c0 --> cpd00029_c0 + cpd00067_c0 + cpd00081_c0 + cpd00135_c0 + cpd11420_c0,,0.0,1000.0,C6H11NO4,0,c0
cpd00790_c0,rxn00952,O-Acetyl-L-homoserine,cpd00239_c0 + cpd00790_c0 --> cpd00029_c0 + cpd00135_c0,,0.0,1000.0,C6H11NO4,0,c0
cpd00790_c0,rxn01303,O-Acetyl-L-homoserine,cpd00022_c0 + cpd00227_c0 --> cpd00010_c0 + cpd00790_c0,,0.0,1000.0,C6H11NO4,0,c0
cpd03424_c0,rxn05187,Vitamin B12,cpd00001_c0 + cpd00002_c0 + cpd03424_e0 --> cpd00008_c0 + cpd00009_c0 + cpd00067_c0 + cpd03424_c0,,0.0,1000.0,C62H91CoN13O14PR,3,c0
cpd11503_c0,rxn05434,6-methyl-octanoyl-ACP,cpd00004_c0 + cpd00067_c0 + cpd11502_c0 --> cpd00003_c0 + cpd11503_c0,,0.0,1000.0,C20H37N2O8PRS,-1,c0
cpd11503_c0,rxn05367,6-methyl-octanoyl-ACP,cpd11492_c0 + cpd11503_c0 --> cpd00011_c0 + cpd11493_c0 + cpd11504_c0,,0.0,1000.0,C20H37N2O8PRS,-1,c0
cpd11584_e0,rxn05543,Ala-His,cpd00001_c0 + cpd00002_c0 + cpd11584_e0 --> cpd00008_c0 + cpd00009_c0 + cpd00067_c0 + cpd11584_c0,,0.0,1000.0,C9H14N4O3,0,e0
cpd11584_e0,EXpd11584,Ala-His,cpd11584_e0 --> ,,0.0,1000.0,C9H14N4O3,0,e0
cpd00200_c0,rxn00806,4MOP,cpd00024_c0 + cpd00107_c0 <=> cpd00023_c0 + cpd00200_c0,,-1000.0,1000.0,C6H9O3,-1,c0
cpd00200_c0,rxn00804,4MOP,cpd00001_c0 + cpd00003_c0 + cpd00107_c0 <=> cpd00004_c0 + cpd00013_c0 + cpd00067_c0 + cpd00200_c0,,-1000.0,1000.0,C6H9O3,-1,c0
cpd00200_c0,rxn01208,4MOP,cpd00067_c0 + cpd02605_c0 --> cpd00011_c0 + cpd00200_c0,,0.0,1000.0,C6H9O3,-1,c0
cpd11536_c0,rxn05442,11-methyl-dodecanoyl-ACP,cpd00004_c0 + cpd00067_c0 + cpd11535_c0 --> cpd00003_c0 + cpd11536_c0,,0.0,1000.0,C24H45N2O8PRS,-1,c0
cpd11536_c0,rxn05400,11-methyl-dodecanoyl-ACP,cpd11492_c0 + cpd11536_c0 --> cpd00011_c0 + cpd11493_c0 + cpd11537_c0,,0.0,1000.0,C24H45N2O8PRS,-1,c0
cpd11606_c0,rxn13661,Menaquinone 7,cpd00019_c0 + cpd00067_c0 + cpd11606_c0 --> cpd00017_c0 + cpd11425_c0,,0.0,1000.0,C46H64O2,0,c0
cpd11606_c0,rxn12664,Menaquinone 7,cpd11606_e0 --> cpd11606_c0,,0.0,1000.0,C46H64O2,0,c0
cpd00802_c0,rxn01870,D-fructose-1-phosphate,cpd00802_c0 <=> cpd00095_c0 + cpd00448_c0,,-1000.0,1000.0,C6H11O9P,-2,c0
cpd00802_c0,rxn01492,D-fructose-1-phosphate,cpd00002_c0 + cpd00802_c0 <=> cpd00008_c0 + cpd00067_c0 + cpd00290_c0,,-1000.0,1000.0,C6H11O9P,-2,c0
cpd00802_c0,rxn05560,D-fructose-1-phosphate,cpd00061_c0 + cpd00082_e0 <=> cpd00020_c0 + cpd00802_c0,,-1000.0,1000.0,C6H11O9P,-2,c0
cpd01030_e0,EXpd01030,Salicin,cpd01030_e0 --> ,,0.0,1000.0,C13H18O7,0,e0
cpd01030_e0,rxn05647,Salicin,cpd00061_c0 + cpd01030_e0 <=> cpd00020_c0 + cpd03698_c0,,-1000.0,1000.0,C13H18O7,0,e0
cpd15605_e0,rxn12850,Gly-Phe,cpd00001_c0 + cpd00002_c0 + cpd15605_e0 --> cpd00008_c0 + cpd00009_c0 + cpd00067_c0 + cpd15605_c0,,0.0,1000.0,C11H14N2O3,0,e0
cpd15605_e0,EXpd15605,Gly-Phe,cpd15605_e0 --> ,,0.0,1000.0,C11H14N2O3,0,e0
cpd15606_c0,rxn12851,Gly-Tyr,cpd00001_c0 + cpd00002_c0 + cpd15606_e0 --> cpd00008_c0 + cpd00009_c0 + cpd00067_c0 + cpd15606_c0,,0.0,1000.0,C11H14N2O4,0,c0
cpd15606_c0,rxn12847,Gly-Tyr,cpd00001_c0 + cpd15606_c0 <=> cpd00033_c0 + cpd00069_c0,,-1000.0,1000.0,C11H14N2O4,0,c0
cpd00259_c0,rxn01199,D-Lyxulose,cpd00002_c0 + cpd00259_c0 <=> cpd00008_c0 + cpd00067_c0 + cpd00198_c0,,-1000.0,1000.0,C5H10O5,0,c0
cpd00259_c0,rxn01385,D-Lyxulose,cpd00003_c0 + cpd00306_c0 <=> cpd00004_c0 + cpd00067_c0 + cpd00259_c0,,-1000.0,1000.0,C5H10O5,0,c0
cpd00259_c0,rxn03883,D-Lyxulose,cpd00003_c0 + cpd01307_c0 <=> cpd00004_c0 + cpd00067_c0 + cpd00259_c0,,-1000.0,1000.0,C5H10O5,0,c0
cpd00024_e0,EXpd00024,2-Oxoglutarate,cpd00024_e0 --> ,,0.0,1000.0,C5H4O5,-2,e0
cpd00024_e0,ADD_2_Oxoglutarate,2-Oxoglutarate,cpd00024_e0 + cpd00067_e0 <=> cpd00024_c0 + cpd00067_c0,,-1000.0,1000.0,C5H4O5,-2,e0
cpd16062_c0,rxn10855,Citrate-Mg,cpd00067_e0 + cpd16062_e0 <=> cpd00067_c0 + cpd16062_c0,,-1000.0,1000.0,C6H5MgO7,-1,c0
cpd11496_c0,rxn05360,4-methyl-3-oxo-hexanoyl-ACP,cpd00005_c0 + cpd00067_c0 + cpd11496_c0 <=> cpd00006_c0 + cpd11497_c0,,-1000.0,1000.0,C18H31N2O9PRS,-1,c0
cpd11496_c0,rxn05359,4-methyl-3-oxo-hexanoyl-ACP,cpd00067_c0 + cpd11492_c0 + cpd11495_c0 --> cpd00011_c0 + cpd11493_c0 + cpd11496_c0,,0.0,1000.0,C18H31N2O9PRS,-1,c0
cpd00235_c0,rxn00559,D-mannose-6-phosphate,cpd00235_c0 <=> cpd00072_c0,,-1000.0,1000.0,C6H11O9P,-2,c0
cpd00235_c0,rxn01329,D-mannose-6-phosphate,cpd00235_c0 <=> cpd00485_c0,,-1000.0,1000.0,C6H11O9P,-2,c0
cpd00170_c0,rxn01109,Gluconolactone,cpd00006_c0 + cpd00190_c0 <=> cpd00005_c0 + cpd00067_c0 + cpd00170_c0,,-1000.0,1000.0,C6H10O6,0,c0
cpd00170_c0,rxn01107,Gluconolactone,cpd00001_c0 + cpd00170_c0 --> cpd00067_c0 + cpd00222_c0,,0.0,1000.0,C6H10O6,0,c0
cpd00170_c0,rxn01108,Gluconolactone,cpd00003_c0 + cpd00190_c0 <=> cpd00004_c0 + cpd00067_c0 + cpd00170_c0,,-1000.0,1000.0,C6H10O6,0,c0
cpd02125_c0,rxn02270,Tiglyl-CoA,cpd00982_c0 + cpd02125_c0 --> cpd00015_c0 + cpd00760_c0,,0.0,1000.0,C26H38N7O17P3S,-4,c0
cpd02125_c0,rxn02934,Tiglyl-CoA,cpd02691_c0 <=> cpd00001_c0 + cpd02125_c0,,-1000.0,1000.0,C26H38N7O17P3S,-4,c0
cpd02125_c0,rxn02268,Tiglyl-CoA,cpd00007_c0 + 2.0 cpd00760_c0 --> 2.0 cpd00001_c0 + 2.0 cpd02125_c0,,0.0,1000.0,C26H38N7O17P3S,-4,c0
cpd00213_c0,rxn02342,Lipoamide,cpd00213_c0 + cpd03049_c0 <=> cpd00056_c0 + cpd00836_c0,,-1000.0,1000.0,C8H15NOS2,0,c0
cpd00213_c0,rxn02376,Lipoamide,cpd00213_c0 + cpd03189_c0 <=> cpd00056_c0 + cpd00860_c0,,-1000.0,1000.0,C8H15NOS2,0,c0
cpd00213_c0,rxn01241,Lipoamide,cpd00003_c0 + cpd00449_c0 <=> cpd00004_c0 + cpd00067_c0 + cpd00213_c0,,-1000.0,1000.0,C8H15NOS2,0,c0
cpd16540_c0,rxn12146,5-Deoxy glucuronic acid,cpd16540_c0 --> cpd04242_c0,,0.0,1000.0,C6H9O6,-1,c0
cpd16540_c0,rxn12147,5-Deoxy glucuronic acid,cpd00001_c0 + cpd02631_c0 --> cpd00067_c0 + cpd16540_c0,,0.0,1000.0,C6H9O6,-1,c0
cpd15555_c0,rxn09200,phosphatidylserine dihexadecanoyl,2.0 cpd00067_c0 + cpd15555_c0 <=> cpd00011_c0 + cpd15531_c0,,-1000.0,1000.0,C38H72NO10P,-2,c0
cpd15555_c0,rxn09208,phosphatidylserine dihexadecanoyl,cpd00054_c0 + cpd15419_c0 --> cpd00046_c0 + 2.0 cpd00067_c0 + cpd15555_c0,,0.0,1000.0,C38H72NO10P,-2,c0
cpd06227_c0,rxn00689,THF-L-glutamate,cpd00002_c0 + cpd00023_c0 + cpd00087_c0 --> cpd00008_c0 + cpd00009_c0 + cpd00067_c0 + cpd06227_c0,,0.0,1000.0,C29H33N9O12,-4,c0
cpd10162_c0,rxn03435,(R)-3-Hydroxy-3-methyl-2-oxopentanoate,cpd00006_c0 + cpd02535_c0 <=> cpd00005_c0 + cpd00067_c0 + cpd10162_c0,,-1000.0,1000.0,C6H9O4,-1,c0
cpd10162_c0,rxn03436,(R)-3-Hydroxy-3-methyl-2-oxopentanoate,cpd00498_c0 <=> cpd10162_c0,,-1000.0,1000.0,C6H9O4,-1,c0
cpd02894_c0,rxn02305,4-Amino-2-methyl-5-diphosphomethylpyrimidine,cpd00067_c0 + cpd02654_c0 + cpd02894_c0 <=> cpd00012_c0 + cpd00793_c0,,-1000.0,1000.0,C6H9N3O7P2,-2,c0
cpd00115_c0,biomass0,dATP,0.169975 cpd00002_c0 + 0.00215 cpd00003_c0 + 5e-05 cpd00004_c0 + 0.0004 cpd00005_c0 + 0.00013 cpd00006_c0 + 6e-06 cpd00010_c0 + 1e-05 cpd00015_c0 + 5e-05 cpd00022_c0 + 0.25 cpd00023_c0 + 0.003 cpd00026_c0 + 1e-06 cpd00028_c0 + 0.496 cpd00033_c0 + 0.499 cpd00035_c0 + 0.203 cpd00038_c0 + 0.431 cpd00039_c0 + 0.245 cpd00041_c0 + 0.121 cpd00051_c0 + 0.126 cpd00052_c0 + 0.25 cpd00053_c0 + 0.29 cpd00054_c0 + 0.116 cpd00060_c0 + 0.136 cpd00062_c0 + 0.054 cpd00065_c0 + 0.199 cpd00066_c0 + 0.138 cpd00069_c0 + 3e-06 cpd00078_c0 + 0.087 cpd00084_c0 + 0.428 cpd00107_c0 + 0.01814 cpd00115_c0 + 0.035 cpd00118_c0 + 0.145 cpd00119_c0 + 0.541 cpd00129_c0 + 0.245 cpd00132_c0 + 0.154 cpd00155_c0 + 0.42 cpd00156_c0 + 0.436 cpd00161_c0 + 0.000223 cpd00201_c0 + 0.0254 cpd00241_c0 + 0.0089 cpd00264_c0 + 0.213 cpd00322_c0 + 0.000223 cpd00345_c0 + 0.0254 cpd00356_c0 + 0.01814 cpd00357_c0 + 0.000142 cpd11652_c0 + 0.000216 cpd12801_c0 + 0.000701 cpd15432_c0 + 0.00276 cpd15665_c0 + 0.00192 cpd16083_c0 + 4.3e-05 cpd16093_c0 --> biomass_c0 + 5.604 cpd00001_c0 + 0.08708 cpd00009_c0 + 0.634975 cpd00012_c0,,0.0,1000.0,C10H13N5O12P3,-3,c0
cpd00115_c0,rxn00839,dATP,cpd00002_c0 + cpd00177_c0 <=> cpd00008_c0 + cpd00115_c0,,-1000.0,1000.0,C10H13N5O12P3,-3,c0
cpd00115_c0,rxn05232,dATP,cpd00002_c0 + cpd11421_c0 --> cpd00001_c0 + cpd00115_c0 + cpd11420_c0,,0.0,1000.0,C10H13N5O12P3,-3,c0
cpd00115_c0,rxn09562,dATP,cpd00067_c0 + cpd00115_c0 + cpd00126_c0 <=> cpd00031_c0 + cpd00177_c0,,-1000.0,1000.0,C10H13N5O12P3,-3,c0
cpd15702_c0,rxn10254,"1,2-Dianteisoheptadecanoyl-sn-glycerol",cpd00002_c0 + cpd15702_c0 <=> cpd00008_c0 + cpd15678_c0,,-1000.0,1000.0,C37H72O5,0,c0
cpd00197_c0,rxn01192,Protocatechuate,cpd00007_c0 + cpd00197_c0 --> 2.0 cpd00067_c0 + cpd00856_c0,,0.0,1000.0,C7H5O4,-1,c0
cpd00197_c0,rxn00962,Protocatechuate,cpd00005_c0 + cpd00007_c0 + cpd00067_c0 + cpd00136_c0 --> cpd00001_c0 + cpd00006_c0 + cpd00197_c0,,0.0,1000.0,C7H5O4,-1,c0
cpd00129_e0,rxn05638,L-Proline,cpd00067_e0 + cpd00129_e0 <=> cpd00067_c0 + cpd00129_c0,,-1000.0,1000.0,C5H9NO2,0,e0
cpd00129_e0,rxn05221,L-Proline,cpd00129_e0 + cpd00971_e0 <=> cpd00129_c0 + cpd00971_c0,,-1000.0,1000.0,C5H9NO2,0,e0
cpd00129_e0,EXpd00129,L-Proline,cpd00129_e0 --> ,,0.0,1000.0,C5H9NO2,0,e0
cpd00129_e0,rxn10945,L-Proline,cpd00129_e0 --> cpd00129_c0,,0.0,0.0,C5H9NO2,0,e0
cpd03831_c0,rxn08713,ADP-L-glycero-D-manno-heptose,cpd03831_c0 + cpd15477_c0 --> cpd00008_c0 + cpd15432_c0,,0.0,1000.0,C17H25N5O16P2,-2,c0
cpd03831_c0,rxn03511,ADP-L-glycero-D-manno-heptose,cpd03830_c0 --> cpd03831_c0,,0.0,1000.0,C17H25N5O16P2,-2,c0
cpd03831_c0,rxn08710,ADP-L-glycero-D-manno-heptose,cpd03587_c0 + cpd03831_c0 <=> cpd00008_c0 + cpd15485_c0,,-1000.0,1000.0,C17H25N5O16P2,-2,c0
cpd03831_c0,rxn08712,ADP-L-glycero-D-manno-heptose,cpd03831_c0 + cpd15549_c0 --> cpd00008_c0 + cpd15488_c0,,0.0,1000.0,C17H25N5O16P2,-2,c0
cpd03831_c0,rxn08711,ADP-L-glycero-D-manno-heptose,cpd03831_c0 + cpd15485_c0 <=> cpd00008_c0 + cpd15484_c0,,-1000.0,1000.0,C17H25N5O16P2,-2,c0
cpd11558_c0,rxn05422,10-methyl-3-oxo-undecanoyl-ACP,cpd00005_c0 + cpd00067_c0 + cpd11558_c0 <=> cpd00006_c0 + cpd11559_c0,,-1000.0,1000.0,C23H41N2O9PRS,-1,c0
cpd11558_c0,rxn05421,10-methyl-3-oxo-undecanoyl-ACP,cpd11492_c0 + cpd11557_c0 --> cpd00011_c0 + cpd11493_c0 + cpd11558_c0,,0.0,1000.0,C23H41N2O9PRS,-1,c0
cpd02089_c0,rxn01631,5-Oxopentanoate,cpd00024_c0 + cpd00339_c0 <=> cpd00023_c0 + cpd02089_c0,,-1000.0,1000.0,C5H7O3,-1,c0
cpd02089_c0,rxn01729,5-Oxopentanoate,cpd00001_c0 + cpd00003_c0 + cpd02089_c0 --> cpd00004_c0 + 2.0 cpd00067_c0 + cpd00379_c0,,0.0,1000.0,C5H7O3,-1,c0
cpd01262_e0,rxn05608,Amylotriose,cpd00001_c0 + cpd00002_c0 + cpd01262_e0 --> cpd00008_c0 + cpd00009_c0 + cpd00067_c0 + cpd01262_c0,,0.0,1000.0,C18H32O16,0,e0
cpd01262_e0,EXpd01262,Amylotriose,cpd01262_e0 --> ,,0.0,1000.0,C18H32O16,0,e0
cpd03897_c0,rxn04989,4a-Hydroxytetrahydrobiopterin,cpd00007_c0 + cpd00066_c0 + cpd00233_c0 --> cpd00069_c0 + cpd03897_c0,,0.0,1000.0,C9H15N5O4,0,c0
cpd03897_c0,rxn03236,4a-Hydroxytetrahydrobiopterin,cpd03897_c0 <=> cpd00001_c0 + cpd00231_c0,,-1000.0,1000.0,C9H15N5O4,0,c0
cpd29840_c0,ADD_Melibiose2,Melibiose,cpd29840_e0 --> cpd29840_c0,,0.0,1000.0,X,0,c0
cpd29840_c0,ADD_Melibiose3,Melibiose,cpd00001_c0 + cpd29840_c0 --> cpd00027_c0 + cpd26818_c0,,0.0,1000.0,X,0,c0
cpd00637_e0,EXpd00637,D-Methionine,cpd00637_e0 --> ,,0.0,1000.0,C5H11NO2S,0,e0
cpd00637_e0,rxn05183,D-Methionine,cpd00001_c0 + cpd00002_c0 + cpd00637_e0 --> cpd00008_c0 + cpd00009_c0 + cpd00067_c0 + cpd00637_c0,,0.0,1000.0,C5H11NO2S,0,e0
cpd11502_c0,rxn05434,6-methyl-trans-oct-2-enoyl-ACP,cpd00004_c0 + cpd00067_c0 + cpd11502_c0 --> cpd00003_c0 + cpd11503_c0,,0.0,1000.0,C20H35N2O8PRS,-1,c0
cpd11502_c0,rxn05365,6-methyl-trans-oct-2-enoyl-ACP,cpd11501_c0 --> cpd00001_c0 + cpd11502_c0,,0.0,1000.0,C20H35N2O8PRS,-1,c0
cpd00856_c0,rxn02369,"3-Carboxy-cis,cis-muconate",cpd00938_c0 <=> cpd00067_c0 + cpd00856_c0,,-1000.0,1000.0,C7H3O6,-3,c0
cpd00856_c0,rxn01192,"3-Carboxy-cis,cis-muconate",cpd00007_c0 + cpd00197_c0 --> 2.0 cpd00067_c0 + cpd00856_c0,,0.0,1000.0,C7H3O6,-3,c0
cpd11592_e0,EXpd11592,gly-glu-L,cpd11592_e0 --> ,,0.0,1000.0,C7H11N2O5,-1,e0
cpd11592_e0,rxn05534,gly-glu-L,cpd00001_c0 + cpd00002_c0 + cpd11592_e0 --> cpd00008_c0 + cpd00009_c0 + cpd00067_c0 + cpd11592_c0,,0.0,1000.0,C7H11N2O5,-1,e0
cpd00082_e0,EXpd00082,D-Fructose,cpd00082_e0 --> ,,0.0,1000.0,C6H12O6,0,e0
cpd00082_e0,rxn05560,D-Fructose,cpd00061_c0 + cpd00082_e0 <=> cpd00020_c0 + cpd00802_c0,,-1000.0,1000.0,C6H12O6,0,e0
cpd00012_c0,rxn08312,PPi,cpd00052_c0 + cpd15527_c0 <=> cpd00012_c0 + cpd00067_c0 + cpd15420_c0,,-1000.0,1000.0,HO7P2,-3,c0
cpd00012_c0,rxn02305,PPi,cpd00067_c0 + cpd02654_c0 + cpd02894_c0 <=> cpd00012_c0 + cpd00793_c0,,-1000.0,1000.0,HO7P2,-3,c0
cpd00012_c0,rxn05251,PPi,cpd00002_c0 + cpd00010_c0 + cpd11433_c0 --> cpd00012_c0 + cpd00018_c0 + cpd11434_c0,,0.0,1000.0,HO7P2,-3,c0
cpd00012_c0,rxn10052,PPi,cpd00018_c0 + cpd00067_c0 + cpd00421_c0 <=> cpd00008_c0 + cpd00012_c0,,-1000.0,1000.0,HO7P2,-3,c0
cpd00012_c0,rxn05267,PPi,cpd00004_c0 + cpd00011_c0 + cpd00012_c0 + cpd11425_c0 --> cpd00003_c0 + cpd02295_c0 + cpd02590_c0,,0.0,1000.0,HO7P2,-3,c0
cpd00012_c0,rxn00947,PPi,cpd00002_c0 + cpd00010_c0 + cpd00214_c0 --> cpd00012_c0 + cpd00018_c0 + cpd00067_c0 + cpd00134_c0,,0.0,1000.0,HO7P2,-3,c0
cpd00012_c0,rxn01489,PPi,2.0 cpd00289_c0 --> cpd00012_c0 + cpd00067_c0 + cpd02168_c0,,0.0,1000.0,HO7P2,-3,c0
cpd00012_c0,rxn00917,PPi,cpd00001_c0 + cpd00002_c0 + cpd00053_c0 + cpd00497_c0 --> cpd00012_c0 + cpd00018_c0 + cpd00023_c0 + 3.0 cpd00067_c0 + cpd00126_c0,,0.0,1000.0,HO7P2,-3,c0
cpd00012_c0,rxn02945,PPi,cpd02168_c0 --> cpd00012_c0 + cpd00067_c0 + cpd03211_c0,,0.0,1000.0,HO7P2,-3,c0
cpd00012_c0,rxn01519,PPi,cpd00001_c0 + cpd00358_c0 --> cpd00012_c0 + 2.0 cpd00067_c0 + cpd00299_c0,,0.0,1000.0,HO7P2,-3,c0
cpd00012_c0,rxn09310,PPi,cpd00002_c0 + cpd00069_c0 + cpd00084_c0 + cpd08289_c0 --> cpd00001_c0 + cpd00011_c0 + cpd00012_c0 + cpd00018_c0 + cpd00035_c0 + 2.0 cpd00067_c0 + cpd02654_c0 + cpd15378_c0,,0.0,1000.0,HO7P2,-3,c0
cpd00012_c0,rxn11268,PPi,cpd00012_c0 + cpd00067_c0 --> cpd00012_e0 + cpd00067_e0,,0.0,1000.0,HO7P2,-3,c0
cpd00012_c0,rxn03893,PPi,cpd00136_c0 + cpd02557_c0 --> cpd00012_c0 + cpd00067_c0 + cpd03443_c0,,0.0,1000.0,HO7P2,-3,c0
cpd00012_c0,rxn03843,PPi,cpd00113_c0 + cpd00350_c0 --> cpd00012_c0 + cpd00067_c0 + cpd08211_c0,,0.0,1000.0,HO7P2,-3,c0
cpd00012_c0,rxn05249,PPi,cpd00002_c0 + cpd00010_c0 + cpd11436_c0 --> cpd00012_c0 + cpd00018_c0 + cpd11437_c0,,0.0,1000.0,HO7P2,-3,c0
cpd00012_c0,rxn08311,PPi,cpd00052_c0 + cpd15526_c0 <=> cpd00012_c0 + cpd00067_c0 + cpd15421_c0,,-1000.0,1000.0,HO7P2,-3,c0
cpd00012_c0,rxn08333,PPi,cpd02295_c0 + cpd02557_c0 --> cpd00011_c0 + cpd00012_c0 + cpd15353_c0,,0.0,1000.0,HO7P2,-3,c0
cpd00012_c0,rxn05252,PPi,cpd00002_c0 + cpd00010_c0 + cpd11431_c0 --> cpd00012_c0 + cpd00018_c0 + cpd11432_c0,,0.0,1000.0,HO7P2,-3,c0
cpd00012_c0,rxn03916,PPi,cpd00002_c0 + cpd04920_c0 <=> cpd00012_c0 + cpd03830_c0,,-1000.0,1000.0,HO7P2,-3,c0
cpd00012_c0,rxn08307,PPi,cpd00052_c0 + cpd15522_c0 <=> cpd00012_c0 + cpd00067_c0 + cpd15423_c0,,-1000.0,1000.0,HO7P2,-3,c0
cpd00012_c0,rxn10220,PPi,cpd00052_c0 + cpd15677_c0 <=> cpd00012_c0 + cpd00067_c0 + cpd15683_c0,,-1000.0,1000.0,HO7P2,-3,c0
cpd00012_c0,rxn05247,PPi,cpd00002_c0 + cpd00010_c0 + cpd11430_c0 --> cpd00012_c0 + cpd00018_c0 + cpd11435_c0,,0.0,1000.0,HO7P2,-3,c0
cpd00012_c0,rxn02201,PPi,cpd00443_c0 + cpd02920_c0 --> cpd00012_c0 + cpd00683_c0,,0.0,1000.0,HO7P2,-3,c0
cpd00012_c0,rxn03907,PPi,cpd00052_c0 + cpd08286_c0 <=> cpd00012_c0 + cpd08287_c0,,-1000.0,1000.0,HO7P2,-3,c0
cpd00012_c0,rxn11544,PPi,cpd00001_c0 + 2.0 cpd00002_c0 + 2.0 cpd00053_c0 + cpd03832_c0 <=> 2.0 cpd00008_c0 + cpd00012_c0 + 2.0 cpd00023_c0 + cpd00067_c0 + cpd03913_c0,,-1000.0,1000.0,HO7P2,-3,c0
cpd00012_c0,rxn10859,PPi,cpd00052_c0 + cpd00067_c0 + 0.02 cpd16080_c0 --> cpd00012_c0 + 0.02 cpd16067_c0,,0.0,1000.0,HO7P2,-3,c0
cpd00012_c0,rxn00836,PPi,cpd00103_c0 + cpd00226_c0 --> cpd00012_c0 + cpd00067_c0 + cpd00114_c0,,0.0,1000.0,HO7P2,-3,c0
cpd00012_c0,rxn08308,PPi,cpd00052_c0 + cpd15523_c0 <=> cpd00012_c0 + cpd00067_c0 + cpd15422_c0,,-1000.0,1000.0,HO7P2,-3,c0
cpd00012_c0,rxn00986,PPi,cpd00012_c0 + cpd03560_c0 --> cpd00002_c0 + cpd00141_c0,,0.0,1000.0,HO7P2,-3,c0
cpd00012_c0,rxn09448,PPi,cpd00002_c0 + cpd00010_c0 + cpd15269_c0 --> cpd00012_c0 + cpd00018_c0 + cpd15274_c0,,0.0,1000.0,HO7P2,-3,c0
cpd00012_c0,biomass0,PPi,0.169975 cpd00002_c0 + 0.00215 cpd00003_c0 + 5e-05 cpd00004_c0 + 0.0004 cpd00005_c0 + 0.00013 cpd00006_c0 + 6e-06 cpd00010_c0 + 1e-05 cpd00015_c0 + 5e-05 cpd00022_c0 + 0.25 cpd00023_c0 + 0.003 cpd00026_c0 + 1e-06 cpd00028_c0 + 0.496 cpd00033_c0 + 0.499 cpd00035_c0 + 0.203 cpd00038_c0 + 0.431 cpd00039_c0 + 0.245 cpd00041_c0 + 0.121 cpd00051_c0 + 0.126 cpd00052_c0 + 0.25 cpd00053_c0 + 0.29 cpd00054_c0 + 0.116 cpd00060_c0 + 0.136 cpd00062_c0 + 0.054 cpd00065_c0 + 0.199 cpd00066_c0 + 0.138 cpd00069_c0 + 3e-06 cpd00078_c0 + 0.087 cpd00084_c0 + 0.428 cpd00107_c0 + 0.01814 cpd00115_c0 + 0.035 cpd00118_c0 + 0.145 cpd00119_c0 + 0.541 cpd00129_c0 + 0.245 cpd00132_c0 + 0.154 cpd00155_c0 + 0.42 cpd00156_c0 + 0.436 cpd00161_c0 + 0.000223 cpd00201_c0 + 0.0254 cpd00241_c0 + 0.0089 cpd00264_c0 + 0.213 cpd00322_c0 + 0.000223 cpd00345_c0 + 0.0254 cpd00356_c0 + 0.01814 cpd00357_c0 + 0.000142 cpd11652_c0 + 0.000216 cpd12801_c0 + 0.000701 cpd15432_c0 + 0.00276 cpd15665_c0 + 0.00192 cpd16083_c0 + 4.3e-05 cpd16093_c0 --> biomass_c0 + 5.604 cpd00001_c0 + 0.08708 cpd00009_c0 + 0.634975 cpd00012_c0,,0.0,1000.0,HO7P2,-3,c0
cpd00012_c0,rxn10225,PPi,cpd00052_c0 + cpd15682_c0 <=> cpd00012_c0 + cpd00067_c0 + cpd15688_c0,,-1000.0,1000.0,HO7P2,-3,c0
cpd00012_c0,rxn00138,PPi,cpd00002_c0 + cpd00013_c0 + cpd00638_c0 --> cpd00003_c0 + cpd00012_c0 + cpd00018_c0 + 2.0 cpd00067_c0,,0.0,1000.0,HO7P2,-3,c0
cpd00012_c0,rxn01466,PPi,cpd00113_c0 + cpd00283_c0 --> cpd00012_c0 + cpd00067_c0 + cpd00350_c0,,0.0,1000.0,HO7P2,-3,c0
cpd00012_c0,rxn08306,PPi,cpd00052_c0 + cpd15521_c0 <=> cpd00012_c0 + cpd00067_c0 + cpd15417_c0,,-1000.0,1000.0,HO7P2,-3,c0
cpd00012_c0,rxn12008,PPi,cpd00113_c0 + cpd02590_c0 --> cpd00012_c0 + cpd00067_c0 + cpd02557_c0,,0.0,1000.0,HO7P2,-3,c0
cpd00012_c0,rxn01265,PPi,cpd00012_c0 + cpd00873_c0 <=> cpd00103_c0 + cpd00218_c0,,-1000.0,1000.0,HO7P2,-3,c0
cpd00012_c0,rxn00242,PPi,cpd00001_c0 + cpd00905_c0 --> cpd00012_c0 + cpd00031_c0,,0.0,1000.0,HO7P2,-3,c0
cpd00012_c0,rxn08310,PPi,cpd00052_c0 + cpd15525_c0 <=> cpd00012_c0 + cpd00067_c0 + cpd15418_c0,,-1000.0,1000.0,HO7P2,-3,c0
cpd00012_c0,rxn00126,PPi,cpd00001_c0 + cpd00002_c0 + cpd00060_c0 --> cpd00009_c0 + cpd00012_c0 + cpd00017_c0 + cpd00067_c0,,0.0,1000.0,HO7P2,-3,c0
cpd00012_c0,rxn02175,PPi,cpd00002_c0 + cpd00834_c0 <=> cpd00012_c0 + cpd00655_c0,,-1000.0,1000.0,HO7P2,-3,c0
cpd00012_c0,rxn02834,PPi,cpd00001_c0 + cpd01775_c0 --> cpd00012_c0 + 2.0 cpd00067_c0 + cpd01777_c0,,0.0,1000.0,HO7P2,-3,c0
cpd00012_c0,rxn01791,PPi,cpd00002_c0 + cpd00085_c0 + cpd00408_c0 --> cpd00012_c0 + cpd00018_c0 + 2.0 cpd00067_c0 + cpd00644_c0,,0.0,1000.0,HO7P2,-3,c0
cpd00012_c0,rxn03891,PPi,cpd00113_c0 + cpd00906_c0 --> cpd00012_c0 + cpd00067_c0 + cpd02590_c0,,0.0,1000.0,HO7P2,-3,c0
cpd00012_c0,rxn05248,PPi,cpd00002_c0 + cpd00010_c0 + cpd11438_c0 --> cpd00012_c0 + cpd00018_c0 + cpd11439_c0,,0.0,1000.0,HO7P2,-3,c0
cpd00012_c0,rxn00827,PPi,cpd00052_c0 + cpd00232_c0 --> cpd00012_c0 + cpd00067_c0 + cpd00112_c0,,0.0,1000.0,HO7P2,-3,c0
cpd00012_c0,rxn00139,PPi,cpd00103_c0 + cpd00128_c0 --> cpd00012_c0 + cpd00018_c0 + cpd00067_c0,,0.0,1000.0,HO7P2,-3,c0
cpd00012_c0,rxn00300,PPi,3.0 cpd00001_c0 + cpd00038_c0 --> cpd00012_c0 + cpd00047_c0 + 3.0 cpd00067_c0 + cpd00957_c0,,0.0,1000.0,HO7P2,-3,c0
cpd00012_c0,rxn01362,PPi,cpd00103_c0 + cpd00247_c0 --> cpd00012_c0 + cpd00067_c0 + cpd00810_c0,,0.0,1000.0,HO7P2,-3,c0
cpd00012_c0,rxn00213,PPi,cpd00062_c0 + cpd00089_c0 <=> cpd00012_c0 + cpd00026_c0,,-1000.0,1000.0,HO7P2,-3,c0
cpd00012_c0,rxn02405,PPi,cpd00052_c0 + cpd00875_c0 --> cpd00012_c0 + cpd00067_c0 + cpd02546_c0,,0.0,1000.0,HO7P2,-3,c0
cpd00012_c0,rxn00379,PPi,cpd00002_c0 + cpd00048_c0 <=> cpd00012_c0 + cpd00193_c0,,-1000.0,1000.0,HO7P2,-3,c0
cpd00012_c0,rxn01544,PPi,cpd00103_c0 + cpd00309_c0 --> cpd00012_c0 + cpd00067_c0 + cpd00497_c0,,0.0,1000.0,HO7P2,-3,c0
cpd00012_c0,rxn00065,PPi,cpd00002_c0 --> cpd00012_c0 + cpd00067_c0 + cpd00446_c0,,0.0,1000.0,HO7P2,-3,c0
cpd00012_c0,R01668,PPi,cpd00001_c0 + cpd00356_c0 --> cpd00012_c0 + 2.0 cpd00067_c0 + cpd00206_c0,,0.0,1000.0,HO7P2,-3,c0
cpd00012_c0,rxn05736,PPi,cpd00002_c0 + cpd00010_c0 + cpd03847_c0 --> cpd00012_c0 + cpd00018_c0 + cpd00067_c0 + cpd01695_c0,,0.0,1000.0,HO7P2,-3,c0
cpd00012_c0,rxn13782,PPi,10412.0 cpd00001_c0 + 6730.0 cpd00002_c0 + 496.0 cpd00033_c0 + 1370.0 cpd00035_c0 + 10162.0 cpd00038_c0 + 431.0 cpd00039_c0 + 250.0 cpd00041_c0 + 121.0 cpd00051_c0 + 500.0 cpd00053_c0 + 290.0 cpd00054_c0 + 116.0 cpd00060_c0 + 54.0 cpd00065_c0 + 199.0 cpd00066_c0 + 138.0 cpd00069_c0 + 87.0 cpd00084_c0 + 428.0 cpd00107_c0 + 145.0 cpd00119_c0 + 541.0 cpd00129_c0 + 420.0 cpd00156_c0 + 436.0 cpd00161_c0 + 14.0 cpd00201_c0 + 213.0 cpd00322_c0 --> Protein_c0 + 250.0 cpd00008_c0 + 10412.0 cpd00009_c0 + 6480.0 cpd00012_c0 + 6480.0 cpd00018_c0 + 10162.0 cpd00031_c0 + 14.0 cpd00047_c0 + 15493.0 cpd00067_c0 + 14.0 cpd00087_c0,,0.0,1000.0,HO7P2,-3,c0
cpd00012_c0,rxn08309,PPi,cpd00052_c0 + cpd15524_c0 <=> cpd00012_c0 + cpd00067_c0 + cpd15419_c0,,-1000.0,1000.0,HO7P2,-3,c0
cpd00012_c0,rxn06937,PPi,cpd00002_c0 + cpd00023_c0 + cpd00067_c0 + cpd11912_c0 --> cpd00012_c0 + cpd00018_c0 + cpd12227_c0,,0.0,1000.0,HO7P2,-3,c0
cpd00012_c0,rxn09177,PPi,cpd00052_c0 + cpd00084_c0 + cpd02201_c0 --> cpd00012_c0 + cpd00046_c0 + 2.0 cpd00067_c0 + cpd02666_c0,,0.0,1000.0,HO7P2,-3,c0
cpd00012_c0,rxn09450,PPi,cpd00002_c0 + cpd00010_c0 + cpd15237_c0 --> cpd00012_c0 + cpd00018_c0 + cpd15238_c0,,0.0,1000.0,HO7P2,-3,c0
cpd00012_c0,rxn00355,PPi,cpd00062_c0 + cpd00348_c0 <=> cpd00012_c0 + cpd00043_c0,,-1000.0,1000.0,HO7P2,-3,c0
cpd00012_c0,rxn01213,PPi,cpd00113_c0 + cpd00202_c0 --> cpd00012_c0 + cpd00067_c0 + cpd00283_c0,,0.0,1000.0,HO7P2,-3,c0
cpd00012_c0,rxn00122,PPi,cpd00002_c0 + cpd00050_c0 --> cpd00012_c0 + cpd00015_c0,,0.0,1000.0,HO7P2,-3,c0
cpd00012_c0,rxn00988,PPi,cpd00002_c0 + cpd00010_c0 + cpd00142_c0 --> cpd00012_c0 + cpd00018_c0 + cpd00067_c0 + cpd00279_c0,,0.0,1000.0,HO7P2,-3,c0
cpd00012_c0,rxn12512,PPi,cpd00002_c0 + cpd00084_c0 + cpd02201_c0 --> cpd00012_c0 + cpd00018_c0 + 2.0 cpd00067_c0 + cpd02666_c0,,0.0,1000.0,HO7P2,-3,c0
cpd00012_c0,rxn03537,PPi,cpd00038_c0 + cpd03919_c0 <=> cpd00012_c0 + cpd03920_c0,,-1000.0,1000.0,HO7P2,-3,c0
cpd00012_c0,rxn00001,PPi,cpd00001_c0 + cpd00012_c0 --> 2.0 cpd00009_c0 + cpd00067_c0,,0.0,1000.0,HO7P2,-3,c0
cpd00012_c0,rxn03892,PPi,cpd00113_c0 + cpd02591_c0 --> cpd00012_c0 + cpd00067_c0 + cpd00906_c0,,0.0,1000.0,HO7P2,-3,c0
cpd00012_c0,rxn10221,PPi,cpd00052_c0 + cpd15678_c0 <=> cpd00012_c0 + cpd00067_c0 + cpd15684_c0,,-1000.0,1000.0,HO7P2,-3,c0
cpd00012_c0,rxn10223,PPi,cpd00052_c0 + cpd15680_c0 <=> cpd00012_c0 + cpd00067_c0 + cpd15686_c0,,-1000.0,1000.0,HO7P2,-3,c0
cpd00012_c0,rxn00711,PPi,cpd00092_c0 + cpd00103_c0 --> cpd00012_c0 + cpd00067_c0 + cpd00091_c0,,0.0,1000.0,HO7P2,-3,c0
cpd00012_c0,rxn04308,PPi,7.0 cpd00113_c0 + cpd08211_c0 --> 7.0 cpd00012_c0 + 7.0 cpd00067_c0 + cpd02229_c0,,0.0,1000.0,HO7P2,-3,c0
cpd00012_c0,rxn09449,PPi,cpd00002_c0 + cpd00010_c0 + cpd01080_c0 --> cpd00012_c0 + cpd00018_c0 + cpd00067_c0 + cpd00327_c0,,0.0,1000.0,HO7P2,-3,c0
cpd00012_c0,rxn00790,PPi,cpd00001_c0 + cpd00053_c0 + cpd00103_c0 --> cpd00012_c0 + cpd00023_c0 + cpd00067_c0 + cpd01982_c0,,0.0,1000.0,HO7P2,-3,c0
cpd00012_c0,rxn00293,PPi,cpd00062_c0 + cpd02611_c0 <=> cpd00012_c0 + cpd00037_c0,,-1000.0,1000.0,HO7P2,-3,c0
cpd00012_c0,rxn05031,PPi,cpd02168_c0 --> cpd00012_c0 + cpd00067_c0 + cpd03205_c0,,0.0,1000.0,HO7P2,-3,c0
cpd00012_c0,ADD_TPP3,PPi,IscS_with_bound_sulfur_c0 + cpd00002_c0 + cpd00005_c0 + cpd08289_c0 + cpd14545_c0 --> IscS_sulfur_acceptor_protein_c0 + 2.0 cpd00001_c0 + cpd00006_c0 + cpd00011_c0 + cpd00012_c0 + cpd00018_c0 + cpd00067_c0 + cpd02654_c0,,0.0,1000.0,HO7P2,-3,c0
cpd00012_c0,rxn00175,PPi,cpd00002_c0 + cpd00010_c0 + cpd00029_c0 --> cpd00012_c0 + cpd00018_c0 + cpd00022_c0 + cpd00067_c0,,0.0,1000.0,HO7P2,-3,c0
cpd00012_c0,rxn00791,PPi,cpd00093_c0 + cpd00103_c0 --> cpd00012_c0 + cpd00067_c0 + cpd02642_c0,,0.0,1000.0,HO7P2,-3,c0
cpd00012_c0,rxn02402,PPi,cpd00067_c0 + cpd00103_c0 + cpd02333_c0 --> cpd00011_c0 + cpd00012_c0 + cpd00873_c0,,0.0,1000.0,HO7P2,-3,c0
cpd00012_c0,rxn01434,PPi,cpd00002_c0 + cpd00041_c0 + cpd00274_c0 <=> cpd00012_c0 + cpd00018_c0 + 2.0 cpd00067_c0 + cpd02152_c0,,-1000.0,1000.0,HO7P2,-3,c0
cpd00012_c0,rxn01486,PPi,cpd00113_c0 + cpd00350_c0 --> cpd00012_c0 + cpd00067_c0 + cpd00289_c0,,0.0,1000.0,HO7P2,-3,c0
cpd00012_c0,rxn09240,PPi,cpd00001_c0 + cpd00002_c0 + cpd00038_c0 + cpd00048_c0 --> cpd00009_c0 + cpd00012_c0 + cpd00031_c0 + cpd00067_c0 + cpd00193_c0,,0.0,1000.0,HO7P2,-3,c0
cpd00012_c0,rxn01675,PPi,cpd00089_c0 + cpd00357_c0 <=> cpd00012_c0 + cpd00626_c0,,-1000.0,1000.0,HO7P2,-3,c0
cpd00012_c0,rxn05250,PPi,cpd00002_c0 + cpd00010_c0 + cpd11440_c0 --> cpd00012_c0 + cpd00018_c0 + cpd11441_c0,,0.0,1000.0,HO7P2,-3,c0
cpd00012_c0,rxn00416,PPi,cpd00001_c0 + cpd00002_c0 + cpd00041_c0 + cpd00053_c0 --> cpd00012_c0 + cpd00018_c0 + cpd00023_c0 + 2.0 cpd00067_c0 + cpd00132_c0,,0.0,1000.0,HO7P2,-3,c0
cpd00012_c0,rxn10224,PPi,cpd00052_c0 + cpd15681_c0 <=> cpd00012_c0 + cpd00067_c0 + cpd15687_c0,,-1000.0,1000.0,HO7P2,-3,c0
cpd00012_c0,rxn02155,PPi,cpd00002_c0 + cpd00873_c0 <=> cpd00012_c0 + cpd00638_c0,,-1000.0,1000.0,HO7P2,-3,c0
cpd00012_c0,rxn00789,PPi,cpd00002_c0 + cpd00103_c0 --> cpd00012_c0 + cpd00067_c0 + cpd01775_c0,,0.0,1000.0,HO7P2,-3,c0
cpd00012_c0,ADD_TPP8,PPi,cpd00001_c0 + cpd00012_c0 --> 2.0 cpd00009_c0 + cpd00067_c0,,0.0,1000.0,HO7P2,-3,c0
cpd00012_c0,rxn00915,PPi,cpd00103_c0 + cpd00207_c0 --> cpd00012_c0 + cpd00067_c0 + cpd00126_c0,,0.0,1000.0,HO7P2,-3,c0
cpd00012_c0,rxn10222,PPi,cpd00052_c0 + cpd15679_c0 <=> cpd00012_c0 + cpd00067_c0 + cpd15685_c0,,-1000.0,1000.0,HO7P2,-3,c0
cpd00012_c0,rxn05287,PPi,cpd00113_c0 + cpd00289_c0 --> cpd00012_c0 + cpd00067_c0 + cpd02591_c0,,0.0,1000.0,HO7P2,-3,c0
cpd02095_c0,rxn04786,"L-2,4-Diaminobutyrate",cpd00023_c0 + cpd00346_c0 --> cpd00024_c0 + cpd02095_c0,,0.0,1000.0,C4H11N2O2,1,c0
cpd02095_c0,rxn04787,"L-2,4-Diaminobutyrate",cpd00022_c0 + cpd02095_c0 --> cpd00010_c0 + cpd00067_c0 + cpd03862_c0,,0.0,1000.0,C4H11N2O2,1,c0
cpd02978_c0,rxn03174,"7,8-Dihydroneopterin 3'-triphosphate",cpd03666_c0 --> cpd00001_c0 + cpd02978_c0,,0.0,1000.0,C9H12N5O13P3,-4,c0
cpd02978_c0,rxn00299,"7,8-Dihydroneopterin 3'-triphosphate",cpd00001_c0 + cpd00038_c0 --> cpd00047_c0 + 2.0 cpd00067_c0 + cpd02978_c0,,0.0,1000.0,C9H12N5O13P3,-4,c0
cpd02978_c0,rxn05782,"7,8-Dihydroneopterin 3'-triphosphate",3.0 cpd00001_c0 + cpd02978_c0 --> 3.0 cpd00009_c0 + 2.0 cpd00067_c0 + cpd02961_c0,,0.0,1000.0,C9H12N5O13P3,-4,c0
cpd00448_c0,rxn00763,D-Glyceraldehyde,cpd00003_c0 + cpd00100_c0 <=> cpd00004_c0 + cpd00067_c0 + cpd00448_c0,,-1000.0,1000.0,C3H6O3,0,c0
cpd00448_c0,rxn01286,D-Glyceraldehyde,cpd00001_c0 + cpd00003_c0 + cpd00448_c0 --> cpd00004_c0 + 2.0 cpd00067_c0 + cpd00223_c0,,0.0,1000.0,C3H6O3,0,c0
cpd00448_c0,rxn01870,D-Glyceraldehyde,cpd00802_c0 <=> cpd00095_c0 + cpd00448_c0,,-1000.0,1000.0,C3H6O3,0,c0
cpd00448_c0,rxn40366,D-Glyceraldehyde,cpd00894_c0 --> cpd00020_c0 + cpd00448_c0,,0.0,1000.0,C3H6O3,0,c0
cpd11479_c0,rxn05330,D-3-Hydroxyhexanoyl-[acp],cpd11479_c0 --> cpd11473_c0,,0.0,1000.0,C17H31N2O9PRS,-2,c0
cpd11479_c0,rxn05337,D-3-Hydroxyhexanoyl-[acp],cpd00006_c0 + cpd11479_c0 <=> cpd00005_c0 + cpd00067_c0 + cpd11486_c0,,-1000.0,1000.0,C17H31N2O9PRS,-2,c0
cpd00056_c0,rxn00011,TPP,cpd00020_c0 + cpd00056_c0 + cpd00067_c0 --> cpd00011_c0 + cpd03049_c0,,0.0,1000.0,C12H17N4O7P2S,-1,c0
cpd00056_c0,rxn02185,TPP,cpd00056_c0 + cpd00668_c0 <=> cpd00020_c0 + cpd03049_c0,,-1000.0,1000.0,C12H17N4O7P2S,-1,c0
cpd00056_c0,rxn02376,TPP,cpd00213_c0 + cpd03189_c0 <=> cpd00056_c0 + cpd00860_c0,,-1000.0,1000.0,C12H17N4O7P2S,-1,c0
cpd00056_c0,rxn00438,TPP,cpd00002_c0 + cpd00793_c0 <=> cpd00008_c0 + cpd00056_c0,,-1000.0,1000.0,C12H17N4O7P2S,-1,c0
cpd00056_c0,rxn02342,TPP,cpd00213_c0 + cpd03049_c0 <=> cpd00056_c0 + cpd00836_c0,,-1000.0,1000.0,C12H17N4O7P2S,-1,c0
cpd00056_c0,rxn03194,TPP,cpd00094_c0 + cpd03049_c0 <=> cpd00056_c0 + cpd00498_c0,,-1000.0,1000.0,C12H17N4O7P2S,-1,c0
cpd00056_c0,rxn00441,TPP,cpd00024_c0 + cpd00056_c0 + cpd00067_c0 --> cpd00011_c0 + cpd03189_c0,,0.0,1000.0,C12H17N4O7P2S,-1,c0
cpd00048_e0,EXpd00048,Sulfate,cpd00048_e0 <=> ,,-1000.0,1000.0,O4S,-2,e0
cpd00048_e0,rxn05651,Sulfate,cpd00048_e0 + cpd00067_e0 <=> cpd00048_c0 + cpd00067_c0,,-1000.0,1000.0,O4S,-2,e0
cpd00048_e0,rxn05153,Sulfate,cpd00001_c0 + cpd00002_c0 + cpd00048_e0 --> cpd00008_c0 + cpd00009_c0 + cpd00048_c0 + cpd00067_c0,,0.0,1000.0,O4S,-2,e0
cpd11255_c0,rxn05092,"1,2-dihydroxy-3-keto-5-methylthiopentene",cpd00007_c0 + cpd11255_c0 --> cpd00047_c0 + 2.0 cpd00067_c0 + cpd00869_c0,,0.0,1000.0,C6H10O3S,0,c0
cpd00033_c0,biomass0,Glycine,0.169975 cpd00002_c0 + 0.00215 cpd00003_c0 + 5e-05 cpd00004_c0 + 0.0004 cpd00005_c0 + 0.00013 cpd00006_c0 + 6e-06 cpd00010_c0 + 1e-05 cpd00015_c0 + 5e-05 cpd00022_c0 + 0.25 cpd00023_c0 + 0.003 cpd00026_c0 + 1e-06 cpd00028_c0 + 0.496 cpd00033_c0 + 0.499 cpd00035_c0 + 0.203 cpd00038_c0 + 0.431 cpd00039_c0 + 0.245 cpd00041_c0 + 0.121 cpd00051_c0 + 0.126 cpd00052_c0 + 0.25 cpd00053_c0 + 0.29 cpd00054_c0 + 0.116 cpd00060_c0 + 0.136 cpd00062_c0 + 0.054 cpd00065_c0 + 0.199 cpd00066_c0 + 0.138 cpd00069_c0 + 3e-06 cpd00078_c0 + 0.087 cpd00084_c0 + 0.428 cpd00107_c0 + 0.01814 cpd00115_c0 + 0.035 cpd00118_c0 + 0.145 cpd00119_c0 + 0.541 cpd00129_c0 + 0.245 cpd00132_c0 + 0.154 cpd00155_c0 + 0.42 cpd00156_c0 + 0.436 cpd00161_c0 + 0.000223 cpd00201_c0 + 0.0254 cpd00241_c0 + 0.0089 cpd00264_c0 + 0.213 cpd00322_c0 + 0.000223 cpd00345_c0 + 0.0254 cpd00356_c0 + 0.01814 cpd00357_c0 + 0.000142 cpd11652_c0 + 0.000216 cpd12801_c0 + 0.000701 cpd15432_c0 + 0.00276 cpd15665_c0 + 0.00192 cpd16083_c0 + 4.3e-05 cpd16093_c0 --> biomass_c0 + 5.604 cpd00001_c0 + 0.08708 cpd00009_c0 + 0.634975 cpd00012_c0,,0.0,1000.0,C2H5NO2,0,c0
cpd00033_c0,rxn12844,Glycine,cpd00001_c0 + cpd15603_c0 <=> cpd00033_c0 + cpd00084_c0,,-1000.0,1000.0,C2H5NO2,0,c0
cpd00033_c0,rxn12645,Glycine,cpd00001_c0 + cpd11581_c0 <=> cpd00033_c0 + cpd00132_c0,,-1000.0,1000.0,C2H5NO2,0,c0
cpd00033_c0,rxn12634,Glycine,cpd00001_c0 + cpd11592_c0 <=> cpd00023_c0 + cpd00033_c0,,-1000.0,1000.0,C2H5NO2,0,c0
cpd00033_c0,rxn13782,Glycine,10412.0 cpd00001_c0 + 6730.0 cpd00002_c0 + 496.0 cpd00033_c0 + 1370.0 cpd00035_c0 + 10162.0 cpd00038_c0 + 431.0 cpd00039_c0 + 250.0 cpd00041_c0 + 121.0 cpd00051_c0 + 500.0 cpd00053_c0 + 290.0 cpd00054_c0 + 116.0 cpd00060_c0 + 54.0 cpd00065_c0 + 199.0 cpd00066_c0 + 138.0 cpd00069_c0 + 87.0 cpd00084_c0 + 428.0 cpd00107_c0 + 145.0 cpd00119_c0 + 541.0 cpd00129_c0 + 420.0 cpd00156_c0 + 436.0 cpd00161_c0 + 14.0 cpd00201_c0 + 213.0 cpd00322_c0 --> Protein_c0 + 250.0 cpd00008_c0 + 10412.0 cpd00009_c0 + 6480.0 cpd00012_c0 + 6480.0 cpd00018_c0 + 10162.0 cpd00031_c0 + 14.0 cpd00047_c0 + 15493.0 cpd00067_c0 + 14.0 cpd00087_c0,,0.0,1000.0,C2H5NO2,0,c0
cpd00033_c0,rxn07295,Glycine,cpd00033_c0 --> 3.0 cpd00067_c0 + cpd14545_c0,,0.0,1000.0,C2H5NO2,0,c0
cpd00033_c0,rxn12847,Glycine,cpd00001_c0 + cpd15606_c0 <=> cpd00033_c0 + cpd00069_c0,,-1000.0,1000.0,C2H5NO2,0,c0
cpd00033_c0,rxn00908,Glycine,cpd00003_c0 + cpd00033_c0 + cpd00087_c0 --> cpd00004_c0 + cpd00011_c0 + cpd00013_c0 + cpd00125_c0,,0.0,1000.0,C2H5NO2,0,c0
cpd00033_c0,rxn00269,Glycine,cpd00001_c0 + cpd00007_c0 + cpd00033_c0 --> cpd00013_c0 + cpd00025_c0 + cpd00040_c0,,0.0,1000.0,C2H5NO2,0,c0
cpd00033_c0,rxn12641,Glycine,cpd00001_c0 + cpd11585_c0 <=> cpd00033_c0 + cpd00035_c0,,-1000.0,1000.0,C2H5NO2,0,c0
cpd00033_c0,rxn02895,Glycine,cpd00002_c0 + cpd00033_c0 + cpd01982_c0 --> cpd00008_c0 + cpd00009_c0 + cpd00067_c0 + cpd02394_c0,,0.0,1000.0,C2H5NO2,0,c0
cpd00033_c0,rxn12646,Glycine,cpd00001_c0 + cpd11580_c0 <=> cpd00033_c0 + cpd00053_c0,,-1000.0,1000.0,C2H5NO2,0,c0
cpd00033_c0,rxn00541,Glycine,cpd00161_c0 --> cpd00033_c0 + cpd00071_c0,,0.0,1000.0,C2H5NO2,0,c0
cpd00033_c0,rxn00650,Glycine,cpd00001_c0 + cpd01017_c0 <=> cpd00033_c0 + cpd00084_c0,,-1000.0,1000.0,C2H5NO2,0,c0
cpd00033_c0,rxn00692,Glycine,cpd00001_c0 + cpd00033_c0 + cpd00125_c0 <=> cpd00054_c0 + cpd00087_c0,,-1000.0,1000.0,C2H5NO2,0,c0
cpd00033_c0,rxn05735,Glycine,cpd00001_c0 + cpd00003_c0 + cpd04122_c0 --> cpd00004_c0 + cpd00033_c0 + 2.0 cpd00067_c0,,0.0,1000.0,C2H5NO2,0,c0
cpd00033_c0,rxn00351,Glycine,cpd00002_c0 + cpd00033_c0 + cpd00506_c0 --> cpd00008_c0 + cpd00009_c0 + cpd00042_c0 + cpd00067_c0,,0.0,1000.0,C2H5NO2,0,c0
cpd00033_c0,rxn06377,Glycine,cpd00033_c0 + cpd00067_c0 + cpd12005_c0 --> cpd00011_c0 + cpd11830_c0,,0.0,1000.0,C2H5NO2,0,c0
cpd00033_c0,rxn12635,Glycine,cpd00001_c0 + cpd11591_c0 <=> cpd00033_c0 + cpd00060_c0,,-1000.0,1000.0,C2H5NO2,0,c0
cpd00033_c0,rxn12846,Glycine,cpd00001_c0 + cpd15605_c0 <=> cpd00033_c0 + cpd00066_c0,,-1000.0,1000.0,C2H5NO2,0,c0
cpd00033_c0,rxn12637,Glycine,cpd00001_c0 + cpd11589_c0 <=> cpd00033_c0 + cpd00041_c0,,-1000.0,1000.0,C2H5NO2,0,c0
cpd00033_c0,rxn12845,Glycine,cpd00001_c0 + cpd15604_c0 <=> cpd00033_c0 + cpd00107_c0,,-1000.0,1000.0,C2H5NO2,0,c0
cpd00033_c0,rxn12638,Glycine,cpd00001_c0 + cpd11588_c0 --> cpd00033_c0 + cpd00129_c0,,0.0,1000.0,C2H5NO2,0,c0
cpd00161_c0,biomass0,L-Threonine,0.169975 cpd00002_c0 + 0.00215 cpd00003_c0 + 5e-05 cpd00004_c0 + 0.0004 cpd00005_c0 + 0.00013 cpd00006_c0 + 6e-06 cpd00010_c0 + 1e-05 cpd00015_c0 + 5e-05 cpd00022_c0 + 0.25 cpd00023_c0 + 0.003 cpd00026_c0 + 1e-06 cpd00028_c0 + 0.496 cpd00033_c0 + 0.499 cpd00035_c0 + 0.203 cpd00038_c0 + 0.431 cpd00039_c0 + 0.245 cpd00041_c0 + 0.121 cpd00051_c0 + 0.126 cpd00052_c0 + 0.25 cpd00053_c0 + 0.29 cpd00054_c0 + 0.116 cpd00060_c0 + 0.136 cpd00062_c0 + 0.054 cpd00065_c0 + 0.199 cpd00066_c0 + 0.138 cpd00069_c0 + 3e-06 cpd00078_c0 + 0.087 cpd00084_c0 + 0.428 cpd00107_c0 + 0.01814 cpd00115_c0 + 0.035 cpd00118_c0 + 0.145 cpd00119_c0 + 0.541 cpd00129_c0 + 0.245 cpd00132_c0 + 0.154 cpd00155_c0 + 0.42 cpd00156_c0 + 0.436 cpd00161_c0 + 0.000223 cpd00201_c0 + 0.0254 cpd00241_c0 + 0.0089 cpd00264_c0 + 0.213 cpd00322_c0 + 0.000223 cpd00345_c0 + 0.0254 cpd00356_c0 + 0.01814 cpd00357_c0 + 0.000142 cpd11652_c0 + 0.000216 cpd12801_c0 + 0.000701 cpd15432_c0 + 0.00276 cpd15665_c0 + 0.00192 cpd16083_c0 + 4.3e-05 cpd16093_c0 --> biomass_c0 + 5.604 cpd00001_c0 + 0.08708 cpd00009_c0 + 0.634975 cpd00012_c0,,0.0,1000.0,C4H9NO3,0,c0
cpd00161_c0,rxn00541,L-Threonine,cpd00161_c0 --> cpd00033_c0 + cpd00071_c0,,0.0,1000.0,C4H9NO3,0,c0
cpd00161_c0,rxn01069,L-Threonine,cpd00001_c0 + cpd00809_c0 --> cpd00009_c0 + cpd00161_c0,,0.0,1000.0,C4H9NO3,0,c0
cpd00161_c0,rxn12644,L-Threonine,cpd00001_c0 + cpd11582_c0 <=> cpd00035_c0 + cpd00161_c0,,-1000.0,1000.0,C4H9NO3,0,c0
cpd00161_c0,rxn13782,L-Threonine,10412.0 cpd00001_c0 + 6730.0 cpd00002_c0 + 496.0 cpd00033_c0 + 1370.0 cpd00035_c0 + 10162.0 cpd00038_c0 + 431.0 cpd00039_c0 + 250.0 cpd00041_c0 + 121.0 cpd00051_c0 + 500.0 cpd00053_c0 + 290.0 cpd00054_c0 + 116.0 cpd00060_c0 + 54.0 cpd00065_c0 + 199.0 cpd00066_c0 + 138.0 cpd00069_c0 + 87.0 cpd00084_c0 + 428.0 cpd00107_c0 + 145.0 cpd00119_c0 + 541.0 cpd00129_c0 + 420.0 cpd00156_c0 + 436.0 cpd00161_c0 + 14.0 cpd00201_c0 + 213.0 cpd00322_c0 --> Protein_c0 + 250.0 cpd00008_c0 + 10412.0 cpd00009_c0 + 6480.0 cpd00012_c0 + 6480.0 cpd00018_c0 + 10162.0 cpd00031_c0 + 14.0 cpd00047_c0 + 15493.0 cpd00067_c0 + 14.0 cpd00087_c0,,0.0,1000.0,C4H9NO3,0,c0
cpd00161_c0,rxn00737,L-Threonine,cpd00161_c0 --> cpd00013_c0 + cpd00094_c0,,0.0,1000.0,C4H9NO3,0,c0
cpd03421_c0,rxn06979,Cobyrinate,2.0 cpd00001_c0 + 2.0 cpd00002_c0 + 2.0 cpd00053_c0 + cpd03421_c0 <=> 2.0 cpd00008_c0 + 2.0 cpd00009_c0 + 2.0 cpd00023_c0 + 2.0 cpd00067_c0 + cpd03914_c0,,-1000.0,1000.0,C45H52CoN4O14,-6,c0
cpd02979_c0,rxn02835,phosphoribosylformiminoaicar-phosphate,cpd00001_c0 + cpd01777_c0 <=> cpd02979_c0,,-1000.0,1000.0,C15H21N5O15P2,-4,c0
cpd02979_c0,rxn03175,phosphoribosylformiminoaicar-phosphate,cpd02979_c0 <=> cpd02991_c0,,-1000.0,1000.0,C15H21N5O15P2,-4,c0
cpd00162_c0,rxn05551,Aminoethanol,cpd00067_e0 + cpd00162_e0 <=> cpd00067_c0 + cpd00162_c0,,-1000.0,1000.0,C2H8NO,1,c0
cpd00162_c0,rxn00539,Aminoethanol,cpd00162_c0 --> cpd00013_c0 + cpd00071_c0,,0.0,1000.0,C2H8NO,1,c0
cpd00162_c0,rxn01073,Aminoethanol,cpd00001_c0 + cpd00908_c0 --> cpd00067_c0 + cpd00080_c0 + cpd00162_c0,,0.0,1000.0,C2H8NO,1,c0
cpd02090_c0,rxn08849,Glycerophosphoglycerol,cpd00001_c0 + cpd15347_c0 <=> cpd00067_c0 + cpd02090_c0 + cpd15237_c0,,-1000.0,1000.0,C6H14O8P,-1,c0
cpd02090_c0,rxn08812,Glycerophosphoglycerol,cpd00001_c0 + cpd15320_c0 <=> cpd00067_c0 + cpd02090_c0 + cpd15298_c0,,-1000.0,1000.0,C6H14O8P,-1,c0
cpd02090_c0,rxn08816,Glycerophosphoglycerol,cpd00001_c0 + cpd15324_c0 <=> cpd00067_c0 + cpd02090_c0 + cpd15269_c0,,-1000.0,1000.0,C6H14O8P,-1,c0
cpd02090_c0,rxn08815,Glycerophosphoglycerol,cpd00001_c0 + cpd15323_c0 <=> cpd00067_c0 + cpd01080_c0 + cpd02090_c0,,-1000.0,1000.0,C6H14O8P,-1,c0
cpd02090_c0,rxn08811,Glycerophosphoglycerol,cpd00001_c0 + cpd15319_c0 <=> cpd00067_c0 + cpd02090_c0 + cpd03847_c0,,-1000.0,1000.0,C6H14O8P,-1,c0
cpd02090_c0,rxn08669,Glycerophosphoglycerol,cpd00001_c0 + cpd02090_c0 --> cpd00067_c0 + cpd00080_c0 + cpd00100_c0,,0.0,1000.0,C6H14O8P,-1,c0
cpd02090_c0,rxn08848,Glycerophosphoglycerol,cpd00001_c0 + cpd15346_c0 <=> cpd00067_c0 + cpd00214_c0 + cpd02090_c0,,-1000.0,1000.0,C6H14O8P,-1,c0
cpd02090_c0,rxn08851,Glycerophosphoglycerol,cpd00001_c0 + cpd15349_c0 <=> cpd00067_c0 + cpd02090_c0 + cpd15269_c0,,-1000.0,1000.0,C6H14O8P,-1,c0
cpd02090_c0,rxn08847,Glycerophosphoglycerol,cpd00001_c0 + cpd15345_c0 --> cpd00067_c0 + cpd02090_c0 + cpd15298_c0,,0.0,1000.0,C6H14O8P,-1,c0
cpd02090_c0,rxn08810,Glycerophosphoglycerol,cpd00001_c0 + cpd15318_c0 <=> cpd00067_c0 + cpd01741_c0 + cpd02090_c0,,-1000.0,1000.0,C6H14O8P,-1,c0
cpd02090_c0,rxn08814,Glycerophosphoglycerol,cpd00001_c0 + cpd15322_c0 <=> cpd00067_c0 + cpd02090_c0 + cpd15237_c0,,-1000.0,1000.0,C6H14O8P,-1,c0
cpd02090_c0,rxn08846,Glycerophosphoglycerol,cpd00001_c0 + cpd15344_c0 <=> cpd00067_c0 + cpd02090_c0 + cpd03847_c0,,-1000.0,1000.0,C6H14O8P,-1,c0
cpd02090_c0,rxn08813,Glycerophosphoglycerol,cpd00001_c0 + cpd15321_c0 <=> cpd00067_c0 + cpd00214_c0 + cpd02090_c0,,-1000.0,1000.0,C6H14O8P,-1,c0
cpd02090_c0,rxn08845,Glycerophosphoglycerol,cpd00001_c0 + cpd15343_c0 <=> cpd00067_c0 + cpd01741_c0 + cpd02090_c0,,-1000.0,1000.0,C6H14O8P,-1,c0
cpd02090_c0,rxn08850,Glycerophosphoglycerol,cpd00001_c0 + cpd15348_c0 <=> cpd00067_c0 + cpd01080_c0 + cpd02090_c0,,-1000.0,1000.0,C6H14O8P,-1,c0
cpd00810_c0,rxn01362,Orotidylic acid,cpd00103_c0 + cpd00247_c0 --> cpd00012_c0 + cpd00067_c0 + cpd00810_c0,,0.0,1000.0,C10H10N2O11P,-3,c0
cpd00810_c0,rxn00710,Orotidylic acid,cpd00067_c0 + cpd00810_c0 --> cpd00011_c0 + cpd00091_c0,,0.0,1000.0,C10H10N2O11P,-3,c0
cpd01017_e0,rxn05539,Cys-Gly,cpd00001_c0 + cpd00002_c0 + cpd01017_e0 --> cpd00008_c0 + cpd00009_c0 + cpd00067_c0 + cpd01017_c0,,0.0,1000.0,C5H10N2O3S,0,e0
cpd01017_e0,EXpd01017,Cys-Gly,cpd01017_e0 --> ,,0.0,1000.0,C5H10N2O3S,0,e0
cpd01695_c0,rxn02804,Myristoyl-CoA,cpd00022_c0 + cpd01695_c0 <=> cpd00010_c0 + cpd03114_c0,,-1000.0,1000.0,C35H58N7O17P3S,-4,c0
cpd01695_c0,rxn05736,Myristoyl-CoA,cpd00002_c0 + cpd00010_c0 + cpd03847_c0 --> cpd00012_c0 + cpd00018_c0 + cpd00067_c0 + cpd01695_c0,,0.0,1000.0,C35H58N7O17P3S,-4,c0
cpd01695_c0,rxn10014,Myristoyl-CoA,cpd00004_c0 + cpd00067_c0 + cpd03127_c0 --> cpd00003_c0 + cpd01695_c0,,0.0,1000.0,C35H58N7O17P3S,-4,c0
cpd01695_c0,rxn10212,Myristoyl-CoA,cpd00067_c0 + cpd01695_c0 + cpd15331_c0 --> cpd00010_c0 + cpd15522_c0,,0.0,1000.0,C35H58N7O17P3S,-4,c0
cpd01695_c0,rxn10203,Myristoyl-CoA,cpd00080_c0 + cpd01695_c0 --> cpd00010_c0 + cpd15331_c0,,0.0,1000.0,C35H58N7O17P3S,-4,c0
cpd01695_c0,rxn05457,Myristoyl-CoA,cpd00010_c0 + cpd11466_c0 <=> cpd01695_c0 + cpd11493_c0,,-1000.0,1000.0,C35H58N7O17P3S,-4,c0
cpd02168_c0,rxn01489,Prephytoene diphosphate,2.0 cpd00289_c0 --> cpd00012_c0 + cpd00067_c0 + cpd02168_c0,,0.0,1000.0,C40H66O7P2,-2,c0
cpd02168_c0,rxn02945,Prephytoene diphosphate,cpd02168_c0 --> cpd00012_c0 + cpd00067_c0 + cpd03211_c0,,0.0,1000.0,C40H66O7P2,-2,c0
cpd02168_c0,rxn05031,Prephytoene diphosphate,cpd02168_c0 --> cpd00012_c0 + cpd00067_c0 + cpd03205_c0,,0.0,1000.0,C40H66O7P2,-2,c0
cpd15306_c0,rxn08294,"1,2-Diacyl-sn-glycerol didodecanoyl",cpd00002_c0 + cpd15306_c0 <=> cpd00008_c0 + cpd15521_c0,,-1000.0,1000.0,C27H52O5,0,c0
cpd00794_c0,rxn05026,TRHL,cpd00009_c0 + cpd00794_c0 --> cpd00027_c0 + cpd00089_c0,,0.0,1000.0,C12H22O11,0,c0
cpd00794_c0,rxn00007,TRHL,cpd00001_c0 + cpd00794_c0 --> 2.0 cpd00027_c0,,0.0,1000.0,C12H22O11,0,c0
cpd00794_c0,rxn01134,TRHL,cpd00179_c0 <=> cpd00794_c0,,-1000.0,1000.0,C12H22O11,0,c0
cpd00794_c0,rxn02004,TRHL,cpd00001_c0 + cpd00523_c0 --> cpd00009_c0 + cpd00794_c0,,0.0,1000.0,C12H22O11,0,c0
cpd15677_c0,rxn10214,"1,2-diisoheptadecanoyl-sn-glycerol 3-phosphate",cpd11432_c0 + cpd15671_c0 --> cpd00010_c0 + cpd00067_c0 + cpd15677_c0,,0.0,1000.0,C37H72O8P,-1,c0
cpd15677_c0,rxn10220,"1,2-diisoheptadecanoyl-sn-glycerol 3-phosphate",cpd00052_c0 + cpd15677_c0 <=> cpd00012_c0 + cpd00067_c0 + cpd15683_c0,,-1000.0,1000.0,C37H72O8P,-1,c0
cpd15677_c0,rxn10253,"1,2-diisoheptadecanoyl-sn-glycerol 3-phosphate",cpd00002_c0 + cpd15701_c0 <=> cpd00008_c0 + cpd15677_c0,,-1000.0,1000.0,C37H72O8P,-1,c0
cpd11528_c0,rxn05392,7-methyl-octanoyl-ACP,cpd11492_c0 + cpd11528_c0 --> cpd00011_c0 + cpd11493_c0 + cpd11529_c0,,0.0,1000.0,C20H37N2O8PRS,-1,c0
cpd11528_c0,rxn05440,7-methyl-octanoyl-ACP,cpd00004_c0 + cpd00067_c0 + cpd11527_c0 --> cpd00003_c0 + cpd11528_c0,,0.0,1000.0,C20H37N2O8PRS,-1,c0
cpd02143_c0,rxn02174,"D-Galactono-1,4-lactone",cpd00001_c0 + cpd02143_c0 <=> cpd00067_c0 + cpd00653_c0,,-1000.0,1000.0,C6H10O6,0,c0
cpd02143_c0,ADD_D_Gal14_lac2,"D-Galactono-1,4-lactone",cpd02143_e0 --> cpd02143_c0,,0.0,1000.0,C6H10O6,0,c0
cpd00387_c0,rxn12158,ADPglucose,cpd00008_c0 + cpd00089_c0 <=> cpd00009_c0 + cpd00387_c0,,-1000.0,1000.0,C16H23N5O15P2,-2,c0
cpd00387_c0,rxn08615,ADPglucose,cpd00387_c0 <=> cpd00008_c0 + cpd00155_c0,,-1000.0,1000.0,C16H23N5O15P2,-2,c0
cpd15724_c0,rxn10339,Diisotetradecanoylphosphatidylglycerol,2.0 cpd15724_c0 <=> cpd00100_c0 + cpd15796_c0,,-1000.0,1000.0,C34H66O10P,-1,c0
cpd15724_c0,rxn10267,Diisotetradecanoylphosphatidylglycerol,cpd00001_c0 + cpd15718_c0 --> cpd00009_c0 + cpd00067_c0 + cpd15724_c0,,0.0,1000.0,C34H66O10P,-1,c0
cpd08625_c0,rxn04132,5-Hydroxyisourate,cpd00001_c0 + cpd08625_c0 --> cpd00011_c0 + cpd01567_c0,,0.0,1000.0,C5H4N4O4,0,c0
cpd08625_c0,rxn04133,5-Hydroxyisourate,cpd00001_c0 + cpd08625_c0 --> cpd00011_c0 + cpd01092_c0,,0.0,1000.0,C5H4N4O4,0,c0
cpd11584_c0,rxn12642,Ala-His,cpd00001_c0 + cpd11584_c0 <=> cpd00035_c0 + cpd00119_c0,,-1000.0,1000.0,C9H14N4O3,0,c0
cpd11584_c0,rxn05543,Ala-His,cpd00001_c0 + cpd00002_c0 + cpd11584_e0 --> cpd00008_c0 + cpd00009_c0 + cpd00067_c0 + cpd11584_c0,,0.0,1000.0,C9H14N4O3,0,c0
cpd02333_c0,rxn02402,Quinolinate,cpd00067_c0 + cpd00103_c0 + cpd02333_c0 --> cpd00011_c0 + cpd00012_c0 + cpd00873_c0,,0.0,1000.0,C7H3NO4,-2,c0
cpd02333_c0,rxn02988,Quinolinate,cpd00095_c0 + cpd03470_c0 --> 2.0 cpd00001_c0 + cpd00009_c0 + cpd00067_c0 + cpd02333_c0,,0.0,1000.0,C7H3NO4,-2,c0
cpd00146_c0,rxn00114,Carbamoylphosphate,cpd00002_c0 + cpd00011_c0 + cpd00013_c0 <=> cpd00008_c0 + 2.0 cpd00067_c0 + cpd00146_c0,,-1000.0,1000.0,CH2NO5P,-2,c0
cpd00146_c0,rxn01018,Carbamoylphosphate,cpd00041_c0 + cpd00146_c0 --> cpd00009_c0 + cpd00067_c0 + cpd00343_c0,,0.0,1000.0,CH2NO5P,-2,c0
cpd00146_c0,rxn00414,Carbamoylphosphate,cpd00001_c0 + 2.0 cpd00002_c0 + cpd00053_c0 + cpd00242_c0 --> 2.0 cpd00008_c0 + cpd00009_c0 + cpd00023_c0 + 2.0 cpd00067_c0 + cpd00146_c0,,0.0,1000.0,CH2NO5P,-2,c0
cpd00146_c0,rxn01019,Carbamoylphosphate,cpd00064_c0 + cpd00146_c0 <=> cpd00009_c0 + cpd00067_c0 + cpd00274_c0,,-1000.0,1000.0,CH2NO5P,-2,c0
cpd01997_c0,rxn02897,Dimethylbenzimidazole,cpd00873_c0 + cpd01997_c0 <=> cpd00067_c0 + cpd00218_c0 + cpd02904_c0,,-1000.0,1000.0,C9H10N2,0,c0
cpd00340_c0,ADD_GALA7,"2,5-Dioxopentanoate",cpd00001_c0 + cpd00006_c0 + cpd00340_c0 <=> cpd00005_c0 + cpd00024_c0 + 2.0 cpd00067_c0,,-1000.0,1000.0,C5H5O4,-1,c0
cpd00340_c0,rxn01634,"2,5-Dioxopentanoate",cpd00067_c0 + cpd00515_c0 <=> cpd00001_c0 + cpd00011_c0 + cpd00340_c0,,-1000.0,1000.0,C5H5O4,-1,c0
cpd00162_e0,rxn05551,Aminoethanol,cpd00067_e0 + cpd00162_e0 <=> cpd00067_c0 + cpd00162_c0,,-1000.0,1000.0,C2H8NO,1,e0
cpd00162_e0,EXpd00162,Aminoethanol,cpd00162_e0 --> ,,0.0,1000.0,C2H8NO,1,e0
cpd00139_c0,rxn00333,Glycolate,cpd00007_c0 + cpd00139_c0 --> cpd00025_c0 + cpd00040_c0,,0.0,1000.0,C2H3O3,-1,c0
cpd00139_c0,rxn08656,Glycolate,cpd00139_c0 + cpd15500_c0 --> cpd00040_c0 + cpd15499_c0,,0.0,1000.0,C2H3O3,-1,c0
cpd00139_c0,rxn08653,Glycolate,cpd00067_e0 + cpd00139_e0 <=> cpd00067_c0 + cpd00139_c0,,-1000.0,1000.0,C2H3O3,-1,c0
cpd00139_c0,rxn08655,Glycolate,cpd00139_c0 + cpd15560_c0 --> cpd00040_c0 + cpd15561_c0,,0.0,0.0,C2H3O3,-1,c0
cpd00139_c0,rxn00979,Glycolate,cpd00001_c0 + cpd00003_c0 + cpd00229_c0 --> cpd00004_c0 + 2.0 cpd00067_c0 + cpd00139_c0,,0.0,1000.0,C2H3O3,-1,c0
cpd00139_c0,rxn08657,Glycolate,cpd00139_c0 + cpd15352_c0 --> cpd00040_c0 + cpd15353_c0,,0.0,1000.0,C2H3O3,-1,c0
cpd00139_c0,rxn00980,Glycolate,cpd00001_c0 + cpd00727_c0 --> cpd00009_c0 + cpd00139_c0,,0.0,1000.0,C2H3O3,-1,c0
cpd03674_c0,rxn02608,2-Dehydro-3-deoxy-D-fuconate,cpd01161_c0 --> cpd00001_c0 + cpd03674_c0,,0.0,1000.0,C6H9O5,-1,c0
cpd03674_c0,rxn02210,2-Dehydro-3-deoxy-D-fuconate,cpd03674_c0 --> cpd00020_c0 + cpd00693_c0,,0.0,1000.0,C6H9O5,-1,c0
cpd11552_c0,rxn05446,6-methyl-trans-hept-2-enoyl-ACP,cpd00004_c0 + cpd00067_c0 + cpd11552_c0 --> cpd00003_c0 + cpd11553_c0,,0.0,1000.0,C19H33N2O8PRS,-1,c0
cpd11591_e0,EXpd11591,Gly-Met,cpd11591_e0 --> ,,0.0,1000.0,C7H14N2O3S,0,e0
cpd11591_e0,rxn05535,Gly-Met,cpd00001_c0 + cpd00002_c0 + cpd11591_e0 --> cpd00008_c0 + cpd00009_c0 + cpd00067_c0 + cpd11591_c0,,0.0,1000.0,C7H14N2O3S,0,e0
cpd15419_c0,rxn08309,"CDP-1,2-dihexadecanoylglycerol",cpd00052_c0 + cpd15524_c0 <=> cpd00012_c0 + cpd00067_c0 + cpd15419_c0,,-1000.0,1000.0,C44H79N3O15P2,-2,c0
cpd15419_c0,rxn09111,"CDP-1,2-dihexadecanoylglycerol",cpd00080_c0 + cpd15419_c0 <=> cpd00046_c0 + cpd15545_c0,,-1000.0,1000.0,C44H79N3O15P2,-2,c0
cpd15419_c0,rxn09208,"CDP-1,2-dihexadecanoylglycerol",cpd00054_c0 + cpd15419_c0 --> cpd00046_c0 + 2.0 cpd00067_c0 + cpd15555_c0,,0.0,1000.0,C44H79N3O15P2,-2,c0
cpd11540_c0,rxn05453,13-methyl-tetra-decanoyl-ACP,cpd00010_c0 + cpd11540_c0 <=> cpd11437_c0 + cpd11493_c0,,-1000.0,1000.0,C26H49N2O8PRS,-2,c0
cpd11540_c0,rxn05443,13-methyl-tetra-decanoyl-ACP,cpd00004_c0 + cpd00067_c0 + cpd11539_c0 --> cpd00003_c0 + cpd11540_c0,,0.0,1000.0,C26H49N2O8PRS,-2,c0
cpd11540_c0,rxn05404,13-methyl-tetra-decanoyl-ACP,cpd00067_c0 + cpd11492_c0 + cpd11540_c0 --> cpd00011_c0 + cpd11493_c0 + cpd11541_c0,,0.0,1000.0,C26H49N2O8PRS,-2,c0
cpd15345_c0,rxn08847,2-Acyl-sn-glycero-3-phosphoglycerol tetradec-7-enoyl,cpd00001_c0 + cpd15345_c0 --> cpd00067_c0 + cpd02090_c0 + cpd15298_c0,,0.0,1000.0,C20H38O9P,-1,c0
cpd02230_c0,rxn00882,Inositol 4-phosphate,cpd00001_c0 + cpd02230_c0 --> cpd00009_c0 + cpd00121_c0,,0.0,1000.0,C6H11O9P,-2,c0
cpd00350_c0,rxn01486,Farnesyldiphosphate,cpd00113_c0 + cpd00350_c0 --> cpd00012_c0 + cpd00067_c0 + cpd00289_c0,,0.0,1000.0,C15H26O7P2,-2,c0
cpd00350_c0,rxn03843,Farnesyldiphosphate,cpd00113_c0 + cpd00350_c0 --> cpd00012_c0 + cpd00067_c0 + cpd08211_c0,,0.0,1000.0,C15H26O7P2,-2,c0
cpd00350_c0,rxn01466,Farnesyldiphosphate,cpd00113_c0 + cpd00283_c0 --> cpd00012_c0 + cpd00067_c0 + cpd00350_c0,,0.0,1000.0,C15H26O7P2,-2,c0
cpd06707_c0,rxn03869,Benzamide,cpd00001_c0 + cpd06707_c0 --> cpd00013_c0 + cpd00153_c0,,0.0,1000.0,C7H7NO,0,c0
cpd03447_c0,rxn12224,"2-Octaprenyl-6-methoxy-1,4-benzoquinone",cpd00007_c0 + cpd03446_c0 --> cpd00001_c0 + cpd03447_c0,,0.0,1000.0,C47H70O3,0,c0
cpd03447_c0,rxn03397,"2-Octaprenyl-6-methoxy-1,4-benzoquinone",cpd00017_c0 + cpd03447_c0 --> cpd00019_c0 + cpd00067_c0 + cpd03448_c0,,0.0,1000.0,C47H70O3,0,c0
cpd03205_c0,rxn05031,Phytoene,cpd02168_c0 --> cpd00012_c0 + cpd00067_c0 + cpd03205_c0,,0.0,1000.0,C40H64,0,c0
cpd03121_c0,rxn03248,3-Oxooctanoyl-CoA,cpd00022_c0 + cpd03124_c0 <=> cpd00010_c0 + cpd03121_c0,,-1000.0,1000.0,C29H44N7O18P3S,-4,c0
cpd03121_c0,rxn03246,3-Oxooctanoyl-CoA,cpd00003_c0 + cpd03120_c0 <=> cpd00004_c0 + cpd00067_c0 + cpd03121_c0,,-1000.0,1000.0,C29H44N7O18P3S,-4,c0
cpd15317_c0,rxn08807,1-Acyl-sn-glycero-3-phosphoethanolamine hexadec-9-enoyl,cpd00001_c0 + cpd15317_c0 <=> cpd00067_c0 + cpd00908_c0 + cpd15237_c0,,-1000.0,1000.0,C21H42NO7P,0,c0
cpd11570_c0,rxn05460,3-Oxooctodecanoyl-ACP,cpd00067_c0 + cpd11476_c0 + cpd11492_c0 --> cpd00011_c0 + cpd11493_c0 + cpd11570_c0,,0.0,1000.0,C29H53N2O9PRS,-1,c0
cpd11570_c0,rxn05461,3-Oxooctodecanoyl-ACP,cpd00005_c0 + cpd00067_c0 + cpd11570_c0 <=> cpd00006_c0 + cpd11571_c0,,-1000.0,1000.0,C29H53N2O9PRS,-1,c0
cpd00101_c0,rxn00775,ribose-5-phosphate,cpd00001_c0 + cpd00251_c0 --> cpd00018_c0 + 2.0 cpd00067_c0 + cpd00101_c0,,0.0,1000.0,C5H9O8P,-2,c0
cpd00101_c0,rxn01200,ribose-5-phosphate,cpd00102_c0 + cpd00238_c0 <=> cpd00101_c0 + cpd00198_c0,,-1000.0,1000.0,C5H9O8P,-2,c0
cpd00101_c0,rxn00776,ribose-5-phosphate,cpd00092_c0 + cpd00101_c0 --> cpd00001_c0 + cpd00859_c0,,0.0,1000.0,C5H9O8P,-2,c0
cpd00101_c0,rxn00778,ribose-5-phosphate,cpd00475_c0 <=> cpd00101_c0,,-1000.0,1000.0,C5H9O8P,-2,c0
cpd00101_c0,rxn00777,ribose-5-phosphate,cpd00101_c0 <=> cpd00171_c0,,-1000.0,1000.0,C5H9O8P,-2,c0
cpd00101_c0,rxn00131,ribose-5-phosphate,cpd00001_c0 + cpd00018_c0 <=> cpd00101_c0 + cpd00128_c0,,-1000.0,1000.0,C5H9O8P,-2,c0
cpd00101_c0,rxn00770,ribose-5-phosphate,cpd00002_c0 + cpd00101_c0 <=> cpd00018_c0 + cpd00067_c0 + cpd00103_c0,,-1000.0,1000.0,C5H9O8P,-2,c0
cpd00098_e0,EXpd00098,Choline,cpd00098_e0 --> ,,0.0,1000.0,C5H14NO,1,e0
cpd00098_e0,rxn09692,Choline,cpd00067_e0 + cpd00098_e0 <=> cpd00067_c0 + cpd00098_c0,,-1000.0,1000.0,C5H14NO,1,e0
cpd02465_c0,rxn02928,tetrahydrodipicolinate,cpd00004_c0 + cpd00067_c0 + cpd02120_c0 --> cpd00001_c0 + cpd00003_c0 + cpd02465_c0,,0.0,1000.0,C7H7NO4,-2,c0
cpd02465_c0,rxn03012,tetrahydrodipicolinate,cpd02414_c0 --> cpd00001_c0 + cpd00067_c0 + cpd02465_c0,,0.0,1000.0,C7H7NO4,-2,c0
cpd02465_c0,rxn03031,tetrahydrodipicolinate,cpd00010_c0 + cpd02724_c0 <-- cpd00001_c0 + cpd00078_c0 + cpd02465_c0,,-1000.0,0.0,C7H7NO4,-2,c0
cpd00070_c0,rxn00533,Malonyl-CoA,cpd00002_c0 + cpd00022_c0 + cpd00242_c0 <=> cpd00008_c0 + cpd00009_c0 + cpd00067_c0 + cpd00070_c0,,-1000.0,1000.0,C24H33N7O19P3S,-5,c0
cpd00070_c0,rxn06673,Malonyl-CoA,cpd00022_c0 + cpd12543_c0 --> cpd00070_c0 + cpd12848_c0,,0.0,1000.0,C24H33N7O19P3S,-5,c0
cpd00070_c0,rxn05465,Malonyl-CoA,cpd00067_c0 + cpd00070_c0 + cpd11493_c0 <=> cpd00010_c0 + cpd11492_c0,,-1000.0,1000.0,C24H33N7O19P3S,-5,c0
cpd11439_c0,rxn05248,fa4coa,cpd00002_c0 + cpd00010_c0 + cpd11438_c0 --> cpd00012_c0 + cpd00018_c0 + cpd11439_c0,,0.0,1000.0,C36H61N7O17P3S,-3,c0
cpd11439_c0,rxn05451,fa4coa,cpd00010_c0 + cpd11515_c0 <=> cpd11439_c0 + cpd11493_c0,,-1000.0,1000.0,C36H61N7O17P3S,-3,c0
cpd11439_c0,rxn10209,fa4coa,cpd00080_c0 + cpd11439_c0 --> cpd00010_c0 + cpd15675_c0,,0.0,1000.0,C36H61N7O17P3S,-3,c0
cpd11439_c0,rxn10218,fa4coa,cpd11439_c0 + cpd15675_c0 --> cpd00010_c0 + cpd00067_c0 + cpd15681_c0,,0.0,1000.0,C36H61N7O17P3S,-3,c0
cpd03091_c0,EXpd03091,5'-Deoxyadenosine,cpd03091_c0 --> ,,0.0,1000.0,C10H13N5O3,0,c0
cpd03091_c0,rxn42709,5'-Deoxyadenosine,cpd00005_c0 + cpd00017_c0 + cpd00069_c0 --> cpd00006_c0 + cpd00060_c0 + cpd01042_c0 + cpd03091_c0 + cpd14545_c0,,0.0,1000.0,C10H13N5O3,0,c0
cpd03091_c0,rxn04704,5'-Deoxyadenosine,2.0 cpd00017_c0 + cpd02083_c0 <=> 2.0 cpd00011_c0 + 2.0 cpd00060_c0 + cpd00791_c0 + 2.0 cpd03091_c0,,-1000.0,1000.0,C10H13N5O3,0,c0
cpd03091_c0,rxn08180,5'-Deoxyadenosine,cpd00017_c0 + cpd00074_c0 + cpd01311_c0 --> cpd00060_c0 + cpd00067_c0 + cpd00104_c0 + cpd03091_c0,,0.0,1000.0,C10H13N5O3,0,c0
cpd00223_c0,rxn01280,Glycerate,cpd00003_c0 + cpd00223_c0 <=> cpd00004_c0 + cpd00067_c0 + cpd00843_c0,,-1000.0,1000.0,C3H5O4,-1,c0
cpd00223_c0,rxn01286,Glycerate,cpd00001_c0 + cpd00003_c0 + cpd00448_c0 --> cpd00004_c0 + 2.0 cpd00067_c0 + cpd00223_c0,,0.0,1000.0,C3H5O4,-1,c0
cpd00223_c0,rxn01102,Glycerate,cpd00002_c0 + cpd00223_c0 <=> cpd00008_c0 + cpd00067_c0 + cpd00169_c0,,-1000.0,1000.0,C3H5O4,-1,c0
cpd00223_c0,rxn01281,Glycerate,cpd00006_c0 + cpd00223_c0 <=> cpd00005_c0 + cpd00067_c0 + cpd00843_c0,,-1000.0,1000.0,C3H5O4,-1,c0
cpd15417_c0,rxn09205,"CDP-1,2-didodecanoylglycerol",cpd00054_c0 + cpd15417_c0 --> cpd00046_c0 + 2.0 cpd00067_c0 + cpd15552_c0,,0.0,1000.0,C36H63N3O15P2,-2,c0
cpd15417_c0,rxn08306,"CDP-1,2-didodecanoylglycerol",cpd00052_c0 + cpd15521_c0 <=> cpd00012_c0 + cpd00067_c0 + cpd15417_c0,,-1000.0,1000.0,C36H63N3O15P2,-2,c0
cpd15417_c0,rxn09108,"CDP-1,2-didodecanoylglycerol",cpd00080_c0 + cpd15417_c0 <=> cpd00046_c0 + cpd15542_c0,,-1000.0,1000.0,C36H63N3O15P2,-2,c0
cpd00314_e0,EXpd00314,D-Mannitol,cpd00314_e0 --> ,,0.0,1000.0,C6H14O6,0,e0
cpd00314_e0,rxn05617,D-Mannitol,cpd00061_c0 + cpd00314_e0 <=> cpd00020_c0 + cpd00491_c0,,-1000.0,1000.0,C6H14O6,0,e0
cpd00932_c0,rxn01255,5-O--1-Carboxyvinyl-3-phosphoshikimate,cpd00932_c0 --> cpd00009_c0 + cpd00216_c0,,0.0,1000.0,C10H9O10P,-4,c0
cpd00932_c0,rxn02476,5-O--1-Carboxyvinyl-3-phosphoshikimate,cpd00061_c0 + cpd02030_c0 <=> cpd00009_c0 + cpd00932_c0,,-1000.0,1000.0,C10H9O10P,-4,c0
cpd02740_c0,rxn00303,"Guanosine 5'-triphosphate,3'-diphosphate",cpd00002_c0 + cpd00038_c0 <=> cpd00018_c0 + 2.0 cpd00067_c0 + cpd02740_c0,,-1000.0,1000.0,C10H12N5O20P5,-6,c0
cpd02740_c0,rxn02449,"Guanosine 5'-triphosphate,3'-diphosphate",cpd00001_c0 + cpd02740_c0 --> cpd00009_c0 + cpd00067_c0 + cpd00905_c0,,0.0,1000.0,C10H12N5O20P5,-6,c0
cpd00515_c0,rxn46941,5-Dehydro-4-deoxy-D-glucarate,cpd33909_c0 --> cpd00067_c0 + cpd00515_c0,,0.0,1000.0,C6H6O7,-2,c0
cpd00515_c0,rxn01634,5-Dehydro-4-deoxy-D-glucarate,cpd00067_c0 + cpd00515_c0 <=> cpd00001_c0 + cpd00011_c0 + cpd00340_c0,,-1000.0,1000.0,C6H6O7,-2,c0
cpd00214_e0,EXpd00214,Palmitate,cpd00214_e0 --> ,,0.0,1000.0,C16H31O2,-1,e0
cpd00214_e0,rxn10162,Palmitate,cpd00067_e0 + cpd00214_e0 <=> cpd00067_c0 + cpd00214_c0,,-1000.0,1000.0,C16H31O2,-1,e0
cpd15354_c0,rxn08821,2-hexadec-9-enoyl-sn-glycerol 3-phosphate,cpd00001_c0 + cpd15354_c0 <=> 2.0 cpd00067_c0 + cpd00080_c0 + cpd15237_c0,,-1000.0,1000.0,C19H36O7P,-1,c0
cpd15794_c0,rxn10337,Isoheptadecanoylcardiolipin (B. subtilis),2.0 cpd15722_c0 <=> cpd00100_c0 + cpd15794_c0,,-1000.0,1000.0,C77H148O17P2,-2,c0
cpd11518_c0,rxn05381,14-methyl-trans-hexa-dec-2-enoyl-ACP,cpd11517_c0 --> cpd00001_c0 + cpd11518_c0,,0.0,1000.0,C28H51N2O8PRS,-1,c0
cpd11518_c0,rxn05438,14-methyl-trans-hexa-dec-2-enoyl-ACP,cpd00004_c0 + cpd00067_c0 + cpd11518_c0 --> cpd00003_c0 + cpd11519_c0,,0.0,1000.0,C28H51N2O8PRS,-1,c0
cpd00341_c0,rxn00853,N-Carbamoylputrescine,cpd00001_c0 + 2.0 cpd00067_c0 + cpd00341_c0 --> cpd00011_c0 + cpd00013_c0 + cpd00118_c0,,0.0,1000.0,C5H14N3O,1,c0
cpd00341_c0,rxn01029,N-Carbamoylputrescine,cpd00001_c0 + cpd00152_c0 --> cpd00013_c0 + cpd00341_c0,,0.0,1000.0,C5H14N3O,1,c0
cpd03445_c0,rxn03394,2-Octaprenyl-6-hydroxyphenol,cpd00005_c0 + cpd00007_c0 + cpd00067_c0 + cpd03444_c0 --> cpd00001_c0 + cpd00006_c0 + cpd03445_c0,,0.0,1000.0,C46H70O2,0,c0
cpd03445_c0,rxn03395,2-Octaprenyl-6-hydroxyphenol,cpd00017_c0 + cpd03445_c0 <=> cpd00019_c0 + cpd00067_c0 + cpd03446_c0,,-1000.0,1000.0,C46H70O2,0,c0
cpd03113_c0,rxn03240,(S)-3-Hydroxyhexadecanoyl-CoA,cpd03113_c0 <=> cpd00001_c0 + cpd03126_c0,,-1000.0,1000.0,C37H62N7O18P3S,-4,c0
cpd03113_c0,rxn03239,(S)-3-Hydroxyhexadecanoyl-CoA,cpd00003_c0 + cpd03113_c0 <=> cpd00004_c0 + cpd00067_c0 + cpd03114_c0,,-1000.0,1000.0,C37H62N7O18P3S,-4,c0
cpd15355_c0,rxn08820,2-hexadecanoyl-sn-glycerol 3-phosphate,cpd00001_c0 + cpd15355_c0 <=> 2.0 cpd00067_c0 + cpd00080_c0 + cpd00214_c0,,-1000.0,1000.0,C19H38O7P,-1,c0
cpd00179_e0,rxn05607,Maltose,cpd00061_c0 + cpd00179_e0 <=> cpd00020_c0 + cpd01919_c0,,-1000.0,1000.0,C12H22O11,0,e0
cpd00179_e0,rxn05170,Maltose,cpd00001_c0 + cpd00002_c0 + cpd00179_e0 --> cpd00008_c0 + cpd00009_c0 + cpd00067_c0 + cpd00179_c0,,0.0,1000.0,C12H22O11,0,e0
cpd00179_e0,EXpd00179,Maltose,cpd00179_e0 --> ,,0.0,1000.0,C12H22O11,0,e0
cpd19178_c0,ADD_D_Glucopyranuronate3,D-Glucuronic acid,cpd00164_c0 <=> cpd19178_c0,,-1000.0,1000.0,C6H9O7,-1,c0
cpd19178_c0,ADD_D_Glucopyranuronate4,D-Glucuronic acid,cpd00005_c0 + cpd00067_c0 + cpd19178_c0 <=> cpd00006_c0 + cpd00594_c0,,-1000.0,1000.0,C6H9O7,-1,c0
cpd00023_c0,rxn01575,L-Glutamate,cpd00024_c0 + cpd00322_c0 <=> cpd00023_c0 + cpd00508_c0,,-1000.0,1000.0,C5H8NO4,-1,c0
cpd00023_c0,rxn00527,L-Glutamate,cpd00024_c0 + cpd00069_c0 <=> cpd00023_c0 + cpd00868_c0,,-1000.0,1000.0,C5H8NO4,-1,c0
cpd00023_c0,rxn00183,L-Glutamate,cpd00001_c0 + cpd00003_c0 + cpd00858_c0 --> cpd00004_c0 + cpd00023_c0 + 2.0 cpd00067_c0,,0.0,1000.0,C5H8NO4,-1,c0
cpd00023_c0,rxn03084,L-Glutamate,cpd00001_c0 + cpd00002_c0 + cpd00053_c0 + cpd02678_c0 --> cpd00008_c0 + cpd00009_c0 + cpd00023_c0 + cpd00067_c0 + cpd02826_c0,,0.0,1000.0,C5H8NO4,-1,c0
cpd00023_c0,rxn00350,L-Glutamate,cpd00001_c0 + cpd00042_c0 <=> cpd00023_c0 + cpd01017_c0,,-1000.0,1000.0,C5H8NO4,-1,c0
cpd00023_c0,rxn06937,L-Glutamate,cpd00002_c0 + cpd00023_c0 + cpd00067_c0 + cpd11912_c0 --> cpd00012_c0 + cpd00018_c0 + cpd12227_c0,,0.0,1000.0,C5H8NO4,-1,c0
cpd00023_c0,rxn00182,L-Glutamate,cpd00001_c0 + cpd00003_c0 + cpd00023_c0 <=> cpd00004_c0 + cpd00013_c0 + cpd00024_c0 + cpd00067_c0,,-1000.0,1000.0,C5H8NO4,-1,c0
cpd00023_c0,rxn03135,L-Glutamate,cpd00053_c0 + cpd02991_c0 --> cpd00023_c0 + cpd00067_c0 + cpd02843_c0 + cpd02851_c0,,0.0,1000.0,C5H8NO4,-1,c0
cpd00023_c0,R00093,L-Glutamate,cpd00003_c0 + 2.0 cpd00023_c0 --> cpd00004_c0 + cpd00024_c0 + cpd00053_c0 + cpd00067_c0,,0.0,1000.0,C5H8NO4,-1,c0
cpd00023_c0,rxn12640,L-Glutamate,cpd00001_c0 + cpd11586_c0 <=> cpd00023_c0 + cpd00035_c0,,-1000.0,1000.0,C5H8NO4,-1,c0
cpd00023_c0,rxn00291,L-Glutamate,cpd00001_c0 + cpd03525_c0 <=> cpd00023_c0 + cpd00036_c0,,-1000.0,1000.0,C5H8NO4,-1,c0
cpd00023_c0,rxn00917,L-Glutamate,cpd00001_c0 + cpd00002_c0 + cpd00053_c0 + cpd00497_c0 --> cpd00012_c0 + cpd00018_c0 + cpd00023_c0 + 3.0 cpd00067_c0 + cpd00126_c0,,0.0,1000.0,C5H8NO4,-1,c0
cpd00023_c0,rxn01257,L-Glutamate,cpd00053_c0 + cpd00216_c0 <=> cpd00023_c0 + cpd08210_c0,,-1000.0,1000.0,C5H8NO4,-1,c0
cpd00023_c0,rxn01210,L-Glutamate,cpd00002_c0 + cpd00023_c0 + cpd00201_c0 --> cpd00008_c0 + cpd00009_c0 + cpd00067_c0 + cpd03524_c0,,0.0,1000.0,C5H8NO4,-1,c0
cpd00023_c0,ADD_5oxpro3,L-Glutamate,2.0 cpd00001_c0 + cpd00002_c0 + cpd01293_c0 --> cpd00008_c0 + cpd00009_c0 + cpd00023_c0 + cpd00067_c0,,0.0,1000.0,C5H8NO4,-1,c0
cpd00023_c0,rxn02914,L-Glutamate,cpd00024_c0 + cpd00738_c0 <=> cpd00023_c0 + cpd02069_c0,,-1000.0,1000.0,C5H8NO4,-1,c0
cpd00023_c0,rxn06979,L-Glutamate,2.0 cpd00001_c0 + 2.0 cpd00002_c0 + 2.0 cpd00053_c0 + cpd03421_c0 <=> 2.0 cpd00008_c0 + 2.0 cpd00009_c0 + 2.0 cpd00023_c0 + 2.0 cpd00067_c0 + cpd03914_c0,,-1000.0,1000.0,C5H8NO4,-1,c0
cpd00023_c0,rxn02792,L-Glutamate,cpd00023_c0 + cpd00067_c0 + cpd01651_c0 --> cpd00001_c0 + cpd00011_c0 + cpd03646_c0,,0.0,1000.0,C5H8NO4,-1,c0
cpd00023_c0,rxn00193,L-Glutamate,cpd00023_c0 <=> cpd00186_c0,,-1000.0,1000.0,C5H8NO4,-1,c0
cpd00023_c0,rxn00493,L-Glutamate,cpd00024_c0 + cpd00066_c0 <=> cpd00023_c0 + cpd00143_c0,,-1000.0,1000.0,C5H8NO4,-1,c0
cpd00023_c0,rxn00646,L-Glutamate,cpd00002_c0 + cpd00023_c0 + cpd00084_c0 --> cpd00008_c0 + cpd00009_c0 + cpd00067_c0 + cpd00506_c0,,0.0,1000.0,C5H8NO4,-1,c0
cpd00023_c0,rxn00790,L-Glutamate,cpd00001_c0 + cpd00053_c0 + cpd00103_c0 --> cpd00012_c0 + cpd00023_c0 + cpd00067_c0 + cpd01982_c0,,0.0,1000.0,C5H8NO4,-1,c0
cpd00023_c0,rxn03445,L-Glutamate,cpd00024_c0 + cpd03607_c0 <=> cpd00023_c0 + cpd03606_c0,,-1000.0,1000.0,C5H8NO4,-1,c0
cpd00023_c0,rxn00260,L-Glutamate,cpd00024_c0 + cpd00041_c0 <=> cpd00023_c0 + cpd00032_c0,,-1000.0,1000.0,C5H8NO4,-1,c0
cpd00023_c0,rxn11544,L-Glutamate,cpd00001_c0 + 2.0 cpd00002_c0 + 2.0 cpd00053_c0 + cpd03832_c0 <=> 2.0 cpd00008_c0 + cpd00012_c0 + 2.0 cpd00023_c0 + cpd00067_c0 + cpd03913_c0,,-1000.0,1000.0,C5H8NO4,-1,c0
cpd00023_c0,rxn03087,L-Glutamate,cpd00024_c0 + cpd02698_c0 <=> cpd00023_c0 + cpd02724_c0,,-1000.0,1000.0,C5H8NO4,-1,c0
cpd00023_c0,biomass0,L-Glutamate,0.169975 cpd00002_c0 + 0.00215 cpd00003_c0 + 5e-05 cpd00004_c0 + 0.0004 cpd00005_c0 + 0.00013 cpd00006_c0 + 6e-06 cpd00010_c0 + 1e-05 cpd00015_c0 + 5e-05 cpd00022_c0 + 0.25 cpd00023_c0 + 0.003 cpd00026_c0 + 1e-06 cpd00028_c0 + 0.496 cpd00033_c0 + 0.499 cpd00035_c0 + 0.203 cpd00038_c0 + 0.431 cpd00039_c0 + 0.245 cpd00041_c0 + 0.121 cpd00051_c0 + 0.126 cpd00052_c0 + 0.25 cpd00053_c0 + 0.29 cpd00054_c0 + 0.116 cpd00060_c0 + 0.136 cpd00062_c0 + 0.054 cpd00065_c0 + 0.199 cpd00066_c0 + 0.138 cpd00069_c0 + 3e-06 cpd00078_c0 + 0.087 cpd00084_c0 + 0.428 cpd00107_c0 + 0.01814 cpd00115_c0 + 0.035 cpd00118_c0 + 0.145 cpd00119_c0 + 0.541 cpd00129_c0 + 0.245 cpd00132_c0 + 0.154 cpd00155_c0 + 0.42 cpd00156_c0 + 0.436 cpd00161_c0 + 0.000223 cpd00201_c0 + 0.0254 cpd00241_c0 + 0.0089 cpd00264_c0 + 0.213 cpd00322_c0 + 0.000223 cpd00345_c0 + 0.0254 cpd00356_c0 + 0.01814 cpd00357_c0 + 0.000142 cpd11652_c0 + 0.000216 cpd12801_c0 + 0.000701 cpd15432_c0 + 0.00276 cpd15665_c0 + 0.00192 cpd16083_c0 + 4.3e-05 cpd16093_c0 --> biomass_c0 + 5.604 cpd00001_c0 + 0.08708 cpd00009_c0 + 0.634975 cpd00012_c0,,0.0,1000.0,C5H8NO4,-1,c0
cpd00023_c0,rxn00184,L-Glutamate,cpd00001_c0 + cpd00006_c0 + cpd00023_c0 <=> cpd00005_c0 + cpd00013_c0 + cpd00024_c0 + cpd00067_c0,,-1000.0,1000.0,C5H8NO4,-1,c0
cpd00023_c0,rxn00412,L-Glutamate,cpd00001_c0 + cpd00002_c0 + cpd00053_c0 + cpd00062_c0 --> cpd00008_c0 + cpd00009_c0 + cpd00023_c0 + cpd00052_c0 + 2.0 cpd00067_c0,,0.0,1000.0,C5H8NO4,-1,c0
cpd00023_c0,rxn00903,L-Glutamate,cpd00024_c0 + cpd00156_c0 <=> cpd00023_c0 + cpd00123_c0,,-1000.0,1000.0,C5H8NO4,-1,c0
cpd00023_c0,rxn05297,L-Glutamate,cpd00023_e0 + cpd00067_e0 <=> cpd00023_c0 + cpd00067_c0,,-1000.0,1000.0,C5H8NO4,-1,c0
cpd00023_c0,rxn01631,L-Glutamate,cpd00024_c0 + cpd00339_c0 <=> cpd00023_c0 + cpd02089_c0,,-1000.0,1000.0,C5H8NO4,-1,c0
cpd00023_c0,rxn12634,L-Glutamate,cpd00001_c0 + cpd11592_c0 <=> cpd00023_c0 + cpd00033_c0,,-1000.0,1000.0,C5H8NO4,-1,c0
cpd00023_c0,rxn00191,L-Glutamate,cpd00024_c0 + cpd00035_c0 <=> cpd00020_c0 + cpd00023_c0,,-1000.0,1000.0,C5H8NO4,-1,c0
cpd00023_c0,rxn02320,L-Glutamate,cpd00024_c0 + cpd00807_c0 <=> cpd00023_c0 + cpd00930_c0,,-1000.0,1000.0,C5H8NO4,-1,c0
cpd00023_c0,rxn05146,L-Glutamate,cpd00001_c0 + cpd00002_c0 + cpd00023_e0 --> cpd00008_c0 + cpd00009_c0 + cpd00023_c0 + cpd00067_c0,,0.0,1000.0,C5H8NO4,-1,c0
cpd00023_c0,rxn00085,L-Glutamate,cpd00006_c0 + 2.0 cpd00023_c0 <-- cpd00005_c0 + cpd00024_c0 + cpd00053_c0 + cpd00067_c0,,-1000.0,0.0,C5H8NO4,-1,c0
cpd00023_c0,rxn00179,L-Glutamate,cpd00002_c0 + cpd00023_c0 <=> cpd00008_c0 + cpd02097_c0,,-1000.0,1000.0,C5H8NO4,-1,c0
cpd00023_c0,rxn01204,L-Glutamate,cpd00024_c0 + cpd00281_c0 <=> cpd00023_c0 + cpd00199_c0,,-1000.0,1000.0,C5H8NO4,-1,c0
cpd00023_c0,rxn01637,L-Glutamate,cpd00023_c0 + cpd00918_c0 --> cpd00024_c0 + cpd00342_c0,,0.0,1000.0,C5H8NO4,-1,c0
cpd00023_c0,rxn02944,L-Glutamate,cpd00024_c0 + cpd02160_c0 <=> cpd00023_c0 + cpd03526_c0,,-1000.0,1000.0,C5H8NO4,-1,c0
cpd00023_c0,rxn00689,L-Glutamate,cpd00002_c0 + cpd00023_c0 + cpd00087_c0 --> cpd00008_c0 + cpd00009_c0 + cpd00067_c0 + cpd06227_c0,,0.0,1000.0,C5H8NO4,-1,c0
cpd00023_c0,rxn00416,L-Glutamate,cpd00001_c0 + cpd00002_c0 + cpd00041_c0 + cpd00053_c0 --> cpd00012_c0 + cpd00018_c0 + cpd00023_c0 + 2.0 cpd00067_c0 + cpd00132_c0,,0.0,1000.0,C5H8NO4,-1,c0
cpd00023_c0,rxn00555,L-Glutamate,cpd00053_c0 + cpd00072_c0 <=> cpd00023_c0 + cpd00288_c0,,-1000.0,1000.0,C5H8NO4,-1,c0
cpd00023_c0,rxn05298,L-Glutamate,cpd00023_e0 + cpd00971_e0 <=> cpd00023_c0 + cpd00971_c0,,-1000.0,1000.0,C5H8NO4,-1,c0
cpd00023_c0,rxn02791,L-Glutamate,cpd00023_c0 + cpd01651_c0 <=> cpd00001_c0 + cpd03407_c0,,-1000.0,1000.0,C5H8NO4,-1,c0
cpd00023_c0,rxn02339,L-Glutamate,cpd00024_c0 + cpd01974_c0 <=> cpd00023_c0 + cpd00830_c0,,-1000.0,1000.0,C5H8NO4,-1,c0
cpd00023_c0,rxn00727,L-Glutamate,cpd00053_c0 + cpd00216_c0 --> cpd00020_c0 + cpd00023_c0 + cpd00067_c0 + cpd00093_c0,,0.0,1000.0,C5H8NO4,-1,c0
cpd00023_c0,rxn01603,L-Glutamate,cpd00002_c0 + cpd00023_c0 + cpd00683_c0 --> cpd00008_c0 + cpd00009_c0 + cpd00067_c0 + cpd00330_c0,,0.0,1000.0,C5H8NO4,-1,c0
cpd00023_c0,rxn00192,L-Glutamate,cpd00022_c0 + cpd00023_c0 --> cpd00010_c0 + cpd00067_c0 + cpd00477_c0,,0.0,1000.0,C5H8NO4,-1,c0
cpd00023_c0,rxn00189,L-Glutamate,cpd00001_c0 + cpd00053_c0 --> cpd00013_c0 + cpd00023_c0,,0.0,1000.0,C5H8NO4,-1,c0
cpd00023_c0,rxn01636,L-Glutamate,cpd00023_c0 + cpd00342_c0 <=> cpd00064_c0 + cpd00477_c0,,-1000.0,1000.0,C5H8NO4,-1,c0
cpd00023_c0,rxn00414,L-Glutamate,cpd00001_c0 + 2.0 cpd00002_c0 + cpd00053_c0 + cpd00242_c0 --> 2.0 cpd00008_c0 + cpd00009_c0 + cpd00023_c0 + 2.0 cpd00067_c0 + cpd00146_c0,,0.0,1000.0,C5H8NO4,-1,c0
cpd00023_c0,rxn04786,L-Glutamate,cpd00023_c0 + cpd00346_c0 --> cpd00024_c0 + cpd02095_c0,,0.0,1000.0,C5H8NO4,-1,c0
cpd00023_c0,rxn05108,L-Glutamate,cpd00023_c0 + cpd00869_c0 <=> cpd00024_c0 + cpd00060_c0,,-1000.0,1000.0,C5H8NO4,-1,c0
cpd00023_c0,rxn00806,L-Glutamate,cpd00024_c0 + cpd00107_c0 <=> cpd00023_c0 + cpd00200_c0,,-1000.0,1000.0,C5H8NO4,-1,c0
cpd00023_c0,rxn00503,L-Glutamate,2.0 cpd00001_c0 + cpd00003_c0 + cpd02431_c0 --> cpd00004_c0 + cpd00023_c0 + cpd00067_c0,,0.0,1000.0,C5H8NO4,-1,c0
cpd00023_c0,rxn00187,L-Glutamate,cpd00002_c0 + cpd00013_c0 + cpd00023_c0 --> cpd00008_c0 + cpd00009_c0 + cpd00053_c0 + cpd00067_c0,,0.0,1000.0,C5H8NO4,-1,c0
cpd01507_c0,rxn04750,3-Oxoadipyl-CoA,cpd00003_c0 + cpd09844_c0 <=> cpd00004_c0 + cpd00067_c0 + cpd01507_c0,,-1000.0,1000.0,C27H37N7O20P3S,-5,c0
cpd01399_c0,rxn08126,Maltotetraose,cpd00179_c0 + cpd01262_c0 <=> cpd00027_c0 + cpd01399_c0,,-1000.0,1000.0,C24H42O21,0,c0
cpd01399_c0,rxn08127,Maltotetraose,cpd00179_c0 + cpd01399_c0 <=> cpd00027_c0 + cpd15495_c0,,-1000.0,1000.0,C24H42O21,0,c0
cpd02345_c0,rxn01629,L-Glutamate1-semialdehyde,cpd00338_c0 <=> cpd02345_c0,,-1000.0,1000.0,C5H9NO3,0,c0
cpd02345_c0,rxn06591,L-Glutamate1-semialdehyde,cpd00005_c0 + cpd00067_c0 + cpd12227_c0 <=> cpd00006_c0 + cpd02345_c0 + cpd11912_c0,,-1000.0,1000.0,C5H9NO3,0,c0
cpd00860_c0,rxn01872,S-Succinyldihydrolipoamide,cpd00078_c0 + cpd00449_c0 <=> cpd00010_c0 + cpd00860_c0,,-1000.0,1000.0,C12H20NO4S2,-1,c0
cpd00860_c0,rxn02376,S-Succinyldihydrolipoamide,cpd00213_c0 + cpd03189_c0 <=> cpd00056_c0 + cpd00860_c0,,-1000.0,1000.0,C12H20NO4S2,-1,c0
cpd03424_e0,rxn05187,Vitamin B12,cpd00001_c0 + cpd00002_c0 + cpd03424_e0 --> cpd00008_c0 + cpd00009_c0 + cpd00067_c0 + cpd03424_c0,,0.0,1000.0,C62H91CoN13O14PR,3,e0
cpd03424_e0,EXpd03424,Vitamin B12,cpd03424_e0 --> ,,0.0,1000.0,C62H91CoN13O14PR,3,e0
cpd02536_c0,rxn02782,Muconolactone,cpd02536_c0 <=> cpd00067_c0 + cpd01630_c0,,-1000.0,1000.0,C6H5O4,-1,c0
cpd02536_c0,rxn02971,Muconolactone,cpd02536_c0 <=> cpd02255_c0,,-1000.0,1000.0,C6H5O4,-1,c0
cpd09027_c0,rxn04456,"5-Hydroxy-2-oxo-4-ureido-2,5-dihydro-1H-imidazole-5-carboxylate",cpd00067_c0 + cpd09027_c0 --> cpd00011_c0 + cpd01092_c0,,0.0,1000.0,C5H5N4O5,-1,c0
cpd09027_c0,rxn04457,"5-Hydroxy-2-oxo-4-ureido-2,5-dihydro-1H-imidazole-5-carboxylate",cpd00067_c0 + cpd09027_c0 --> cpd00011_c0 + cpd01567_c0,,0.0,1000.0,C5H5N4O5,-1,c0
cpd15523_c0,rxn08085,"1,2-ditetradec-7-enoyl-sn-glycerol 3-phosphate",cpd00067_c0 + cpd15294_c0 + cpd15330_c0 --> cpd11493_c0 + cpd15523_c0,,0.0,1000.0,C31H56O8P,-1,c0
cpd15523_c0,rxn08296,"1,2-ditetradec-7-enoyl-sn-glycerol 3-phosphate",cpd00002_c0 + cpd15308_c0 <=> cpd00008_c0 + cpd15523_c0,,-1000.0,1000.0,C31H56O8P,-1,c0
cpd15523_c0,rxn08308,"1,2-ditetradec-7-enoyl-sn-glycerol 3-phosphate",cpd00052_c0 + cpd15523_c0 <=> cpd00012_c0 + cpd00067_c0 + cpd15422_c0,,-1000.0,1000.0,C31H56O8P,-1,c0
cpd11529_c0,rxn05392,9-methyl-3-oxo-decanoyl-ACP,cpd11492_c0 + cpd11528_c0 --> cpd00011_c0 + cpd11493_c0 + cpd11529_c0,,0.0,1000.0,C22H39N2O9PRS,-1,c0
cpd11529_c0,rxn05393,9-methyl-3-oxo-decanoyl-ACP,cpd00005_c0 + cpd00067_c0 + cpd11529_c0 <=> cpd00006_c0 + cpd11530_c0,,-1000.0,1000.0,C22H39N2O9PRS,-1,c0
cpd01741_c0,rxn08803,ddca,cpd00001_c0 + cpd15313_c0 <=> cpd00067_c0 + cpd00908_c0 + cpd01741_c0,,-1000.0,1000.0,C12H23O2,-1,c0
cpd01741_c0,rxn08817,ddca,cpd00001_c0 + cpd15350_c0 <=> 2.0 cpd00067_c0 + cpd00080_c0 + cpd01741_c0,,-1000.0,1000.0,C12H23O2,-1,c0
cpd01741_c0,rxn08796,ddca,cpd00001_c0 + cpd15325_c0 <=> cpd00067_c0 + cpd00080_c0 + cpd01741_c0,,-1000.0,1000.0,C12H23O2,-1,c0
cpd01741_c0,rxn08810,ddca,cpd00001_c0 + cpd15318_c0 <=> cpd00067_c0 + cpd01741_c0 + cpd02090_c0,,-1000.0,1000.0,C12H23O2,-1,c0
cpd01741_c0,rxn08845,ddca,cpd00001_c0 + cpd15343_c0 <=> cpd00067_c0 + cpd01741_c0 + cpd02090_c0,,-1000.0,1000.0,C12H23O2,-1,c0
cpd01741_c0,rxn08838,ddca,cpd00001_c0 + cpd15336_c0 <=> cpd00067_c0 + cpd00908_c0 + cpd01741_c0,,-1000.0,1000.0,C12H23O2,-1,c0
cpd00930_c0,rxn02473,imidazole acetol-phosphate,cpd02843_c0 --> cpd00001_c0 + cpd00930_c0,,0.0,1000.0,C6H7N2O5P,-2,c0
cpd00930_c0,rxn02320,imidazole acetol-phosphate,cpd00024_c0 + cpd00807_c0 <=> cpd00023_c0 + cpd00930_c0,,-1000.0,1000.0,C6H7N2O5P,-2,c0
cpd00780_c0,rxn02276,Fumarylacetoacetate,cpd00763_c0 <=> cpd00780_c0,,-1000.0,1000.0,C8H6O6,-2,c0
cpd00780_c0,rxn00993,Fumarylacetoacetate,cpd00001_c0 + cpd00780_c0 --> cpd00067_c0 + cpd00106_c0 + cpd00142_c0,,0.0,1000.0,C8H6O6,-2,c0
cpd11438_c0,rxn05248,fa4,cpd00002_c0 + cpd00010_c0 + cpd11438_c0 --> cpd00012_c0 + cpd00018_c0 + cpd11439_c0,,0.0,1000.0,C15H29O2,-1,c0
cpd00027_c0,rxn08128,D-Glucose,cpd00179_c0 + cpd15495_c0 <=> cpd00027_c0 + cpd01329_c0,,-1000.0,1000.0,C6H12O6,0,c0
cpd00027_c0,rxn00022,D-Glucose,cpd00001_c0 + cpd00179_c0 --> 2.0 cpd00027_c0,,0.0,1000.0,C6H12O6,0,c0
cpd00027_c0,rxn05147,D-Glucose,cpd00001_c0 + cpd00002_c0 + cpd00027_e0 --> cpd00008_c0 + cpd00009_c0 + cpd00027_c0 + cpd00067_c0,,0.0,1000.0,C6H12O6,0,c0
cpd00027_c0,rxn08127,D-Glucose,cpd00179_c0 + cpd01399_c0 <=> cpd00027_c0 + cpd15495_c0,,-1000.0,1000.0,C6H12O6,0,c0
cpd00027_c0,rxn00007,D-Glucose,cpd00001_c0 + cpd00794_c0 --> 2.0 cpd00027_c0,,0.0,1000.0,C6H12O6,0,c0
cpd00027_c0,rxn00216,D-Glucose,cpd00002_c0 + cpd00027_c0 --> cpd00008_c0 + cpd00067_c0 + cpd00079_c0,,0.0,1000.0,C6H12O6,0,c0
cpd00027_c0,rxn08129,D-Glucose,cpd00179_c0 + cpd01329_c0 <=> cpd00027_c0 + cpd15494_c0,,-1000.0,1000.0,C6H12O6,0,c0
cpd00027_c0,ADD_Tur3,D-Glucose,cpd00001_c0 + cpd20885_c0 --> cpd00027_c0 + cpd00082_c0,,0.0,1000.0,C6H12O6,0,c0
cpd00027_c0,ADD_Melibiose3,D-Glucose,cpd00001_c0 + cpd29840_c0 --> cpd00027_c0 + cpd26818_c0,,0.0,1000.0,C6H12O6,0,c0
cpd00027_c0,rxn05026,D-Glucose,cpd00009_c0 + cpd00794_c0 --> cpd00027_c0 + cpd00089_c0,,0.0,1000.0,C6H12O6,0,c0
cpd00027_c0,rxn08126,D-Glucose,cpd00179_c0 + cpd01262_c0 <=> cpd00027_c0 + cpd01399_c0,,-1000.0,1000.0,C6H12O6,0,c0
cpd00196_c0,rxn00173,Acetylphosphate,cpd00009_c0 + cpd00022_c0 <=> cpd00010_c0 + cpd00196_c0,,-1000.0,1000.0,C2H3O5P,-2,c0
cpd00196_c0,rxn00548,Acetylphosphate,cpd00009_c0 + cpd00072_c0 --> cpd00001_c0 + cpd00196_c0 + cpd00236_c0,,0.0,1000.0,C2H3O5P,-2,c0
cpd00196_c0,rxn00225,Acetylphosphate,cpd00002_c0 + cpd00029_c0 <=> cpd00008_c0 + cpd00196_c0,,-1000.0,1000.0,C2H3O5P,-2,c0
cpd00196_c0,rxn01187,Acetylphosphate,cpd00009_c0 + cpd00198_c0 --> cpd00001_c0 + cpd00102_c0 + cpd00196_c0,,0.0,1000.0,C2H3O5P,-2,c0
cpd00179_c0,rxn01134,Maltose,cpd00179_c0 <=> cpd00794_c0,,-1000.0,1000.0,C12H22O11,0,c0
cpd00179_c0,rxn08128,Maltose,cpd00179_c0 + cpd15495_c0 <=> cpd00027_c0 + cpd01329_c0,,-1000.0,1000.0,C12H22O11,0,c0
cpd00179_c0,rxn05170,Maltose,cpd00001_c0 + cpd00002_c0 + cpd00179_e0 --> cpd00008_c0 + cpd00009_c0 + cpd00067_c0 + cpd00179_c0,,0.0,1000.0,C12H22O11,0,c0
cpd00179_c0,rxn08127,Maltose,cpd00179_c0 + cpd01399_c0 <=> cpd00027_c0 + cpd15495_c0,,-1000.0,1000.0,C12H22O11,0,c0
cpd00179_c0,rxn08126,Maltose,cpd00179_c0 + cpd01262_c0 <=> cpd00027_c0 + cpd01399_c0,,-1000.0,1000.0,C12H22O11,0,c0
cpd00179_c0,rxn00022,Maltose,cpd00001_c0 + cpd00179_c0 --> 2.0 cpd00027_c0,,0.0,1000.0,C12H22O11,0,c0
cpd00179_c0,rxn08129,Maltose,cpd00179_c0 + cpd01329_c0 <=> cpd00027_c0 + cpd15494_c0,,-1000.0,1000.0,C12H22O11,0,c0
cpd00205_e0,rxn05206,K+,cpd00205_e0 <=> cpd00205_c0,,-1000.0,1000.0,K,1,e0
cpd00205_e0,rxn05517,K+,cpd00067_e0 + cpd00205_e0 + cpd01012_c0 <=> cpd00067_c0 + cpd00205_c0 + cpd01012_e0,,-1000.0,1000.0,K,1,e0
cpd00205_e0,EXpd00205,K+,cpd00205_e0 <=> ,,-1000.0,1000.0,K,1,e0
cpd00205_e0,rxn05596,K+,cpd00067_e0 + cpd00205_c0 --> cpd00067_c0 + cpd00205_e0,,0.0,1000.0,K,1,e0
cpd00205_e0,rxn05315,K+,cpd00034_c0 + cpd00067_e0 + cpd00205_e0 <=> cpd00034_e0 + cpd00067_c0 + cpd00205_c0,,-1000.0,1000.0,K,1,e0
cpd09844_c0,rxn04750,(3S)-3-Hydroxyadipyl-CoA,cpd00003_c0 + cpd09844_c0 <=> cpd00004_c0 + cpd00067_c0 + cpd01507_c0,,-1000.0,1000.0,C27H39N7O20P3S,-5,c0
cpd03488_c0,rxn03406,Undecaprenyl-diphospho-N-acetylmuramoyl-(N-acetylglucosamine)-L-alanyl-D-glutaminyl-L-lysyl-D-alanyl-D-alanine,cpd00002_c0 + cpd00013_c0 + cpd03487_c0 --> cpd00008_c0 + cpd00009_c0 + cpd00067_c0 + cpd03488_c0,,0.0,1000.0,C94H155N9O25P2,-2,c0
cpd00346_c0,rxn01643,L-Aspartate4-semialdehyde,cpd00005_c0 + cpd00067_c0 + cpd01977_c0 --> cpd00006_c0 + cpd00009_c0 + cpd00346_c0,,0.0,1000.0,C4H7NO3,0,c0
cpd00346_c0,rxn04786,L-Aspartate4-semialdehyde,cpd00023_c0 + cpd00346_c0 --> cpd00024_c0 + cpd02095_c0,,0.0,1000.0,C4H7NO3,0,c0
cpd00346_c0,rxn01302,L-Aspartate4-semialdehyde,cpd00006_c0 + cpd00227_c0 <=> cpd00005_c0 + cpd00067_c0 + cpd00346_c0,,-1000.0,1000.0,C4H7NO3,0,c0
cpd00346_c0,rxn01644,L-Aspartate4-semialdehyde,cpd00020_c0 + cpd00346_c0 --> 2.0 cpd00001_c0 + cpd00067_c0 + cpd02120_c0,,0.0,1000.0,C4H7NO3,0,c0
cpd00346_c0,rxn01301,L-Aspartate4-semialdehyde,cpd00003_c0 + cpd00227_c0 <=> cpd00004_c0 + cpd00067_c0 + cpd00346_c0,,-1000.0,1000.0,C4H7NO3,0,c0
cpd02484_c0,rxn00883,Inositol 3-phosphate,cpd00001_c0 + cpd02484_c0 --> cpd00009_c0 + cpd00121_c0,,0.0,1000.0,C6H11O9P,-2,c0
cpd01017_c0,rxn05539,Cys-Gly,cpd00001_c0 + cpd00002_c0 + cpd01017_e0 --> cpd00008_c0 + cpd00009_c0 + cpd00067_c0 + cpd01017_c0,,0.0,1000.0,C5H10N2O3S,0,c0
cpd01017_c0,rxn00650,Cys-Gly,cpd00001_c0 + cpd01017_c0 <=> cpd00033_c0 + cpd00084_c0,,-1000.0,1000.0,C5H10N2O3S,0,c0
cpd01017_c0,rxn00350,Cys-Gly,cpd00001_c0 + cpd00042_c0 <=> cpd00023_c0 + cpd01017_c0,,-1000.0,1000.0,C5H10N2O3S,0,c0
cpd02642_c0,rxn00791,N-5-phosphoribosyl-anthranilate,cpd00093_c0 + cpd00103_c0 --> cpd00012_c0 + cpd00067_c0 + cpd02642_c0,,0.0,1000.0,C12H13NO9P,-3,c0
cpd02642_c0,rxn02508,N-5-phosphoribosyl-anthranilate,cpd02642_c0 <=> cpd00956_c0,,-1000.0,1000.0,C12H13NO9P,-3,c0
cpd00238_c0,rxn01333,Sedoheptulose7-phosphate,cpd00102_c0 + cpd00238_c0 <=> cpd00072_c0 + cpd00236_c0,,-1000.0,1000.0,C7H13O10P,-2,c0
cpd00238_c0,rxn01200,Sedoheptulose7-phosphate,cpd00102_c0 + cpd00238_c0 <=> cpd00101_c0 + cpd00198_c0,,-1000.0,1000.0,C7H13O10P,-2,c0
cpd00238_c0,rxn03917,Sedoheptulose7-phosphate,cpd00238_c0 <=> cpd04918_c0,,-1000.0,1000.0,C7H13O10P,-2,c0
cpd00030_e0,rxn05618,Mn2+,cpd00030_e0 + cpd00067_e0 --> cpd00030_c0 + cpd00067_c0,,0.0,1000.0,Mn,2,e0
cpd00030_e0,EXpd00030,Mn2+,cpd00030_e0 <=> ,,-1000.0,1000.0,Mn,2,e0
cpd03117_c0,rxn03243,3-Oxododecanoyl-CoA,cpd00022_c0 + cpd03128_c0 <=> cpd00010_c0 + cpd03117_c0,,-1000.0,1000.0,C33H52N7O18P3S,-4,c0
cpd03117_c0,rxn03242,3-Oxododecanoyl-CoA,cpd00003_c0 + cpd03116_c0 <=> cpd00004_c0 + cpd00067_c0 + cpd03117_c0,,-1000.0,1000.0,C33H52N7O18P3S,-4,c0
cpd15694_c0,rxn10237,Diisohexadecanoylphosphatidylserine,2.0 cpd00067_c0 + cpd15694_c0 <=> cpd00011_c0 + cpd15700_c0,,-1000.0,1000.0,C38H72NO10P,-2,c0
cpd15694_c0,rxn10231,Diisohexadecanoylphosphatidylserine,cpd00054_c0 + cpd15688_c0 --> cpd00046_c0 + 2.0 cpd00067_c0 + cpd15694_c0,,0.0,1000.0,C38H72NO10P,-2,c0
cpd02234_c0,rxn02345,(R)-3-Hydroxybutanoyl-CoA,cpd00842_c0 <=> cpd02234_c0,,-1000.0,1000.0,C25H38N7O18P3S,-4,c0
cpd02234_c0,rxn01453,(R)-3-Hydroxybutanoyl-CoA,cpd00006_c0 + cpd02234_c0 <=> cpd00005_c0 + cpd00067_c0 + cpd00279_c0,,-1000.0,1000.0,C25H38N7O18P3S,-4,c0
cpd00022_c0,biomass0,Acetyl-CoA,0.169975 cpd00002_c0 + 0.00215 cpd00003_c0 + 5e-05 cpd00004_c0 + 0.0004 cpd00005_c0 + 0.00013 cpd00006_c0 + 6e-06 cpd00010_c0 + 1e-05 cpd00015_c0 + 5e-05 cpd00022_c0 + 0.25 cpd00023_c0 + 0.003 cpd00026_c0 + 1e-06 cpd00028_c0 + 0.496 cpd00033_c0 + 0.499 cpd00035_c0 + 0.203 cpd00038_c0 + 0.431 cpd00039_c0 + 0.245 cpd00041_c0 + 0.121 cpd00051_c0 + 0.126 cpd00052_c0 + 0.25 cpd00053_c0 + 0.29 cpd00054_c0 + 0.116 cpd00060_c0 + 0.136 cpd00062_c0 + 0.054 cpd00065_c0 + 0.199 cpd00066_c0 + 0.138 cpd00069_c0 + 3e-06 cpd00078_c0 + 0.087 cpd00084_c0 + 0.428 cpd00107_c0 + 0.01814 cpd00115_c0 + 0.035 cpd00118_c0 + 0.145 cpd00119_c0 + 0.541 cpd00129_c0 + 0.245 cpd00132_c0 + 0.154 cpd00155_c0 + 0.42 cpd00156_c0 + 0.436 cpd00161_c0 + 0.000223 cpd00201_c0 + 0.0254 cpd00241_c0 + 0.0089 cpd00264_c0 + 0.213 cpd00322_c0 + 0.000223 cpd00345_c0 + 0.0254 cpd00356_c0 + 0.01814 cpd00357_c0 + 0.000142 cpd11652_c0 + 0.000216 cpd12801_c0 + 0.000701 cpd15432_c0 + 0.00276 cpd15665_c0 + 0.00192 cpd16083_c0 + 4.3e-05 cpd16093_c0 --> biomass_c0 + 5.604 cpd00001_c0 + 0.08708 cpd00009_c0 + 0.634975 cpd00012_c0,,0.0,1000.0,C23H34N7O17P3S,-4,c0
cpd00022_c0,rxn00533,Acetyl-CoA,cpd00002_c0 + cpd00022_c0 + cpd00242_c0 <=> cpd00008_c0 + cpd00009_c0 + cpd00067_c0 + cpd00070_c0,,-1000.0,1000.0,C23H34N7O17P3S,-4,c0
cpd00022_c0,rxn00501,Acetyl-CoA,cpd00003_c0 + cpd00010_c0 + cpd00191_c0 <=> cpd00004_c0 + cpd00011_c0 + cpd00022_c0,,-1000.0,1000.0,C23H34N7O17P3S,-4,c0
cpd00022_c0,rxn01871,Acetyl-CoA,cpd00022_c0 + cpd00449_c0 --> cpd00010_c0 + cpd00836_c0,,0.0,0.0,C23H34N7O17P3S,-4,c0
cpd00022_c0,rxn03243,Acetyl-CoA,cpd00022_c0 + cpd03128_c0 <=> cpd00010_c0 + cpd03117_c0,,-1000.0,1000.0,C23H34N7O17P3S,-4,c0
cpd00022_c0,rxn00154,Acetyl-CoA,cpd00003_c0 + cpd00010_c0 + cpd00020_c0 --> cpd00004_c0 + cpd00011_c0 + cpd00022_c0,,0.0,1000.0,C23H34N7O17P3S,-4,c0
cpd00022_c0,rxn00330,Acetyl-CoA,cpd00001_c0 + cpd00022_c0 + cpd00040_c0 --> cpd00010_c0 + cpd00067_c0 + cpd00130_c0,,0.0,1000.0,C23H34N7O17P3S,-4,c0
cpd00022_c0,rxn00256,Acetyl-CoA,cpd00001_c0 + cpd00022_c0 + cpd00032_c0 --> cpd00010_c0 + cpd00067_c0 + cpd00137_c0,,0.0,1000.0,C23H34N7O17P3S,-4,c0
cpd00022_c0,rxn06510,Acetyl-CoA,cpd00022_c0 + cpd01260_c0 <=> cpd00010_c0 + cpd12689_c0,,-1000.0,1000.0,C23H34N7O17P3S,-4,c0
cpd00022_c0,rxn00171,Acetyl-CoA,cpd00003_c0 + cpd00010_c0 + cpd00071_c0 <=> cpd00004_c0 + cpd00022_c0 + cpd00067_c0,,-1000.0,1000.0,C23H34N7O17P3S,-4,c0
cpd00022_c0,rxn25164,Acetyl-CoA,cpd00029_c0 + cpd00078_c0 <=> cpd00022_c0 + cpd00036_c0,,-1000.0,1000.0,C23H34N7O17P3S,-4,c0
cpd00022_c0,rxn02804,Acetyl-CoA,cpd00022_c0 + cpd01695_c0 <=> cpd00010_c0 + cpd03114_c0,,-1000.0,1000.0,C23H34N7O17P3S,-4,c0
cpd00022_c0,rxn03248,Acetyl-CoA,cpd00022_c0 + cpd03124_c0 <=> cpd00010_c0 + cpd03121_c0,,-1000.0,1000.0,C23H34N7O17P3S,-4,c0
cpd00022_c0,rxn03638,Acetyl-CoA,cpd00022_c0 + cpd03671_c0 --> cpd00010_c0 + cpd00067_c0 + cpd02611_c0,,0.0,1000.0,C23H34N7O17P3S,-4,c0
cpd00022_c0,rxn00874,Acetyl-CoA,cpd00022_c0 + cpd00120_c0 <=> cpd00010_c0 + cpd03123_c0,,-1000.0,1000.0,C23H34N7O17P3S,-4,c0
cpd00022_c0,rxn06673,Acetyl-CoA,cpd00022_c0 + cpd12543_c0 --> cpd00070_c0 + cpd12848_c0,,0.0,1000.0,C23H34N7O17P3S,-4,c0
cpd00022_c0,rxn00676,Acetyl-CoA,cpd00022_c0 + cpd00086_c0 <=> cpd00010_c0 + cpd02124_c0,,-1000.0,1000.0,C23H34N7O17P3S,-4,c0
cpd00022_c0,rxn00192,Acetyl-CoA,cpd00022_c0 + cpd00023_c0 --> cpd00010_c0 + cpd00067_c0 + cpd00477_c0,,0.0,1000.0,C23H34N7O17P3S,-4,c0
cpd00022_c0,rxn00202,Acetyl-CoA,cpd00001_c0 + cpd00022_c0 + cpd00024_c0 --> cpd00010_c0 + cpd00067_c0 + cpd00919_c0,,0.0,1000.0,C23H34N7O17P3S,-4,c0
cpd00022_c0,rxn02680,Acetyl-CoA,cpd00022_c0 + cpd01335_c0 <=> cpd00010_c0 + cpd03119_c0,,-1000.0,1000.0,C23H34N7O17P3S,-4,c0
cpd00022_c0,rxn00178,Acetyl-CoA,2.0 cpd00022_c0 <=> cpd00010_c0 + cpd00279_c0,,-1000.0,1000.0,C23H34N7O17P3S,-4,c0
cpd00022_c0,rxn00991,Acetyl-CoA,cpd00292_c0 <=> cpd00022_c0 + cpd00142_c0,,-1000.0,1000.0,C23H34N7O17P3S,-4,c0
cpd00022_c0,rxn05349,Acetyl-CoA,cpd00022_c0 + cpd11493_c0 <=> cpd00010_c0 + cpd11494_c0,,-1000.0,1000.0,C23H34N7O17P3S,-4,c0
cpd00022_c0,rxn00423,Acetyl-CoA,cpd00022_c0 + cpd00054_c0 --> cpd00010_c0 + cpd00722_c0,,0.0,1000.0,C23H34N7O17P3S,-4,c0
cpd00022_c0,rxn00902,Acetyl-CoA,cpd00001_c0 + cpd00022_c0 + cpd00123_c0 --> cpd00010_c0 + cpd00067_c0 + cpd01646_c0,,0.0,1000.0,C23H34N7O17P3S,-4,c0
cpd00022_c0,rxn00173,Acetyl-CoA,cpd00009_c0 + cpd00022_c0 <=> cpd00010_c0 + cpd00196_c0,,-1000.0,1000.0,C23H34N7O17P3S,-4,c0
cpd00022_c0,rxn00175,Acetyl-CoA,cpd00002_c0 + cpd00010_c0 + cpd00029_c0 --> cpd00012_c0 + cpd00018_c0 + cpd00022_c0 + cpd00067_c0,,0.0,1000.0,C23H34N7O17P3S,-4,c0
cpd00022_c0,rxn01303,Acetyl-CoA,cpd00022_c0 + cpd00227_c0 --> cpd00010_c0 + cpd00790_c0,,0.0,1000.0,C23H34N7O17P3S,-4,c0
cpd00022_c0,rxn04787,Acetyl-CoA,cpd00022_c0 + cpd02095_c0 --> cpd00010_c0 + cpd00067_c0 + cpd03862_c0,,0.0,1000.0,C23H34N7O17P3S,-4,c0
cpd11493_c0,rxn05345,ACP,cpd11468_c0 + cpd11492_c0 --> cpd00011_c0 + cpd11491_c0 + cpd11493_c0,,0.0,1000.0,C11H22N2O7PRS,-2,c0
cpd11493_c0,rxn06729,ACP,cpd00037_c0 + cpd00067_c0 + cpd11484_c0 --> cpd02886_c0 + cpd11493_c0,,0.0,1000.0,C11H22N2O7PRS,-2,c0
cpd11493_c0,rxn05460,ACP,cpd00067_c0 + cpd11476_c0 + cpd11492_c0 --> cpd00011_c0 + cpd11493_c0 + cpd11570_c0,,0.0,1000.0,C11H22N2O7PRS,-2,c0
cpd11493_c0,rxn05392,ACP,cpd11492_c0 + cpd11528_c0 --> cpd00011_c0 + cpd11493_c0 + cpd11529_c0,,0.0,1000.0,C11H22N2O7PRS,-2,c0
cpd11493_c0,rxn05400,ACP,cpd11492_c0 + cpd11536_c0 --> cpd00011_c0 + cpd11493_c0 + cpd11537_c0,,0.0,1000.0,C11H22N2O7PRS,-2,c0
cpd11493_c0,rxn06022,ACP,cpd00001_c0 + cpd11493_c0 --> cpd00834_c0 + cpd12370_c0,,0.0,1000.0,C11H22N2O7PRS,-2,c0
cpd11493_c0,rxn05363,ACP,cpd11492_c0 + cpd11499_c0 --> cpd00011_c0 + cpd11493_c0 + cpd11500_c0,,0.0,1000.0,C11H22N2O7PRS,-2,c0
cpd11493_c0,rxn05344,ACP,cpd11466_c0 + cpd11492_c0 --> cpd00011_c0 + cpd11485_c0 + cpd11493_c0,,0.0,1000.0,C11H22N2O7PRS,-2,c0
cpd11493_c0,rxn12933,ACP,cpd01260_c0 + cpd11493_c0 --> cpd00010_c0 + cpd11468_c0,,0.0,1000.0,C11H22N2O7PRS,-2,c0
cpd11493_c0,rxn08088,ACP,cpd15268_c0 + cpd15329_c0 --> cpd11493_c0 + cpd15526_c0,,0.0,1000.0,C11H22N2O7PRS,-2,c0
cpd11493_c0,rxn06848,ACP,cpd03736_c0 + cpd11466_c0 --> cpd03587_c0 + cpd11493_c0,,0.0,1000.0,C11H22N2O7PRS,-2,c0
cpd11493_c0,rxn05417,ACP,cpd11492_c0 + cpd11553_c0 --> cpd00011_c0 + cpd11493_c0 + cpd11554_c0,,0.0,1000.0,C11H22N2O7PRS,-2,c0
cpd11493_c0,PA_syn,ACP,17.0 cis11_octadecenoyl_acp_c0 + 32.0 cis9_hexadecenoyl_acp_c0 + 50.0 cpd00080_c0 + 9.0 cpd11468_c0 + 6.0 cpd11480_c0 + 7.0 cpd11482_c0 + 29.0 cpd15277_c0 --> 100.0 cpd11493_c0 + cpd16080_c0,,0.0,1000.0,C11H22N2O7PRS,-2,c0
cpd11493_c0,rxn08087,ACP,cpd00067_c0 + cpd15239_c0 + cpd15326_c0 --> cpd11493_c0 + cpd15525_c0,,0.0,1000.0,C11H22N2O7PRS,-2,c0
cpd11493_c0,rxn05457,ACP,cpd00010_c0 + cpd11466_c0 <=> cpd01695_c0 + cpd11493_c0,,-1000.0,1000.0,C11H22N2O7PRS,-2,c0
cpd11493_c0,rxn05359,ACP,cpd00067_c0 + cpd11492_c0 + cpd11495_c0 --> cpd00011_c0 + cpd11493_c0 + cpd11496_c0,,0.0,1000.0,C11H22N2O7PRS,-2,c0
cpd11493_c0,rxn05456,ACP,cpd00010_c0 + cpd11569_c0 <=> cpd11441_c0 + cpd11493_c0,,-1000.0,1000.0,C11H22N2O7PRS,-2,c0
cpd11493_c0,rxn08083,ACP,cpd00067_c0 + cpd11468_c0 + cpd15325_c0 --> cpd11493_c0 + cpd15521_c0,,0.0,1000.0,C11H22N2O7PRS,-2,c0
cpd11493_c0,rxn05350,ACP,cpd00067_c0 + cpd11472_c0 + cpd11492_c0 --> cpd00011_c0 + cpd11490_c0 + cpd11493_c0,,0.0,1000.0,C11H22N2O7PRS,-2,c0
cpd11493_c0,rxn05367,ACP,cpd11492_c0 + cpd11503_c0 --> cpd00011_c0 + cpd11493_c0 + cpd11504_c0,,0.0,1000.0,C11H22N2O7PRS,-2,c0
cpd11493_c0,rxn05453,ACP,cpd00010_c0 + cpd11540_c0 <=> cpd11437_c0 + cpd11493_c0,,-1000.0,1000.0,C11H22N2O7PRS,-2,c0
cpd11493_c0,rxn08547,ACP,cpd00080_c0 + cpd11466_c0 --> cpd11493_c0 + cpd15331_c0,,0.0,1000.0,C11H22N2O7PRS,-2,c0
cpd11493_c0,rxn08089,ACP,cpd00067_c0 + cpd11825_c0 + cpd15328_c0 --> cpd11493_c0 + cpd15527_c0,,0.0,1000.0,C11H22N2O7PRS,-2,c0
cpd11493_c0,rxn05458,ACP,cpd00010_c0 + cpd11476_c0 <=> cpd00134_c0 + cpd11493_c0,,-1000.0,1000.0,C11H22N2O7PRS,-2,c0
cpd11493_c0,rxn05358,ACP,cpd00760_c0 + cpd11493_c0 <=> cpd00010_c0 + cpd11495_c0,,-1000.0,1000.0,C11H22N2O7PRS,-2,c0
cpd11493_c0,rxn08551,ACP,cpd00080_c0 + cpd15268_c0 --> cpd11493_c0 + cpd15329_c0,,0.0,1000.0,C11H22N2O7PRS,-2,c0
cpd11493_c0,rxn05379,ACP,cpd00067_c0 + cpd11492_c0 + cpd11515_c0 --> cpd00011_c0 + cpd11493_c0 + cpd11516_c0,,0.0,1000.0,C11H22N2O7PRS,-2,c0
cpd11493_c0,rxn08548,ACP,cpd00080_c0 + cpd15294_c0 --> cpd11493_c0 + cpd15330_c0,,0.0,1000.0,C11H22N2O7PRS,-2,c0
cpd11493_c0,rxn08086,ACP,cpd15277_c0 + cpd15327_c0 --> cpd11493_c0 + cpd15524_c0,,0.0,1000.0,C11H22N2O7PRS,-2,c0
cpd11493_c0,rxn05451,ACP,cpd00010_c0 + cpd11515_c0 <=> cpd11439_c0 + cpd11493_c0,,-1000.0,1000.0,C11H22N2O7PRS,-2,c0
cpd11493_c0,Cis9_hex_syn,ACP,3.0 cpd00004_c0 + 3.0 cpd00005_c0 + 8.0 cpd00067_c0 + cpd11482_c0 + 3.0 cpd11492_c0 --> cis9_hexadecenoyl_acp_c0 + 4.0 cpd00001_c0 + 3.0 cpd00003_c0 + 3.0 cpd00006_c0 + 3.0 cpd00011_c0 + 3.0 cpd11493_c0,,0.0,1000.0,C11H22N2O7PRS,-2,c0
cpd11493_c0,rxn06865,ACP,cpd03586_c0 + cpd11468_c0 --> cpd03736_c0 + cpd11493_c0,,0.0,1000.0,C11H22N2O7PRS,-2,c0
cpd11493_c0,rxn05409,ACP,cpd00067_c0 + cpd11492_c0 + cpd11545_c0 --> cpd00011_c0 + cpd11493_c0 + cpd11546_c0,,0.0,1000.0,C11H22N2O7PRS,-2,c0
cpd11493_c0,rxn05413,ACP,cpd11492_c0 + cpd11549_c0 --> cpd00011_c0 + cpd11493_c0 + cpd11550_c0,,0.0,1000.0,C11H22N2O7PRS,-2,c0
cpd11493_c0,rxn08546,ACP,cpd00080_c0 + cpd11468_c0 --> cpd11493_c0 + cpd15325_c0,,0.0,1000.0,C11H22N2O7PRS,-2,c0
cpd11493_c0,rxn05454,ACP,cpd00010_c0 + cpd11544_c0 <=> cpd11432_c0 + cpd11493_c0,,-1000.0,1000.0,C11H22N2O7PRS,-2,c0
cpd11493_c0,Cis11_oct_syn,ACP,cis9_hexadecenoyl_acp_c0 + cpd00004_c0 + cpd00005_c0 + 3.0 cpd00067_c0 + cpd11492_c0 --> cis11_octadecenoyl_acp_c0 + cpd00001_c0 + cpd00003_c0 + cpd00006_c0 + cpd00011_c0 + cpd11493_c0,,0.0,1000.0,C11H22N2O7PRS,-2,c0
cpd11493_c0,rxn08552,ACP,cpd00080_c0 + cpd11825_c0 --> cpd11493_c0 + cpd15328_c0,,0.0,1000.0,C11H22N2O7PRS,-2,c0
cpd11493_c0,rxn05348,ACP,cpd11474_c0 + cpd11492_c0 --> cpd00011_c0 + cpd11489_c0 + cpd11493_c0,,0.0,1000.0,C11H22N2O7PRS,-2,c0
cpd11493_c0,rxn05396,ACP,cpd11492_c0 + cpd11532_c0 --> cpd00011_c0 + cpd11493_c0 + cpd11533_c0,,0.0,1000.0,C11H22N2O7PRS,-2,c0
cpd11493_c0,rxn05383,ACP,cpd01882_c0 + cpd11493_c0 <=> cpd00010_c0 + cpd11520_c0,,-1000.0,1000.0,C11H22N2O7PRS,-2,c0
cpd11493_c0,rxn05384,ACP,cpd00067_c0 + cpd11492_c0 + cpd11520_c0 --> cpd00011_c0 + cpd11493_c0 + cpd11521_c0,,0.0,1000.0,C11H22N2O7PRS,-2,c0
cpd11493_c0,rxn05459,ACP,cpd00010_c0 + cpd11573_c0 <=> cpd00327_c0 + cpd11493_c0,,-1000.0,1000.0,C11H22N2O7PRS,-2,c0
cpd11493_c0,rxn05388,ACP,cpd11492_c0 + cpd11524_c0 --> cpd00011_c0 + cpd11493_c0 + cpd11525_c0,,0.0,1000.0,C11H22N2O7PRS,-2,c0
cpd11493_c0,rxn05371,ACP,cpd11492_c0 + cpd11507_c0 --> cpd00011_c0 + cpd11493_c0 + cpd11508_c0,,0.0,1000.0,C11H22N2O7PRS,-2,c0
cpd11493_c0,rxn05404,ACP,cpd00067_c0 + cpd11492_c0 + cpd11540_c0 --> cpd00011_c0 + cpd11493_c0 + cpd11541_c0,,0.0,1000.0,C11H22N2O7PRS,-2,c0
cpd11493_c0,rxn05408,ACP,cpd00481_c0 + cpd11493_c0 <=> cpd00010_c0 + cpd11545_c0,,-1000.0,1000.0,C11H22N2O7PRS,-2,c0
cpd11493_c0,rxn08549,ACP,cpd00080_c0 + cpd15277_c0 --> cpd11493_c0 + cpd15327_c0,,0.0,1000.0,C11H22N2O7PRS,-2,c0
cpd11493_c0,rxn05425,ACP,cpd11492_c0 + cpd11561_c0 --> cpd00011_c0 + cpd11493_c0 + cpd11562_c0,,0.0,1000.0,C11H22N2O7PRS,-2,c0
cpd11493_c0,rxn05347,ACP,cpd11492_c0 + cpd11494_c0 --> cpd00011_c0 + cpd11488_c0 + cpd11493_c0,,0.0,1000.0,C11H22N2O7PRS,-2,c0
cpd11493_c0,rxn05429,ACP,cpd00067_c0 + cpd11492_c0 + cpd11565_c0 --> cpd00011_c0 + cpd11493_c0 + cpd11566_c0,,0.0,1000.0,C11H22N2O7PRS,-2,c0
cpd11493_c0,rxn05346,ACP,cpd11464_c0 + cpd11492_c0 --> cpd00011_c0 + cpd11486_c0 + cpd11493_c0,,0.0,1000.0,C11H22N2O7PRS,-2,c0
cpd11493_c0,rxn08085,ACP,cpd00067_c0 + cpd15294_c0 + cpd15330_c0 --> cpd11493_c0 + cpd15523_c0,,0.0,1000.0,C11H22N2O7PRS,-2,c0
cpd11493_c0,rxn05343,ACP,cpd11470_c0 + cpd11492_c0 --> cpd00011_c0 + cpd11487_c0 + cpd11493_c0,,0.0,1000.0,C11H22N2O7PRS,-2,c0
cpd11493_c0,rxn05375,ACP,cpd11492_c0 + cpd11511_c0 --> cpd00011_c0 + cpd11493_c0 + cpd11512_c0,,0.0,1000.0,C11H22N2O7PRS,-2,c0
cpd11493_c0,rxn06723,ACP,cpd03584_c0 + cpd11484_c0 --> cpd02835_c0 + cpd11493_c0,,0.0,1000.0,C11H22N2O7PRS,-2,c0
cpd11493_c0,rxn05465,ACP,cpd00067_c0 + cpd00070_c0 + cpd11493_c0 <=> cpd00010_c0 + cpd11492_c0,,-1000.0,1000.0,C11H22N2O7PRS,-2,c0
cpd11493_c0,rxn05421,ACP,cpd11492_c0 + cpd11557_c0 --> cpd00011_c0 + cpd11493_c0 + cpd11558_c0,,0.0,1000.0,C11H22N2O7PRS,-2,c0
cpd11493_c0,rxn08084,ACP,cpd00067_c0 + cpd11466_c0 + cpd15331_c0 --> cpd11493_c0 + cpd15522_c0,,0.0,1000.0,C11H22N2O7PRS,-2,c0
cpd11493_c0,rxn06023,ACP,cpd00010_c0 + cpd12370_c0 <=> cpd00045_c0 + cpd11493_c0,,-1000.0,1000.0,C11H22N2O7PRS,-2,c0
cpd11493_c0,rxn05452,ACP,cpd00010_c0 + cpd11519_c0 <=> cpd11434_c0 + cpd11493_c0,,-1000.0,1000.0,C11H22N2O7PRS,-2,c0
cpd11493_c0,rxn08550,ACP,cpd00080_c0 + cpd15239_c0 --> cpd11493_c0 + cpd15326_c0,,0.0,1000.0,C11H22N2O7PRS,-2,c0
cpd11493_c0,rxn05455,ACP,cpd00010_c0 + cpd11565_c0 <=> cpd11435_c0 + cpd11493_c0,,-1000.0,1000.0,C11H22N2O7PRS,-2,c0
cpd11493_c0,rxn05349,ACP,cpd00022_c0 + cpd11493_c0 <=> cpd00010_c0 + cpd11494_c0,,-1000.0,1000.0,C11H22N2O7PRS,-2,c0
cpd02711_c0,rxn01477,2-Keto-3-deoxy-6-phosphogluconate,cpd00284_c0 --> cpd00001_c0 + cpd02711_c0,,0.0,1000.0,C6H8O9P,-3,c0
cpd02711_c0,rxn03884,2-Keto-3-deoxy-6-phosphogluconate,cpd02711_c0 <=> cpd00020_c0 + cpd00102_c0,,-1000.0,1000.0,C6H8O9P,-3,c0
cpd11583_c0,rxn12643,Ala-Leu,cpd00001_c0 + cpd11583_c0 --> cpd00035_c0 + cpd00107_c0,,0.0,1000.0,C9H18N2O3,0,c0
cpd11583_c0,rxn05544,Ala-Leu,cpd00001_c0 + cpd00002_c0 + cpd11583_e0 --> cpd00008_c0 + cpd00009_c0 + cpd00067_c0 + cpd11583_c0,,0.0,1000.0,C9H18N2O3,0,c0
cpd11510_c0,rxn05436,10-methyl-trans-dodec-2-enoyl-ACP,cpd00004_c0 + cpd00067_c0 + cpd11510_c0 --> cpd00003_c0 + cpd11511_c0,,0.0,1000.0,C24H43N2O8PRS,-1,c0
cpd11510_c0,rxn05373,10-methyl-trans-dodec-2-enoyl-ACP,cpd11509_c0 --> cpd00001_c0 + cpd11510_c0,,0.0,1000.0,C24H43N2O8PRS,-1,c0
cpd00003_c0,rxn05267,NAD,cpd00004_c0 + cpd00011_c0 + cpd00012_c0 + cpd11425_c0 --> cpd00003_c0 + cpd02295_c0 + cpd02590_c0,,0.0,1000.0,C21H26N7O14P2,-1,c0
cpd00003_c0,rxn10770,NAD,cpd00003_c0 + cpd00098_c0 <=> cpd00004_c0 + cpd00067_c0 + cpd00447_c0,,-1000.0,1000.0,C21H26N7O14P2,-1,c0
cpd00003_c0,rxn00154,NAD,cpd00003_c0 + cpd00010_c0 + cpd00020_c0 --> cpd00004_c0 + cpd00011_c0 + cpd00022_c0,,0.0,1000.0,C21H26N7O14P2,-1,c0
cpd00003_c0,rxn01522,NAD,cpd00001_c0 + cpd00003_c0 + cpd00309_c0 --> cpd00004_c0 + cpd00067_c0 + cpd00300_c0,,0.0,1000.0,C21H26N7O14P2,-1,c0
cpd00003_c0,rxn05734,NAD,cpd00001_c0 + cpd00003_c0 + cpd00040_c0 <=> cpd00004_c0 + 2.0 cpd00067_c0 + cpd00180_c0,,-1000.0,1000.0,C21H26N7O14P2,-1,c0
cpd00003_c0,rxn00929,NAD,cpd00003_c0 + cpd00129_c0 <=> cpd00004_c0 + 2.0 cpd00067_c0 + cpd02431_c0,,-1000.0,1000.0,C21H26N7O14P2,-1,c0
cpd00003_c0,rxn00992,NAD,cpd00003_c0 + cpd00797_c0 <=> cpd00004_c0 + cpd00067_c0 + cpd00142_c0,,-1000.0,1000.0,C21H26N7O14P2,-1,c0
cpd00003_c0,rxn06777,NAD,cpd00003_c0 + cpd03115_c0 <=> cpd00004_c0 + cpd00067_c0 + cpd12689_c0,,-1000.0,1000.0,C21H26N7O14P2,-1,c0
cpd00003_c0,rxn00763,NAD,cpd00003_c0 + cpd00100_c0 <=> cpd00004_c0 + cpd00067_c0 + cpd00448_c0,,-1000.0,1000.0,C21H26N7O14P2,-1,c0
cpd00003_c0,rxn05447,NAD,cpd00004_c0 + cpd00067_c0 + cpd11556_c0 --> cpd00003_c0 + cpd11557_c0,,0.0,1000.0,C21H26N7O14P2,-1,c0
cpd00003_c0,rxn01286,NAD,cpd00001_c0 + cpd00003_c0 + cpd00448_c0 --> cpd00004_c0 + 2.0 cpd00067_c0 + cpd00223_c0,,0.0,1000.0,C21H26N7O14P2,-1,c0
cpd00003_c0,rxn01385,NAD,cpd00003_c0 + cpd00306_c0 <=> cpd00004_c0 + cpd00067_c0 + cpd00259_c0,,-1000.0,1000.0,C21H26N7O14P2,-1,c0
cpd00003_c0,rxn02939,NAD,cpd00003_c0 + cpd02147_c0 <=> cpd00004_c0 + cpd00067_c0 + cpd03606_c0,,-1000.0,1000.0,C21H26N7O14P2,-1,c0
cpd00003_c0,ADD_D_Fuc7,NAD,cpd00001_c0 + cpd00003_c0 + cpd00693_c0 <=> cpd00004_c0 + 2.0 cpd00067_c0 + cpd00221_c0,,-1000.0,1000.0,C21H26N7O14P2,-1,c0
cpd00003_c0,R11337,NAD,cpd00003_c0 + cpd00795_e0 <=> cpd00004_c0 + cpd00024_c0 + cpd00067_c0,,-1000.0,1000.0,C21H26N7O14P2,-1,c0
cpd00003_c0,rxn01045,NAD,cpd00001_c0 + cpd00003_c0 + cpd00156_c0 <=> cpd00004_c0 + cpd00013_c0 + cpd00067_c0 + cpd00123_c0,,-1000.0,1000.0,C21H26N7O14P2,-1,c0
cpd00003_c0,rxn08971,NAD,cpd00004_c0 + cpd00067_c0 + cpd15500_c0 --> cpd00003_c0 + cpd15499_c0,,0.0,1000.0,C21H26N7O14P2,-1,c0
cpd00003_c0,rxn00804,NAD,cpd00001_c0 + cpd00003_c0 + cpd00107_c0 <=> cpd00004_c0 + cpd00013_c0 + cpd00067_c0 + cpd00200_c0,,-1000.0,1000.0,C21H26N7O14P2,-1,c0
cpd00003_c0,rxn08352,NAD,cpd00004_c0 + cpd00067_c0 + cpd08615_c0 --> cpd00001_c0 + cpd00003_c0 + cpd00202_c0,,0.0,1000.0,C21H26N7O14P2,-1,c0
cpd00003_c0,rxn05448,NAD,cpd00004_c0 + cpd00067_c0 + cpd11560_c0 --> cpd00003_c0 + cpd11561_c0,,0.0,1000.0,C21H26N7O14P2,-1,c0
cpd00003_c0,rxn04750,NAD,cpd00003_c0 + cpd09844_c0 <=> cpd00004_c0 + cpd00067_c0 + cpd01507_c0,,-1000.0,1000.0,C21H26N7O14P2,-1,c0
cpd00003_c0,biomass0,NAD,0.169975 cpd00002_c0 + 0.00215 cpd00003_c0 + 5e-05 cpd00004_c0 + 0.0004 cpd00005_c0 + 0.00013 cpd00006_c0 + 6e-06 cpd00010_c0 + 1e-05 cpd00015_c0 + 5e-05 cpd00022_c0 + 0.25 cpd00023_c0 + 0.003 cpd00026_c0 + 1e-06 cpd00028_c0 + 0.496 cpd00033_c0 + 0.499 cpd00035_c0 + 0.203 cpd00038_c0 + 0.431 cpd00039_c0 + 0.245 cpd00041_c0 + 0.121 cpd00051_c0 + 0.126 cpd00052_c0 + 0.25 cpd00053_c0 + 0.29 cpd00054_c0 + 0.116 cpd00060_c0 + 0.136 cpd00062_c0 + 0.054 cpd00065_c0 + 0.199 cpd00066_c0 + 0.138 cpd00069_c0 + 3e-06 cpd00078_c0 + 0.087 cpd00084_c0 + 0.428 cpd00107_c0 + 0.01814 cpd00115_c0 + 0.035 cpd00118_c0 + 0.145 cpd00119_c0 + 0.541 cpd00129_c0 + 0.245 cpd00132_c0 + 0.154 cpd00155_c0 + 0.42 cpd00156_c0 + 0.436 cpd00161_c0 + 0.000223 cpd00201_c0 + 0.0254 cpd00241_c0 + 0.0089 cpd00264_c0 + 0.213 cpd00322_c0 + 0.000223 cpd00345_c0 + 0.0254 cpd00356_c0 + 0.01814 cpd00357_c0 + 0.000142 cpd11652_c0 + 0.000216 cpd12801_c0 + 0.000701 cpd15432_c0 + 0.00276 cpd15665_c0 + 0.00192 cpd16083_c0 + 4.3e-05 cpd16093_c0 --> biomass_c0 + 5.604 cpd00001_c0 + 0.08708 cpd00009_c0 + 0.634975 cpd00012_c0,,0.0,1000.0,C21H26N7O14P2,-1,c0
cpd00003_c0,rxn01053,NAD,cpd00001_c0 + cpd00003_c0 + cpd00334_c0 <=> cpd00004_c0 + 2.0 cpd00067_c0 + cpd00159_c0,,-1000.0,1000.0,C21H26N7O14P2,-1,c0
cpd00003_c0,rxn00138,NAD,cpd00002_c0 + cpd00013_c0 + cpd00638_c0 --> cpd00003_c0 + cpd00012_c0 + cpd00018_c0 + 2.0 cpd00067_c0,,0.0,1000.0,C21H26N7O14P2,-1,c0
cpd00003_c0,rxn02159,NAD,cpd00003_c0 + cpd00641_c0 <=> cpd00004_c0 + cpd00067_c0 + cpd01324_c0,,-1000.0,1000.0,C21H26N7O14P2,-1,c0
cpd00003_c0,rxn01101,NAD,cpd00003_c0 + cpd00169_c0 <=> cpd00004_c0 + cpd00067_c0 + cpd02069_c0,,-1000.0,1000.0,C21H26N7O14P2,-1,c0
cpd00003_c0,rxn01297,NAD,cpd00001_c0 + cpd00003_c0 + cpd00226_c0 <=> cpd00004_c0 + cpd00067_c0 + cpd00309_c0,,-1000.0,1000.0,C21H26N7O14P2,-1,c0
cpd00003_c0,rxn03246,NAD,cpd00003_c0 + cpd03120_c0 <=> cpd00004_c0 + cpd00067_c0 + cpd03121_c0,,-1000.0,1000.0,C21H26N7O14P2,-1,c0
cpd00003_c0,rxn00500,NAD,cpd00003_c0 + cpd00221_c0 <=> cpd00004_c0 + cpd00020_c0 + cpd00067_c0,,-1000.0,1000.0,C21H26N7O14P2,-1,c0
cpd00003_c0,rxn00671,NAD,cpd00003_c0 + cpd00010_c0 + cpd00287_c0 <=> cpd00004_c0 + cpd00011_c0 + cpd00086_c0,,-1000.0,1000.0,C21H26N7O14P2,-1,c0
cpd00003_c0,Cis9_hex_syn,NAD,3.0 cpd00004_c0 + 3.0 cpd00005_c0 + 8.0 cpd00067_c0 + cpd11482_c0 + 3.0 cpd11492_c0 --> cis9_hexadecenoyl_acp_c0 + 4.0 cpd00001_c0 + 3.0 cpd00003_c0 + 3.0 cpd00006_c0 + 3.0 cpd00011_c0 + 3.0 cpd11493_c0,,0.0,1000.0,C21H26N7O14P2,-1,c0
cpd00003_c0,rxn03951,NAD,cpd00003_c0 + cpd03607_c0 <=> cpd00004_c0 + cpd00067_c0 + cpd04539_c0,,-1000.0,1000.0,C21H26N7O14P2,-1,c0
cpd00003_c0,rxn03883,NAD,cpd00003_c0 + cpd01307_c0 <=> cpd00004_c0 + cpd00067_c0 + cpd00259_c0,,-1000.0,1000.0,C21H26N7O14P2,-1,c0
cpd00003_c0,Cis11_oct_syn,NAD,cis9_hexadecenoyl_acp_c0 + cpd00004_c0 + cpd00005_c0 + 3.0 cpd00067_c0 + cpd11492_c0 --> cis11_octadecenoyl_acp_c0 + cpd00001_c0 + cpd00003_c0 + cpd00006_c0 + cpd00011_c0 + cpd11493_c0,,0.0,1000.0,C21H26N7O14P2,-1,c0
cpd00003_c0,rxn05437,NAD,cpd00004_c0 + cpd00067_c0 + cpd11514_c0 --> cpd00003_c0 + cpd11515_c0,,0.0,1000.0,C21H26N7O14P2,-1,c0
cpd00003_c0,rxn08976,NAD,cpd00004_c0 + cpd00067_c0 + cpd15352_c0 --> cpd00003_c0 + cpd15353_c0,,0.0,1000.0,C21H26N7O14P2,-1,c0
cpd00003_c0,rxn05327,NAD,cpd00004_c0 + cpd00067_c0 + cpd11475_c0 --> cpd00003_c0 + cpd11474_c0,,0.0,1000.0,C21H26N7O14P2,-1,c0
cpd00003_c0,rxn01573,NAD,cpd00001_c0 + cpd00003_c0 + cpd00322_c0 <=> cpd00004_c0 + cpd00013_c0 + cpd00067_c0 + cpd00508_c0,,-1000.0,1000.0,C21H26N7O14P2,-1,c0
cpd00003_c0,rxn05440,NAD,cpd00004_c0 + cpd00067_c0 + cpd11527_c0 --> cpd00003_c0 + cpd11528_c0,,0.0,1000.0,C21H26N7O14P2,-1,c0
cpd00003_c0,rxn10011,NAD,cpd00004_c0 + cpd00067_c0 + cpd03130_c0 --> cpd00003_c0 + cpd01335_c0,,0.0,1000.0,C21H26N7O14P2,-1,c0
cpd00003_c0,rxn05328,NAD,cpd00004_c0 + cpd00067_c0 + cpd11477_c0 --> cpd00003_c0 + cpd11476_c0,,0.0,1000.0,C21H26N7O14P2,-1,c0
cpd00003_c0,rxn10012,NAD,cpd00004_c0 + cpd00067_c0 + cpd03129_c0 --> cpd00003_c0 + cpd03128_c0,,0.0,1000.0,C21H26N7O14P2,-1,c0
cpd00003_c0,rxn05449,NAD,cpd00004_c0 + cpd00067_c0 + cpd11564_c0 --> cpd00003_c0 + cpd11565_c0,,0.0,1000.0,C21H26N7O14P2,-1,c0
cpd00003_c0,rxn03242,NAD,cpd00003_c0 + cpd03116_c0 <=> cpd00004_c0 + cpd00067_c0 + cpd03117_c0,,-1000.0,1000.0,C21H26N7O14P2,-1,c0
cpd00003_c0,rxn08392,NAD,cpd00004_c0 + cpd00067_c0 + cpd11477_c0 --> cpd00003_c0 + cpd15277_c0,,0.0,1000.0,C21H26N7O14P2,-1,c0
cpd00003_c0,rxn00879,NAD,cpd00003_c0 + cpd00121_c0 <=> cpd00004_c0 + cpd00067_c0 + cpd00524_c0,,-1000.0,1000.0,C21H26N7O14P2,-1,c0
cpd00003_c0,rxn02933,NAD,cpd00003_c0 + cpd02691_c0 <=> cpd00004_c0 + cpd00067_c0 + cpd02124_c0,,-1000.0,1000.0,C21H26N7O14P2,-1,c0
cpd00003_c0,rxn10060,NAD,cpd00003_c0 + cpd00357_c0 <=> cpd00006_c0 + cpd00067_c0 + cpd00297_c0,,-1000.0,1000.0,C21H26N7O14P2,-1,c0
cpd00003_c0,rxn00083,NAD,cpd00003_c0 + cpd00005_c0 --> cpd00004_c0 + cpd00006_c0,,0.0,1000.0,C21H26N7O14P2,-1,c0
cpd00003_c0,rxn00584,NAD,cpd00003_c0 + cpd03762_c0 --> cpd00004_c0 + cpd00011_c0 + cpd00077_c0,,0.0,1000.0,C21H26N7O14P2,-1,c0
cpd00003_c0,rxn05433,NAD,cpd00004_c0 + cpd00067_c0 + cpd11498_c0 --> cpd00003_c0 + cpd11499_c0,,0.0,1000.0,C21H26N7O14P2,-1,c0
cpd00003_c0,rxn01331,NAD,cpd00001_c0 + cpd00003_c0 + cpd00236_c0 --> cpd00004_c0 + 2.0 cpd00067_c0 + cpd02147_c0,,0.0,1000.0,C21H26N7O14P2,-1,c0
cpd00003_c0,rxn00868,NAD,cpd00004_c0 + cpd00067_c0 + cpd00650_c0 --> cpd00003_c0 + cpd00120_c0,,0.0,1000.0,C21H26N7O14P2,-1,c0
cpd00003_c0,rxn01451,NAD,cpd00003_c0 + cpd00842_c0 <=> cpd00004_c0 + cpd00067_c0 + cpd00279_c0,,-1000.0,1000.0,C21H26N7O14P2,-1,c0
cpd00003_c0,rxn10013,NAD,cpd00004_c0 + cpd00067_c0 + cpd02060_c0 --> cpd00003_c0 + cpd01260_c0,,0.0,1000.0,C21H26N7O14P2,-1,c0
cpd00003_c0,rxn05438,NAD,cpd00004_c0 + cpd00067_c0 + cpd11518_c0 --> cpd00003_c0 + cpd11519_c0,,0.0,1000.0,C21H26N7O14P2,-1,c0
cpd00003_c0,rxn05322,NAD,cpd00004_c0 + 2.0 cpd00067_c0 + cpd11465_c0 --> cpd00003_c0 + cpd11464_c0,,0.0,1000.0,C21H26N7O14P2,-1,c0
cpd00003_c0,rxn01480,NAD,cpd00003_c0 + cpd00876_c0 <=> cpd00004_c0 + cpd00067_c0 + cpd00287_c0,,-1000.0,1000.0,C21H26N7O14P2,-1,c0
cpd00003_c0,rxn00171,NAD,cpd00003_c0 + cpd00010_c0 + cpd00071_c0 <=> cpd00004_c0 + cpd00022_c0 + cpd00067_c0,,-1000.0,1000.0,C21H26N7O14P2,-1,c0
cpd00003_c0,rxn05445,NAD,cpd00004_c0 + cpd00067_c0 + cpd11548_c0 --> cpd00003_c0 + cpd11549_c0,,0.0,1000.0,C21H26N7O14P2,-1,c0
cpd00003_c0,rxn10010,NAD,cpd00004_c0 + cpd00067_c0 + cpd03125_c0 --> cpd00003_c0 + cpd03124_c0,,0.0,1000.0,C21H26N7O14P2,-1,c0
cpd00003_c0,rxn05443,NAD,cpd00004_c0 + cpd00067_c0 + cpd11539_c0 --> cpd00003_c0 + cpd11540_c0,,0.0,1000.0,C21H26N7O14P2,-1,c0
cpd00003_c0,rxn01313,NAD,cpd00004_c0 + cpd00067_c0 + cpd00231_c0 <=> cpd00003_c0 + cpd00233_c0,,-1000.0,1000.0,C21H26N7O14P2,-1,c0
cpd00003_c0,rxn00160,NAD,cpd00003_c0 + cpd00386_c0 --> cpd00004_c0 + cpd00011_c0 + cpd00020_c0,,0.0,1000.0,C21H26N7O14P2,-1,c0
cpd00003_c0,rxn01867,NAD,cpd00001_c0 + cpd00003_c0 + cpd00447_c0 --> cpd00004_c0 + 2.0 cpd00067_c0 + cpd00540_c0,,0.0,1000.0,C21H26N7O14P2,-1,c0
cpd00003_c0,rxn03244,NAD,cpd00003_c0 + cpd03118_c0 <=> cpd00004_c0 + cpd00067_c0 + cpd03119_c0,,-1000.0,1000.0,C21H26N7O14P2,-1,c0
cpd00003_c0,rxn01108,NAD,cpd00003_c0 + cpd00190_c0 <=> cpd00004_c0 + cpd00067_c0 + cpd00170_c0,,-1000.0,1000.0,C21H26N7O14P2,-1,c0
cpd00003_c0,rxn05323,NAD,cpd00004_c0 + cpd00067_c0 + cpd11467_c0 --> cpd00003_c0 + cpd11466_c0,,0.0,1000.0,C21H26N7O14P2,-1,c0
cpd00003_c0,rxn00741,NAD,cpd00003_c0 + cpd03561_c0 --> cpd00004_c0 + cpd00067_c0 + cpd00094_c0,,0.0,1000.0,C21H26N7O14P2,-1,c0
cpd00003_c0,rxn00499,NAD,cpd00003_c0 + cpd00159_c0 <=> cpd00004_c0 + cpd00020_c0 + cpd00067_c0,,-1000.0,1000.0,C21H26N7O14P2,-1,c0
cpd00003_c0,rxn00629,NAD,cpd00003_c0 + cpd00314_c0 <=> cpd00004_c0 + cpd00067_c0 + cpd00082_c0,,-1000.0,1000.0,C21H26N7O14P2,-1,c0
cpd00003_c0,rxn10014,NAD,cpd00004_c0 + cpd00067_c0 + cpd03127_c0 --> cpd00003_c0 + cpd01695_c0,,0.0,1000.0,C21H26N7O14P2,-1,c0
cpd00003_c0,rxn00506,NAD,cpd00001_c0 + cpd00003_c0 + cpd00071_c0 --> cpd00004_c0 + cpd00029_c0 + 2.0 cpd00067_c0,,0.0,1000.0,C21H26N7O14P2,-1,c0
cpd00003_c0,rxn03897,NAD,cpd00004_c0 + cpd00007_c0 + cpd00067_c0 + cpd00153_c0 --> cpd00003_c0 + cpd03762_c0,,0.0,1000.0,C21H26N7O14P2,-1,c0
cpd00003_c0,R00093,NAD,cpd00003_c0 + 2.0 cpd00023_c0 --> cpd00004_c0 + cpd00024_c0 + cpd00053_c0 + cpd00067_c0,,0.0,1000.0,C21H26N7O14P2,-1,c0
cpd00003_c0,rxn03239,NAD,cpd00003_c0 + cpd03113_c0 <=> cpd00004_c0 + cpd00067_c0 + cpd03114_c0,,-1000.0,1000.0,C21H26N7O14P2,-1,c0
cpd00003_c0,rxn01280,NAD,cpd00003_c0 + cpd00223_c0 <=> cpd00004_c0 + cpd00067_c0 + cpd00843_c0,,-1000.0,1000.0,C21H26N7O14P2,-1,c0
cpd00003_c0,rxn05441,NAD,cpd00004_c0 + cpd00067_c0 + cpd11531_c0 --> cpd00003_c0 + cpd11532_c0,,0.0,1000.0,C21H26N7O14P2,-1,c0
cpd00003_c0,rxn08094,NAD,cpd00003_c0 + cpd00010_c0 + cpd00024_c0 --> cpd00004_c0 + cpd00011_c0 + cpd00078_c0,,0.0,1000.0,C21H26N7O14P2,-1,c0
cpd00003_c0,rxn02928,NAD,cpd00004_c0 + cpd00067_c0 + cpd02120_c0 --> cpd00001_c0 + cpd00003_c0 + cpd02465_c0,,0.0,1000.0,C21H26N7O14P2,-1,c0
cpd00003_c0,rxn05434,NAD,cpd00004_c0 + cpd00067_c0 + cpd11502_c0 --> cpd00003_c0 + cpd11503_c0,,0.0,1000.0,C21H26N7O14P2,-1,c0
cpd00003_c0,rxn01729,NAD,cpd00001_c0 + cpd00003_c0 + cpd02089_c0 --> cpd00004_c0 + 2.0 cpd00067_c0 + cpd00379_c0,,0.0,1000.0,C21H26N7O14P2,-1,c0
cpd00003_c0,rxn00834,NAD,cpd00001_c0 + cpd00003_c0 + cpd00114_c0 <=> cpd00004_c0 + cpd00067_c0 + cpd00497_c0,,-1000.0,1000.0,C21H26N7O14P2,-1,c0
cpd00003_c0,rxn05439,NAD,cpd00004_c0 + cpd00067_c0 + cpd11523_c0 --> cpd00003_c0 + cpd11524_c0,,0.0,1000.0,C21H26N7O14P2,-1,c0
cpd00003_c0,rxn03249,NAD,cpd00003_c0 + cpd03122_c0 <=> cpd00004_c0 + cpd00067_c0 + cpd03123_c0,,-1000.0,1000.0,C21H26N7O14P2,-1,c0
cpd00003_c0,rxn05293,NAD,cpd00004_c0 + cpd00067_c0 + cpd08301_c0 --> cpd00001_c0 + cpd00003_c0 + cpd08615_c0,,0.0,1000.0,C21H26N7O14P2,-1,c0
cpd00003_c0,rxn00684,NAD,2.0 cpd00004_c0 + 2.0 cpd00067_c0 + cpd00393_c0 --> 2.0 cpd00003_c0 + cpd00087_c0,,0.0,1000.0,C21H26N7O14P2,-1,c0
cpd00003_c0,rxn00501,NAD,cpd00003_c0 + cpd00010_c0 + cpd00191_c0 <=> cpd00004_c0 + cpd00011_c0 + cpd00022_c0,,-1000.0,1000.0,C21H26N7O14P2,-1,c0
cpd00003_c0,rxn01851,NAD,cpd00001_c0 + cpd00003_c0 + cpd00434_c0 --> cpd00004_c0 + 2.0 cpd00067_c0 + cpd00281_c0,,0.0,1000.0,C21H26N7O14P2,-1,c0
cpd00003_c0,rxn01913,NAD,cpd00003_c0 + cpd00594_c0 <=> cpd00004_c0 + cpd00067_c0 + cpd00473_c0,,-1000.0,1000.0,C21H26N7O14P2,-1,c0
cpd00003_c0,rxn03062,NAD,cpd00003_c0 + cpd02693_c0 <=> cpd00004_c0 + cpd00067_c0 + cpd02605_c0,,-1000.0,1000.0,C21H26N7O14P2,-1,c0
cpd00003_c0,rxn05442,NAD,cpd00004_c0 + cpd00067_c0 + cpd11535_c0 --> cpd00003_c0 + cpd11536_c0,,0.0,1000.0,C21H26N7O14P2,-1,c0
cpd00003_c0,rxn00077,NAD,cpd00002_c0 + cpd00003_c0 <=> cpd00006_c0 + cpd00008_c0 + cpd00067_c0,,-1000.0,1000.0,C21H26N7O14P2,-1,c0
cpd00003_c0,rxn05735,NAD,cpd00001_c0 + cpd00003_c0 + cpd04122_c0 --> cpd00004_c0 + cpd00033_c0 + 2.0 cpd00067_c0,,0.0,1000.0,C21H26N7O14P2,-1,c0
cpd00003_c0,rxn00979,NAD,cpd00001_c0 + cpd00003_c0 + cpd00229_c0 --> cpd00004_c0 + 2.0 cpd00067_c0 + cpd00139_c0,,0.0,1000.0,C21H26N7O14P2,-1,c0
cpd00003_c0,ADD_GABA3,NAD,cpd00001_c0 + cpd00003_c0 + cpd00199_c0 --> cpd00004_c0 + cpd00036_c0 + 2.0 cpd00067_c0,,0.0,1000.0,C21H26N7O14P2,-1,c0
cpd00003_c0,rxn04954,NAD,cpd00003_c0 + cpd00345_c0 <=> cpd00004_c0 + cpd00067_c0 + cpd00125_c0,,-1000.0,1000.0,C21H26N7O14P2,-1,c0
cpd00003_c0,rxn00611,NAD,cpd00003_c0 + cpd00080_c0 <=> cpd00004_c0 + cpd00067_c0 + cpd00095_c0,,-1000.0,1000.0,C21H26N7O14P2,-1,c0
cpd00003_c0,rxn00503,NAD,2.0 cpd00001_c0 + cpd00003_c0 + cpd02431_c0 --> cpd00004_c0 + cpd00023_c0 + cpd00067_c0,,0.0,1000.0,C21H26N7O14P2,-1,c0
cpd00003_c0,rxn00908,NAD,cpd00003_c0 + cpd00033_c0 + cpd00087_c0 --> cpd00004_c0 + cpd00011_c0 + cpd00013_c0 + cpd00125_c0,,0.0,1000.0,C21H26N7O14P2,-1,c0
cpd00003_c0,rxn08975,NAD,cpd00004_c0 + cpd00067_c0 + cpd15560_c0 --> cpd00003_c0 + cpd15561_c0,,0.0,1000.0,C21H26N7O14P2,-1,c0
cpd00003_c0,rxn00183,NAD,cpd00001_c0 + cpd00003_c0 + cpd00858_c0 --> cpd00004_c0 + cpd00023_c0 + 2.0 cpd00067_c0,,0.0,1000.0,C21H26N7O14P2,-1,c0
cpd00003_c0,rxn00863,NAD,cpd00001_c0 + cpd00003_c0 + cpd01324_c0 --> cpd00004_c0 + 2.0 cpd00067_c0 + cpd00119_c0,,0.0,1000.0,C21H26N7O14P2,-1,c0
cpd00003_c0,rxn05436,NAD,cpd00004_c0 + cpd00067_c0 + cpd11510_c0 --> cpd00003_c0 + cpd11511_c0,,0.0,1000.0,C21H26N7O14P2,-1,c0
cpd00003_c0,rxn00182,NAD,cpd00001_c0 + cpd00003_c0 + cpd00023_c0 <=> cpd00004_c0 + cpd00013_c0 + cpd00024_c0 + cpd00067_c0,,-1000.0,1000.0,C21H26N7O14P2,-1,c0
cpd00003_c0,rxn02774,NAD,cpd00003_c0 + cpd01620_c0 <=> cpd00004_c0 + 2.0 cpd00067_c0 + cpd03426_c0,,-1000.0,1000.0,C21H26N7O14P2,-1,c0
cpd00003_c0,rxn05326,NAD,cpd00004_c0 + cpd00067_c0 + cpd11473_c0 --> cpd00003_c0 + cpd11472_c0,,0.0,1000.0,C21H26N7O14P2,-1,c0
cpd00003_c0,rxn00371,NAD,cpd00003_c0 + cpd00047_c0 --> cpd00004_c0 + cpd00011_c0,,0.0,1000.0,C21H26N7O14P2,-1,c0
cpd00003_c0,rxn01301,NAD,cpd00003_c0 + cpd00227_c0 <=> cpd00004_c0 + cpd00067_c0 + cpd00346_c0,,-1000.0,1000.0,C21H26N7O14P2,-1,c0
cpd00003_c0,rxn05325,NAD,cpd00004_c0 + cpd00067_c0 + cpd11471_c0 --> cpd00003_c0 + cpd11470_c0,,0.0,1000.0,C21H26N7O14P2,-1,c0
cpd00003_c0,rxn47419,NAD,cpd00003_c0 + cpd05262_c0 --> cpd00004_c0 + cpd00067_c0 + cpd32793_c0,,0.0,1000.0,C21H26N7O14P2,-1,c0
cpd00003_c0,rxn00781,NAD,cpd00003_c0 + cpd00009_c0 + cpd00102_c0 <=> cpd00004_c0 + cpd00067_c0 + cpd00203_c0,,-1000.0,1000.0,C21H26N7O14P2,-1,c0
cpd00003_c0,rxn01806,NAD,cpd00004_c0 + cpd00067_c0 + 2.0 cpd00418_c0 <=> cpd00001_c0 + cpd00003_c0 + cpd00659_c0,,-1000.0,1000.0,C21H26N7O14P2,-1,c0
cpd00003_c0,rxn05450,NAD,cpd00004_c0 + cpd00067_c0 + cpd11568_c0 --> cpd00003_c0 + cpd11569_c0,,0.0,1000.0,C21H26N7O14P2,-1,c0
cpd00003_c0,rxn05732,NAD,cpd00004_c0 + cpd00067_c0 + cpd03126_c0 --> cpd00003_c0 + cpd00134_c0,,0.0,1000.0,C21H26N7O14P2,-1,c0
cpd00003_c0,rxn06493,NAD,cpd00003_c0 + cpd12225_c0 <=> cpd00004_c0 + cpd00067_c0 + cpd12005_c0,,-1000.0,1000.0,C21H26N7O14P2,-1,c0
cpd00003_c0,rxn10122,NAD,cpd00004_c0 + 4.0 cpd00067_c0 + cpd15560_c0 --> cpd00003_c0 + 3.0 cpd00067_e0 + cpd15561_c0,,0.0,1000.0,C21H26N7O14P2,-1,c0
cpd00003_c0,rxn03990,NAD,cpd00004_c0 + 2.0 cpd00007_c0 + 2.0 cpd00418_c0 --> cpd00003_c0 + cpd00067_c0 + 2.0 cpd00209_c0,,0.0,1000.0,C21H26N7O14P2,-1,c0
cpd00003_c0,R00103,NAD,cpd00001_c0 + cpd00003_c0 --> cpd00018_c0 + 2.0 cpd00067_c0 + cpd00355_c0,,0.0,1000.0,C21H26N7O14P2,-1,c0
cpd00003_c0,rxn05464,NAD,cpd00004_c0 + cpd00067_c0 + cpd11572_c0 --> cpd00003_c0 + cpd11573_c0,,0.0,1000.0,C21H26N7O14P2,-1,c0
cpd00003_c0,rxn11937,NAD,cpd00004_c0 + cpd00067_c0 + cpd00659_c0 --> cpd00001_c0 + cpd00003_c0 + cpd00528_c0,,0.0,1000.0,C21H26N7O14P2,-1,c0
cpd00003_c0,rxn10125,NAD,cpd00004_c0 + cpd00006_c0 + 2.0 cpd00067_e0 --> cpd00003_c0 + cpd00005_c0 + 2.0 cpd00067_c0,,0.0,1000.0,C21H26N7O14P2,-1,c0
cpd00003_c0,rxn05446,NAD,cpd00004_c0 + cpd00067_c0 + cpd11552_c0 --> cpd00003_c0 + cpd11553_c0,,0.0,1000.0,C21H26N7O14P2,-1,c0
cpd00003_c0,rxn05324,NAD,cpd00004_c0 + cpd00067_c0 + cpd11469_c0 --> cpd00003_c0 + cpd11468_c0,,0.0,1000.0,C21H26N7O14P2,-1,c0
cpd00003_c0,rxn05444,NAD,cpd00004_c0 + cpd00067_c0 + cpd11543_c0 --> cpd00003_c0 + cpd11544_c0,,0.0,1000.0,C21H26N7O14P2,-1,c0
cpd00003_c0,rxn05435,NAD,cpd00004_c0 + cpd00067_c0 + cpd11506_c0 --> cpd00003_c0 + cpd11507_c0,,0.0,1000.0,C21H26N7O14P2,-1,c0
cpd00003_c0,rxn01268,NAD,cpd00003_c0 + cpd00219_c0 --> cpd00004_c0 + cpd00011_c0 + cpd00868_c0,,0.0,1000.0,C21H26N7O14P2,-1,c0
cpd00003_c0,rxn02853,NAD,cpd00001_c0 + cpd00003_c0 + cpd03052_c0 --> cpd00004_c0 + 2.0 cpd00067_c0 + cpd01831_c0,,0.0,1000.0,C21H26N7O14P2,-1,c0
cpd00003_c0,rxn00543,NAD,cpd00003_c0 + cpd00363_c0 <=> cpd00004_c0 + cpd00067_c0 + cpd00071_c0,,-1000.0,1000.0,C21H26N7O14P2,-1,c0
cpd00003_c0,rxn08756,NAD,cpd00004_c0 + cpd00067_c0 + cpd08615_c0 --> cpd00001_c0 + cpd00003_c0 + cpd00113_c0,,0.0,1000.0,C21H26N7O14P2,-1,c0
cpd00003_c0,rxn01241,NAD,cpd00003_c0 + cpd00449_c0 <=> cpd00004_c0 + cpd00067_c0 + cpd00213_c0,,-1000.0,1000.0,C21H26N7O14P2,-1,c0
cpd00003_c0,ADD_D_Fuc3,NAD,cpd00003_c0 + cpd00750_c0 --> D_Fucono_σ_lactone_c0 + cpd00004_c0 + cpd00067_c0,,0.0,1000.0,C21H26N7O14P2,-1,c0
cpd00003_c0,rxn03886,NAD,cpd00003_c0 + cpd00804_c0 <=> cpd00004_c0 + cpd00067_c0 + cpd00072_c0,,-1000.0,1000.0,C21H26N7O14P2,-1,c0
cpd00003_c0,rxn00568,NAD,3.0 cpd00004_c0 + 4.0 cpd00067_c0 + cpd00075_c0 --> 2.0 cpd00001_c0 + 3.0 cpd00003_c0 + cpd00013_c0,,0.0,1000.0,C21H26N7O14P2,-1,c0
cpd03697_c0,rxn05501,Arbutin-6P,cpd00061_c0 + cpd03696_e0 <=> cpd00020_c0 + cpd03697_c0,,-1000.0,1000.0,C12H15O10P,-2,c0
cpd01157_c0,R00022,Chitobiose,cpd00001_c0 + cpd01157_c0 --> 2.0 cpd00122_c0,,0.0,1000.0,C16H28N2O11,0,c0
cpd00232_c0,rxn01316,Neu5Ac,cpd00001_c0 + cpd00061_c0 + cpd00492_c0 --> cpd00009_c0 + cpd00232_c0,,0.0,1000.0,C11H18NO9,-1,c0
cpd00232_c0,rxn00827,Neu5Ac,cpd00052_c0 + cpd00232_c0 --> cpd00012_c0 + cpd00067_c0 + cpd00112_c0,,0.0,1000.0,C11H18NO9,-1,c0
cpd02152_c0,rxn00802,L-Argininosuccinate,cpd02152_c0 <=> cpd00051_c0 + cpd00106_c0,,-1000.0,1000.0,C10H17N4O6,-1,c0
cpd02152_c0,rxn01434,L-Argininosuccinate,cpd00002_c0 + cpd00041_c0 + cpd00274_c0 <=> cpd00012_c0 + cpd00018_c0 + 2.0 cpd00067_c0 + cpd02152_c0,,-1000.0,1000.0,C10H17N4O6,-1,c0
cpd15722_c0,rxn10265,Diisoheptadecanoylphosphatidylglycerol,cpd00001_c0 + cpd15716_c0 --> cpd00009_c0 + cpd00067_c0 + cpd15722_c0,,0.0,1000.0,C40H78O10P,-1,c0
cpd15722_c0,rxn10337,Diisoheptadecanoylphosphatidylglycerol,2.0 cpd15722_c0 <=> cpd00100_c0 + cpd15794_c0,,-1000.0,1000.0,C40H78O10P,-1,c0
cpd00338_c0,rxn00029,5-Aminolevulinate,2.0 cpd00338_c0 --> 2.0 cpd00001_c0 + cpd00067_c0 + cpd00689_c0,,0.0,1000.0,C5H9NO3,0,c0
cpd00338_c0,rxn01629,5-Aminolevulinate,cpd00338_c0 <=> cpd02345_c0,,-1000.0,1000.0,C5H9NO3,0,c0
cpd00668_c0,rxn02186,ALCTT,cpd00005_c0 + cpd00067_c0 + cpd00668_c0 <=> cpd00006_c0 + cpd02498_c0,,-1000.0,1000.0,C5H7O4,-1,c0
cpd00668_c0,rxn02185,ALCTT,cpd00056_c0 + cpd00668_c0 <=> cpd00020_c0 + cpd03049_c0,,-1000.0,1000.0,C5H7O4,-1,c0
cpd00668_c0,rxn02187,ALCTT,cpd00668_c0 <=> cpd02569_c0,,-1000.0,1000.0,C5H7O4,-1,c0
cpd15336_c0,rxn08838,2-Acyl-sn-glycero-3-phosphoethanolamine dodecanoyl,cpd00001_c0 + cpd15336_c0 <=> cpd00067_c0 + cpd00908_c0 + cpd01741_c0,,-1000.0,1000.0,C17H36NO7P,0,c0
cpd15727_c0,rxn10270,Diisohexadecanoylphosphatidylglycerol,cpd00001_c0 + cpd15721_c0 --> cpd00009_c0 + cpd00067_c0 + cpd15727_c0,,0.0,1000.0,C38H74O10P,-1,c0
cpd15727_c0,rxn10342,Diisohexadecanoylphosphatidylglycerol,2.0 cpd15727_c0 <=> cpd00100_c0 + cpd15799_c0,,-1000.0,1000.0,C38H74O10P,-1,c0
cpd00065_e0,EXpd00065,L-Tryptophan,cpd00065_e0 --> ,,0.0,1000.0,C11H12N2O2,0,e0
cpd00065_e0,rxn05663,L-Tryptophan,cpd00065_e0 + cpd00067_e0 <=> cpd00065_c0 + cpd00067_c0,,-1000.0,1000.0,C11H12N2O2,0,e0
cpd01012_c0,rxn05517,Cd2+,cpd00067_e0 + cpd00205_e0 + cpd01012_c0 <=> cpd00067_c0 + cpd00205_c0 + cpd01012_e0,,-1000.0,1000.0,Cd,2,c0
cpd01012_c0,rxn05516,Cd2+,cpd00001_c0 + cpd00002_c0 + cpd01012_c0 --> cpd00008_c0 + cpd00009_c0 + cpd00067_c0 + cpd01012_e0,,0.0,1000.0,Cd,2,c0
cpd03671_c0,rxn01485,D-Glucosamine1-phosphate,cpd03671_c0 <=> cpd00288_c0,,-1000.0,1000.0,C6H13NO8P,-1,c0
cpd03671_c0,rxn03638,D-Glucosamine1-phosphate,cpd00022_c0 + cpd03671_c0 --> cpd00010_c0 + cpd00067_c0 + cpd02611_c0,,0.0,1000.0,C6H13NO8P,-1,c0
cpd20885_e0,ADD_Tur2,Turanose,cpd00001_c0 + cpd00002_c0 + cpd20885_e0 --> cpd00008_c0 + cpd00009_c0 + cpd00067_c0 + cpd20885_c0,,0.0,1000.0,C12H22O11,0,e0
cpd20885_e0,EXpd20885,Turanose,cpd20885_e0 --> ,,0.0,1000.0,C12H22O11,0,e0
cpd11549_c0,rxn05413,4-methyl-pentanoyl-ACP,cpd11492_c0 + cpd11549_c0 --> cpd00011_c0 + cpd11493_c0 + cpd11550_c0,,0.0,1000.0,C17H31N2O8PRS,-1,c0
cpd11549_c0,rxn05445,4-methyl-pentanoyl-ACP,cpd00004_c0 + cpd00067_c0 + cpd11548_c0 --> cpd00003_c0 + cpd11549_c0,,0.0,1000.0,C17H31N2O8PRS,-1,c0
cpd01620_c0,rxn02774,Precorrin 2,cpd00003_c0 + cpd01620_c0 <=> cpd00004_c0 + 2.0 cpd00067_c0 + cpd03426_c0,,-1000.0,1000.0,C42H41N4O16,-7,c0
cpd01620_c0,rxn02287,Precorrin 2,2.0 cpd00017_c0 + cpd00774_c0 <=> 2.0 cpd00019_c0 + cpd00067_c0 + cpd01620_c0,,-1000.0,1000.0,C42H41N4O16,-7,c0
cpd00727_c0,rxn00980,2-Phosphoglycolate,cpd00001_c0 + cpd00727_c0 --> cpd00009_c0 + cpd00139_c0,,0.0,1000.0,C2H2O6P,-3,c0
cpd00209_e0,EXpd00209,Nitrate,cpd00209_e0 --> ,,0.0,1000.0,NO3,-1,e0
cpd00209_e0,rxn05627,Nitrate,cpd00067_e0 + cpd00209_e0 <=> cpd00067_c0 + cpd00209_c0,,-1000.0,1000.0,NO3,-1,e0
cpd00791_c0,rxn02304,ProtoporphyrinogenIX,3.0 cpd00007_c0 + 2.0 cpd00791_c0 --> 6.0 cpd00001_c0 + 2.0 cpd01476_c0,,0.0,1000.0,C34H38N4O4,-2,c0
cpd00791_c0,rxn04704,ProtoporphyrinogenIX,2.0 cpd00017_c0 + cpd02083_c0 <=> 2.0 cpd00011_c0 + 2.0 cpd00060_c0 + cpd00791_c0 + 2.0 cpd03091_c0,,-1000.0,1000.0,C34H38N4O4,-2,c0
cpd00791_c0,rxn02303,ProtoporphyrinogenIX,cpd00007_c0 + 2.0 cpd00067_c0 + cpd02083_c0 <=> 2.0 cpd00001_c0 + 2.0 cpd00011_c0 + cpd00791_c0,,-1000.0,1000.0,C34H38N4O4,-2,c0
cpd00122_e0,EXpd00122,N-Acetyl-D-glucosamine,cpd00122_e0 --> ,,0.0,1000.0,C8H15NO6,0,e0
cpd00122_e0,rxn05485,N-Acetyl-D-glucosamine,cpd00061_c0 + cpd00122_e0 <=> cpd00020_c0 + cpd00293_c0,,-1000.0,1000.0,C8H15NO6,0,e0
cpd00050_c0,rxn00122,FMN,cpd00002_c0 + cpd00050_c0 --> cpd00012_c0 + cpd00015_c0,,0.0,1000.0,C17H19N4O9P,-2,c0
cpd00050_c0,rxn00392,FMN,cpd00002_c0 + cpd00220_c0 <=> cpd00008_c0 + cpd00050_c0,,-1000.0,1000.0,C17H19N4O9P,-2,c0
cpd00050_c0,rxn14250,FMN,cpd00007_c0 + cpd00067_c0 + cpd01270_c0 + cpd18071_c0 --> cpd00001_c0 + cpd00050_c0 + cpd00071_c0 + cpd00075_c0,,0.0,1000.0,C17H19N4O9P,-2,c0
cpd00050_c0,rxn11650,FMN,cpd01270_c0 + 2.0 cpd03914_c0 <=> cpd00050_c0 + 2.0 cpd00067_c0 + 2.0 cpd03915_c0,,-1000.0,1000.0,C17H19N4O9P,-2,c0
cpd15603_c0,rxn12844,Gly-Cys,cpd00001_c0 + cpd15603_c0 <=> cpd00033_c0 + cpd00084_c0,,-1000.0,1000.0,C5H10N2O3S,0,c0
cpd15603_c0,rxn12848,Gly-Cys,cpd00001_c0 + cpd00002_c0 + cpd15603_e0 --> cpd00008_c0 + cpd00009_c0 + cpd00067_c0 + cpd15603_c0,,0.0,1000.0,C5H10N2O3S,0,c0
cpd02591_c0,rxn05287,pendp,cpd00113_c0 + cpd00289_c0 --> cpd00012_c0 + cpd00067_c0 + cpd02591_c0,,0.0,1000.0,C25H42O7P2,-2,c0
cpd02591_c0,rxn03892,pendp,cpd00113_c0 + cpd02591_c0 --> cpd00012_c0 + cpd00067_c0 + cpd00906_c0,,0.0,1000.0,C25H42O7P2,-2,c0
cpd00014_c0,rxn08620,UDP,cpd00026_c0 + cpd15475_c0 --> cpd00014_c0 + cpd15477_c0,,0.0,1000.0,C9H12N2O12P2,-2,c0
cpd00014_c0,rxn00120,UDP,cpd00001_c0 + cpd00062_c0 --> cpd00009_c0 + cpd00014_c0 + cpd00067_c0,,0.0,1000.0,C9H12N2O12P2,-2,c0
cpd00014_c0,rxn08618,UDP,cpd00026_c0 + cpd15489_c0 <=> cpd00014_c0 + 4.0 cpd00067_c0 + cpd15479_c0,,-1000.0,1000.0,C9H12N2O12P2,-2,c0
cpd00014_c0,rxn06075,UDP,cpd00014_c0 + cpd11421_c0 --> cpd00001_c0 + cpd00978_c0 + cpd11420_c0,,0.0,1000.0,C9H12N2O12P2,-2,c0
cpd00014_c0,rxn00117,UDP,cpd00002_c0 + cpd00014_c0 --> cpd00008_c0 + cpd00062_c0,,0.0,1000.0,C9H12N2O12P2,-2,c0
cpd00014_c0,rxn08619,UDP,cpd00026_c0 + cpd15469_c0 --> cpd00014_c0 + cpd15475_c0,,0.0,1000.0,C9H12N2O12P2,-2,c0
cpd00014_c0,rxn00605,UDP,cpd00026_c0 + cpd00079_c0 <=> cpd00014_c0 + cpd00523_c0,,-1000.0,1000.0,C9H12N2O12P2,-2,c0
cpd00014_c0,rxn03408,UDP,cpd00037_c0 + cpd03494_c0 <=> cpd00014_c0 + cpd03495_c0,,-1000.0,1000.0,C9H12N2O12P2,-2,c0
cpd00014_c0,rxn03159,UDP,cpd02835_c0 + cpd02930_c0 <=> cpd00014_c0 + cpd03002_c0,,-1000.0,1000.0,C9H12N2O12P2,-2,c0
cpd00014_c0,rxn00119,UDP,cpd00002_c0 + cpd00067_c0 + cpd00091_c0 --> cpd00008_c0 + cpd00014_c0,,0.0,1000.0,C9H12N2O12P2,-2,c0
cpd00014_c0,rxn03933,UDP,cpd00037_c0 + cpd02948_c0 <=> cpd00014_c0 + cpd03491_c0,,-1000.0,1000.0,C9H12N2O12P2,-2,c0
cpd00014_c0,rxn08583,UDP,cpd00026_c0 + cpd15479_c0 --> cpd00014_c0 + cpd15469_c0,,0.0,1000.0,C9H12N2O12P2,-2,c0
cpd15378_c0,rxn09310,4-Hydroxy-benzylalcohol,cpd00002_c0 + cpd00069_c0 + cpd00084_c0 + cpd08289_c0 --> cpd00001_c0 + cpd00011_c0 + cpd00012_c0 + cpd00018_c0 + cpd00035_c0 + 2.0 cpd00067_c0 + cpd02654_c0 + cpd15378_c0,,0.0,1000.0,C7H8O2,0,c0
cpd00081_c0,rxn00383,Sulfite,cpd00001_c0 + cpd00007_c0 + cpd00081_c0 --> cpd00025_c0 + cpd00048_c0 + cpd00067_c0,,0.0,1000.0,HO3S,-1,c0
cpd00081_c0,rxn06078,Sulfite,cpd00268_c0 + cpd00790_c0 + cpd11421_c0 --> cpd00029_c0 + cpd00067_c0 + cpd00081_c0 + cpd00135_c0 + cpd11420_c0,,0.0,1000.0,HO3S,-1,c0
cpd00081_c0,rxn01416,Sulfite,cpd00150_c0 + cpd00268_c0 <=> cpd00067_c0 + cpd00081_c0 + cpd01211_c0,,-1000.0,1000.0,HO3S,-1,c0
cpd00081_c0,rxn00623,Sulfite,3.0 cpd00001_c0 + 3.0 cpd00006_c0 + cpd00239_c0 <=> 3.0 cpd00005_c0 + 3.0 cpd00067_c0 + cpd00081_c0,,-1000.0,1000.0,HO3S,-1,c0
cpd00081_c0,rxn05733,Sulfite,cpd00268_c0 + cpd00722_c0 + cpd11421_c0 --> cpd00029_c0 + cpd00067_c0 + cpd00081_c0 + cpd00084_c0 + cpd11420_c0,,0.0,1000.0,HO3S,-1,c0
cpd00081_c0,rxn05239,Sulfite,cpd00044_c0 + cpd11421_c0 --> cpd00045_c0 + cpd00067_c0 + cpd00081_c0 + cpd11420_c0,,0.0,1000.0,HO3S,-1,c0
cpd15676_c0,rxn10210,1-isohexadecanoyl-sn-glycerol 3-phosphate,cpd00080_c0 + cpd11441_c0 --> cpd00010_c0 + cpd15676_c0,,0.0,1000.0,C19H38O7P,-1,c0
cpd15676_c0,rxn10219,1-isohexadecanoyl-sn-glycerol 3-phosphate,cpd11441_c0 + cpd15676_c0 --> cpd00010_c0 + cpd00067_c0 + cpd15682_c0,,0.0,1000.0,C19H38O7P,-1,c0
cpd15348_c0,rxn08850,2-Acyl-sn-glycero-3-phosphoglycerol octadecanoyl,cpd00001_c0 + cpd15348_c0 <=> cpd00067_c0 + cpd01080_c0 + cpd02090_c0,,-1000.0,1000.0,C24H48O9P,-1,c0
cpd02083_c0,rxn02288,CoproporphyrinogenIII,4.0 cpd00067_c0 + cpd00774_c0 <=> 4.0 cpd00011_c0 + cpd02083_c0,,-1000.0,1000.0,C36H40N4O8,-4,c0
cpd02083_c0,rxn04704,CoproporphyrinogenIII,2.0 cpd00017_c0 + cpd02083_c0 <=> 2.0 cpd00011_c0 + 2.0 cpd00060_c0 + cpd00791_c0 + 2.0 cpd03091_c0,,-1000.0,1000.0,C36H40N4O8,-4,c0
cpd02083_c0,rxn02303,CoproporphyrinogenIII,cpd00007_c0 + 2.0 cpd00067_c0 + cpd02083_c0 <=> 2.0 cpd00001_c0 + 2.0 cpd00011_c0 + cpd00791_c0,,-1000.0,1000.0,C36H40N4O8,-4,c0
cpd00497_c0,rxn00917,XMP,cpd00001_c0 + cpd00002_c0 + cpd00053_c0 + cpd00497_c0 --> cpd00012_c0 + cpd00018_c0 + cpd00023_c0 + 3.0 cpd00067_c0 + cpd00126_c0,,0.0,1000.0,C10H11N4O9P,-2,c0
cpd00497_c0,rxn01544,XMP,cpd00103_c0 + cpd00309_c0 --> cpd00012_c0 + cpd00067_c0 + cpd00497_c0,,0.0,1000.0,C10H11N4O9P,-2,c0
cpd00497_c0,rxn00834,XMP,cpd00001_c0 + cpd00003_c0 + cpd00114_c0 <=> cpd00004_c0 + cpd00067_c0 + cpd00497_c0,,-1000.0,1000.0,C10H11N4O9P,-2,c0
cpd00497_c0,rxn01961,XMP,cpd00001_c0 + cpd00497_c0 --> cpd00009_c0 + cpd01217_c0,,0.0,1000.0,C10H11N4O9P,-2,c0
cpd03122_c0,rxn03249,(S)-Hydroxyhexanoyl-CoA,cpd00003_c0 + cpd03122_c0 <=> cpd00004_c0 + cpd00067_c0 + cpd03123_c0,,-1000.0,1000.0,C27H42N7O18P3S,-4,c0
cpd03122_c0,rxn03250,(S)-Hydroxyhexanoyl-CoA,cpd03122_c0 <=> cpd00001_c0 + cpd03125_c0,,-1000.0,1000.0,C27H42N7O18P3S,-4,c0
cpd00386_c0,rxn00160,D-Malate,cpd00003_c0 + cpd00386_c0 --> cpd00004_c0 + cpd00011_c0 + cpd00020_c0,,0.0,1000.0,C4H4O5,-2,c0
cpd00386_c0,ADD_D_Malate,D-Malate,cpd00067_e0 + cpd00386_e0 <=> cpd00067_c0 + cpd00386_c0,,-1000.0,1000.0,C4H4O5,-2,c0
cpd00092_e0,EXpd00092,Uracil,cpd00092_e0 --> ,,0.0,1000.0,C4H4N2O2,0,e0
cpd00092_e0,rxn05197,Uracil,cpd00067_e0 + cpd00092_e0 <=> cpd00067_c0 + cpd00092_c0,,-1000.0,1000.0,C4H4N2O2,0,e0
cpd00357_c0,rxn01675,TTP,cpd00089_c0 + cpd00357_c0 <=> cpd00012_c0 + cpd00626_c0,,-1000.0,1000.0,C10H14N2O14P3,-3,c0
cpd00357_c0,biomass0,TTP,0.169975 cpd00002_c0 + 0.00215 cpd00003_c0 + 5e-05 cpd00004_c0 + 0.0004 cpd00005_c0 + 0.00013 cpd00006_c0 + 6e-06 cpd00010_c0 + 1e-05 cpd00015_c0 + 5e-05 cpd00022_c0 + 0.25 cpd00023_c0 + 0.003 cpd00026_c0 + 1e-06 cpd00028_c0 + 0.496 cpd00033_c0 + 0.499 cpd00035_c0 + 0.203 cpd00038_c0 + 0.431 cpd00039_c0 + 0.245 cpd00041_c0 + 0.121 cpd00051_c0 + 0.126 cpd00052_c0 + 0.25 cpd00053_c0 + 0.29 cpd00054_c0 + 0.116 cpd00060_c0 + 0.136 cpd00062_c0 + 0.054 cpd00065_c0 + 0.199 cpd00066_c0 + 0.138 cpd00069_c0 + 3e-06 cpd00078_c0 + 0.087 cpd00084_c0 + 0.428 cpd00107_c0 + 0.01814 cpd00115_c0 + 0.035 cpd00118_c0 + 0.145 cpd00119_c0 + 0.541 cpd00129_c0 + 0.245 cpd00132_c0 + 0.154 cpd00155_c0 + 0.42 cpd00156_c0 + 0.436 cpd00161_c0 + 0.000223 cpd00201_c0 + 0.0254 cpd00241_c0 + 0.0089 cpd00264_c0 + 0.213 cpd00322_c0 + 0.000223 cpd00345_c0 + 0.0254 cpd00356_c0 + 0.01814 cpd00357_c0 + 0.000142 cpd11652_c0 + 0.000216 cpd12801_c0 + 0.000701 cpd15432_c0 + 0.00276 cpd15665_c0 + 0.00192 cpd16083_c0 + 4.3e-05 cpd16093_c0 --> biomass_c0 + 5.604 cpd00001_c0 + 0.08708 cpd00009_c0 + 0.634975 cpd00012_c0,,0.0,1000.0,C10H14N2O14P3,-3,c0
cpd00357_c0,rxn10060,TTP,cpd00003_c0 + cpd00357_c0 <=> cpd00006_c0 + cpd00067_c0 + cpd00297_c0,,-1000.0,1000.0,C10H14N2O14P3,-3,c0
cpd00357_c0,rxn01512,TTP,cpd00002_c0 + cpd00297_c0 <=> cpd00008_c0 + cpd00357_c0,,-1000.0,1000.0,C10H14N2O14P3,-3,c0
cpd03832_c0,rxn11544,Hydrogenobyrinate,cpd00001_c0 + 2.0 cpd00002_c0 + 2.0 cpd00053_c0 + cpd03832_c0 <=> 2.0 cpd00008_c0 + cpd00012_c0 + 2.0 cpd00023_c0 + cpd00067_c0 + cpd03913_c0,,-1000.0,1000.0,C45H56N4O14,-4,c0
cpd15137_c0,rxn07840,5-Hydroxyectoine,cpd00007_c0 + cpd00024_c0 + cpd03727_c0 --> cpd00011_c0 + cpd00036_c0 + cpd15137_c0,,0.0,1000.0,C6H10N2O3,0,c0
cpd00106_c0,rxn03136,Fumarate,cpd02921_c0 <=> cpd00106_c0 + cpd02851_c0,,-1000.0,1000.0,C4H2O4,-2,c0
cpd00106_c0,rxn08528,Fumarate,cpd00106_c0 + cpd15353_c0 <=> cpd00036_c0 + cpd15352_c0,,-1000.0,1000.0,C4H2O4,-2,c0
cpd00106_c0,rxn09272,Fumarate,cpd00036_c0 + cpd15560_c0 <=> cpd00106_c0 + cpd15561_c0,,-1000.0,1000.0,C4H2O4,-2,c0
cpd00106_c0,rxn00288,Fumarate,cpd00106_c0 + cpd00982_c0 --> cpd00015_c0 + cpd00036_c0,,0.0,1000.0,C4H2O4,-2,c0
cpd00106_c0,rxn08527,Fumarate,cpd00106_c0 + cpd15499_c0 <=> cpd00036_c0 + cpd15500_c0,,-1000.0,1000.0,C4H2O4,-2,c0
cpd00106_c0,rxn00800,Fumarate,cpd02375_c0 <=> cpd00018_c0 + cpd00106_c0,,-1000.0,1000.0,C4H2O4,-2,c0
cpd00106_c0,rxn00347,Fumarate,cpd00041_c0 --> cpd00013_c0 + cpd00106_c0,,0.0,1000.0,C4H2O4,-2,c0
cpd00106_c0,rxn00993,Fumarate,cpd00001_c0 + cpd00780_c0 --> cpd00067_c0 + cpd00106_c0 + cpd00142_c0,,0.0,1000.0,C4H2O4,-2,c0
cpd00106_c0,rxn00799,Fumarate,cpd00130_c0 <=> cpd00001_c0 + cpd00106_c0,,-1000.0,1000.0,C4H2O4,-2,c0
cpd00106_c0,rxn05561,Fumarate,cpd00067_e0 + cpd00106_e0 <=> cpd00067_c0 + cpd00106_c0,,-1000.0,1000.0,C4H2O4,-2,c0
cpd00106_c0,rxn00802,Fumarate,cpd02152_c0 <=> cpd00051_c0 + cpd00106_c0,,-1000.0,1000.0,C4H2O4,-2,c0
cpd11567_c0,rxn05430,14-methyl-3-hydroxy-pentadecanoyl-ACP,cpd00005_c0 + cpd00067_c0 + cpd11566_c0 <=> cpd00006_c0 + cpd11567_c0,,-1000.0,1000.0,C27H51N2O9PRS,-1,c0
cpd11505_c0,rxn05368,8-methyl-3-hydroxy-decanoyl-ACP,cpd00005_c0 + cpd00067_c0 + cpd11504_c0 <=> cpd00006_c0 + cpd11505_c0,,-1000.0,1000.0,C22H41N2O9PRS,-1,c0
cpd11505_c0,rxn05369,8-methyl-3-hydroxy-decanoyl-ACP,cpd11505_c0 --> cpd00001_c0 + cpd11506_c0,,0.0,1000.0,C22H41N2O9PRS,-1,c0
cpd11466_c0,rxn05344,Myristoyl-ACP,cpd11466_c0 + cpd11492_c0 --> cpd00011_c0 + cpd11485_c0 + cpd11493_c0,,0.0,1000.0,C25H48N2O8PRS,-2,c0
cpd11466_c0,rxn05323,Myristoyl-ACP,cpd00004_c0 + cpd00067_c0 + cpd11467_c0 --> cpd00003_c0 + cpd11466_c0,,0.0,1000.0,C25H48N2O8PRS,-2,c0
cpd11466_c0,rxn08547,Myristoyl-ACP,cpd00080_c0 + cpd11466_c0 --> cpd11493_c0 + cpd15331_c0,,0.0,1000.0,C25H48N2O8PRS,-2,c0
cpd11466_c0,rxn08084,Myristoyl-ACP,cpd00067_c0 + cpd11466_c0 + cpd15331_c0 --> cpd11493_c0 + cpd15522_c0,,0.0,1000.0,C25H48N2O8PRS,-2,c0
cpd11466_c0,rxn05457,Myristoyl-ACP,cpd00010_c0 + cpd11466_c0 <=> cpd01695_c0 + cpd11493_c0,,-1000.0,1000.0,C25H48N2O8PRS,-2,c0
cpd11466_c0,rxn06848,Myristoyl-ACP,cpd03736_c0 + cpd11466_c0 --> cpd03587_c0 + cpd11493_c0,,0.0,1000.0,C25H48N2O8PRS,-2,c0
cpd15681_c0,rxn10257,"1,2-dianteisopentadecanoyl-sn-glycerol 3-phosphate",cpd00002_c0 + cpd15705_c0 <=> cpd00008_c0 + cpd15681_c0,,-1000.0,1000.0,C33H64O8P,-1,c0
cpd15681_c0,rxn10218,"1,2-dianteisopentadecanoyl-sn-glycerol 3-phosphate",cpd11439_c0 + cpd15675_c0 --> cpd00010_c0 + cpd00067_c0 + cpd15681_c0,,0.0,1000.0,C33H64O8P,-1,c0
cpd15681_c0,rxn10224,"1,2-dianteisopentadecanoyl-sn-glycerol 3-phosphate",cpd00052_c0 + cpd15681_c0 <=> cpd00012_c0 + cpd00067_c0 + cpd15687_c0,,-1000.0,1000.0,C33H64O8P,-1,c0
cpd00068_c0,rxn00707,ITP,cpd00068_c0 + cpd00367_c0 <=> cpd00046_c0 + cpd00067_c0 + cpd00090_c0,,-1000.0,1000.0,C10H12N4O14P3,-3,c0
cpd00068_c0,rxn00515,ITP,cpd00002_c0 + cpd00090_c0 <=> cpd00008_c0 + cpd00068_c0,,-1000.0,1000.0,C10H12N4O14P3,-3,c0
cpd02140_c0,rxn05229,AIR,cpd00002_c0 + cpd00242_c0 + cpd02140_c0 --> cpd00008_c0 + cpd00009_c0 + cpd00067_c0 + cpd02893_c0,,0.0,1000.0,C8H13N3O7P,-1,c0
cpd02140_c0,rxn02937,AIR,cpd00002_c0 + cpd02826_c0 <=> cpd00008_c0 + cpd00009_c0 + cpd00067_c0 + cpd02140_c0,,-1000.0,1000.0,C8H13N3O7P,-1,c0
cpd02140_c0,rxn02938,AIR,cpd00067_c0 + cpd02893_c0 --> cpd00011_c0 + cpd02140_c0,,0.0,1000.0,C8H13N3O7P,-1,c0
cpd00281_c0,rxn01851,GABA,cpd00001_c0 + cpd00003_c0 + cpd00434_c0 --> cpd00004_c0 + 2.0 cpd00067_c0 + cpd00281_c0,,0.0,1000.0,C4H9NO2,0,c0
cpd00281_c0,rxn01204,GABA,cpd00024_c0 + cpd00281_c0 <=> cpd00023_c0 + cpd00199_c0,,-1000.0,1000.0,C4H9NO2,0,c0
cpd00281_c0,ADD_GABA2,GABA,cpd00281_e0 --> cpd00281_c0,,0.0,1000.0,C4H9NO2,0,c0
cpd00281_c0,rxn01459,GABA,cpd00001_c0 + cpd00006_c0 + cpd00434_c0 --> cpd00005_c0 + 2.0 cpd00067_c0 + cpd00281_c0,,0.0,1000.0,C4H9NO2,0,c0
cpd15540_c0,rxn09106,Phosphatidylglycerol dioctadecanoyl,cpd00001_c0 + cpd15547_c0 --> cpd00009_c0 + cpd00067_c0 + cpd15540_c0,,0.0,1000.0,C42H82O10P,-1,c0
cpd15540_c0,rxn10336,Phosphatidylglycerol dioctadecanoyl,2.0 cpd15540_c0 <=> cpd00100_c0 + cpd15793_c0,,-1000.0,1000.0,C42H82O10P,-1,c0
cpd00919_c0,rxn00202,Homocitrate,cpd00001_c0 + cpd00022_c0 + cpd00024_c0 --> cpd00010_c0 + cpd00067_c0 + cpd00919_c0,,0.0,1000.0,C7H7O7,-3,c0
cpd02522_c0,rxn01664,2-Aminoadipate 6-semialdehyde,cpd02522_c0 --> cpd00001_c0 + cpd00067_c0 + cpd00352_c0,,0.0,1000.0,C6H11NO3,0,c0
cpd00449_c0,rxn01872,Dihydrolipoamide,cpd00078_c0 + cpd00449_c0 <=> cpd00010_c0 + cpd00860_c0,,-1000.0,1000.0,C8H17NOS2,0,c0
cpd00449_c0,rxn01871,Dihydrolipoamide,cpd00022_c0 + cpd00449_c0 --> cpd00010_c0 + cpd00836_c0,,0.0,0.0,C8H17NOS2,0,c0
cpd00449_c0,rxn01241,Dihydrolipoamide,cpd00003_c0 + cpd00449_c0 <=> cpd00004_c0 + cpd00067_c0 + cpd00213_c0,,-1000.0,1000.0,C8H17NOS2,0,c0
cpd01777_c0,rxn02835,Phosphoribosyl-AMP,cpd00001_c0 + cpd01777_c0 <=> cpd02979_c0,,-1000.0,1000.0,C15H19N5O14P2,-4,c0
cpd01777_c0,rxn02834,Phosphoribosyl-AMP,cpd00001_c0 + cpd01775_c0 --> cpd00012_c0 + 2.0 cpd00067_c0 + cpd01777_c0,,0.0,1000.0,C15H19N5O14P2,-4,c0
cpd15239_c0,rxn08087,Hexadecenoyl-ACP,cpd00067_c0 + cpd15239_c0 + cpd15326_c0 --> cpd11493_c0 + cpd15525_c0,,0.0,1000.0,C27H49N2O8PRS,-1,c0
cpd15239_c0,rxn08550,Hexadecenoyl-ACP,cpd00080_c0 + cpd15239_c0 --> cpd11493_c0 + cpd15326_c0,,0.0,1000.0,C27H49N2O8PRS,-1,c0
cpd00028_c0,biomass0,Heme,0.169975 cpd00002_c0 + 0.00215 cpd00003_c0 + 5e-05 cpd00004_c0 + 0.0004 cpd00005_c0 + 0.00013 cpd00006_c0 + 6e-06 cpd00010_c0 + 1e-05 cpd00015_c0 + 5e-05 cpd00022_c0 + 0.25 cpd00023_c0 + 0.003 cpd00026_c0 + 1e-06 cpd00028_c0 + 0.496 cpd00033_c0 + 0.499 cpd00035_c0 + 0.203 cpd00038_c0 + 0.431 cpd00039_c0 + 0.245 cpd00041_c0 + 0.121 cpd00051_c0 + 0.126 cpd00052_c0 + 0.25 cpd00053_c0 + 0.29 cpd00054_c0 + 0.116 cpd00060_c0 + 0.136 cpd00062_c0 + 0.054 cpd00065_c0 + 0.199 cpd00066_c0 + 0.138 cpd00069_c0 + 3e-06 cpd00078_c0 + 0.087 cpd00084_c0 + 0.428 cpd00107_c0 + 0.01814 cpd00115_c0 + 0.035 cpd00118_c0 + 0.145 cpd00119_c0 + 0.541 cpd00129_c0 + 0.245 cpd00132_c0 + 0.154 cpd00155_c0 + 0.42 cpd00156_c0 + 0.436 cpd00161_c0 + 0.000223 cpd00201_c0 + 0.0254 cpd00241_c0 + 0.0089 cpd00264_c0 + 0.213 cpd00322_c0 + 0.000223 cpd00345_c0 + 0.0254 cpd00356_c0 + 0.01814 cpd00357_c0 + 0.000142 cpd11652_c0 + 0.000216 cpd12801_c0 + 0.000701 cpd15432_c0 + 0.00276 cpd15665_c0 + 0.00192 cpd16083_c0 + 4.3e-05 cpd16093_c0 --> biomass_c0 + 5.604 cpd00001_c0 + 0.08708 cpd00009_c0 + 0.634975 cpd00012_c0,,0.0,1000.0,C34H30FeN4O4,-2,c0
cpd00028_c0,rxn00224,Heme,cpd01476_c0 + cpd10515_c0 <=> cpd00028_c0 + 2.0 cpd00067_c0,,-1000.0,1000.0,C34H30FeN4O4,-2,c0
cpd11576_c0,rxn05614,L-methionine R-oxide,cpd00001_c0 + cpd00002_c0 + cpd11576_e0 --> cpd00008_c0 + cpd00009_c0 + cpd00067_c0 + cpd11576_c0,,0.0,1000.0,C5H11NO3S,0,c0
cpd00202_c0,rxn00830,DMAPP,cpd00113_c0 <=> cpd00202_c0,,-1000.0,1000.0,C5H10O7P2,-2,c0
cpd00202_c0,rxn04996,DMAPP,cpd00005_c0 + cpd00067_c0 + cpd08615_c0 --> cpd00001_c0 + cpd00006_c0 + cpd00202_c0,,0.0,1000.0,C5H10O7P2,-2,c0
cpd00202_c0,rxn01213,DMAPP,cpd00113_c0 + cpd00202_c0 --> cpd00012_c0 + cpd00067_c0 + cpd00283_c0,,0.0,1000.0,C5H10O7P2,-2,c0
cpd00202_c0,rxn08352,DMAPP,cpd00004_c0 + cpd00067_c0 + cpd08615_c0 --> cpd00001_c0 + cpd00003_c0 + cpd00202_c0,,0.0,1000.0,C5H10O7P2,-2,c0
cpd00151_c0,rxn01025,Thymine,cpd00001_c0 + cpd00067_c0 + cpd01587_c0 --> cpd00013_c0 + cpd00151_c0,,0.0,1000.0,C5H6N2O2,0,c0
cpd00151_c0,rxn01146,Thymine,cpd00009_c0 + cpd00184_c0 <=> cpd00151_c0 + cpd00509_c0,,-1000.0,1000.0,C5H6N2O2,0,c0
cpd11491_c0,rxn05345,3-oxotetradecanoyl-acp,cpd11468_c0 + cpd11492_c0 --> cpd00011_c0 + cpd11491_c0 + cpd11493_c0,,0.0,1000.0,C25H46N2O9PRS,-2,c0
cpd11491_c0,rxn05342,3-oxotetradecanoyl-acp,cpd00006_c0 + cpd11484_c0 <=> cpd00005_c0 + cpd11491_c0,,-1000.0,1000.0,C25H46N2O9PRS,-2,c0
cpd15604_c0,rxn12849,Gly-Leu,cpd00001_c0 + cpd00002_c0 + cpd15604_e0 --> cpd00008_c0 + cpd00009_c0 + cpd00067_c0 + cpd15604_c0,,0.0,1000.0,C8H16N2O3,0,c0
cpd15604_c0,rxn12845,Gly-Leu,cpd00001_c0 + cpd15604_c0 <=> cpd00033_c0 + cpd00107_c0,,-1000.0,1000.0,C8H16N2O3,0,c0
cpd00111_c0,R00274,Oxidized glutathione,cpd00025_c0 + 2.0 cpd00042_c0 --> 2.0 cpd00001_c0 + cpd00111_c0,,0.0,1000.0,C20H30N6O12S2,-2,c0
cpd00111_c0,rxn00086,Oxidized glutathione,cpd00006_c0 + 2.0 cpd00042_c0 <=> cpd00005_c0 + cpd00067_c0 + cpd00111_c0,,-1000.0,1000.0,C20H30N6O12S2,-2,c0
cpd15674_c0,rxn10208,1-isopentadecanoyl-sn-glycerol 3-phosphate,cpd00080_c0 + cpd11437_c0 --> cpd00010_c0 + cpd15674_c0,,0.0,1000.0,C18H36O7P,-1,c0
cpd15674_c0,rxn10217,1-isopentadecanoyl-sn-glycerol 3-phosphate,cpd11437_c0 + cpd15674_c0 --> cpd00010_c0 + cpd00067_c0 + cpd15680_c0,,0.0,1000.0,C18H36O7P,-1,c0
cpd00094_c0,rxn00737,2-Oxobutyrate,cpd00161_c0 --> cpd00013_c0 + cpd00094_c0,,0.0,1000.0,C4H5O3,-1,c0
cpd00094_c0,rxn00738,2-Oxobutyrate,cpd00001_c0 + cpd00909_c0 <=> cpd00013_c0 + cpd00094_c0,,-1000.0,1000.0,C4H5O3,-1,c0
cpd00094_c0,R00993,2-Oxobutyrate,cpd00007_c0 + cpd00009_c0 + cpd00067_c0 + cpd00094_c0 --> cpd00011_c0 + cpd00025_c0 + cpd01844_c0,,0.0,1000.0,C4H5O3,-1,c0
cpd00094_c0,rxn00741,2-Oxobutyrate,cpd00003_c0 + cpd03561_c0 --> cpd00004_c0 + cpd00067_c0 + cpd00094_c0,,0.0,1000.0,C4H5O3,-1,c0
cpd00094_c0,rxn03194,2-Oxobutyrate,cpd00094_c0 + cpd03049_c0 <=> cpd00056_c0 + cpd00498_c0,,-1000.0,1000.0,C4H5O3,-1,c0
cpd00004_c0,rxn05267,NADH,cpd00004_c0 + cpd00011_c0 + cpd00012_c0 + cpd11425_c0 --> cpd00003_c0 + cpd02295_c0 + cpd02590_c0,,0.0,1000.0,C21H27N7O14P2,-2,c0
cpd00004_c0,rxn10770,NADH,cpd00003_c0 + cpd00098_c0 <=> cpd00004_c0 + cpd00067_c0 + cpd00447_c0,,-1000.0,1000.0,C21H27N7O14P2,-2,c0
cpd00004_c0,rxn00154,NADH,cpd00003_c0 + cpd00010_c0 + cpd00020_c0 --> cpd00004_c0 + cpd00011_c0 + cpd00022_c0,,0.0,1000.0,C21H27N7O14P2,-2,c0
cpd00004_c0,rxn01522,NADH,cpd00001_c0 + cpd00003_c0 + cpd00309_c0 --> cpd00004_c0 + cpd00067_c0 + cpd00300_c0,,0.0,1000.0,C21H27N7O14P2,-2,c0
cpd00004_c0,rxn05734,NADH,cpd00001_c0 + cpd00003_c0 + cpd00040_c0 <=> cpd00004_c0 + 2.0 cpd00067_c0 + cpd00180_c0,,-1000.0,1000.0,C21H27N7O14P2,-2,c0
cpd00004_c0,rxn00929,NADH,cpd00003_c0 + cpd00129_c0 <=> cpd00004_c0 + 2.0 cpd00067_c0 + cpd02431_c0,,-1000.0,1000.0,C21H27N7O14P2,-2,c0
cpd00004_c0,rxn00992,NADH,cpd00003_c0 + cpd00797_c0 <=> cpd00004_c0 + cpd00067_c0 + cpd00142_c0,,-1000.0,1000.0,C21H27N7O14P2,-2,c0
cpd00004_c0,rxn06777,NADH,cpd00003_c0 + cpd03115_c0 <=> cpd00004_c0 + cpd00067_c0 + cpd12689_c0,,-1000.0,1000.0,C21H27N7O14P2,-2,c0
cpd00004_c0,rxn00763,NADH,cpd00003_c0 + cpd00100_c0 <=> cpd00004_c0 + cpd00067_c0 + cpd00448_c0,,-1000.0,1000.0,C21H27N7O14P2,-2,c0
cpd00004_c0,rxn05447,NADH,cpd00004_c0 + cpd00067_c0 + cpd11556_c0 --> cpd00003_c0 + cpd11557_c0,,0.0,1000.0,C21H27N7O14P2,-2,c0
cpd00004_c0,rxn01286,NADH,cpd00001_c0 + cpd00003_c0 + cpd00448_c0 --> cpd00004_c0 + 2.0 cpd00067_c0 + cpd00223_c0,,0.0,1000.0,C21H27N7O14P2,-2,c0
cpd00004_c0,rxn01385,NADH,cpd00003_c0 + cpd00306_c0 <=> cpd00004_c0 + cpd00067_c0 + cpd00259_c0,,-1000.0,1000.0,C21H27N7O14P2,-2,c0
cpd00004_c0,rxn02939,NADH,cpd00003_c0 + cpd02147_c0 <=> cpd00004_c0 + cpd00067_c0 + cpd03606_c0,,-1000.0,1000.0,C21H27N7O14P2,-2,c0
cpd00004_c0,ADD_D_Fuc7,NADH,cpd00001_c0 + cpd00003_c0 + cpd00693_c0 <=> cpd00004_c0 + 2.0 cpd00067_c0 + cpd00221_c0,,-1000.0,1000.0,C21H27N7O14P2,-2,c0
cpd00004_c0,R11337,NADH,cpd00003_c0 + cpd00795_e0 <=> cpd00004_c0 + cpd00024_c0 + cpd00067_c0,,-1000.0,1000.0,C21H27N7O14P2,-2,c0
cpd00004_c0,rxn01045,NADH,cpd00001_c0 + cpd00003_c0 + cpd00156_c0 <=> cpd00004_c0 + cpd00013_c0 + cpd00067_c0 + cpd00123_c0,,-1000.0,1000.0,C21H27N7O14P2,-2,c0
cpd00004_c0,rxn08971,NADH,cpd00004_c0 + cpd00067_c0 + cpd15500_c0 --> cpd00003_c0 + cpd15499_c0,,0.0,1000.0,C21H27N7O14P2,-2,c0
cpd00004_c0,rxn00804,NADH,cpd00001_c0 + cpd00003_c0 + cpd00107_c0 <=> cpd00004_c0 + cpd00013_c0 + cpd00067_c0 + cpd00200_c0,,-1000.0,1000.0,C21H27N7O14P2,-2,c0
cpd00004_c0,rxn08352,NADH,cpd00004_c0 + cpd00067_c0 + cpd08615_c0 --> cpd00001_c0 + cpd00003_c0 + cpd00202_c0,,0.0,1000.0,C21H27N7O14P2,-2,c0
cpd00004_c0,rxn05448,NADH,cpd00004_c0 + cpd00067_c0 + cpd11560_c0 --> cpd00003_c0 + cpd11561_c0,,0.0,1000.0,C21H27N7O14P2,-2,c0
cpd00004_c0,rxn04750,NADH,cpd00003_c0 + cpd09844_c0 <=> cpd00004_c0 + cpd00067_c0 + cpd01507_c0,,-1000.0,1000.0,C21H27N7O14P2,-2,c0
cpd00004_c0,biomass0,NADH,0.169975 cpd00002_c0 + 0.00215 cpd00003_c0 + 5e-05 cpd00004_c0 + 0.0004 cpd00005_c0 + 0.00013 cpd00006_c0 + 6e-06 cpd00010_c0 + 1e-05 cpd00015_c0 + 5e-05 cpd00022_c0 + 0.25 cpd00023_c0 + 0.003 cpd00026_c0 + 1e-06 cpd00028_c0 + 0.496 cpd00033_c0 + 0.499 cpd00035_c0 + 0.203 cpd00038_c0 + 0.431 cpd00039_c0 + 0.245 cpd00041_c0 + 0.121 cpd00051_c0 + 0.126 cpd00052_c0 + 0.25 cpd00053_c0 + 0.29 cpd00054_c0 + 0.116 cpd00060_c0 + 0.136 cpd00062_c0 + 0.054 cpd00065_c0 + 0.199 cpd00066_c0 + 0.138 cpd00069_c0 + 3e-06 cpd00078_c0 + 0.087 cpd00084_c0 + 0.428 cpd00107_c0 + 0.01814 cpd00115_c0 + 0.035 cpd00118_c0 + 0.145 cpd00119_c0 + 0.541 cpd00129_c0 + 0.245 cpd00132_c0 + 0.154 cpd00155_c0 + 0.42 cpd00156_c0 + 0.436 cpd00161_c0 + 0.000223 cpd00201_c0 + 0.0254 cpd00241_c0 + 0.0089 cpd00264_c0 + 0.213 cpd00322_c0 + 0.000223 cpd00345_c0 + 0.0254 cpd00356_c0 + 0.01814 cpd00357_c0 + 0.000142 cpd11652_c0 + 0.000216 cpd12801_c0 + 0.000701 cpd15432_c0 + 0.00276 cpd15665_c0 + 0.00192 cpd16083_c0 + 4.3e-05 cpd16093_c0 --> biomass_c0 + 5.604 cpd00001_c0 + 0.08708 cpd00009_c0 + 0.634975 cpd00012_c0,,0.0,1000.0,C21H27N7O14P2,-2,c0
cpd00004_c0,rxn01053,NADH,cpd00001_c0 + cpd00003_c0 + cpd00334_c0 <=> cpd00004_c0 + 2.0 cpd00067_c0 + cpd00159_c0,,-1000.0,1000.0,C21H27N7O14P2,-2,c0
cpd00004_c0,rxn02159,NADH,cpd00003_c0 + cpd00641_c0 <=> cpd00004_c0 + cpd00067_c0 + cpd01324_c0,,-1000.0,1000.0,C21H27N7O14P2,-2,c0
cpd00004_c0,rxn01101,NADH,cpd00003_c0 + cpd00169_c0 <=> cpd00004_c0 + cpd00067_c0 + cpd02069_c0,,-1000.0,1000.0,C21H27N7O14P2,-2,c0
cpd00004_c0,rxn01297,NADH,cpd00001_c0 + cpd00003_c0 + cpd00226_c0 <=> cpd00004_c0 + cpd00067_c0 + cpd00309_c0,,-1000.0,1000.0,C21H27N7O14P2,-2,c0
cpd00004_c0,rxn03246,NADH,cpd00003_c0 + cpd03120_c0 <=> cpd00004_c0 + cpd00067_c0 + cpd03121_c0,,-1000.0,1000.0,C21H27N7O14P2,-2,c0
cpd00004_c0,rxn00500,NADH,cpd00003_c0 + cpd00221_c0 <=> cpd00004_c0 + cpd00020_c0 + cpd00067_c0,,-1000.0,1000.0,C21H27N7O14P2,-2,c0
cpd00004_c0,rxn00671,NADH,cpd00003_c0 + cpd00010_c0 + cpd00287_c0 <=> cpd00004_c0 + cpd00011_c0 + cpd00086_c0,,-1000.0,1000.0,C21H27N7O14P2,-2,c0
cpd00004_c0,Cis9_hex_syn,NADH,3.0 cpd00004_c0 + 3.0 cpd00005_c0 + 8.0 cpd00067_c0 + cpd11482_c0 + 3.0 cpd11492_c0 --> cis9_hexadecenoyl_acp_c0 + 4.0 cpd00001_c0 + 3.0 cpd00003_c0 + 3.0 cpd00006_c0 + 3.0 cpd00011_c0 + 3.0 cpd11493_c0,,0.0,1000.0,C21H27N7O14P2,-2,c0
cpd00004_c0,rxn03951,NADH,cpd00003_c0 + cpd03607_c0 <=> cpd00004_c0 + cpd00067_c0 + cpd04539_c0,,-1000.0,1000.0,C21H27N7O14P2,-2,c0
cpd00004_c0,rxn03883,NADH,cpd00003_c0 + cpd01307_c0 <=> cpd00004_c0 + cpd00067_c0 + cpd00259_c0,,-1000.0,1000.0,C21H27N7O14P2,-2,c0
cpd00004_c0,Cis11_oct_syn,NADH,cis9_hexadecenoyl_acp_c0 + cpd00004_c0 + cpd00005_c0 + 3.0 cpd00067_c0 + cpd11492_c0 --> cis11_octadecenoyl_acp_c0 + cpd00001_c0 + cpd00003_c0 + cpd00006_c0 + cpd00011_c0 + cpd11493_c0,,0.0,1000.0,C21H27N7O14P2,-2,c0
cpd00004_c0,rxn05437,NADH,cpd00004_c0 + cpd00067_c0 + cpd11514_c0 --> cpd00003_c0 + cpd11515_c0,,0.0,1000.0,C21H27N7O14P2,-2,c0
cpd00004_c0,rxn08976,NADH,cpd00004_c0 + cpd00067_c0 + cpd15352_c0 --> cpd00003_c0 + cpd15353_c0,,0.0,1000.0,C21H27N7O14P2,-2,c0
cpd00004_c0,rxn05327,NADH,cpd00004_c0 + cpd00067_c0 + cpd11475_c0 --> cpd00003_c0 + cpd11474_c0,,0.0,1000.0,C21H27N7O14P2,-2,c0
cpd00004_c0,rxn01573,NADH,cpd00001_c0 + cpd00003_c0 + cpd00322_c0 <=> cpd00004_c0 + cpd00013_c0 + cpd00067_c0 + cpd00508_c0,,-1000.0,1000.0,C21H27N7O14P2,-2,c0
cpd00004_c0,rxn05440,NADH,cpd00004_c0 + cpd00067_c0 + cpd11527_c0 --> cpd00003_c0 + cpd11528_c0,,0.0,1000.0,C21H27N7O14P2,-2,c0
cpd00004_c0,rxn10011,NADH,cpd00004_c0 + cpd00067_c0 + cpd03130_c0 --> cpd00003_c0 + cpd01335_c0,,0.0,1000.0,C21H27N7O14P2,-2,c0
cpd00004_c0,rxn05328,NADH,cpd00004_c0 + cpd00067_c0 + cpd11477_c0 --> cpd00003_c0 + cpd11476_c0,,0.0,1000.0,C21H27N7O14P2,-2,c0
cpd00004_c0,rxn10012,NADH,cpd00004_c0 + cpd00067_c0 + cpd03129_c0 --> cpd00003_c0 + cpd03128_c0,,0.0,1000.0,C21H27N7O14P2,-2,c0
cpd00004_c0,rxn05449,NADH,cpd00004_c0 + cpd00067_c0 + cpd11564_c0 --> cpd00003_c0 + cpd11565_c0,,0.0,1000.0,C21H27N7O14P2,-2,c0
cpd00004_c0,rxn03242,NADH,cpd00003_c0 + cpd03116_c0 <=> cpd00004_c0 + cpd00067_c0 + cpd03117_c0,,-1000.0,1000.0,C21H27N7O14P2,-2,c0
cpd00004_c0,rxn08392,NADH,cpd00004_c0 + cpd00067_c0 + cpd11477_c0 --> cpd00003_c0 + cpd15277_c0,,0.0,1000.0,C21H27N7O14P2,-2,c0
cpd00004_c0,rxn00879,NADH,cpd00003_c0 + cpd00121_c0 <=> cpd00004_c0 + cpd00067_c0 + cpd00524_c0,,-1000.0,1000.0,C21H27N7O14P2,-2,c0
cpd00004_c0,rxn02933,NADH,cpd00003_c0 + cpd02691_c0 <=> cpd00004_c0 + cpd00067_c0 + cpd02124_c0,,-1000.0,1000.0,C21H27N7O14P2,-2,c0
cpd00004_c0,rxn00083,NADH,cpd00003_c0 + cpd00005_c0 --> cpd00004_c0 + cpd00006_c0,,0.0,1000.0,C21H27N7O14P2,-2,c0
cpd00004_c0,rxn00584,NADH,cpd00003_c0 + cpd03762_c0 --> cpd00004_c0 + cpd00011_c0 + cpd00077_c0,,0.0,1000.0,C21H27N7O14P2,-2,c0
cpd00004_c0,rxn05433,NADH,cpd00004_c0 + cpd00067_c0 + cpd11498_c0 --> cpd00003_c0 + cpd11499_c0,,0.0,1000.0,C21H27N7O14P2,-2,c0
cpd00004_c0,rxn01331,NADH,cpd00001_c0 + cpd00003_c0 + cpd00236_c0 --> cpd00004_c0 + 2.0 cpd00067_c0 + cpd02147_c0,,0.0,1000.0,C21H27N7O14P2,-2,c0
cpd00004_c0,rxn00868,NADH,cpd00004_c0 + cpd00067_c0 + cpd00650_c0 --> cpd00003_c0 + cpd00120_c0,,0.0,1000.0,C21H27N7O14P2,-2,c0
cpd00004_c0,rxn01451,NADH,cpd00003_c0 + cpd00842_c0 <=> cpd00004_c0 + cpd00067_c0 + cpd00279_c0,,-1000.0,1000.0,C21H27N7O14P2,-2,c0
cpd00004_c0,rxn10013,NADH,cpd00004_c0 + cpd00067_c0 + cpd02060_c0 --> cpd00003_c0 + cpd01260_c0,,0.0,1000.0,C21H27N7O14P2,-2,c0
cpd00004_c0,rxn05438,NADH,cpd00004_c0 + cpd00067_c0 + cpd11518_c0 --> cpd00003_c0 + cpd11519_c0,,0.0,1000.0,C21H27N7O14P2,-2,c0
cpd00004_c0,rxn05322,NADH,cpd00004_c0 + 2.0 cpd00067_c0 + cpd11465_c0 --> cpd00003_c0 + cpd11464_c0,,0.0,1000.0,C21H27N7O14P2,-2,c0
cpd00004_c0,rxn01480,NADH,cpd00003_c0 + cpd00876_c0 <=> cpd00004_c0 + cpd00067_c0 + cpd00287_c0,,-1000.0,1000.0,C21H27N7O14P2,-2,c0
cpd00004_c0,rxn00171,NADH,cpd00003_c0 + cpd00010_c0 + cpd00071_c0 <=> cpd00004_c0 + cpd00022_c0 + cpd00067_c0,,-1000.0,1000.0,C21H27N7O14P2,-2,c0
cpd00004_c0,rxn05445,NADH,cpd00004_c0 + cpd00067_c0 + cpd11548_c0 --> cpd00003_c0 + cpd11549_c0,,0.0,1000.0,C21H27N7O14P2,-2,c0
cpd00004_c0,rxn10010,NADH,cpd00004_c0 + cpd00067_c0 + cpd03125_c0 --> cpd00003_c0 + cpd03124_c0,,0.0,1000.0,C21H27N7O14P2,-2,c0
cpd00004_c0,rxn05443,NADH,cpd00004_c0 + cpd00067_c0 + cpd11539_c0 --> cpd00003_c0 + cpd11540_c0,,0.0,1000.0,C21H27N7O14P2,-2,c0
cpd00004_c0,rxn01313,NADH,cpd00004_c0 + cpd00067_c0 + cpd00231_c0 <=> cpd00003_c0 + cpd00233_c0,,-1000.0,1000.0,C21H27N7O14P2,-2,c0
cpd00004_c0,rxn00160,NADH,cpd00003_c0 + cpd00386_c0 --> cpd00004_c0 + cpd00011_c0 + cpd00020_c0,,0.0,1000.0,C21H27N7O14P2,-2,c0
cpd00004_c0,rxn01867,NADH,cpd00001_c0 + cpd00003_c0 + cpd00447_c0 --> cpd00004_c0 + 2.0 cpd00067_c0 + cpd00540_c0,,0.0,1000.0,C21H27N7O14P2,-2,c0
cpd00004_c0,rxn03244,NADH,cpd00003_c0 + cpd03118_c0 <=> cpd00004_c0 + cpd00067_c0 + cpd03119_c0,,-1000.0,1000.0,C21H27N7O14P2,-2,c0
cpd00004_c0,rxn01108,NADH,cpd00003_c0 + cpd00190_c0 <=> cpd00004_c0 + cpd00067_c0 + cpd00170_c0,,-1000.0,1000.0,C21H27N7O14P2,-2,c0
cpd00004_c0,rxn05323,NADH,cpd00004_c0 + cpd00067_c0 + cpd11467_c0 --> cpd00003_c0 + cpd11466_c0,,0.0,1000.0,C21H27N7O14P2,-2,c0
cpd00004_c0,rxn00741,NADH,cpd00003_c0 + cpd03561_c0 --> cpd00004_c0 + cpd00067_c0 + cpd00094_c0,,0.0,1000.0,C21H27N7O14P2,-2,c0
cpd00004_c0,rxn00499,NADH,cpd00003_c0 + cpd00159_c0 <=> cpd00004_c0 + cpd00020_c0 + cpd00067_c0,,-1000.0,1000.0,C21H27N7O14P2,-2,c0
cpd00004_c0,rxn00629,NADH,cpd00003_c0 + cpd00314_c0 <=> cpd00004_c0 + cpd00067_c0 + cpd00082_c0,,-1000.0,1000.0,C21H27N7O14P2,-2,c0
cpd00004_c0,rxn10014,NADH,cpd00004_c0 + cpd00067_c0 + cpd03127_c0 --> cpd00003_c0 + cpd01695_c0,,0.0,1000.0,C21H27N7O14P2,-2,c0
cpd00004_c0,rxn00506,NADH,cpd00001_c0 + cpd00003_c0 + cpd00071_c0 --> cpd00004_c0 + cpd00029_c0 + 2.0 cpd00067_c0,,0.0,1000.0,C21H27N7O14P2,-2,c0
cpd00004_c0,rxn03897,NADH,cpd00004_c0 + cpd00007_c0 + cpd00067_c0 + cpd00153_c0 --> cpd00003_c0 + cpd03762_c0,,0.0,1000.0,C21H27N7O14P2,-2,c0
cpd00004_c0,R00093,NADH,cpd00003_c0 + 2.0 cpd00023_c0 --> cpd00004_c0 + cpd00024_c0 + cpd00053_c0 + cpd00067_c0,,0.0,1000.0,C21H27N7O14P2,-2,c0
cpd00004_c0,rxn03239,NADH,cpd00003_c0 + cpd03113_c0 <=> cpd00004_c0 + cpd00067_c0 + cpd03114_c0,,-1000.0,1000.0,C21H27N7O14P2,-2,c0
cpd00004_c0,rxn01280,NADH,cpd00003_c0 + cpd00223_c0 <=> cpd00004_c0 + cpd00067_c0 + cpd00843_c0,,-1000.0,1000.0,C21H27N7O14P2,-2,c0
cpd00004_c0,rxn05441,NADH,cpd00004_c0 + cpd00067_c0 + cpd11531_c0 --> cpd00003_c0 + cpd11532_c0,,0.0,1000.0,C21H27N7O14P2,-2,c0
cpd00004_c0,rxn08094,NADH,cpd00003_c0 + cpd00010_c0 + cpd00024_c0 --> cpd00004_c0 + cpd00011_c0 + cpd00078_c0,,0.0,1000.0,C21H27N7O14P2,-2,c0
cpd00004_c0,rxn02928,NADH,cpd00004_c0 + cpd00067_c0 + cpd02120_c0 --> cpd00001_c0 + cpd00003_c0 + cpd02465_c0,,0.0,1000.0,C21H27N7O14P2,-2,c0
cpd00004_c0,rxn05434,NADH,cpd00004_c0 + cpd00067_c0 + cpd11502_c0 --> cpd00003_c0 + cpd11503_c0,,0.0,1000.0,C21H27N7O14P2,-2,c0
cpd00004_c0,rxn01729,NADH,cpd00001_c0 + cpd00003_c0 + cpd02089_c0 --> cpd00004_c0 + 2.0 cpd00067_c0 + cpd00379_c0,,0.0,1000.0,C21H27N7O14P2,-2,c0
cpd00004_c0,rxn00834,NADH,cpd00001_c0 + cpd00003_c0 + cpd00114_c0 <=> cpd00004_c0 + cpd00067_c0 + cpd00497_c0,,-1000.0,1000.0,C21H27N7O14P2,-2,c0
cpd00004_c0,rxn05439,NADH,cpd00004_c0 + cpd00067_c0 + cpd11523_c0 --> cpd00003_c0 + cpd11524_c0,,0.0,1000.0,C21H27N7O14P2,-2,c0
cpd00004_c0,rxn03249,NADH,cpd00003_c0 + cpd03122_c0 <=> cpd00004_c0 + cpd00067_c0 + cpd03123_c0,,-1000.0,1000.0,C21H27N7O14P2,-2,c0
cpd00004_c0,rxn05293,NADH,cpd00004_c0 + cpd00067_c0 + cpd08301_c0 --> cpd00001_c0 + cpd00003_c0 + cpd08615_c0,,0.0,1000.0,C21H27N7O14P2,-2,c0
cpd00004_c0,rxn00684,NADH,2.0 cpd00004_c0 + 2.0 cpd00067_c0 + cpd00393_c0 --> 2.0 cpd00003_c0 + cpd00087_c0,,0.0,1000.0,C21H27N7O14P2,-2,c0
cpd00004_c0,rxn00501,NADH,cpd00003_c0 + cpd00010_c0 + cpd00191_c0 <=> cpd00004_c0 + cpd00011_c0 + cpd00022_c0,,-1000.0,1000.0,C21H27N7O14P2,-2,c0
cpd00004_c0,rxn01851,NADH,cpd00001_c0 + cpd00003_c0 + cpd00434_c0 --> cpd00004_c0 + 2.0 cpd00067_c0 + cpd00281_c0,,0.0,1000.0,C21H27N7O14P2,-2,c0
cpd00004_c0,rxn01913,NADH,cpd00003_c0 + cpd00594_c0 <=> cpd00004_c0 + cpd00067_c0 + cpd00473_c0,,-1000.0,1000.0,C21H27N7O14P2,-2,c0
cpd00004_c0,rxn03062,NADH,cpd00003_c0 + cpd02693_c0 <=> cpd00004_c0 + cpd00067_c0 + cpd02605_c0,,-1000.0,1000.0,C21H27N7O14P2,-2,c0
cpd00004_c0,rxn05442,NADH,cpd00004_c0 + cpd00067_c0 + cpd11535_c0 --> cpd00003_c0 + cpd11536_c0,,0.0,1000.0,C21H27N7O14P2,-2,c0
cpd00004_c0,rxn05735,NADH,cpd00001_c0 + cpd00003_c0 + cpd04122_c0 --> cpd00004_c0 + cpd00033_c0 + 2.0 cpd00067_c0,,0.0,1000.0,C21H27N7O14P2,-2,c0
cpd00004_c0,rxn00979,NADH,cpd00001_c0 + cpd00003_c0 + cpd00229_c0 --> cpd00004_c0 + 2.0 cpd00067_c0 + cpd00139_c0,,0.0,1000.0,C21H27N7O14P2,-2,c0
cpd00004_c0,ADD_GABA3,NADH,cpd00001_c0 + cpd00003_c0 + cpd00199_c0 --> cpd00004_c0 + cpd00036_c0 + 2.0 cpd00067_c0,,0.0,1000.0,C21H27N7O14P2,-2,c0
cpd00004_c0,rxn04954,NADH,cpd00003_c0 + cpd00345_c0 <=> cpd00004_c0 + cpd00067_c0 + cpd00125_c0,,-1000.0,1000.0,C21H27N7O14P2,-2,c0
cpd00004_c0,rxn00611,NADH,cpd00003_c0 + cpd00080_c0 <=> cpd00004_c0 + cpd00067_c0 + cpd00095_c0,,-1000.0,1000.0,C21H27N7O14P2,-2,c0
cpd00004_c0,rxn00908,NADH,cpd00003_c0 + cpd00033_c0 + cpd00087_c0 --> cpd00004_c0 + cpd00011_c0 + cpd00013_c0 + cpd00125_c0,,0.0,1000.0,C21H27N7O14P2,-2,c0
cpd00004_c0,rxn00503,NADH,2.0 cpd00001_c0 + cpd00003_c0 + cpd02431_c0 --> cpd00004_c0 + cpd00023_c0 + cpd00067_c0,,0.0,1000.0,C21H27N7O14P2,-2,c0
cpd00004_c0,rxn08975,NADH,cpd00004_c0 + cpd00067_c0 + cpd15560_c0 --> cpd00003_c0 + cpd15561_c0,,0.0,1000.0,C21H27N7O14P2,-2,c0
cpd00004_c0,rxn00183,NADH,cpd00001_c0 + cpd00003_c0 + cpd00858_c0 --> cpd00004_c0 + cpd00023_c0 + 2.0 cpd00067_c0,,0.0,1000.0,C21H27N7O14P2,-2,c0
cpd00004_c0,rxn00863,NADH,cpd00001_c0 + cpd00003_c0 + cpd01324_c0 --> cpd00004_c0 + 2.0 cpd00067_c0 + cpd00119_c0,,0.0,1000.0,C21H27N7O14P2,-2,c0
cpd00004_c0,rxn05436,NADH,cpd00004_c0 + cpd00067_c0 + cpd11510_c0 --> cpd00003_c0 + cpd11511_c0,,0.0,1000.0,C21H27N7O14P2,-2,c0
cpd00004_c0,rxn00182,NADH,cpd00001_c0 + cpd00003_c0 + cpd00023_c0 <=> cpd00004_c0 + cpd00013_c0 + cpd00024_c0 + cpd00067_c0,,-1000.0,1000.0,C21H27N7O14P2,-2,c0
cpd00004_c0,rxn02774,NADH,cpd00003_c0 + cpd01620_c0 <=> cpd00004_c0 + 2.0 cpd00067_c0 + cpd03426_c0,,-1000.0,1000.0,C21H27N7O14P2,-2,c0
cpd00004_c0,rxn05326,NADH,cpd00004_c0 + cpd00067_c0 + cpd11473_c0 --> cpd00003_c0 + cpd11472_c0,,0.0,1000.0,C21H27N7O14P2,-2,c0
cpd00004_c0,rxn00371,NADH,cpd00003_c0 + cpd00047_c0 --> cpd00004_c0 + cpd00011_c0,,0.0,1000.0,C21H27N7O14P2,-2,c0
cpd00004_c0,rxn01301,NADH,cpd00003_c0 + cpd00227_c0 <=> cpd00004_c0 + cpd00067_c0 + cpd00346_c0,,-1000.0,1000.0,C21H27N7O14P2,-2,c0
cpd00004_c0,rxn05325,NADH,cpd00004_c0 + cpd00067_c0 + cpd11471_c0 --> cpd00003_c0 + cpd11470_c0,,0.0,1000.0,C21H27N7O14P2,-2,c0
cpd00004_c0,rxn47419,NADH,cpd00003_c0 + cpd05262_c0 --> cpd00004_c0 + cpd00067_c0 + cpd32793_c0,,0.0,1000.0,C21H27N7O14P2,-2,c0
cpd00004_c0,rxn00781,NADH,cpd00003_c0 + cpd00009_c0 + cpd00102_c0 <=> cpd00004_c0 + cpd00067_c0 + cpd00203_c0,,-1000.0,1000.0,C21H27N7O14P2,-2,c0
cpd00004_c0,rxn01806,NADH,cpd00004_c0 + cpd00067_c0 + 2.0 cpd00418_c0 <=> cpd00001_c0 + cpd00003_c0 + cpd00659_c0,,-1000.0,1000.0,C21H27N7O14P2,-2,c0
cpd00004_c0,rxn05450,NADH,cpd00004_c0 + cpd00067_c0 + cpd11568_c0 --> cpd00003_c0 + cpd11569_c0,,0.0,1000.0,C21H27N7O14P2,-2,c0
cpd00004_c0,rxn05732,NADH,cpd00004_c0 + cpd00067_c0 + cpd03126_c0 --> cpd00003_c0 + cpd00134_c0,,0.0,1000.0,C21H27N7O14P2,-2,c0
cpd00004_c0,rxn06493,NADH,cpd00003_c0 + cpd12225_c0 <=> cpd00004_c0 + cpd00067_c0 + cpd12005_c0,,-1000.0,1000.0,C21H27N7O14P2,-2,c0
cpd00004_c0,rxn10122,NADH,cpd00004_c0 + 4.0 cpd00067_c0 + cpd15560_c0 --> cpd00003_c0 + 3.0 cpd00067_e0 + cpd15561_c0,,0.0,1000.0,C21H27N7O14P2,-2,c0
cpd00004_c0,rxn03990,NADH,cpd00004_c0 + 2.0 cpd00007_c0 + 2.0 cpd00418_c0 --> cpd00003_c0 + cpd00067_c0 + 2.0 cpd00209_c0,,0.0,1000.0,C21H27N7O14P2,-2,c0
cpd00004_c0,rxn05464,NADH,cpd00004_c0 + cpd00067_c0 + cpd11572_c0 --> cpd00003_c0 + cpd11573_c0,,0.0,1000.0,C21H27N7O14P2,-2,c0
cpd00004_c0,rxn11937,NADH,cpd00004_c0 + cpd00067_c0 + cpd00659_c0 --> cpd00001_c0 + cpd00003_c0 + cpd00528_c0,,0.0,1000.0,C21H27N7O14P2,-2,c0
cpd00004_c0,rxn10125,NADH,cpd00004_c0 + cpd00006_c0 + 2.0 cpd00067_e0 --> cpd00003_c0 + cpd00005_c0 + 2.0 cpd00067_c0,,0.0,1000.0,C21H27N7O14P2,-2,c0
cpd00004_c0,rxn05446,NADH,cpd00004_c0 + cpd00067_c0 + cpd11552_c0 --> cpd00003_c0 + cpd11553_c0,,0.0,1000.0,C21H27N7O14P2,-2,c0
cpd00004_c0,rxn05324,NADH,cpd00004_c0 + cpd00067_c0 + cpd11469_c0 --> cpd00003_c0 + cpd11468_c0,,0.0,1000.0,C21H27N7O14P2,-2,c0
cpd00004_c0,rxn05444,NADH,cpd00004_c0 + cpd00067_c0 + cpd11543_c0 --> cpd00003_c0 + cpd11544_c0,,0.0,1000.0,C21H27N7O14P2,-2,c0
cpd00004_c0,rxn05435,NADH,cpd00004_c0 + cpd00067_c0 + cpd11506_c0 --> cpd00003_c0 + cpd11507_c0,,0.0,1000.0,C21H27N7O14P2,-2,c0
cpd00004_c0,rxn01268,NADH,cpd00003_c0 + cpd00219_c0 --> cpd00004_c0 + cpd00011_c0 + cpd00868_c0,,0.0,1000.0,C21H27N7O14P2,-2,c0
cpd00004_c0,rxn02853,NADH,cpd00001_c0 + cpd00003_c0 + cpd03052_c0 --> cpd00004_c0 + 2.0 cpd00067_c0 + cpd01831_c0,,0.0,1000.0,C21H27N7O14P2,-2,c0
cpd00004_c0,rxn00543,NADH,cpd00003_c0 + cpd00363_c0 <=> cpd00004_c0 + cpd00067_c0 + cpd00071_c0,,-1000.0,1000.0,C21H27N7O14P2,-2,c0
cpd00004_c0,rxn08756,NADH,cpd00004_c0 + cpd00067_c0 + cpd08615_c0 --> cpd00001_c0 + cpd00003_c0 + cpd00113_c0,,0.0,1000.0,C21H27N7O14P2,-2,c0
cpd00004_c0,rxn01241,NADH,cpd00003_c0 + cpd00449_c0 <=> cpd00004_c0 + cpd00067_c0 + cpd00213_c0,,-1000.0,1000.0,C21H27N7O14P2,-2,c0
cpd00004_c0,ADD_D_Fuc3,NADH,cpd00003_c0 + cpd00750_c0 --> D_Fucono_σ_lactone_c0 + cpd00004_c0 + cpd00067_c0,,0.0,1000.0,C21H27N7O14P2,-2,c0
cpd00004_c0,rxn03886,NADH,cpd00003_c0 + cpd00804_c0 <=> cpd00004_c0 + cpd00067_c0 + cpd00072_c0,,-1000.0,1000.0,C21H27N7O14P2,-2,c0
cpd00004_c0,rxn00568,NADH,3.0 cpd00004_c0 + 4.0 cpd00067_c0 + cpd00075_c0 --> 2.0 cpd00001_c0 + 3.0 cpd00003_c0 + cpd00013_c0,,0.0,1000.0,C21H27N7O14P2,-2,c0
cpd00053_c0,biomass0,L-Glutamine,0.169975 cpd00002_c0 + 0.00215 cpd00003_c0 + 5e-05 cpd00004_c0 + 0.0004 cpd00005_c0 + 0.00013 cpd00006_c0 + 6e-06 cpd00010_c0 + 1e-05 cpd00015_c0 + 5e-05 cpd00022_c0 + 0.25 cpd00023_c0 + 0.003 cpd00026_c0 + 1e-06 cpd00028_c0 + 0.496 cpd00033_c0 + 0.499 cpd00035_c0 + 0.203 cpd00038_c0 + 0.431 cpd00039_c0 + 0.245 cpd00041_c0 + 0.121 cpd00051_c0 + 0.126 cpd00052_c0 + 0.25 cpd00053_c0 + 0.29 cpd00054_c0 + 0.116 cpd00060_c0 + 0.136 cpd00062_c0 + 0.054 cpd00065_c0 + 0.199 cpd00066_c0 + 0.138 cpd00069_c0 + 3e-06 cpd00078_c0 + 0.087 cpd00084_c0 + 0.428 cpd00107_c0 + 0.01814 cpd00115_c0 + 0.035 cpd00118_c0 + 0.145 cpd00119_c0 + 0.541 cpd00129_c0 + 0.245 cpd00132_c0 + 0.154 cpd00155_c0 + 0.42 cpd00156_c0 + 0.436 cpd00161_c0 + 0.000223 cpd00201_c0 + 0.0254 cpd00241_c0 + 0.0089 cpd00264_c0 + 0.213 cpd00322_c0 + 0.000223 cpd00345_c0 + 0.0254 cpd00356_c0 + 0.01814 cpd00357_c0 + 0.000142 cpd11652_c0 + 0.000216 cpd12801_c0 + 0.000701 cpd15432_c0 + 0.00276 cpd15665_c0 + 0.00192 cpd16083_c0 + 4.3e-05 cpd16093_c0 --> biomass_c0 + 5.604 cpd00001_c0 + 0.08708 cpd00009_c0 + 0.634975 cpd00012_c0,,0.0,1000.0,C5H10N2O3,0,c0
cpd00053_c0,rxn00412,L-Glutamine,cpd00001_c0 + cpd00002_c0 + cpd00053_c0 + cpd00062_c0 --> cpd00008_c0 + cpd00009_c0 + cpd00023_c0 + cpd00052_c0 + 2.0 cpd00067_c0,,0.0,1000.0,C5H10N2O3,0,c0
cpd00053_c0,rxn12639,L-Glutamine,cpd00001_c0 + cpd11587_c0 <=> cpd00035_c0 + cpd00053_c0,,-1000.0,1000.0,C5H10N2O3,0,c0
cpd00053_c0,rxn03084,L-Glutamine,cpd00001_c0 + cpd00002_c0 + cpd00053_c0 + cpd02678_c0 --> cpd00008_c0 + cpd00009_c0 + cpd00023_c0 + cpd00067_c0 + cpd02826_c0,,0.0,1000.0,C5H10N2O3,0,c0
cpd00053_c0,rxn13782,L-Glutamine,10412.0 cpd00001_c0 + 6730.0 cpd00002_c0 + 496.0 cpd00033_c0 + 1370.0 cpd00035_c0 + 10162.0 cpd00038_c0 + 431.0 cpd00039_c0 + 250.0 cpd00041_c0 + 121.0 cpd00051_c0 + 500.0 cpd00053_c0 + 290.0 cpd00054_c0 + 116.0 cpd00060_c0 + 54.0 cpd00065_c0 + 199.0 cpd00066_c0 + 138.0 cpd00069_c0 + 87.0 cpd00084_c0 + 428.0 cpd00107_c0 + 145.0 cpd00119_c0 + 541.0 cpd00129_c0 + 420.0 cpd00156_c0 + 436.0 cpd00161_c0 + 14.0 cpd00201_c0 + 213.0 cpd00322_c0 --> Protein_c0 + 250.0 cpd00008_c0 + 10412.0 cpd00009_c0 + 6480.0 cpd00012_c0 + 6480.0 cpd00018_c0 + 10162.0 cpd00031_c0 + 14.0 cpd00047_c0 + 15493.0 cpd00067_c0 + 14.0 cpd00087_c0,,0.0,1000.0,C5H10N2O3,0,c0
cpd00053_c0,rxn00085,L-Glutamine,cpd00006_c0 + 2.0 cpd00023_c0 <-- cpd00005_c0 + cpd00024_c0 + cpd00053_c0 + cpd00067_c0,,-1000.0,0.0,C5H10N2O3,0,c0
cpd00053_c0,R00093,L-Glutamine,cpd00003_c0 + 2.0 cpd00023_c0 --> cpd00004_c0 + cpd00024_c0 + cpd00053_c0 + cpd00067_c0,,0.0,1000.0,C5H10N2O3,0,c0
cpd00053_c0,rxn00917,L-Glutamine,cpd00001_c0 + cpd00002_c0 + cpd00053_c0 + cpd00497_c0 --> cpd00012_c0 + cpd00018_c0 + cpd00023_c0 + 3.0 cpd00067_c0 + cpd00126_c0,,0.0,1000.0,C5H10N2O3,0,c0
cpd00053_c0,rxn01257,L-Glutamine,cpd00053_c0 + cpd00216_c0 <=> cpd00023_c0 + cpd08210_c0,,-1000.0,1000.0,C5H10N2O3,0,c0
cpd00053_c0,rxn00416,L-Glutamine,cpd00001_c0 + cpd00002_c0 + cpd00041_c0 + cpd00053_c0 --> cpd00012_c0 + cpd00018_c0 + cpd00023_c0 + 2.0 cpd00067_c0 + cpd00132_c0,,0.0,1000.0,C5H10N2O3,0,c0
cpd00053_c0,rxn12646,L-Glutamine,cpd00001_c0 + cpd11580_c0 <=> cpd00033_c0 + cpd00053_c0,,-1000.0,1000.0,C5H10N2O3,0,c0
cpd00053_c0,rxn00555,L-Glutamine,cpd00053_c0 + cpd00072_c0 <=> cpd00023_c0 + cpd00288_c0,,-1000.0,1000.0,C5H10N2O3,0,c0
cpd00053_c0,rxn00727,L-Glutamine,cpd00053_c0 + cpd00216_c0 --> cpd00020_c0 + cpd00023_c0 + cpd00067_c0 + cpd00093_c0,,0.0,1000.0,C5H10N2O3,0,c0
cpd00053_c0,rxn06979,L-Glutamine,2.0 cpd00001_c0 + 2.0 cpd00002_c0 + 2.0 cpd00053_c0 + cpd03421_c0 <=> 2.0 cpd00008_c0 + 2.0 cpd00009_c0 + 2.0 cpd00023_c0 + 2.0 cpd00067_c0 + cpd03914_c0,,-1000.0,1000.0,C5H10N2O3,0,c0
cpd00053_c0,rxn00189,L-Glutamine,cpd00001_c0 + cpd00053_c0 --> cpd00013_c0 + cpd00023_c0,,0.0,1000.0,C5H10N2O3,0,c0
cpd00053_c0,rxn00414,L-Glutamine,cpd00001_c0 + 2.0 cpd00002_c0 + cpd00053_c0 + cpd00242_c0 --> 2.0 cpd00008_c0 + cpd00009_c0 + cpd00023_c0 + 2.0 cpd00067_c0 + cpd00146_c0,,0.0,1000.0,C5H10N2O3,0,c0
cpd00053_c0,rxn00790,L-Glutamine,cpd00001_c0 + cpd00053_c0 + cpd00103_c0 --> cpd00012_c0 + cpd00023_c0 + cpd00067_c0 + cpd01982_c0,,0.0,1000.0,C5H10N2O3,0,c0
cpd00053_c0,rxn03135,L-Glutamine,cpd00053_c0 + cpd02991_c0 --> cpd00023_c0 + cpd00067_c0 + cpd02843_c0 + cpd02851_c0,,0.0,1000.0,C5H10N2O3,0,c0
cpd00053_c0,rxn11544,L-Glutamine,cpd00001_c0 + 2.0 cpd00002_c0 + 2.0 cpd00053_c0 + cpd03832_c0 <=> 2.0 cpd00008_c0 + cpd00012_c0 + 2.0 cpd00023_c0 + cpd00067_c0 + cpd03913_c0,,-1000.0,1000.0,C5H10N2O3,0,c0
cpd00053_c0,rxn00187,L-Glutamine,cpd00002_c0 + cpd00013_c0 + cpd00023_c0 --> cpd00008_c0 + cpd00009_c0 + cpd00053_c0 + cpd00067_c0,,0.0,1000.0,C5H10N2O3,0,c0
cpd00650_c0,rxn00872,Crotonyl-CoA,cpd00650_c0 + cpd00982_c0 --> cpd00015_c0 + cpd00120_c0,,0.0,1000.0,C25H36N7O17P3S,-4,c0
cpd00650_c0,rxn00868,Crotonyl-CoA,cpd00004_c0 + cpd00067_c0 + cpd00650_c0 --> cpd00003_c0 + cpd00120_c0,,0.0,1000.0,C25H36N7O17P3S,-4,c0
cpd00650_c0,rxn02167,Crotonyl-CoA,cpd00842_c0 <=> cpd00001_c0 + cpd00650_c0,,-1000.0,1000.0,C25H36N7O17P3S,-4,c0
cpd00287_c0,rxn00671,3-Oxo-2-methylpropanoate,cpd00003_c0 + cpd00010_c0 + cpd00287_c0 <=> cpd00004_c0 + cpd00011_c0 + cpd00086_c0,,-1000.0,1000.0,C4H5O3,-1,c0
cpd00287_c0,rxn01480,3-Oxo-2-methylpropanoate,cpd00003_c0 + cpd00876_c0 <=> cpd00004_c0 + cpd00067_c0 + cpd00287_c0,,-1000.0,1000.0,C4H5O3,-1,c0
cpd00287_c0,rxn02925,3-Oxo-2-methylpropanoate,cpd00035_c0 + cpd00287_c0 <=> cpd00020_c0 + cpd02096_c0,,-1000.0,1000.0,C4H5O3,-1,c0
cpd00334_c0,rxn01053,L-Lactaldehyde,cpd00001_c0 + cpd00003_c0 + cpd00334_c0 <=> cpd00004_c0 + 2.0 cpd00067_c0 + cpd00159_c0,,-1000.0,1000.0,C3H6O2,0,c0
cpd00334_c0,rxn01620,L-Lactaldehyde,cpd00806_c0 --> cpd00095_c0 + cpd00334_c0,,0.0,1000.0,C3H6O2,0,c0
cpd03492_c0,rxn03407,Undecaprenyl-diphospho-N-acetylmuramoyl-(N-acetylglucosamine)-L-alanyl-D-isoglutaminyl-L-lysyl-D-alanyl-D-alanine,cpd00002_c0 + cpd00013_c0 + cpd03491_c0 --> cpd00008_c0 + cpd00009_c0 + cpd00067_c0 + cpd03492_c0,,0.0,1000.0,C94H155N9O25P2,-2,c0
cpd02851_c0,rxn03135,AICAR,cpd00053_c0 + cpd02991_c0 --> cpd00023_c0 + cpd00067_c0 + cpd02843_c0 + cpd02851_c0,,0.0,1000.0,C9H13N4O8P,-2,c0
cpd02851_c0,rxn03136,AICAR,cpd02921_c0 <=> cpd00106_c0 + cpd02851_c0,,-1000.0,1000.0,C9H13N4O8P,-2,c0
cpd02851_c0,rxn03137,AICAR,cpd00201_c0 + cpd02851_c0 <=> cpd00087_c0 + cpd02884_c0,,-1000.0,1000.0,C9H13N4O8P,-2,c0
cpd00843_c0,rxn01280,Tartronate semialdehyde,cpd00003_c0 + cpd00223_c0 <=> cpd00004_c0 + cpd00067_c0 + cpd00843_c0,,-1000.0,1000.0,C3H3O4,-1,c0
cpd00843_c0,rxn01281,Tartronate semialdehyde,cpd00006_c0 + cpd00223_c0 <=> cpd00005_c0 + cpd00067_c0 + cpd00843_c0,,-1000.0,1000.0,C3H3O4,-1,c0
cpd00843_c0,rxn01015,Tartronate semialdehyde,cpd00145_c0 <=> cpd00843_c0,,-1000.0,1000.0,C3H3O4,-1,c0
cpd00843_c0,rxn00010,Tartronate semialdehyde,2.0 cpd00040_c0 + cpd00067_c0 --> cpd00011_c0 + cpd00843_c0,,0.0,1000.0,C3H3O4,-1,c0
cpd11432_c0,rxn10214,fa11coa,cpd11432_c0 + cpd15671_c0 --> cpd00010_c0 + cpd00067_c0 + cpd15677_c0,,0.0,1000.0,C38H65N7O17P3S,-3,c0
cpd11432_c0,rxn05252,fa11coa,cpd00002_c0 + cpd00010_c0 + cpd11431_c0 --> cpd00012_c0 + cpd00018_c0 + cpd11432_c0,,0.0,1000.0,C38H65N7O17P3S,-3,c0
cpd11432_c0,rxn10205,fa11coa,cpd00080_c0 + cpd11432_c0 --> cpd00010_c0 + cpd15671_c0,,0.0,1000.0,C38H65N7O17P3S,-3,c0
cpd11432_c0,rxn05454,fa11coa,cpd00010_c0 + cpd11544_c0 <=> cpd11432_c0 + cpd11493_c0,,-1000.0,1000.0,C38H65N7O17P3S,-3,c0
cpd01651_c0,rxn02791,L-3-Cyanoalanine,cpd00023_c0 + cpd01651_c0 <=> cpd00001_c0 + cpd03407_c0,,-1000.0,1000.0,C4H6N2O2,0,c0
cpd01651_c0,rxn02792,L-3-Cyanoalanine,cpd00023_c0 + cpd00067_c0 + cpd01651_c0 --> cpd00001_c0 + cpd00011_c0 + cpd03646_c0,,0.0,1000.0,C4H6N2O2,0,c0
cpd02375_c0,rxn00838,Adenylosuccinate,cpd00038_c0 + cpd00041_c0 + cpd00114_c0 --> cpd00009_c0 + cpd00031_c0 + 2.0 cpd00067_c0 + cpd02375_c0,,0.0,1000.0,C14H14N5O11P,-4,c0
cpd02375_c0,rxn00800,Adenylosuccinate,cpd02375_c0 <=> cpd00018_c0 + cpd00106_c0,,-1000.0,1000.0,C14H14N5O11P,-4,c0
cpd01982_c0,rxn02895,5-Phosphoribosylamine,cpd00002_c0 + cpd00033_c0 + cpd01982_c0 --> cpd00008_c0 + cpd00009_c0 + cpd00067_c0 + cpd02394_c0,,0.0,1000.0,C5H11NO7P,-1,c0
cpd01982_c0,rxn00790,5-Phosphoribosylamine,cpd00001_c0 + cpd00053_c0 + cpd00103_c0 --> cpd00012_c0 + cpd00023_c0 + cpd00067_c0 + cpd01982_c0,,0.0,1000.0,C5H11NO7P,-1,c0
cpd00199_c0,ADD_GABA3,4-Oxobutanoate,cpd00001_c0 + cpd00003_c0 + cpd00199_c0 --> cpd00004_c0 + cpd00036_c0 + 2.0 cpd00067_c0,,0.0,1000.0,C4H5O3,-1,c0
cpd00199_c0,rxn01204,4-Oxobutanoate,cpd00024_c0 + cpd00281_c0 <=> cpd00023_c0 + cpd00199_c0,,-1000.0,1000.0,C4H5O3,-1,c0
cpd00635_e0,rxn10147,Cbl,cpd00001_c0 + cpd00002_c0 + cpd00635_e0 --> cpd00008_c0 + cpd00009_c0 + cpd00067_c0 + cpd00635_c0,,0.0,1000.0,C62H88CoN13O14P,-1,e0
cpd00635_e0,EXpd00635,Cbl,cpd00635_e0 <=> ,,-1000.0,1000.0,C62H88CoN13O14P,-1,e0
cpd03123_c0,rxn03249,3-Oxohexanoyl-CoA,cpd00003_c0 + cpd03122_c0 <=> cpd00004_c0 + cpd00067_c0 + cpd03123_c0,,-1000.0,1000.0,C27H40N7O18P3S,-4,c0
cpd03123_c0,rxn00874,3-Oxohexanoyl-CoA,cpd00022_c0 + cpd00120_c0 <=> cpd00010_c0 + cpd03123_c0,,-1000.0,1000.0,C27H40N7O18P3S,-4,c0
cpd00308_c0,rxn12432,Malonate,cpd00308_e0 + cpd00971_e0 <=> cpd00308_c0 + cpd00971_c0,,-1000.0,1000.0,C3H2O4,-2,c0
cpd00308_c0,rxn12206,Malonate,cpd00067_c0 + cpd00308_c0 --> cpd00011_c0 + cpd00029_c0,,0.0,1000.0,C3H2O4,-2,c0
cpd00069_e0,rxn05301,L-Tyrosine,cpd00067_e0 + cpd00069_e0 <=> cpd00067_c0 + cpd00069_c0,,-1000.0,1000.0,C9H11NO3,0,e0
cpd00069_e0,EXpd00069,L-Tyrosine,cpd00069_e0 --> ,,0.0,1000.0,C9H11NO3,0,e0
cpd00750_c0,ADD_D_Fuc2,D-Fucose,cpd00750_e0 --> cpd00750_c0,,0.0,1000.0,C6H12O5,0,c0
cpd00750_c0,ADD_D_Fuc3,D-Fucose,cpd00003_c0 + cpd00750_c0 --> D_Fucono_σ_lactone_c0 + cpd00004_c0 + cpd00067_c0,,0.0,1000.0,C6H12O5,0,c0
cpd02498_c0,rxn02186,"2,3-Dihydroxy-isovalerate",cpd00005_c0 + cpd00067_c0 + cpd00668_c0 <=> cpd00006_c0 + cpd02498_c0,,-1000.0,1000.0,C5H9O4,-1,c0
cpd02498_c0,rxn03068,"2,3-Dihydroxy-isovalerate",cpd00006_c0 + cpd02498_c0 <=> cpd00005_c0 + cpd00067_c0 + cpd02569_c0,,-1000.0,1000.0,C5H9O4,-1,c0
cpd02498_c0,rxn00898,"2,3-Dihydroxy-isovalerate",cpd02498_c0 --> cpd00001_c0 + cpd00123_c0,,0.0,1000.0,C5H9O4,-1,c0
cpd00689_c0,rxn00029,Porphobilinogen,2.0 cpd00338_c0 --> 2.0 cpd00001_c0 + cpd00067_c0 + cpd00689_c0,,0.0,1000.0,C10H13N2O4,-1,c0
cpd00689_c0,rxn00060,Porphobilinogen,cpd00001_c0 + 4.0 cpd00689_c0 --> 4.0 cpd00013_c0 + cpd00755_c0,,0.0,1000.0,C10H13N2O4,-1,c0
cpd00485_c0,rxn01329,D-Mannose1-phosphate,cpd00235_c0 <=> cpd00485_c0,,-1000.0,1000.0,C6H11O9P,-2,c0
cpd00485_c0,rxn00640,D-Mannose1-phosphate,cpd00031_c0 + cpd00485_c0 <=> cpd00009_c0 + cpd00083_c0,,-1000.0,1000.0,C6H11O9P,-2,c0
cpd00654_c0,rxn01218,Deoxycytidine,cpd00001_c0 + cpd00206_c0 --> cpd00009_c0 + cpd00654_c0,,0.0,1000.0,C9H13N3O4,0,c0
cpd02338_c0,rxn00358,"UDP-D-galacto-1,4-furanose",cpd00043_c0 <=> cpd02338_c0,,-1000.0,1000.0,C15H22N2O17P2,-2,c0
cpd00408_c0,rxn01791,Pantoate,cpd00002_c0 + cpd00085_c0 + cpd00408_c0 --> cpd00012_c0 + cpd00018_c0 + 2.0 cpd00067_c0 + cpd00644_c0,,0.0,1000.0,C6H11O4,-1,c0
cpd00408_c0,rxn01790,Pantoate,cpd00006_c0 + cpd00408_c0 <=> cpd00005_c0 + cpd00067_c0 + cpd00712_c0,,-1000.0,1000.0,C6H11O4,-1,c0
cpd01977_c0,rxn01643,4-Phospho-L-aspartate,cpd00005_c0 + cpd00067_c0 + cpd01977_c0 --> cpd00006_c0 + cpd00009_c0 + cpd00346_c0,,0.0,1000.0,C4H6NO7P,-2,c0
cpd01977_c0,rxn00337,4-Phospho-L-aspartate,cpd00002_c0 + cpd00041_c0 <=> cpd00008_c0 + cpd01977_c0,,-1000.0,1000.0,C4H6NO7P,-2,c0
cpd00946_c0,rxn03852,Undecaprenyl diphospho N-acetyl-glucosamine,cpd00946_c0 + cpd01999_c0 <=> cpd00031_c0 + cpd00067_c0 + cpd02967_c0,,-1000.0,1000.0,C63H103NO12P2,-2,c0
cpd00043_c0,rxn00358,UDP-galactose,cpd00043_c0 <=> cpd02338_c0,,-1000.0,1000.0,C15H22N2O17P2,-2,c0
cpd00043_c0,rxn00214,UDP-galactose,cpd00026_c0 <=> cpd00043_c0,,-1000.0,1000.0,C15H22N2O17P2,-2,c0
cpd00043_c0,rxn00355,UDP-galactose,cpd00062_c0 + cpd00348_c0 <=> cpd00012_c0 + cpd00043_c0,,-1000.0,1000.0,C15H22N2O17P2,-2,c0
cpd11494_c0,rxn05349,Acetyl-ACP,cpd00022_c0 + cpd11493_c0 <=> cpd00010_c0 + cpd11494_c0,,-1000.0,1000.0,C13H24N2O8PRS,-2,c0
cpd11494_c0,rxn05347,Acetyl-ACP,cpd11492_c0 + cpd11494_c0 --> cpd00011_c0 + cpd11488_c0 + cpd11493_c0,,0.0,1000.0,C13H24N2O8PRS,-2,c0
cpd00141_c0,ADD_propionate,Propionate,cpd00067_e0 + cpd00141_e0 <=> cpd00067_c0 + cpd00141_c0,,-1000.0,1000.0,C3H5O2,-1,c0
cpd00141_c0,rxn00669,Propionate,cpd00002_c0 + cpd00010_c0 + cpd00141_c0 --> cpd00008_c0 + cpd00009_c0 + cpd00086_c0,,0.0,1000.0,C3H5O2,-1,c0
cpd00141_c0,rxn00985,Propionate,cpd00002_c0 + cpd00141_c0 <=> cpd00008_c0 + cpd01844_c0,,-1000.0,1000.0,C3H5O2,-1,c0
cpd00141_c0,rxn00986,Propionate,cpd00012_c0 + cpd03560_c0 --> cpd00002_c0 + cpd00141_c0,,0.0,1000.0,C3H5O2,-1,c0
cpd15689_c0,rxn10232,Diisoheptadecanoylphosphatidylserine,2.0 cpd00067_c0 + cpd15689_c0 <=> cpd00011_c0 + cpd15695_c0,,-1000.0,1000.0,C40H76NO10P,-2,c0
cpd15689_c0,rxn10226,Diisoheptadecanoylphosphatidylserine,cpd00054_c0 + cpd15683_c0 --> cpd00046_c0 + 2.0 cpd00067_c0 + cpd15689_c0,,0.0,1000.0,C40H76NO10P,-2,c0
cpd02605_c0,rxn03062,2-isopropyl-3-oxosuccinate,cpd00003_c0 + cpd02693_c0 <=> cpd00004_c0 + cpd00067_c0 + cpd02605_c0,,-1000.0,1000.0,C7H8O5,-2,c0
cpd02605_c0,rxn01208,2-isopropyl-3-oxosuccinate,cpd00067_c0 + cpd02605_c0 --> cpd00011_c0 + cpd00200_c0,,0.0,1000.0,C7H8O5,-2,c0
cpd00868_c0,rxn01268,p-hydroxyphenylpyruvate,cpd00003_c0 + cpd00219_c0 --> cpd00004_c0 + cpd00011_c0 + cpd00868_c0,,0.0,1000.0,C9H7O4,-1,c0
cpd00868_c0,rxn00527,p-hydroxyphenylpyruvate,cpd00024_c0 + cpd00069_c0 <=> cpd00023_c0 + cpd00868_c0,,-1000.0,1000.0,C9H7O4,-1,c0
cpd00868_c0,rxn01827,p-hydroxyphenylpyruvate,cpd00007_c0 + cpd00868_c0 --> cpd00011_c0 + cpd00426_c0,,0.0,1000.0,C9H7O4,-1,c0
cpd00868_c0,rxn01269,p-hydroxyphenylpyruvate,cpd00006_c0 + cpd00219_c0 --> cpd00005_c0 + cpd00011_c0 + cpd00868_c0,,0.0,1000.0,C9H7O4,-1,c0
cpd00113_c0,rxn01466,Isopentenyldiphosphate,cpd00113_c0 + cpd00283_c0 --> cpd00012_c0 + cpd00067_c0 + cpd00350_c0,,0.0,1000.0,C5H10O7P2,-2,c0
cpd00113_c0,rxn01486,Isopentenyldiphosphate,cpd00113_c0 + cpd00350_c0 --> cpd00012_c0 + cpd00067_c0 + cpd00289_c0,,0.0,1000.0,C5H10O7P2,-2,c0
cpd00113_c0,rxn04113,Isopentenyldiphosphate,cpd00005_c0 + cpd00067_c0 + cpd08615_c0 --> cpd00001_c0 + cpd00006_c0 + cpd00113_c0,,0.0,1000.0,C5H10O7P2,-2,c0
cpd00113_c0,rxn00830,Isopentenyldiphosphate,cpd00113_c0 <=> cpd00202_c0,,-1000.0,1000.0,C5H10O7P2,-2,c0
cpd00113_c0,rxn08756,Isopentenyldiphosphate,cpd00004_c0 + cpd00067_c0 + cpd08615_c0 --> cpd00001_c0 + cpd00003_c0 + cpd00113_c0,,0.0,1000.0,C5H10O7P2,-2,c0
cpd00113_c0,rxn04308,Isopentenyldiphosphate,7.0 cpd00113_c0 + cpd08211_c0 --> 7.0 cpd00012_c0 + 7.0 cpd00067_c0 + cpd02229_c0,,0.0,1000.0,C5H10O7P2,-2,c0
cpd00113_c0,rxn03891,Isopentenyldiphosphate,cpd00113_c0 + cpd00906_c0 --> cpd00012_c0 + cpd00067_c0 + cpd02590_c0,,0.0,1000.0,C5H10O7P2,-2,c0
cpd00113_c0,rxn01213,Isopentenyldiphosphate,cpd00113_c0 + cpd00202_c0 --> cpd00012_c0 + cpd00067_c0 + cpd00283_c0,,0.0,1000.0,C5H10O7P2,-2,c0
cpd00113_c0,rxn12008,Isopentenyldiphosphate,cpd00113_c0 + cpd02590_c0 --> cpd00012_c0 + cpd00067_c0 + cpd02557_c0,,0.0,1000.0,C5H10O7P2,-2,c0
cpd00113_c0,rxn05287,Isopentenyldiphosphate,cpd00113_c0 + cpd00289_c0 --> cpd00012_c0 + cpd00067_c0 + cpd02591_c0,,0.0,1000.0,C5H10O7P2,-2,c0
cpd00113_c0,rxn03843,Isopentenyldiphosphate,cpd00113_c0 + cpd00350_c0 --> cpd00012_c0 + cpd00067_c0 + cpd08211_c0,,0.0,1000.0,C5H10O7P2,-2,c0
cpd00113_c0,rxn03892,Isopentenyldiphosphate,cpd00113_c0 + cpd02591_c0 --> cpd00012_c0 + cpd00067_c0 + cpd00906_c0,,0.0,1000.0,C5H10O7P2,-2,c0
cpd11469_c0,rxn05324,(2E)-Dodecenoyl-[acp],cpd00004_c0 + cpd00067_c0 + cpd11469_c0 --> cpd00003_c0 + cpd11468_c0,,0.0,1000.0,C23H41N2O8PRS,-2,c0
cpd08316_c0,rxn03918,D-Glycero-D-manno-heptose1-7-bisphosphate,cpd00002_c0 + cpd04918_c0 <=> cpd00008_c0 + cpd00067_c0 + cpd08316_c0,,-1000.0,1000.0,C7H12O13P2,-4,c0
cpd08316_c0,rxn03919,D-Glycero-D-manno-heptose1-7-bisphosphate,cpd00001_c0 + cpd08316_c0 --> cpd00009_c0 + cpd04920_c0,,0.0,1000.0,C7H12O13P2,-4,c0
cpd00434_c0,rxn01851,4-Aminobutanal,cpd00001_c0 + cpd00003_c0 + cpd00434_c0 --> cpd00004_c0 + 2.0 cpd00067_c0 + cpd00281_c0,,0.0,1000.0,C4H10NO,1,c0
cpd00434_c0,rxn14077,4-Aminobutanal,cpd00020_c0 + cpd00118_c0 --> cpd00035_c0 + cpd00434_c0,,0.0,1000.0,C4H10NO,1,c0
cpd00434_c0,rxn01459,4-Aminobutanal,cpd00001_c0 + cpd00006_c0 + cpd00434_c0 --> cpd00005_c0 + 2.0 cpd00067_c0 + cpd00281_c0,,0.0,1000.0,C4H10NO,1,c0
cpd02724_c0,rxn03031,N-Succinyl-L-2-amino-6-oxopimelate,cpd00010_c0 + cpd02724_c0 <-- cpd00001_c0 + cpd00078_c0 + cpd02465_c0,,-1000.0,0.0,C11H12NO8,-3,c0
cpd02724_c0,rxn03087,N-Succinyl-L-2-amino-6-oxopimelate,cpd00024_c0 + cpd02698_c0 <=> cpd00023_c0 + cpd02724_c0,,-1000.0,1000.0,C11H12NO8,-3,c0
cpd15311_c0,rxn08299,"1,2-Diacyl-sn-glycerol dioctadecanoyl",cpd00002_c0 + cpd15311_c0 <=> cpd00008_c0 + cpd15526_c0,,-1000.0,1000.0,C39H76O5,0,c0
cpd15311_c0,ADD_12dia,"1,2-Diacyl-sn-glycerol dioctadecanoyl",cpd00001_c0 + cpd15521_c0 --> cpd00009_c0 + cpd15311_c0,,0.0,1000.0,C39H76O5,0,c0
cpd15545_c0,rxn09111,Phosphatidylglycerophosphate dihexadecanoyl,cpd00080_c0 + cpd15419_c0 <=> cpd00046_c0 + cpd15545_c0,,-1000.0,1000.0,C38H74O13P2,-2,c0
cpd15545_c0,rxn09104,Phosphatidylglycerophosphate dihexadecanoyl,cpd00001_c0 + cpd15545_c0 --> cpd00009_c0 + cpd00067_c0 + cpd15538_c0,,0.0,1000.0,C38H74O13P2,-2,c0
cpd15322_c0,rxn08814,1-Acyl-sn-glycero-3-phosphoglycerol hexadec-9-enoyl,cpd00001_c0 + cpd15322_c0 <=> cpd00067_c0 + cpd02090_c0 + cpd15237_c0,,-1000.0,1000.0,C22H42O9P,-1,c0
cpd00876_c0,rxn01480,3-Hydroxyisobutyrate,cpd00003_c0 + cpd00876_c0 <=> cpd00004_c0 + cpd00067_c0 + cpd00287_c0,,-1000.0,1000.0,C4H7O3,-1,c0
cpd00876_c0,rxn03433,3-Hydroxyisobutyrate,cpd00001_c0 + cpd03572_c0 --> cpd00010_c0 + cpd00067_c0 + cpd00876_c0,,0.0,1000.0,C4H7O3,-1,c0
cpd11425_c0,rxn13661,2dmmq7,cpd00019_c0 + cpd00067_c0 + cpd11606_c0 --> cpd00017_c0 + cpd11425_c0,,0.0,1000.0,C20H22O2,0,c0
cpd11425_c0,rxn05267,2dmmq7,cpd00004_c0 + cpd00011_c0 + cpd00012_c0 + cpd11425_c0 --> cpd00003_c0 + cpd02295_c0 + cpd02590_c0,,0.0,1000.0,C20H22O2,0,c0
cpd00149_e0,EXpd00149,Co2+,cpd00149_e0 <=> ,,-1000.0,1000.0,Co,2,e0
cpd00149_e0,rxn10474,Co2+,cpd00149_c0 <=> cpd00149_e0,,-1000.0,1000.0,Co,2,e0
cpd00147_c0,rxn01406,5-Methylthioadenosine,cpd00118_c0 + cpd00837_c0 --> cpd00067_c0 + cpd00147_c0 + cpd00264_c0,,0.0,1000.0,C11H15N5O3S,0,c0
cpd00147_c0,rxn01022,5-Methylthioadenosine,cpd00009_c0 + cpd00147_c0 <=> cpd00128_c0 + cpd02574_c0,,-1000.0,1000.0,C11H15N5O3S,0,c0
cpd00908_c0,rxn08805,Glycerophosphoethanolamine,cpd00001_c0 + cpd15315_c0 <=> cpd00067_c0 + cpd00908_c0 + cpd15298_c0,,-1000.0,1000.0,C5H14NO6P,0,c0
cpd00908_c0,rxn08809,Glycerophosphoethanolamine,cpd00001_c0 + cpd12547_c0 <=> cpd00067_c0 + cpd00908_c0 + cpd15269_c0,,-1000.0,1000.0,C5H14NO6P,0,c0
cpd00908_c0,rxn08804,Glycerophosphoethanolamine,cpd00001_c0 + cpd15314_c0 <=> cpd00067_c0 + cpd00908_c0 + cpd03847_c0,,-1000.0,1000.0,C5H14NO6P,0,c0
cpd00908_c0,rxn08839,Glycerophosphoethanolamine,cpd00001_c0 + cpd15337_c0 <=> cpd00067_c0 + cpd00908_c0 + cpd03847_c0,,-1000.0,1000.0,C5H14NO6P,0,c0
cpd00908_c0,rxn08844,Glycerophosphoethanolamine,cpd00001_c0 + cpd15342_c0 <=> cpd00067_c0 + cpd00908_c0 + cpd15269_c0,,-1000.0,1000.0,C5H14NO6P,0,c0
cpd00908_c0,rxn08838,Glycerophosphoethanolamine,cpd00001_c0 + cpd15336_c0 <=> cpd00067_c0 + cpd00908_c0 + cpd01741_c0,,-1000.0,1000.0,C5H14NO6P,0,c0
cpd00908_c0,rxn08803,Glycerophosphoethanolamine,cpd00001_c0 + cpd15313_c0 <=> cpd00067_c0 + cpd00908_c0 + cpd01741_c0,,-1000.0,1000.0,C5H14NO6P,0,c0
cpd00908_c0,rxn08842,Glycerophosphoethanolamine,cpd00001_c0 + cpd15340_c0 <=> cpd00067_c0 + cpd00908_c0 + cpd15237_c0,,-1000.0,1000.0,C5H14NO6P,0,c0
cpd00908_c0,rxn01073,Glycerophosphoethanolamine,cpd00001_c0 + cpd00908_c0 --> cpd00067_c0 + cpd00080_c0 + cpd00162_c0,,0.0,1000.0,C5H14NO6P,0,c0
cpd00908_c0,rxn08808,Glycerophosphoethanolamine,cpd00001_c0 + cpd00067_c0 + cpd12547_c0 --> cpd00908_c0 + cpd01080_c0,,0.0,1000.0,C5H14NO6P,0,c0
cpd00908_c0,rxn08806,Glycerophosphoethanolamine,cpd00001_c0 + cpd15316_c0 <=> cpd00067_c0 + cpd00214_c0 + cpd00908_c0,,-1000.0,1000.0,C5H14NO6P,0,c0
cpd00908_c0,rxn08843,Glycerophosphoethanolamine,cpd00001_c0 + cpd15341_c0 <=> cpd00067_c0 + cpd00908_c0 + cpd01080_c0,,-1000.0,1000.0,C5H14NO6P,0,c0
cpd00908_c0,rxn08841,Glycerophosphoethanolamine,cpd00001_c0 + cpd15339_c0 <=> cpd00067_c0 + cpd00214_c0 + cpd00908_c0,,-1000.0,1000.0,C5H14NO6P,0,c0
cpd00908_c0,rxn08840,Glycerophosphoethanolamine,cpd00001_c0 + cpd15338_c0 --> cpd00067_c0 + cpd00908_c0 + cpd15298_c0,,0.0,1000.0,C5H14NO6P,0,c0
cpd00908_c0,rxn08807,Glycerophosphoethanolamine,cpd00001_c0 + cpd15317_c0 <=> cpd00067_c0 + cpd00908_c0 + cpd15237_c0,,-1000.0,1000.0,C5H14NO6P,0,c0
cpd11586_e0,EXpd11586,ala-L-glu-L,cpd11586_e0 --> ,,0.0,1000.0,C8H13N2O5,-1,e0
cpd11586_e0,rxn05541,ala-L-glu-L,cpd00001_c0 + cpd00002_c0 + cpd11586_e0 --> cpd00008_c0 + cpd00009_c0 + cpd00067_c0 + cpd11586_c0,,0.0,1000.0,C8H13N2O5,-1,e0
cpd15696_c0,rxn10233,Dianteisoheptadecanoylphosphatidylethanolamine,2.0 cpd00067_c0 + cpd15690_c0 <=> cpd00011_c0 + cpd15696_c0,,-1000.0,1000.0,C39H78NO8P,0,c0
cpd03918_c0,rxn05029,Adenosyl cobinamide,cpd00002_c0 + cpd03422_c0 <=> cpd00421_c0 + cpd03918_c0,,-1000.0,1000.0,C58H84CoN16O11,1,c0
cpd03918_c0,rxn04413,Adenosyl cobinamide,cpd00038_c0 + cpd03918_c0 <=> cpd00031_c0 + cpd00067_c0 + cpd03919_c0,,-1000.0,1000.0,C58H84CoN16O11,1,c0
cpd03918_c0,rxn03536,Adenosyl cobinamide,cpd00002_c0 + cpd03918_c0 <=> cpd00008_c0 + cpd00067_c0 + cpd03919_c0,,-1000.0,1000.0,C58H84CoN16O11,1,c0
cpd01217_c0,rxn01961,Xanthosine,cpd00001_c0 + cpd00497_c0 --> cpd00009_c0 + cpd01217_c0,,0.0,1000.0,C10H12N4O6,0,c0
cpd11416_c0,EXpd11416,Biomass,cpd11416_c0 --> ,,0.0,1000.0,X,0,c0
cpd11490_c0,rxn05341,3-oxooctanoyl-acp,cpd00006_c0 + cpd11483_c0 <=> cpd00005_c0 + cpd00067_c0 + cpd11490_c0,,-1000.0,1000.0,C19H34N2O9PRS,-2,c0
cpd11490_c0,rxn05350,3-oxooctanoyl-acp,cpd00067_c0 + cpd11472_c0 + cpd11492_c0 --> cpd00011_c0 + cpd11490_c0 + cpd11493_c0,,0.0,1000.0,C19H34N2O9PRS,-2,c0
cpd08301_c0,rxn05293,2-C-methyl-D-erythritol2-4-cyclodiphosphate,cpd00004_c0 + cpd00067_c0 + cpd08301_c0 --> cpd00001_c0 + cpd00003_c0 + cpd08615_c0,,0.0,1000.0,C5H10O9P2,-2,c0
cpd08301_c0,rxn03910,2-C-methyl-D-erythritol2-4-cyclodiphosphate,cpd08288_c0 <=> cpd00046_c0 + cpd08301_c0,,-1000.0,1000.0,C5H10O9P2,-2,c0
cpd33909_c0,rxn46941,"1,4-galactarolactone",cpd33909_c0 --> cpd00067_c0 + cpd00515_c0,,0.0,1000.0,C6H7O7,-1,c0
cpd33909_c0,rxn41414,"1,4-galactarolactone",cpd32793_c0 <=> cpd33909_c0,,-1000.0,1000.0,C6H7O7,-1,c0
cpd00797_c0,rxn00992,(R)-3-Hydroxybutanoate,cpd00003_c0 + cpd00797_c0 <=> cpd00004_c0 + cpd00067_c0 + cpd00142_c0,,-1000.0,1000.0,C4H7O3,-1,c0
cpd00797_c0,rxn12405,(R)-3-Hydroxybutanoate,cpd00797_e0 <=> cpd00797_c0,,-1000.0,1000.0,C4H7O3,-1,c0
cpd15678_c0,rxn10215,"1,2-dianteisoheptadecanoyl-sn-glycerol 3-phosphate",cpd11434_c0 + cpd15672_c0 --> cpd00010_c0 + cpd00067_c0 + cpd15678_c0,,0.0,1000.0,C37H72O8P,-1,c0
cpd15678_c0,rxn10221,"1,2-dianteisoheptadecanoyl-sn-glycerol 3-phosphate",cpd00052_c0 + cpd15678_c0 <=> cpd00012_c0 + cpd00067_c0 + cpd15684_c0,,-1000.0,1000.0,C37H72O8P,-1,c0
cpd15678_c0,rxn10254,"1,2-dianteisoheptadecanoyl-sn-glycerol 3-phosphate",cpd00002_c0 + cpd15702_c0 <=> cpd00008_c0 + cpd15678_c0,,-1000.0,1000.0,C37H72O8P,-1,c0
cpd15525_c0,rxn08298,"1,2-dihexadec-9-enoyl-sn-glycerol 3-phosphate",cpd00002_c0 + cpd15310_c0 <=> cpd00008_c0 + cpd15525_c0,,-1000.0,1000.0,C35H64O8P,-1,c0
cpd15525_c0,rxn08087,"1,2-dihexadec-9-enoyl-sn-glycerol 3-phosphate",cpd00067_c0 + cpd15239_c0 + cpd15326_c0 --> cpd11493_c0 + cpd15525_c0,,0.0,1000.0,C35H64O8P,-1,c0
cpd15525_c0,rxn08310,"1,2-dihexadec-9-enoyl-sn-glycerol 3-phosphate",cpd00052_c0 + cpd15525_c0 <=> cpd00012_c0 + cpd00067_c0 + cpd15418_c0,,-1000.0,1000.0,C35H64O8P,-1,c0
cpd00290_c0,rxn01492,"D-fructose-1,6-bisphosphate",cpd00002_c0 + cpd00802_c0 <=> cpd00008_c0 + cpd00067_c0 + cpd00290_c0,,-1000.0,1000.0,C6H10O12P2,-4,c0
cpd00290_c0,rxn00786,"D-fructose-1,6-bisphosphate",cpd00290_c0 <=> cpd00095_c0 + cpd00102_c0,,-1000.0,1000.0,C6H10O12P2,-4,c0
cpd00290_c0,rxn00549,"D-fructose-1,6-bisphosphate",cpd00001_c0 + cpd00290_c0 --> cpd00009_c0 + cpd00072_c0,,0.0,1000.0,C6H10O12P2,-4,c0
cpd15546_c0,rxn09105,Phosphatidylglycerophosphate dihexadec-9-enoyl,cpd00001_c0 + cpd15546_c0 --> cpd00009_c0 + cpd00067_c0 + cpd15539_c0,,0.0,1000.0,C38H70O13P2,-2,c0
cpd15546_c0,rxn09112,Phosphatidylglycerophosphate dihexadec-9-enoyl,cpd00080_c0 + cpd15418_c0 <=> cpd00046_c0 + cpd15546_c0,,-1000.0,1000.0,C38H70O13P2,-2,c0
cpd15692_c0,rxn10229,Diisopentadecanoylphosphatidylserine,cpd00054_c0 + cpd15686_c0 --> cpd00046_c0 + 2.0 cpd00067_c0 + cpd15692_c0,,0.0,1000.0,C36H68NO10P,-2,c0
cpd15692_c0,rxn10235,Diisopentadecanoylphosphatidylserine,2.0 cpd00067_c0 + cpd15692_c0 <=> cpd00011_c0 + cpd15698_c0,,-1000.0,1000.0,C36H68NO10P,-2,c0
cpd15340_c0,rxn08842,2-Acyl-sn-glycero-3-phosphoethanolamine hexadec-9-enoyl,cpd00001_c0 + cpd15340_c0 <=> cpd00067_c0 + cpd00908_c0 + cpd15237_c0,,-1000.0,1000.0,C21H42NO7P,0,c0
cpd02016_c0,rxn01670,N-Ribosylnicotinamide,cpd00001_c0 + cpd00355_c0 --> cpd00009_c0 + cpd02016_c0,,0.0,1000.0,C11H15N2O5,1,c0
cpd02016_c0,rxn01671,N-Ribosylnicotinamide,cpd00002_c0 + cpd02016_c0 <=> cpd00008_c0 + cpd00067_c0 + cpd00355_c0,,-1000.0,1000.0,C11H15N2O5,1,c0
cpd00067_c0,rxn00302,H+,cpd00001_c0 + cpd00038_c0 --> cpd00067_c0 + cpd03518_c0,,0.0,1000.0,H,1,c0
cpd00067_c0,rxn08799,H+,cpd00001_c0 + cpd15327_c0 <=> 2.0 cpd00067_c0 + cpd00080_c0 + cpd00214_c0,,-1000.0,1000.0,H,1,c0
cpd00067_c0,rxn10052,H+,cpd00018_c0 + cpd00067_c0 + cpd00421_c0 <=> cpd00008_c0 + cpd00012_c0,,-1000.0,1000.0,H,1,c0
cpd00067_c0,rxn08817,H+,cpd00001_c0 + cpd15350_c0 <=> 2.0 cpd00067_c0 + cpd00080_c0 + cpd01741_c0,,-1000.0,1000.0,H,1,c0
cpd00067_c0,rxn02945,H+,cpd02168_c0 --> cpd00012_c0 + cpd00067_c0 + cpd03211_c0,,0.0,1000.0,H,1,c0
cpd00067_c0,rxn05514,H+,cpd00063_e0 + cpd00067_c0 --> cpd00063_c0 + cpd00067_e0,,0.0,1000.0,H,1,c0
cpd00067_c0,rxn05734,H+,cpd00001_c0 + cpd00003_c0 + cpd00040_c0 <=> cpd00004_c0 + 2.0 cpd00067_c0 + cpd00180_c0,,-1000.0,1000.0,H,1,c0
cpd00067_c0,rxn00929,H+,cpd00003_c0 + cpd00129_c0 <=> cpd00004_c0 + 2.0 cpd00067_c0 + cpd02431_c0,,-1000.0,1000.0,H,1,c0
cpd00067_c0,rxn05315,H+,cpd00034_c0 + cpd00067_e0 + cpd00205_e0 <=> cpd00034_e0 + cpd00067_c0 + cpd00205_c0,,-1000.0,1000.0,H,1,c0
cpd00067_c0,rxn00102,H+,cpd00067_c0 + cpd00242_c0 <=> cpd00001_c0 + cpd00011_c0,,-1000.0,1000.0,H,1,c0
cpd00067_c0,rxn12510,H+,cpd00002_c0 + cpd00644_c0 --> cpd00008_c0 + cpd00067_c0 + cpd02201_c0,,0.0,1000.0,H,1,c0
cpd00067_c0,rxn01302,H+,cpd00006_c0 + cpd00227_c0 <=> cpd00005_c0 + cpd00067_c0 + cpd00346_c0,,-1000.0,1000.0,H,1,c0
cpd00067_c0,rxn08311,H+,cpd00052_c0 + cpd15526_c0 <=> cpd00012_c0 + cpd00067_c0 + cpd15421_c0,,-1000.0,1000.0,H,1,c0
cpd00067_c0,rxn08815,H+,cpd00001_c0 + cpd15323_c0 <=> cpd00067_c0 + cpd01080_c0 + cpd02090_c0,,-1000.0,1000.0,H,1,c0
cpd00067_c0,rxn02889,H+,cpd00002_c0 + cpd00242_c0 + cpd01966_c0 <=> cpd00008_c0 + cpd00009_c0 + cpd00067_c0 + cpd02068_c0,,-1000.0,1000.0,H,1,c0
cpd00067_c0,ADD_D_Fuc7,H+,cpd00001_c0 + cpd00003_c0 + cpd00693_c0 <=> cpd00004_c0 + 2.0 cpd00067_c0 + cpd00221_c0,,-1000.0,1000.0,H,1,c0
cpd00067_c0,rxn05422,H+,cpd00005_c0 + cpd00067_c0 + cpd11558_c0 <=> cpd00006_c0 + cpd11559_c0,,-1000.0,1000.0,H,1,c0
cpd00067_c0,rxn03435,H+,cpd00006_c0 + cpd02535_c0 <=> cpd00005_c0 + cpd00067_c0 + cpd10162_c0,,-1000.0,1000.0,H,1,c0
cpd00067_c0,rxn00804,H+,cpd00001_c0 + cpd00003_c0 + cpd00107_c0 <=> cpd00004_c0 + cpd00013_c0 + cpd00067_c0 + cpd00200_c0,,-1000.0,1000.0,H,1,c0
cpd00067_c0,rxn05602,H+,cpd00067_e0 + cpd00159_e0 <=> cpd00067_c0 + cpd00159_c0,,-1000.0,1000.0,H,1,c0
cpd00067_c0,rxn05448,H+,cpd00004_c0 + cpd00067_c0 + cpd11560_c0 --> cpd00003_c0 + cpd11561_c0,,0.0,1000.0,H,1,c0
cpd00067_c0,rxn01492,H+,cpd00002_c0 + cpd00802_c0 <=> cpd00008_c0 + cpd00067_c0 + cpd00290_c0,,-1000.0,1000.0,H,1,c0
cpd00067_c0,rxn05543,H+,cpd00001_c0 + cpd00002_c0 + cpd11584_e0 --> cpd00008_c0 + cpd00009_c0 + cpd00067_c0 + cpd11584_c0,,0.0,1000.0,H,1,c0
cpd00067_c0,rxn00048,H+,cpd00067_c0 + 2.0 cpd02656_c0 --> cpd00220_c0 + cpd02882_c0,,0.0,1000.0,H,1,c0
cpd00067_c0,rxn08844,H+,cpd00001_c0 + cpd15342_c0 <=> cpd00067_c0 + cpd00908_c0 + cpd15269_c0,,-1000.0,1000.0,H,1,c0
cpd00067_c0,rxn05306,H+,cpd00066_e0 + cpd00067_e0 <=> cpd00066_c0 + cpd00067_c0,,-1000.0,1000.0,H,1,c0
cpd00067_c0,rxn01466,H+,cpd00113_c0 + cpd00283_c0 --> cpd00012_c0 + cpd00067_c0 + cpd00350_c0,,0.0,1000.0,H,1,c0
cpd00067_c0,rxn03164,H+,cpd00002_c0 + cpd00731_c0 + cpd02964_c0 --> cpd00008_c0 + cpd00009_c0 + cpd00067_c0 + cpd02968_c0,,0.0,1000.0,H,1,c0
cpd00067_c0,rxn01101,H+,cpd00003_c0 + cpd00169_c0 <=> cpd00004_c0 + cpd00067_c0 + cpd02069_c0,,-1000.0,1000.0,H,1,c0
cpd00067_c0,rxn00251,H+,cpd00001_c0 + cpd00011_c0 + cpd00061_c0 --> cpd00009_c0 + cpd00032_c0 + cpd00067_c0,,0.0,1000.0,H,1,c0
cpd00067_c0,rxn00097,H+,cpd00002_c0 + cpd00018_c0 + cpd00067_c0 <=> 2.0 cpd00008_c0,,-1000.0,1000.0,H,1,c0
cpd00067_c0,rxn09225,H+,4.0 cpd00067_c0 + cpd02113_c0 + cpd15492_c0 --> cpd00297_c0 + cpd15489_c0,,0.0,1000.0,H,1,c0
cpd00067_c0,rxn02319,H+,cpd00002_c0 + cpd01186_c0 --> cpd00008_c0 + cpd00067_c0 + cpd00806_c0,,0.0,1000.0,H,1,c0
cpd00067_c0,rxn01127,H+,cpd00002_c0 + cpd00067_c0 + cpd00294_c0 <=> cpd00008_c0 + cpd00177_c0,,-1000.0,1000.0,H,1,c0
cpd00067_c0,rxn06591,H+,cpd00005_c0 + cpd00067_c0 + cpd12227_c0 <=> cpd00006_c0 + cpd02345_c0 + cpd11912_c0,,-1000.0,1000.0,H,1,c0
cpd00067_c0,rxn03406,H+,cpd00002_c0 + cpd00013_c0 + cpd03487_c0 --> cpd00008_c0 + cpd00009_c0 + cpd00067_c0 + cpd03488_c0,,0.0,1000.0,H,1,c0
cpd00067_c0,rxn05229,H+,cpd00002_c0 + cpd00242_c0 + cpd02140_c0 --> cpd00008_c0 + cpd00009_c0 + cpd00067_c0 + cpd02893_c0,,0.0,1000.0,H,1,c0
cpd00067_c0,rxn00126,H+,cpd00001_c0 + cpd00002_c0 + cpd00060_c0 --> cpd00009_c0 + cpd00012_c0 + cpd00017_c0 + cpd00067_c0,,0.0,1000.0,H,1,c0
cpd00067_c0,rxn00500,H+,cpd00003_c0 + cpd00221_c0 <=> cpd00004_c0 + cpd00020_c0 + cpd00067_c0,,-1000.0,1000.0,H,1,c0
cpd00067_c0,rxn08954,H+,cpd02546_c0 + cpd15550_c0 --> cpd00046_c0 + cpd00067_c0 + cpd15492_c0,,0.0,1000.0,H,1,c0
cpd00067_c0,rxn00414,H+,cpd00001_c0 + 2.0 cpd00002_c0 + cpd00053_c0 + cpd00242_c0 --> 2.0 cpd00008_c0 + cpd00009_c0 + cpd00023_c0 + 2.0 cpd00067_c0 + cpd00146_c0,,0.0,1000.0,H,1,c0
cpd00067_c0,rxn09104,H+,cpd00001_c0 + cpd15545_c0 --> cpd00009_c0 + cpd00067_c0 + cpd15538_c0,,0.0,1000.0,H,1,c0
cpd00067_c0,rxn05484,H+,cpd00067_e0 + cpd00142_e0 <-- cpd00067_c0 + cpd00142_c0,,-1000.0,0.0,H,1,c0
cpd00067_c0,rxn05547,H+,cpd00001_c0 + cpd00002_c0 + cpd11580_e0 --> cpd00008_c0 + cpd00009_c0 + cpd00067_c0 + cpd11580_c0,,0.0,1000.0,H,1,c0
cpd00067_c0,rxn03883,H+,cpd00003_c0 + cpd01307_c0 <=> cpd00004_c0 + cpd00067_c0 + cpd00259_c0,,-1000.0,1000.0,H,1,c0
cpd00067_c0,rxn01416,H+,cpd00150_c0 + cpd00268_c0 <=> cpd00067_c0 + cpd00081_c0 + cpd01211_c0,,-1000.0,1000.0,H,1,c0
cpd00067_c0,rxn08309,H+,cpd00052_c0 + cpd15524_c0 <=> cpd00012_c0 + cpd00067_c0 + cpd15419_c0,,-1000.0,1000.0,H,1,c0
cpd00067_c0,rxn06937,H+,cpd00002_c0 + cpd00023_c0 + cpd00067_c0 + cpd11912_c0 --> cpd00012_c0 + cpd00018_c0 + cpd12227_c0,,0.0,1000.0,H,1,c0
cpd00067_c0,rxn08811,H+,cpd00001_c0 + cpd15319_c0 <=> cpd00067_c0 + cpd02090_c0 + cpd03847_c0,,-1000.0,1000.0,H,1,c0
cpd00067_c0,rxn03182,H+,cpd02546_c0 + cpd02993_c0 --> cpd00046_c0 + cpd00067_c0 + cpd03585_c0,,0.0,1000.0,H,1,c0
cpd00067_c0,rxn10011,H+,cpd00004_c0 + cpd00067_c0 + cpd03130_c0 --> cpd00003_c0 + cpd01335_c0,,0.0,1000.0,H,1,c0
cpd00067_c0,rxn05937,H+,cpd00006_c0 + cpd00067_c0 + cpd11620_c0 <=> cpd00005_c0 + cpd11621_c0,,-1000.0,1000.0,H,1,c0
cpd00067_c0,rxn00361,H+,cpd00002_c0 + cpd00193_c0 <=> cpd00008_c0 + cpd00044_c0 + cpd00067_c0,,-1000.0,1000.0,H,1,c0
cpd00067_c0,rxn08807,H+,cpd00001_c0 + cpd15317_c0 <=> cpd00067_c0 + cpd00908_c0 + cpd15237_c0,,-1000.0,1000.0,H,1,c0
cpd00067_c0,rxn03892,H+,cpd00113_c0 + cpd02591_c0 --> cpd00012_c0 + cpd00067_c0 + cpd00906_c0,,0.0,1000.0,H,1,c0
cpd00067_c0,rxn00879,H+,cpd00003_c0 + cpd00121_c0 <=> cpd00004_c0 + cpd00067_c0 + cpd00524_c0,,-1000.0,1000.0,H,1,c0
cpd00067_c0,rxn05244,H+,cpd00067_e0 + cpd00322_e0 <=> cpd00067_c0 + cpd00322_c0,,-1000.0,1000.0,H,1,c0
cpd00067_c0,rxn10162,H+,cpd00067_e0 + cpd00214_e0 <=> cpd00067_c0 + cpd00214_c0,,-1000.0,1000.0,H,1,c0
cpd00067_c0,rxn00902,H+,cpd00001_c0 + cpd00022_c0 + cpd00123_c0 --> cpd00010_c0 + cpd00067_c0 + cpd01646_c0,,0.0,1000.0,H,1,c0
cpd00067_c0,rxn12147,H+,cpd00001_c0 + cpd02631_c0 --> cpd00067_c0 + cpd16540_c0,,0.0,1000.0,H,1,c0
cpd00067_c0,rxn03852,H+,cpd00946_c0 + cpd01999_c0 <=> cpd00031_c0 + cpd00067_c0 + cpd02967_c0,,-1000.0,1000.0,H,1,c0
cpd00067_c0,rxn01868,H+,cpd00001_c0 + cpd00006_c0 + cpd00447_c0 --> cpd00005_c0 + 2.0 cpd00067_c0 + cpd00540_c0,,0.0,1000.0,H,1,c0
cpd00067_c0,rxn05542,H+,cpd00001_c0 + cpd00002_c0 + cpd11585_e0 --> cpd00008_c0 + cpd00009_c0 + cpd00067_c0 + cpd11585_c0,,0.0,1000.0,H,1,c0
cpd00067_c0,rxn00085,H+,cpd00006_c0 + 2.0 cpd00023_c0 <-- cpd00005_c0 + cpd00024_c0 + cpd00053_c0 + cpd00067_c0,,-1000.0,0.0,H,1,c0
cpd00067_c0,rxn05546,H+,cpd00001_c0 + cpd00002_c0 + cpd11581_e0 --> cpd00008_c0 + cpd00009_c0 + cpd00067_c0 + cpd11581_c0,,0.0,1000.0,H,1,c0
cpd00067_c0,rxn01480,H+,cpd00003_c0 + cpd00876_c0 <=> cpd00004_c0 + cpd00067_c0 + cpd00287_c0,,-1000.0,1000.0,H,1,c0
cpd00067_c0,rxn03932,H+,cpd00002_c0 + cpd04242_c0 --> cpd00008_c0 + cpd00067_c0 + cpd02721_c0,,0.0,1000.0,H,1,c0
cpd00067_c0,rxn05461,H+,cpd00005_c0 + cpd00067_c0 + cpd11570_c0 <=> cpd00006_c0 + cpd11571_c0,,-1000.0,1000.0,H,1,c0
cpd00067_c0,rxn00171,H+,cpd00003_c0 + cpd00010_c0 + cpd00071_c0 <=> cpd00004_c0 + cpd00022_c0 + cpd00067_c0,,-1000.0,1000.0,H,1,c0
cpd00067_c0,rxn03439,H+,cpd02546_c0 + cpd03585_c0 --> cpd00046_c0 + cpd00067_c0 + cpd03586_c0,,0.0,1000.0,H,1,c0
cpd00067_c0,rxn01219,H+,cpd00002_c0 + cpd00067_c0 + cpd00206_c0 <=> cpd00008_c0 + cpd00533_c0,,-1000.0,1000.0,H,1,c0
cpd00067_c0,rxn01000,H+,cpd00067_c0 + cpd00219_c0 --> cpd00001_c0 + cpd00011_c0 + cpd00143_c0,,0.0,1000.0,H,1,c0
cpd00067_c0,rxn05638,H+,cpd00067_e0 + cpd00129_e0 <=> cpd00067_c0 + cpd00129_c0,,-1000.0,1000.0,H,1,c0
cpd00067_c0,rxn03181,H+,cpd00002_c0 + cpd03002_c0 <=> cpd00008_c0 + cpd00067_c0 + cpd02993_c0,,-1000.0,1000.0,H,1,c0
cpd00067_c0,rxn05176,H+,cpd00001_c0 + cpd00002_c0 + cpd00268_e0 --> cpd00008_c0 + cpd00009_c0 + cpd00067_c0 + cpd00268_c0,,0.0,1000.0,H,1,c0
cpd00067_c0,rxn00675,H+,cpd00010_c0 + cpd03560_c0 --> cpd00018_c0 + cpd00067_c0 + cpd00086_c0,,0.0,1000.0,H,1,c0
cpd00067_c0,rxn08801,H+,cpd00001_c0 + cpd15329_c0 <=> cpd00067_c0 + cpd00080_c0 + cpd01080_c0,,-1000.0,1000.0,H,1,c0
cpd00067_c0,rxn13661,H+,cpd00019_c0 + cpd00067_c0 + cpd11606_c0 --> cpd00017_c0 + cpd11425_c0,,0.0,1000.0,H,1,c0
cpd00067_c0,rxn01867,H+,cpd00001_c0 + cpd00003_c0 + cpd00447_c0 --> cpd00004_c0 + 2.0 cpd00067_c0 + cpd00540_c0,,0.0,1000.0,H,1,c0
cpd00067_c0,rxn01108,H+,cpd00003_c0 + cpd00190_c0 <=> cpd00004_c0 + cpd00067_c0 + cpd00170_c0,,-1000.0,1000.0,H,1,c0
cpd00067_c0,rxn08312,H+,cpd00052_c0 + cpd15527_c0 <=> cpd00012_c0 + cpd00067_c0 + cpd15420_c0,,-1000.0,1000.0,H,1,c0
cpd00067_c0,rxn02305,H+,cpd00067_c0 + cpd02654_c0 + cpd02894_c0 <=> cpd00012_c0 + cpd00793_c0,,-1000.0,1000.0,H,1,c0
cpd00067_c0,rxn05722,H+,cpd00067_e0 + cpd00793_e0 --> cpd00067_c0 + cpd00793_c0,,0.0,1000.0,H,1,c0
cpd00067_c0,rxn03384,H+,4.0 cpd00067_c0 + cpd03414_c0 <=> 4.0 cpd00011_c0 + cpd03416_c0,,-1000.0,1000.0,H,1,c0
cpd00067_c0,rxn05516,H+,cpd00001_c0 + cpd00002_c0 + cpd01012_c0 --> cpd00008_c0 + cpd00009_c0 + cpd00067_c0 + cpd01012_e0,,0.0,1000.0,H,1,c0
cpd00067_c0,rxn04070,H+,cpd08289_c0 + cpd08449_c0 --> 2.0 cpd00001_c0 + cpd00009_c0 + cpd00067_c0 + cpd00478_c0,,0.0,1000.0,H,1,c0
cpd00067_c0,rxn02507,H+,cpd00067_c0 + cpd00956_c0 --> cpd00001_c0 + cpd00011_c0 + cpd02210_c0,,0.0,1000.0,H,1,c0
cpd00067_c0,rxn05551,H+,cpd00067_e0 + cpd00162_e0 <=> cpd00067_c0 + cpd00162_c0,,-1000.0,1000.0,H,1,c0
cpd00067_c0,rxn05608,H+,cpd00001_c0 + cpd00002_c0 + cpd01262_e0 --> cpd00008_c0 + cpd00009_c0 + cpd00067_c0 + cpd01262_c0,,0.0,1000.0,H,1,c0
cpd00067_c0,ADD_5oxpro3,H+,2.0 cpd00001_c0 + cpd00002_c0 + cpd01293_c0 --> cpd00008_c0 + cpd00009_c0 + cpd00023_c0 + cpd00067_c0,,0.0,1000.0,H,1,c0
cpd00067_c0,rxn12849,H+,cpd00001_c0 + cpd00002_c0 + cpd15604_e0 --> cpd00008_c0 + cpd00009_c0 + cpd00067_c0 + cpd15604_c0,,0.0,1000.0,H,1,c0
cpd00067_c0,rxn05533,H+,cpd00001_c0 + cpd00002_c0 + cpd11593_e0 --> cpd00008_c0 + cpd00009_c0 + cpd00067_c0 + cpd11593_c0,,0.0,1000.0,H,1,c0
cpd00067_c0,rxn02938,H+,cpd00067_c0 + cpd02893_c0 --> cpd00011_c0 + cpd02140_c0,,0.0,1000.0,H,1,c0
cpd00067_c0,rxn03004,H+,cpd00201_c0 + cpd02394_c0 <=> cpd00067_c0 + cpd00087_c0 + cpd02678_c0,,-1000.0,1000.0,H,1,c0
cpd00067_c0,rxn05439,H+,cpd00004_c0 + cpd00067_c0 + cpd11523_c0 --> cpd00003_c0 + cpd11524_c0,,0.0,1000.0,H,1,c0
cpd00067_c0,rxn00202,H+,cpd00001_c0 + cpd00022_c0 + cpd00024_c0 --> cpd00010_c0 + cpd00067_c0 + cpd00919_c0,,0.0,1000.0,H,1,c0
cpd00067_c0,rxn11544,H+,cpd00001_c0 + 2.0 cpd00002_c0 + 2.0 cpd00053_c0 + cpd03832_c0 <=> 2.0 cpd00008_c0 + cpd00012_c0 + 2.0 cpd00023_c0 + cpd00067_c0 + cpd03913_c0,,-1000.0,1000.0,H,1,c0
cpd00067_c0,rxn02174,H+,cpd00001_c0 + cpd02143_c0 <=> cpd00067_c0 + cpd00653_c0,,-1000.0,1000.0,H,1,c0
cpd00067_c0,rxn10268,H+,cpd00001_c0 + cpd15719_c0 --> cpd00009_c0 + cpd00067_c0 + cpd15725_c0,,0.0,1000.0,H,1,c0
cpd00067_c0,rxn08709,H+,cpd00002_c0 + cpd15488_c0 --> cpd00008_c0 + cpd00067_c0 + cpd15550_c0,,0.0,1000.0,H,1,c0
cpd00067_c0,rxn00410,H+,cpd00002_c0 + cpd00013_c0 + cpd00062_c0 <=> cpd00008_c0 + cpd00009_c0 + cpd00052_c0 + 2.0 cpd00067_c0,,-1000.0,1000.0,H,1,c0
cpd00067_c0,rxn08838,H+,cpd00001_c0 + cpd15336_c0 <=> cpd00067_c0 + cpd00908_c0 + cpd01741_c0,,-1000.0,1000.0,H,1,c0
cpd00067_c0,rxn05644,H+,cpd00001_c0 + cpd00002_c0 + cpd00105_c0 --> cpd00008_c0 + cpd00009_c0 + cpd00067_c0 + cpd00105_e0,,0.0,1000.0,H,1,c0
cpd00067_c0,rxn02277,H+,cpd00002_c0 + cpd00011_c0 + cpd00764_c0 --> cpd00008_c0 + cpd00009_c0 + 3.0 cpd00067_c0 + cpd01311_c0,,0.0,1000.0,H,1,c0
cpd00067_c0,rxn05160,H+,cpd00001_c0 + cpd00002_c0 + cpd00105_e0 --> cpd00008_c0 + cpd00009_c0 + cpd00067_c0 + cpd00105_c0,,0.0,1000.0,H,1,c0
cpd00067_c0,rxn00224,H+,cpd01476_c0 + cpd10515_c0 <=> cpd00028_c0 + 2.0 cpd00067_c0,,-1000.0,1000.0,H,1,c0
cpd00067_c0,rxn10147,H+,cpd00001_c0 + cpd00002_c0 + cpd00635_e0 --> cpd00008_c0 + cpd00009_c0 + cpd00067_c0 + cpd00635_c0,,0.0,1000.0,H,1,c0
cpd00067_c0,rxn05255,H+,cpd00067_e0 + cpd00393_e0 --> cpd00067_c0 + cpd00393_c0,,0.0,1000.0,H,1,c0
cpd00067_c0,rxn05152,H+,cpd00001_c0 + cpd00002_c0 + cpd00041_e0 --> cpd00008_c0 + cpd00009_c0 + cpd00041_c0 + cpd00067_c0,,0.0,1000.0,H,1,c0
cpd00067_c0,rxn00569,H+,3.0 cpd00005_c0 + 4.0 cpd00067_c0 + cpd00075_c0 --> 2.0 cpd00001_c0 + 3.0 cpd00006_c0 + cpd00013_c0,,0.0,1000.0,H,1,c0
cpd00067_c0,rxn05735,H+,cpd00001_c0 + cpd00003_c0 + cpd04122_c0 --> cpd00004_c0 + cpd00033_c0 + 2.0 cpd00067_c0,,0.0,1000.0,H,1,c0
cpd00067_c0,rxn03538,H+,cpd03423_c0 + cpd03920_c0 --> cpd00067_c0 + cpd00126_c0 + cpd00166_c0,,0.0,1000.0,H,1,c0
cpd00067_c0,rxn00782,H+,cpd00005_c0 + cpd00067_c0 + cpd00203_c0 --> cpd00006_c0 + cpd00009_c0 + cpd00102_c0,,0.0,1000.0,H,1,c0
cpd00067_c0,rxn08821,H+,cpd00001_c0 + cpd15354_c0 <=> 2.0 cpd00067_c0 + cpd00080_c0 + cpd15237_c0,,-1000.0,1000.0,H,1,c0
cpd00067_c0,rxn00139,H+,cpd00103_c0 + cpd00128_c0 --> cpd00012_c0 + cpd00018_c0 + cpd00067_c0,,0.0,1000.0,H,1,c0
cpd00067_c0,rxn00691,H+,cpd00001_c0 + cpd00201_c0 --> cpd00047_c0 + cpd00067_c0 + cpd00087_c0,,0.0,1000.0,H,1,c0
cpd00067_c0,rxn05618,H+,cpd00030_e0 + cpd00067_e0 --> cpd00030_c0 + cpd00067_c0,,0.0,1000.0,H,1,c0
cpd00067_c0,ADD_GABA3,H+,cpd00001_c0 + cpd00003_c0 + cpd00199_c0 --> cpd00004_c0 + cpd00036_c0 + 2.0 cpd00067_c0,,0.0,1000.0,H,1,c0
cpd00067_c0,rxn00503,H+,2.0 cpd00001_c0 + cpd00003_c0 + cpd02431_c0 --> cpd00004_c0 + cpd00023_c0 + cpd00067_c0,,0.0,1000.0,H,1,c0
cpd00067_c0,rxn10269,H+,cpd00001_c0 + cpd15720_c0 --> cpd00009_c0 + cpd00067_c0 + cpd15726_c0,,0.0,1000.0,H,1,c0
cpd00067_c0,rxn02405,H+,cpd00052_c0 + cpd00875_c0 --> cpd00012_c0 + cpd00067_c0 + cpd02546_c0,,0.0,1000.0,H,1,c0
cpd00067_c0,rxn09210,H+,cpd00054_c0 + cpd15421_c0 --> cpd00046_c0 + 2.0 cpd00067_c0 + cpd15557_c0,,0.0,1000.0,H,1,c0
cpd00067_c0,rxn00239,H+,cpd00002_c0 + cpd00067_c0 + cpd00126_c0 <=> cpd00008_c0 + cpd00031_c0,,-1000.0,1000.0,H,1,c0
cpd00067_c0,rxn05736,H+,cpd00002_c0 + cpd00010_c0 + cpd03847_c0 --> cpd00012_c0 + cpd00018_c0 + cpd00067_c0 + cpd01695_c0,,0.0,1000.0,H,1,c0
cpd00067_c0,rxn01843,H+,cpd00001_c0 + cpd00067_c0 + cpd01647_c0 <=> cpd00013_c0 + cpd00430_c0,,-1000.0,1000.0,H,1,c0
cpd00067_c0,rxn00612,H+,cpd00006_c0 + cpd00080_c0 <=> cpd00005_c0 + cpd00067_c0 + cpd00095_c0,,-1000.0,1000.0,H,1,c0
cpd00067_c0,rxn05527,H+,cpd00067_e0 + cpd00307_e0 <=> cpd00067_c0 + cpd00307_c0,,-1000.0,1000.0,H,1,c0
cpd00067_c0,rxn05418,H+,cpd00005_c0 + cpd00067_c0 + cpd11554_c0 <=> cpd00006_c0 + cpd11555_c0,,-1000.0,1000.0,H,1,c0
cpd00067_c0,rxn47419,H+,cpd00003_c0 + cpd05262_c0 --> cpd00004_c0 + cpd00067_c0 + cpd32793_c0,,0.0,1000.0,H,1,c0
cpd00067_c0,rxn02792,H+,cpd00023_c0 + cpd00067_c0 + cpd01651_c0 --> cpd00001_c0 + cpd00011_c0 + cpd03646_c0,,0.0,1000.0,H,1,c0
cpd00067_c0,rxn00711,H+,cpd00092_c0 + cpd00103_c0 --> cpd00012_c0 + cpd00067_c0 + cpd00091_c0,,0.0,1000.0,H,1,c0
cpd00067_c0,rxn00931,H+,cpd00006_c0 + cpd00129_c0 <=> cpd00005_c0 + 2.0 cpd00067_c0 + cpd02431_c0,,-1000.0,1000.0,H,1,c0
cpd00067_c0,rxn05663,H+,cpd00065_e0 + cpd00067_e0 <=> cpd00065_c0 + cpd00067_c0,,-1000.0,1000.0,H,1,c0
cpd00067_c0,rxn46941,H+,cpd33909_c0 --> cpd00067_c0 + cpd00515_c0,,0.0,1000.0,H,1,c0
cpd00067_c0,rxn05368,H+,cpd00005_c0 + cpd00067_c0 + cpd11504_c0 <=> cpd00006_c0 + cpd11505_c0,,-1000.0,1000.0,H,1,c0
cpd00067_c0,rxn02465,H+,cpd00005_c0 + cpd00067_c0 + cpd02552_c0 --> cpd00006_c0 + cpd00009_c0 + cpd00918_c0,,0.0,1000.0,H,1,c0
cpd00067_c0,rxn11650,H+,cpd01270_c0 + 2.0 cpd03914_c0 <=> cpd00050_c0 + 2.0 cpd00067_c0 + 2.0 cpd03915_c0,,-1000.0,1000.0,H,1,c0
cpd00067_c0,rxn01634,H+,cpd00067_c0 + cpd00515_c0 <=> cpd00001_c0 + cpd00011_c0 + cpd00340_c0,,-1000.0,1000.0,H,1,c0
cpd00067_c0,rxn09207,H+,cpd00054_c0 + cpd15422_c0 --> cpd00046_c0 + 2.0 cpd00067_c0 + cpd15554_c0,,0.0,1000.0,H,1,c0
cpd00067_c0,rxn04113,H+,cpd00005_c0 + cpd00067_c0 + cpd08615_c0 --> cpd00001_c0 + cpd00006_c0 + cpd00113_c0,,0.0,1000.0,H,1,c0
cpd00067_c0,ADD_GALA7,H+,cpd00001_c0 + cpd00006_c0 + cpd00340_c0 <=> cpd00005_c0 + cpd00024_c0 + 2.0 cpd00067_c0,,-1000.0,1000.0,H,1,c0
cpd00067_c0,rxn09205,H+,cpd00054_c0 + cpd15417_c0 --> cpd00046_c0 + 2.0 cpd00067_c0 + cpd15552_c0,,0.0,1000.0,H,1,c0
cpd00067_c0,rxn01225,H+,cpd00001_c0 + cpd00067_c0 + cpd00207_c0 --> cpd00013_c0 + cpd00309_c0,,0.0,1000.0,H,1,c0
cpd00067_c0,rxn05340,H+,cpd00006_c0 + cpd11480_c0 <=> cpd00005_c0 + cpd00067_c0 + cpd11489_c0,,-1000.0,1000.0,H,1,c0
cpd00067_c0,ADD_D_Glucopyranuronate4,H+,cpd00005_c0 + cpd00067_c0 + cpd19178_c0 <=> cpd00006_c0 + cpd00594_c0,,-1000.0,1000.0,H,1,c0
cpd00067_c0,rxn08850,H+,cpd00001_c0 + cpd15348_c0 <=> cpd00067_c0 + cpd01080_c0 + cpd02090_c0,,-1000.0,1000.0,H,1,c0
cpd00067_c0,rxn00568,H+,3.0 cpd00004_c0 + 4.0 cpd00067_c0 + cpd00075_c0 --> 2.0 cpd00001_c0 + 3.0 cpd00003_c0 + cpd00013_c0,,0.0,1000.0,H,1,c0
cpd00067_c0,rxn08820,H+,cpd00001_c0 + cpd15355_c0 <=> 2.0 cpd00067_c0 + cpd00080_c0 + cpd00214_c0,,-1000.0,1000.0,H,1,c0
cpd00067_c0,rxn03897,H+,cpd00004_c0 + cpd00007_c0 + cpd00067_c0 + cpd00153_c0 --> cpd00003_c0 + cpd03762_c0,,0.0,1000.0,H,1,c0
cpd00067_c0,rxn01913,H+,cpd00003_c0 + cpd00594_c0 <=> cpd00004_c0 + cpd00067_c0 + cpd00473_c0,,-1000.0,1000.0,H,1,c0
cpd00067_c0,rxn00623,H+,3.0 cpd00001_c0 + 3.0 cpd00006_c0 + cpd00239_c0 <=> 3.0 cpd00005_c0 + 3.0 cpd00067_c0 + cpd00081_c0,,-1000.0,1000.0,H,1,c0
cpd00067_c0,rxn01393,H+,cpd00067_c0 + cpd00473_c0 <=> cpd00011_c0 + cpd00261_c0,,-1000.0,1000.0,H,1,c0
cpd00067_c0,rxn00146,H+,2.0 cpd00109_c0 + cpd00221_c0 --> cpd00020_c0 + 2.0 cpd00067_c0 + 2.0 cpd00110_c0,,0.0,1000.0,H,1,c0
cpd00067_c0,rxn05627,H+,cpd00067_e0 + cpd00209_e0 <=> cpd00067_c0 + cpd00209_c0,,-1000.0,1000.0,H,1,c0
cpd00067_c0,rxn01392,H+,cpd00005_c0 + cpd00067_c0 + cpd00261_c0 <=> cpd00006_c0 + cpd00306_c0,,-1000.0,1000.0,H,1,c0
cpd00067_c0,rxn00763,H+,cpd00003_c0 + cpd00100_c0 <=> cpd00004_c0 + cpd00067_c0 + cpd00448_c0,,-1000.0,1000.0,H,1,c0
cpd00067_c0,rxn05447,H+,cpd00004_c0 + cpd00067_c0 + cpd11556_c0 --> cpd00003_c0 + cpd11557_c0,,0.0,1000.0,H,1,c0
cpd00067_c0,rxn01385,H+,cpd00003_c0 + cpd00306_c0 <=> cpd00004_c0 + cpd00067_c0 + cpd00259_c0,,-1000.0,1000.0,H,1,c0
cpd00067_c0,rxn10174,H+,cpd00001_c0 + cpd00002_c0 + cpd01329_e0 --> cpd00008_c0 + cpd00009_c0 + cpd00067_c0 + cpd01329_c0,,0.0,1000.0,H,1,c0
cpd00067_c0,rxn01045,H+,cpd00001_c0 + cpd00003_c0 + cpd00156_c0 <=> cpd00004_c0 + cpd00013_c0 + cpd00067_c0 + cpd00123_c0,,-1000.0,1000.0,H,1,c0
cpd00067_c0,rxn08808,H+,cpd00001_c0 + cpd00067_c0 + cpd12547_c0 --> cpd00908_c0 + cpd01080_c0,,0.0,1000.0,H,1,c0
cpd00067_c0,rxn05393,H+,cpd00005_c0 + cpd00067_c0 + cpd11529_c0 <=> cpd00006_c0 + cpd11530_c0,,-1000.0,1000.0,H,1,c0
cpd00067_c0,rxn05604,H+,2.0 cpd00067_e0 + cpd00130_e0 + cpd00159_c0 + cpd00971_c0 --> 2.0 cpd00067_c0 + cpd00130_c0 + cpd00159_e0 + cpd00971_e0,,0.0,1000.0,H,1,c0
cpd00067_c0,rxn08352,H+,cpd00004_c0 + cpd00067_c0 + cpd08615_c0 --> cpd00001_c0 + cpd00003_c0 + cpd00202_c0,,0.0,1000.0,H,1,c0
cpd00067_c0,rxn10225,H+,cpd00052_c0 + cpd15682_c0 <=> cpd00012_c0 + cpd00067_c0 + cpd15688_c0,,-1000.0,1000.0,H,1,c0
cpd00067_c0,rxn00138,H+,cpd00002_c0 + cpd00013_c0 + cpd00638_c0 --> cpd00003_c0 + cpd00012_c0 + cpd00018_c0 + 2.0 cpd00067_c0,,0.0,1000.0,H,1,c0
cpd00067_c0,rxn05401,H+,cpd00005_c0 + cpd00067_c0 + cpd11537_c0 <=> cpd00006_c0 + cpd11538_c0,,-1000.0,1000.0,H,1,c0
cpd00067_c0,rxn05209,H+,cpd00067_c0 + cpd00971_e0 <=> cpd00067_e0 + cpd00971_c0,,-1000.0,1000.0,H,1,c0
cpd00067_c0,rxn05613,H+,cpd00001_c0 + cpd00002_c0 + cpd01914_e0 --> cpd00008_c0 + cpd00009_c0 + cpd00067_c0 + cpd01914_c0,,0.0,1000.0,H,1,c0
cpd00067_c0,rxn08306,H+,cpd00052_c0 + cpd15521_c0 <=> cpd00012_c0 + cpd00067_c0 + cpd15417_c0,,-1000.0,1000.0,H,1,c0
cpd00067_c0,ADD_transport_cpd00117,H+,cpd00067_e0 + cpd00117_e0 --> cpd00067_c0 + cpd00117_c0,,0.0,1000.0,H,1,c0
cpd00067_c0,rxn08806,H+,cpd00001_c0 + cpd15316_c0 <=> cpd00067_c0 + cpd00214_c0 + cpd00908_c0,,-1000.0,1000.0,H,1,c0
cpd00067_c0,rxn03397,H+,cpd00017_c0 + cpd03447_c0 --> cpd00019_c0 + cpd00067_c0 + cpd03448_c0,,0.0,1000.0,H,1,c0
cpd00067_c0,rxn05535,H+,cpd00001_c0 + cpd00002_c0 + cpd11591_e0 --> cpd00008_c0 + cpd00009_c0 + cpd00067_c0 + cpd11591_c0,,0.0,1000.0,H,1,c0
cpd00067_c0,rxn08083,H+,cpd00067_c0 + cpd11468_c0 + cpd15325_c0 --> cpd11493_c0 + cpd15521_c0,,0.0,1000.0,H,1,c0
cpd00067_c0,rxn05360,H+,cpd00005_c0 + cpd00067_c0 + cpd11496_c0 <=> cpd00006_c0 + cpd11497_c0,,-1000.0,1000.0,H,1,c0
cpd00067_c0,rxn08089,H+,cpd00067_c0 + cpd11825_c0 + cpd15328_c0 --> cpd11493_c0 + cpd15527_c0,,0.0,1000.0,H,1,c0
cpd00067_c0,rxn01137,H+,cpd00001_c0 + cpd00067_c0 + cpd00182_c0 --> cpd00013_c0 + cpd00246_c0,,0.0,1000.0,H,1,c0
cpd00067_c0,rxn01740,H+,cpd00006_c0 + cpd00383_c0 <=> cpd00005_c0 + cpd00067_c0 + cpd01716_c0,,-1000.0,1000.0,H,1,c0
cpd00067_c0,rxn00216,H+,cpd00002_c0 + cpd00027_c0 --> cpd00008_c0 + cpd00067_c0 + cpd00079_c0,,0.0,1000.0,H,1,c0
cpd00067_c0,rxn00148,H+,cpd00008_c0 + cpd00061_c0 + cpd00067_c0 --> cpd00002_c0 + cpd00020_c0,,0.0,1000.0,H,1,c0
cpd00067_c0,rxn08812,H+,cpd00001_c0 + cpd15320_c0 <=> cpd00067_c0 + cpd02090_c0 + cpd15298_c0,,-1000.0,1000.0,H,1,c0
cpd00067_c0,rxn08804,H+,cpd00001_c0 + cpd15314_c0 <=> cpd00067_c0 + cpd00908_c0 + cpd03847_c0,,-1000.0,1000.0,H,1,c0
cpd00067_c0,rxn05440,H+,cpd00004_c0 + cpd00067_c0 + cpd11527_c0 --> cpd00003_c0 + cpd11528_c0,,0.0,1000.0,H,1,c0
cpd00067_c0,rxn00988,H+,cpd00002_c0 + cpd00010_c0 + cpd00142_c0 --> cpd00012_c0 + cpd00018_c0 + cpd00067_c0 + cpd00279_c0,,0.0,1000.0,H,1,c0
cpd00067_c0,rxn03130,H+,cpd00001_c0 + cpd02835_c0 --> 2.0 cpd00067_c0 + cpd00091_c0 + cpd02930_c0,,0.0,1000.0,H,1,c0
cpd00067_c0,rxn10221,H+,cpd00052_c0 + cpd15678_c0 <=> cpd00012_c0 + cpd00067_c0 + cpd15684_c0,,-1000.0,1000.0,H,1,c0
cpd00067_c0,rxn05197,H+,cpd00067_e0 + cpd00092_e0 <=> cpd00067_c0 + cpd00092_c0,,-1000.0,1000.0,H,1,c0
cpd00067_c0,rxn05537,H+,cpd00001_c0 + cpd00002_c0 + cpd11589_e0 --> cpd00008_c0 + cpd00009_c0 + cpd00067_c0 + cpd11589_c0,,0.0,1000.0,H,1,c0
cpd00067_c0,rxn04996,H+,cpd00005_c0 + cpd00067_c0 + cpd08615_c0 --> cpd00001_c0 + cpd00006_c0 + cpd00202_c0,,0.0,1000.0,H,1,c0
cpd00067_c0,rxn05297,H+,cpd00023_e0 + cpd00067_e0 <=> cpd00023_c0 + cpd00067_c0,,-1000.0,1000.0,H,1,c0
cpd00067_c0,rxn05438,H+,cpd00004_c0 + cpd00067_c0 + cpd11518_c0 --> cpd00003_c0 + cpd11519_c0,,0.0,1000.0,H,1,c0
cpd00067_c0,rxn05338,H+,cpd00006_c0 + cpd11482_c0 <=> cpd00005_c0 + cpd00067_c0 + cpd11487_c0,,-1000.0,1000.0,H,1,c0
cpd00067_c0,rxn08085,H+,cpd00067_c0 + cpd15294_c0 + cpd15330_c0 --> cpd11493_c0 + cpd15523_c0,,0.0,1000.0,H,1,c0
cpd00067_c0,rxn02373,H+,cpd00005_c0 + cpd00067_c0 + cpd02097_c0 --> cpd00006_c0 + cpd00009_c0 + cpd00858_c0,,0.0,1000.0,H,1,c0
cpd00067_c0,rxn00416,H+,cpd00001_c0 + cpd00002_c0 + cpd00041_c0 + cpd00053_c0 --> cpd00012_c0 + cpd00018_c0 + cpd00023_c0 + 2.0 cpd00067_c0 + cpd00132_c0,,0.0,1000.0,H,1,c0
cpd00067_c0,rxn08839,H+,cpd00001_c0 + cpd15337_c0 <=> cpd00067_c0 + cpd00908_c0 + cpd03847_c0,,-1000.0,1000.0,H,1,c0
cpd00067_c0,rxn00405,H+,cpd00051_c0 + cpd00067_c0 --> cpd00011_c0 + cpd00152_c0,,0.0,1000.0,H,1,c0
cpd00067_c0,rxn05443,H+,cpd00004_c0 + cpd00067_c0 + cpd11539_c0 --> cpd00003_c0 + cpd11540_c0,,0.0,1000.0,H,1,c0
cpd00067_c0,rxn00726,H+,cpd00013_c0 + cpd00216_c0 --> cpd00001_c0 + cpd00020_c0 + cpd00067_c0 + cpd00093_c0,,0.0,1000.0,H,1,c0
cpd00067_c0,rxn05287,H+,cpd00113_c0 + cpd00289_c0 --> cpd00012_c0 + cpd00067_c0 + cpd02591_c0,,0.0,1000.0,H,1,c0
cpd00067_c0,rxn10014,H+,cpd00004_c0 + cpd00067_c0 + cpd03127_c0 --> cpd00003_c0 + cpd01695_c0,,0.0,1000.0,H,1,c0
cpd00067_c0,rxn00947,H+,cpd00002_c0 + cpd00010_c0 + cpd00214_c0 --> cpd00012_c0 + cpd00018_c0 + cpd00067_c0 + cpd00134_c0,,0.0,1000.0,H,1,c0
cpd00067_c0,rxn05289,H+,cpd00005_c0 + cpd00067_c0 + cpd11420_c0 <=> cpd00006_c0 + cpd11421_c0,,-1000.0,1000.0,H,1,c0
cpd00067_c0,rxn03394,H+,cpd00005_c0 + cpd00007_c0 + cpd00067_c0 + cpd03444_c0 --> cpd00001_c0 + cpd00006_c0 + cpd03445_c0,,0.0,1000.0,H,1,c0
cpd00067_c0,rxn10218,H+,cpd11439_c0 + cpd15675_c0 --> cpd00010_c0 + cpd00067_c0 + cpd15681_c0,,0.0,1000.0,H,1,c0
cpd00067_c0,rxn10228,H+,cpd00054_c0 + cpd15685_c0 --> cpd00046_c0 + 2.0 cpd00067_c0 + cpd15691_c0,,0.0,1000.0,H,1,c0
cpd00067_c0,rxn05434,H+,cpd00004_c0 + cpd00067_c0 + cpd11502_c0 --> cpd00003_c0 + cpd11503_c0,,0.0,1000.0,H,1,c0
cpd00067_c0,rxn03147,H+,cpd00002_c0 + cpd00041_c0 + cpd02893_c0 --> cpd00008_c0 + cpd00009_c0 + 2.0 cpd00067_c0 + cpd02921_c0,,0.0,1000.0,H,1,c0
cpd00067_c0,rxn05385,H+,cpd00005_c0 + cpd00067_c0 + cpd11521_c0 <=> cpd00006_c0 + cpd11522_c0,,-1000.0,1000.0,H,1,c0
cpd00067_c0,rxn10343,H+,cpd00001_c0 + cpd00002_c0 + cpd00531_c0 --> cpd00008_c0 + cpd00009_c0 + cpd00067_c0 + cpd00531_e0,,0.0,1000.0,H,1,c0
cpd00067_c0,rxn03249,H+,cpd00003_c0 + cpd03122_c0 <=> cpd00004_c0 + cpd00067_c0 + cpd03123_c0,,-1000.0,1000.0,H,1,c0
cpd00067_c0,rxn03395,H+,cpd00017_c0 + cpd03445_c0 <=> cpd00019_c0 + cpd00067_c0 + cpd03446_c0,,-1000.0,1000.0,H,1,c0
cpd00067_c0,rxn05154,H+,cpd00001_c0 + cpd00002_c0 + cpd00051_e0 --> cpd00008_c0 + cpd00009_c0 + cpd00051_c0 + cpd00067_c0,,0.0,1000.0,H,1,c0
cpd00067_c0,rxn01211,H+,cpd00001_c0 + cpd00347_c0 <=> cpd00067_c0 + cpd00201_c0,,-1000.0,1000.0,H,1,c0
cpd00067_c0,rxn01851,H+,cpd00001_c0 + cpd00003_c0 + cpd00434_c0 --> cpd00004_c0 + 2.0 cpd00067_c0 + cpd00281_c0,,0.0,1000.0,H,1,c0
cpd00067_c0,rxn09199,H+,2.0 cpd00067_c0 + cpd15554_c0 <=> cpd00011_c0 + cpd15530_c0,,-1000.0,1000.0,H,1,c0
cpd00067_c0,rxn05442,H+,cpd00004_c0 + cpd00067_c0 + cpd11535_c0 --> cpd00003_c0 + cpd11536_c0,,0.0,1000.0,H,1,c0
cpd00067_c0,rxn00714,H+,cpd00001_c0 + cpd03706_c0 --> cpd00062_c0 + cpd00067_c0 + cpd00091_c0,,0.0,1000.0,H,1,c0
cpd00067_c0,rxn08802,H+,cpd00001_c0 + cpd15328_c0 <=> 2.0 cpd00067_c0 + cpd00080_c0 + cpd15269_c0,,-1000.0,1000.0,H,1,c0
cpd00067_c0,rxn08819,H+,cpd00001_c0 + cpd15362_c0 --> 2.0 cpd00067_c0 + cpd00080_c0 + cpd15298_c0,,0.0,1000.0,H,1,c0
cpd00067_c0,rxn08843,H+,cpd00001_c0 + cpd15341_c0 <=> cpd00067_c0 + cpd00908_c0 + cpd01080_c0,,-1000.0,1000.0,H,1,c0
cpd00067_c0,rxn03901,H+,cpd00001_c0 + cpd02229_c0 --> cpd00009_c0 + 2.0 cpd00067_c0 + cpd00286_c0,,0.0,1000.0,H,1,c0
cpd00067_c0,rxn01602,H+,cpd00006_c0 + cpd00330_c0 <=> cpd00005_c0 + cpd00067_c0 + cpd00393_c0,,-1000.0,1000.0,H,1,c0
cpd00067_c0,rxn00838,H+,cpd00038_c0 + cpd00041_c0 + cpd00114_c0 --> cpd00009_c0 + cpd00031_c0 + 2.0 cpd00067_c0 + cpd02375_c0,,0.0,1000.0,H,1,c0
cpd00067_c0,rxn05372,H+,cpd00005_c0 + cpd00067_c0 + cpd11508_c0 <=> cpd00006_c0 + cpd11509_c0,,-1000.0,1000.0,H,1,c0
cpd00067_c0,rxn10235,H+,2.0 cpd00067_c0 + cpd15692_c0 <=> cpd00011_c0 + cpd15698_c0,,-1000.0,1000.0,H,1,c0
cpd00067_c0,rxn10265,H+,cpd00001_c0 + cpd15716_c0 --> cpd00009_c0 + cpd00067_c0 + cpd15722_c0,,0.0,1000.0,H,1,c0
cpd00067_c0,rxn00065,H+,cpd00002_c0 --> cpd00012_c0 + cpd00067_c0 + cpd00446_c0,,0.0,1000.0,H,1,c0
cpd00067_c0,rxn05409,H+,cpd00067_c0 + cpd11492_c0 + cpd11545_c0 --> cpd00011_c0 + cpd11493_c0 + cpd11546_c0,,0.0,1000.0,H,1,c0
cpd00067_c0,rxn09177,H+,cpd00052_c0 + cpd00084_c0 + cpd02201_c0 --> cpd00012_c0 + cpd00046_c0 + 2.0 cpd00067_c0 + cpd02666_c0,,0.0,1000.0,H,1,c0
cpd00067_c0,rxn02782,H+,cpd02536_c0 <=> cpd00067_c0 + cpd01630_c0,,-1000.0,1000.0,H,1,c0
cpd00067_c0,rxn05651,H+,cpd00048_e0 + cpd00067_e0 <=> cpd00048_c0 + cpd00067_c0,,-1000.0,1000.0,H,1,c0
cpd00067_c0,rxn09105,H+,cpd00001_c0 + cpd15546_c0 --> cpd00009_c0 + cpd00067_c0 + cpd15539_c0,,0.0,1000.0,H,1,c0
cpd00067_c0,rxn01806,H+,cpd00004_c0 + cpd00067_c0 + 2.0 cpd00418_c0 <=> cpd00001_c0 + cpd00003_c0 + cpd00659_c0,,-1000.0,1000.0,H,1,c0
cpd00067_c0,rxn10230,H+,cpd00054_c0 + cpd15687_c0 --> cpd00046_c0 + 2.0 cpd00067_c0 + cpd15693_c0,,0.0,1000.0,H,1,c0
cpd00067_c0,rxn10212,H+,cpd00067_c0 + cpd01695_c0 + cpd15331_c0 --> cpd00010_c0 + cpd15522_c0,,0.0,1000.0,H,1,c0
cpd00067_c0,rxn09102,H+,cpd00001_c0 + cpd15543_c0 --> cpd00009_c0 + cpd00067_c0 + cpd15536_c0,,0.0,1000.0,H,1,c0
cpd00067_c0,rxn05031,H+,cpd02168_c0 --> cpd00012_c0 + cpd00067_c0 + cpd03205_c0,,0.0,1000.0,H,1,c0
cpd00067_c0,rxn03990,H+,cpd00004_c0 + 2.0 cpd00007_c0 + 2.0 cpd00418_c0 --> cpd00003_c0 + cpd00067_c0 + 2.0 cpd00209_c0,,0.0,1000.0,H,1,c0
cpd00067_c0,rxn08809,H+,cpd00001_c0 + cpd12547_c0 <=> cpd00067_c0 + cpd00908_c0 + cpd15269_c0,,-1000.0,1000.0,H,1,c0
cpd00067_c0,rxn00184,H+,cpd00001_c0 + cpd00006_c0 + cpd00023_c0 <=> cpd00005_c0 + cpd00013_c0 + cpd00024_c0 + cpd00067_c0,,-1000.0,1000.0,H,1,c0
cpd00067_c0,rxn00299,H+,cpd00001_c0 + cpd00038_c0 --> cpd00047_c0 + 2.0 cpd00067_c0 + cpd02978_c0,,0.0,1000.0,H,1,c0
cpd00067_c0,rxn08848,H+,cpd00001_c0 + cpd15346_c0 <=> cpd00067_c0 + cpd00214_c0 + cpd02090_c0,,-1000.0,1000.0,H,1,c0
cpd00067_c0,rxn10234,H+,2.0 cpd00067_c0 + cpd15691_c0 <=> cpd00011_c0 + cpd15697_c0,,-1000.0,1000.0,H,1,c0
cpd00067_c0,rxn01509,H+,cpd00002_c0 + cpd00067_c0 + cpd00296_c0 <=> cpd00008_c0 + cpd00295_c0,,-1000.0,1000.0,H,1,c0
cpd00067_c0,rxn05444,H+,cpd00004_c0 + cpd00067_c0 + cpd11543_c0 --> cpd00003_c0 + cpd11544_c0,,0.0,1000.0,H,1,c0
cpd00067_c0,rxn01314,H+,cpd00005_c0 + cpd00067_c0 + cpd00231_c0 <=> cpd00006_c0 + cpd00233_c0,,-1000.0,1000.0,H,1,c0
cpd00067_c0,rxn02853,H+,cpd00001_c0 + cpd00003_c0 + cpd03052_c0 --> cpd00004_c0 + 2.0 cpd00067_c0 + cpd01831_c0,,0.0,1000.0,H,1,c0
cpd00067_c0,rxn02056,H+,2.0 cpd00067_c0 + cpd00557_c0 <=> cpd03426_c0 + cpd10515_c0,,-1000.0,1000.0,H,1,c0
cpd00067_c0,rxn10202,H+,cpd00067_c0 + cpd00080_c0 + cpd00134_c0 --> cpd00010_c0 + cpd15327_c0,,0.0,1000.0,H,1,c0
cpd00067_c0,rxn05414,H+,cpd00005_c0 + cpd00067_c0 + cpd11550_c0 <=> cpd00006_c0 + cpd11551_c0,,-1000.0,1000.0,H,1,c0
cpd00067_c0,rxn00915,H+,cpd00103_c0 + cpd00207_c0 --> cpd00012_c0 + cpd00067_c0 + cpd00126_c0,,0.0,1000.0,H,1,c0
cpd00067_c0,rxn01241,H+,cpd00003_c0 + cpd00449_c0 <=> cpd00004_c0 + cpd00067_c0 + cpd00213_c0,,-1000.0,1000.0,H,1,c0
cpd00067_c0,rxn00789,H+,cpd00002_c0 + cpd00103_c0 --> cpd00012_c0 + cpd00067_c0 + cpd01775_c0,,0.0,1000.0,H,1,c0
cpd00067_c0,rxn05147,H+,cpd00001_c0 + cpd00002_c0 + cpd00027_e0 --> cpd00008_c0 + cpd00009_c0 + cpd00027_c0 + cpd00067_c0,,0.0,1000.0,H,1,c0
cpd00067_c0,rxn10229,H+,cpd00054_c0 + cpd15686_c0 --> cpd00046_c0 + 2.0 cpd00067_c0 + cpd15692_c0,,0.0,1000.0,H,1,c0
cpd00067_c0,rxn10227,H+,cpd00054_c0 + cpd15684_c0 --> cpd00046_c0 + 2.0 cpd00067_c0 + cpd15690_c0,,0.0,1000.0,H,1,c0
cpd00067_c0,rxn03068,H+,cpd00006_c0 + cpd02498_c0 <=> cpd00005_c0 + cpd00067_c0 + cpd02569_c0,,-1000.0,1000.0,H,1,c0
cpd00067_c0,rxn10481,H+,cpd00001_c0 + cpd00002_c0 + cpd00058_e0 --> cpd00008_c0 + cpd00009_c0 + cpd00058_c0 + cpd00067_c0,,0.0,1000.0,H,1,c0
cpd00067_c0,rxn01489,H+,2.0 cpd00289_c0 --> cpd00012_c0 + cpd00067_c0 + cpd02168_c0,,0.0,1000.0,H,1,c0
cpd00067_c0,rxn01522,H+,cpd00001_c0 + cpd00003_c0 + cpd00309_c0 --> cpd00004_c0 + cpd00067_c0 + cpd00300_c0,,0.0,1000.0,H,1,c0
cpd00067_c0,rxn00917,H+,cpd00001_c0 + cpd00002_c0 + cpd00053_c0 + cpd00497_c0 --> cpd00012_c0 + cpd00018_c0 + cpd00023_c0 + 3.0 cpd00067_c0 + cpd00126_c0,,0.0,1000.0,H,1,c0
cpd00067_c0,rxn01274,H+,cpd00001_c0 + cpd02182_c0 --> cpd00042_c0 + cpd00067_c0 + cpd00221_c0,,0.0,1000.0,H,1,c0
cpd00067_c0,rxn00992,H+,cpd00003_c0 + cpd00797_c0 <=> cpd00004_c0 + cpd00067_c0 + cpd00142_c0,,-1000.0,1000.0,H,1,c0
cpd00067_c0,rxn02895,H+,cpd00002_c0 + cpd00033_c0 + cpd01982_c0 --> cpd00008_c0 + cpd00009_c0 + cpd00067_c0 + cpd02394_c0,,0.0,1000.0,H,1,c0
cpd00067_c0,rxn06777,H+,cpd00003_c0 + cpd03115_c0 <=> cpd00004_c0 + cpd00067_c0 + cpd12689_c0,,-1000.0,1000.0,H,1,c0
cpd00067_c0,rxn08816,H+,cpd00001_c0 + cpd15324_c0 <=> cpd00067_c0 + cpd02090_c0 + cpd15269_c0,,-1000.0,1000.0,H,1,c0
cpd00067_c0,rxn05541,H+,cpd00001_c0 + cpd00002_c0 + cpd11586_e0 --> cpd00008_c0 + cpd00009_c0 + cpd00067_c0 + cpd11586_c0,,0.0,1000.0,H,1,c0
cpd00067_c0,rxn01107,H+,cpd00001_c0 + cpd00170_c0 --> cpd00067_c0 + cpd00222_c0,,0.0,1000.0,H,1,c0
cpd00067_c0,rxn03536,H+,cpd00002_c0 + cpd03918_c0 <=> cpd00008_c0 + cpd00067_c0 + cpd03919_c0,,-1000.0,1000.0,H,1,c0
cpd00067_c0,rxn00002,H+,cpd00001_c0 + 3.0 cpd00067_c0 + cpd00742_c0 --> 2.0 cpd00011_c0 + 2.0 cpd00013_c0,,0.0,1000.0,H,1,c0
cpd00067_c0,rxn10216,H+,cpd11435_c0 + cpd15673_c0 --> cpd00010_c0 + cpd00067_c0 + cpd15679_c0,,0.0,1000.0,H,1,c0
cpd00067_c0,rxn02939,H+,cpd00003_c0 + cpd02147_c0 <=> cpd00004_c0 + cpd00067_c0 + cpd03606_c0,,-1000.0,1000.0,H,1,c0
cpd00067_c0,rxn10880,H+,cpd00054_c0 + 0.02 cpd16067_c0 --> cpd00046_c0 + cpd00067_c0 + 0.02 cpd16093_c0,,0.0,1000.0,H,1,c0
cpd00067_c0,rxn10114,H+,cpd00047_c0 + 3.0 cpd00067_c0 + cpd15560_c0 --> cpd00011_c0 + 2.0 cpd00067_e0 + cpd15561_c0,,0.0,0.0,H,1,c0
cpd00067_c0,rxn02286,H+,cpd00002_c0 + cpd00035_c0 + cpd00773_c0 --> cpd00008_c0 + cpd00009_c0 + cpd00067_c0 + cpd00890_c0,,0.0,1000.0,H,1,c0
cpd00067_c0,rxn08971,H+,cpd00004_c0 + cpd00067_c0 + cpd15500_c0 --> cpd00003_c0 + cpd15499_c0,,0.0,1000.0,H,1,c0
cpd00067_c0,rxn09211,H+,cpd00054_c0 + cpd15420_c0 --> cpd00046_c0 + 2.0 cpd00067_c0 + cpd15558_c0,,0.0,1000.0,H,1,c0
cpd00067_c0,rxn10859,H+,cpd00052_c0 + cpd00067_c0 + 0.02 cpd16080_c0 --> cpd00012_c0 + 0.02 cpd16067_c0,,0.0,1000.0,H,1,c0
cpd00067_c0,rxn04750,H+,cpd00003_c0 + cpd09844_c0 <=> cpd00004_c0 + cpd00067_c0 + cpd01507_c0,,-1000.0,1000.0,H,1,c0
cpd00067_c0,rxn00836,H+,cpd00103_c0 + cpd00226_c0 --> cpd00012_c0 + cpd00067_c0 + cpd00114_c0,,0.0,1000.0,H,1,c0
cpd00067_c0,rxn05596,H+,cpd00067_e0 + cpd00205_c0 --> cpd00067_c0 + cpd00205_e0,,0.0,1000.0,H,1,c0
cpd00067_c0,rxn03407,H+,cpd00002_c0 + cpd00013_c0 + cpd03491_c0 --> cpd00008_c0 + cpd00009_c0 + cpd00067_c0 + cpd03492_c0,,0.0,1000.0,H,1,c0
cpd00067_c0,rxn05161,H+,cpd00001_c0 + cpd00002_c0 + cpd00107_e0 --> cpd00008_c0 + cpd00009_c0 + cpd00067_c0 + cpd00107_c0,,0.0,1000.0,H,1,c0
cpd00067_c0,rxn01297,H+,cpd00001_c0 + cpd00003_c0 + cpd00226_c0 <=> cpd00004_c0 + cpd00067_c0 + cpd00309_c0,,-1000.0,1000.0,H,1,c0
cpd00067_c0,rxn05545,H+,cpd00001_c0 + cpd00002_c0 + cpd11582_e0 --> cpd00008_c0 + cpd00009_c0 + cpd00067_c0 + cpd11582_c0,,0.0,1000.0,H,1,c0
cpd00067_c0,rxn09103,H+,cpd00001_c0 + cpd15544_c0 --> cpd00009_c0 + cpd00067_c0 + cpd15537_c0,,0.0,1000.0,H,1,c0
cpd00067_c0,rxn05239,H+,cpd00044_c0 + cpd11421_c0 --> cpd00045_c0 + cpd00067_c0 + cpd00081_c0 + cpd11420_c0,,0.0,1000.0,H,1,c0
cpd00067_c0,rxn05405,H+,cpd00005_c0 + cpd00067_c0 + cpd11541_c0 <=> cpd00006_c0 + cpd11542_c0,,-1000.0,1000.0,H,1,c0
cpd00067_c0,rxn02569,H+,cpd00001_c0 + cpd00002_c0 + cpd01078_c0 <=> cpd00009_c0 + cpd00018_c0 + cpd00067_c0 + cpd03078_c0,,-1000.0,1000.0,H,1,c0
cpd00067_c0,rxn10232,H+,2.0 cpd00067_c0 + cpd15689_c0 <=> cpd00011_c0 + cpd15695_c0,,-1000.0,1000.0,H,1,c0
cpd00067_c0,rxn01109,H+,cpd00006_c0 + cpd00190_c0 <=> cpd00005_c0 + cpd00067_c0 + cpd00170_c0,,-1000.0,1000.0,H,1,c0
cpd00067_c0,rxn00327,H+,cpd00001_c0 + 2.0 cpd00067_c0 + cpd00465_c0 --> cpd00011_c0 + 2.0 cpd00013_c0 + cpd00040_c0,,0.0,1000.0,H,1,c0
cpd00067_c0,rxn05201,H+,cpd00067_e0 + cpd00226_e0 <=> cpd00067_c0 + cpd00226_c0,,-1000.0,1000.0,H,1,c0
cpd00067_c0,rxn00300,H+,3.0 cpd00001_c0 + cpd00038_c0 --> cpd00012_c0 + cpd00047_c0 + 3.0 cpd00067_c0 + cpd00957_c0,,0.0,1000.0,H,1,c0
cpd00067_c0,rxn00679,H+,cpd00010_c0 + cpd00067_c0 + cpd01501_c0 <=> cpd00001_c0 + cpd00032_c0 + cpd00086_c0,,-1000.0,1000.0,H,1,c0
cpd00067_c0,rxn10163,H+,cpd00067_e0 + cpd03847_e0 <=> cpd00067_c0 + cpd03847_c0,,-1000.0,1000.0,H,1,c0
cpd00067_c0,Cis9_hex_syn,H+,3.0 cpd00004_c0 + 3.0 cpd00005_c0 + 8.0 cpd00067_c0 + cpd11482_c0 + 3.0 cpd11492_c0 --> cis9_hexadecenoyl_acp_c0 + 4.0 cpd00001_c0 + 3.0 cpd00003_c0 + 3.0 cpd00006_c0 + 3.0 cpd00011_c0 + 3.0 cpd11493_c0,,0.0,1000.0,H,1,c0
cpd00067_c0,rxn05337,H+,cpd00006_c0 + cpd11479_c0 <=> cpd00005_c0 + cpd00067_c0 + cpd11486_c0,,-1000.0,1000.0,H,1,c0
cpd00067_c0,rxn10233,H+,2.0 cpd00067_c0 + cpd15690_c0 <=> cpd00011_c0 + cpd15696_c0,,-1000.0,1000.0,H,1,c0
cpd00067_c0,rxn02288,H+,4.0 cpd00067_c0 + cpd00774_c0 <=> 4.0 cpd00011_c0 + cpd02083_c0,,-1000.0,1000.0,H,1,c0
cpd00067_c0,rxn03951,H+,cpd00003_c0 + cpd03607_c0 <=> cpd00004_c0 + cpd00067_c0 + cpd04539_c0,,-1000.0,1000.0,H,1,c0
cpd00067_c0,rxn01544,H+,cpd00103_c0 + cpd00309_c0 --> cpd00012_c0 + cpd00067_c0 + cpd00497_c0,,0.0,1000.0,H,1,c0
cpd00067_c0,Cis11_oct_syn,H+,cis9_hexadecenoyl_acp_c0 + cpd00004_c0 + cpd00005_c0 + 3.0 cpd00067_c0 + cpd11492_c0 --> cis11_octadecenoyl_acp_c0 + cpd00001_c0 + cpd00003_c0 + cpd00006_c0 + cpd00011_c0 + cpd11493_c0,,0.0,1000.0,H,1,c0
cpd00067_c0,rxn05437,H+,cpd00004_c0 + cpd00067_c0 + cpd11514_c0 --> cpd00003_c0 + cpd11515_c0,,0.0,1000.0,H,1,c0
cpd00067_c0,rxn13782,H+,10412.0 cpd00001_c0 + 6730.0 cpd00002_c0 + 496.0 cpd00033_c0 + 1370.0 cpd00035_c0 + 10162.0 cpd00038_c0 + 431.0 cpd00039_c0 + 250.0 cpd00041_c0 + 121.0 cpd00051_c0 + 500.0 cpd00053_c0 + 290.0 cpd00054_c0 + 116.0 cpd00060_c0 + 54.0 cpd00065_c0 + 199.0 cpd00066_c0 + 138.0 cpd00069_c0 + 87.0 cpd00084_c0 + 428.0 cpd00107_c0 + 145.0 cpd00119_c0 + 541.0 cpd00129_c0 + 420.0 cpd00156_c0 + 436.0 cpd00161_c0 + 14.0 cpd00201_c0 + 213.0 cpd00322_c0 --> Protein_c0 + 250.0 cpd00008_c0 + 10412.0 cpd00009_c0 + 6480.0 cpd00012_c0 + 6480.0 cpd00018_c0 + 10162.0 cpd00031_c0 + 14.0 cpd00047_c0 + 15493.0 cpd00067_c0 + 14.0 cpd00087_c0,,0.0,1000.0,H,1,c0
cpd00067_c0,rxn08976,H+,cpd00004_c0 + cpd00067_c0 + cpd15352_c0 --> cpd00003_c0 + cpd15353_c0,,0.0,1000.0,H,1,c0
cpd00067_c0,rxn05327,H+,cpd00004_c0 + cpd00067_c0 + cpd11475_c0 --> cpd00003_c0 + cpd11474_c0,,0.0,1000.0,H,1,c0
cpd00067_c0,rxn05328,H+,cpd00004_c0 + cpd00067_c0 + cpd11477_c0 --> cpd00003_c0 + cpd11476_c0,,0.0,1000.0,H,1,c0
cpd00067_c0,rxn05410,H+,cpd00005_c0 + cpd00067_c0 + cpd11546_c0 <=> cpd00006_c0 + cpd11547_c0,,-1000.0,1000.0,H,1,c0
cpd00067_c0,rxn10344,H+,cpd00001_c0 + cpd00002_c0 + cpd04097_c0 --> cpd00008_c0 + cpd00009_c0 + cpd00067_c0 + cpd04097_e0,,0.0,1000.0,H,1,c0
cpd00067_c0,rxn10012,H+,cpd00004_c0 + cpd00067_c0 + cpd03129_c0 --> cpd00003_c0 + cpd03128_c0,,0.0,1000.0,H,1,c0
cpd00067_c0,rxn08392,H+,cpd00004_c0 + cpd00067_c0 + cpd11477_c0 --> cpd00003_c0 + cpd15277_c0,,0.0,1000.0,H,1,c0
cpd00067_c0,rxn10266,H+,cpd00001_c0 + cpd15717_c0 --> cpd00009_c0 + cpd00067_c0 + cpd15723_c0,,0.0,1000.0,H,1,c0
cpd00067_c0,rxn01453,H+,cpd00006_c0 + cpd02234_c0 <=> cpd00005_c0 + cpd00067_c0 + cpd00279_c0,,-1000.0,1000.0,H,1,c0
cpd00067_c0,rxn12206,H+,cpd00067_c0 + cpd00308_c0 --> cpd00011_c0 + cpd00029_c0,,0.0,1000.0,H,1,c0
cpd00067_c0,rxn05187,H+,cpd00001_c0 + cpd00002_c0 + cpd03424_e0 --> cpd00008_c0 + cpd00009_c0 + cpd00067_c0 + cpd03424_c0,,0.0,1000.0,H,1,c0
cpd00067_c0,rxn06377,H+,cpd00033_c0 + cpd00067_c0 + cpd12005_c0 --> cpd00011_c0 + cpd11830_c0,,0.0,1000.0,H,1,c0
cpd00067_c0,rxn03958,H+,cpd00006_c0 + cpd08286_c0 <=> cpd00005_c0 + cpd00067_c0 + cpd08289_c0,,-1000.0,1000.0,H,1,c0
cpd00067_c0,rxn05183,H+,cpd00001_c0 + cpd00002_c0 + cpd00637_e0 --> cpd00008_c0 + cpd00009_c0 + cpd00067_c0 + cpd00637_c0,,0.0,1000.0,H,1,c0
cpd00067_c0,rxn10875,H+,50.0 cpd00080_c0 + cpd16067_c0 --> 50.0 cpd00046_c0 + 50.0 cpd00067_c0 + cpd11652_c0,,0.0,1000.0,H,1,c0
cpd00067_c0,rxn05376,H+,cpd00005_c0 + cpd00067_c0 + cpd11512_c0 <=> cpd00006_c0 + cpd11513_c0,,-1000.0,1000.0,H,1,c0
cpd00067_c0,rxn10267,H+,cpd00001_c0 + cpd15718_c0 --> cpd00009_c0 + cpd00067_c0 + cpd15724_c0,,0.0,1000.0,H,1,c0
cpd00067_c0,rxn08180,H+,cpd00017_c0 + cpd00074_c0 + cpd01311_c0 --> cpd00060_c0 + cpd00067_c0 + cpd00104_c0 + cpd03091_c0,,0.0,1000.0,H,1,c0
cpd00067_c0,rxn00790,H+,cpd00001_c0 + cpd00053_c0 + cpd00103_c0 --> cpd00012_c0 + cpd00023_c0 + cpd00067_c0 + cpd01982_c0,,0.0,1000.0,H,1,c0
cpd00067_c0,rxn05404,H+,cpd00067_c0 + cpd11492_c0 + cpd11540_c0 --> cpd00011_c0 + cpd11493_c0 + cpd11541_c0,,0.0,1000.0,H,1,c0
cpd00067_c0,rxn01790,H+,cpd00006_c0 + cpd00408_c0 <=> cpd00005_c0 + cpd00067_c0 + cpd00712_c0,,-1000.0,1000.0,H,1,c0
cpd00067_c0,rxn05433,H+,cpd00004_c0 + cpd00067_c0 + cpd11498_c0 --> cpd00003_c0 + cpd11499_c0,,0.0,1000.0,H,1,c0
cpd00067_c0,rxn01331,H+,cpd00001_c0 + cpd00003_c0 + cpd00236_c0 --> cpd00004_c0 + 2.0 cpd00067_c0 + cpd02147_c0,,0.0,1000.0,H,1,c0
cpd00067_c0,rxn01169,H+,cpd00002_c0 + cpd00190_c0 --> cpd00008_c0 + cpd00067_c0 + cpd00863_c0,,0.0,1000.0,H,1,c0
cpd00067_c0,rxn08798,H+,cpd00001_c0 + cpd15330_c0 --> 2.0 cpd00067_c0 + cpd00080_c0 + cpd15298_c0,,0.0,1000.0,H,1,c0
cpd00067_c0,rxn01858,H+,cpd00001_c0 + cpd00067_c0 + cpd00438_c0 --> cpd00013_c0 + cpd03279_c0,,0.0,1000.0,H,1,c0
cpd00067_c0,rxn05322,H+,cpd00004_c0 + 2.0 cpd00067_c0 + cpd11465_c0 --> cpd00003_c0 + cpd11464_c0,,0.0,1000.0,H,1,c0
cpd00067_c0,rxn10236,H+,2.0 cpd00067_c0 + cpd15693_c0 <=> cpd00011_c0 + cpd15699_c0,,-1000.0,1000.0,H,1,c0
cpd00067_c0,rxn08797,H+,cpd00001_c0 + cpd15331_c0 <=> cpd00067_c0 + cpd00080_c0 + cpd03847_c0,,-1000.0,1000.0,H,1,c0
cpd00067_c0,rxn05528,H+,cpd00001_c0 + cpd00002_c0 + cpd00058_c0 --> cpd00008_c0 + cpd00009_c0 + cpd00058_e0 + cpd00067_c0,,0.0,1000.0,H,1,c0
cpd00067_c0,rxn00567,H+,cpd00001_c0 + cpd00109_c0 + cpd00418_c0 <=> cpd00067_c0 + cpd00075_c0 + cpd00110_c0,,-1000.0,1000.0,H,1,c0
cpd00067_c0,rxn00010,H+,2.0 cpd00040_c0 + cpd00067_c0 --> cpd00011_c0 + cpd00843_c0,,0.0,1000.0,H,1,c0
cpd00067_c0,rxn05465,H+,cpd00067_c0 + cpd00070_c0 + cpd11493_c0 <=> cpd00010_c0 + cpd11492_c0,,-1000.0,1000.0,H,1,c0
cpd00067_c0,rxn00162,H+,cpd00032_c0 + cpd00067_c0 --> cpd00011_c0 + cpd00020_c0,,0.0,1000.0,H,1,c0
cpd00067_c0,rxn01102,H+,cpd00002_c0 + cpd00223_c0 <=> cpd00008_c0 + cpd00067_c0 + cpd00169_c0,,-1000.0,1000.0,H,1,c0
cpd00067_c0,rxn02440,H+,cpd00006_c0 + cpd01999_c0 <=> cpd00005_c0 + cpd00067_c0 + cpd00900_c0,,-1000.0,1000.0,H,1,c0
cpd00067_c0,rxn08805,H+,cpd00001_c0 + cpd15315_c0 <=> cpd00067_c0 + cpd00908_c0 + cpd15298_c0,,-1000.0,1000.0,H,1,c0
cpd00067_c0,rxn05219,H+,cpd00001_c0 + cpd00002_c0 + cpd00060_e0 --> cpd00008_c0 + cpd00009_c0 + cpd00060_c0 + cpd00067_c0,,0.0,1000.0,H,1,c0
cpd00067_c0,rxn10010,H+,cpd00004_c0 + cpd00067_c0 + cpd03125_c0 --> cpd00003_c0 + cpd03124_c0,,0.0,1000.0,H,1,c0
cpd00067_c0,rxn02144,H+,cpd00001_c0 + cpd02255_c0 --> cpd00067_c0 + cpd00630_c0,,0.0,1000.0,H,1,c0
cpd00067_c0,rxn05538,H+,cpd00001_c0 + cpd00002_c0 + cpd11588_e0 --> cpd00008_c0 + cpd00009_c0 + cpd00067_c0 + cpd11588_c0,,0.0,1000.0,H,1,c0
cpd00067_c0,rxn08814,H+,cpd00001_c0 + cpd15322_c0 <=> cpd00067_c0 + cpd02090_c0 + cpd15237_c0,,-1000.0,1000.0,H,1,c0
cpd00067_c0,rxn03244,H+,cpd00003_c0 + cpd03118_c0 <=> cpd00004_c0 + cpd00067_c0 + cpd03119_c0,,-1000.0,1000.0,H,1,c0
cpd00067_c0,rxn10222,H+,cpd00052_c0 + cpd15679_c0 <=> cpd00012_c0 + cpd00067_c0 + cpd15685_c0,,-1000.0,1000.0,H,1,c0
cpd00067_c0,rxn02359,H+,cpd00015_c0 + cpd00851_c0 <=> cpd00067_c0 + cpd00982_c0 + cpd02625_c0,,-1000.0,1000.0,H,1,c0
cpd00067_c0,rxn00499,H+,cpd00003_c0 + cpd00159_c0 <=> cpd00004_c0 + cpd00020_c0 + cpd00067_c0,,-1000.0,1000.0,H,1,c0
cpd00067_c0,rxn02008,H+,cpd00002_c0 + cpd00186_c0 + cpd00890_c0 --> cpd00008_c0 + cpd00009_c0 + cpd00067_c0 + cpd00525_c0,,0.0,1000.0,H,1,c0
cpd00067_c0,rxn09202,H+,2.0 cpd00067_c0 + cpd15557_c0 <=> cpd00011_c0 + cpd15533_c0,,-1000.0,1000.0,H,1,c0
cpd00067_c0,rxn01643,H+,cpd00005_c0 + cpd00067_c0 + cpd01977_c0 --> cpd00006_c0 + cpd00009_c0 + cpd00346_c0,,0.0,1000.0,H,1,c0
cpd00067_c0,rxn00629,H+,cpd00003_c0 + cpd00314_c0 <=> cpd00004_c0 + cpd00067_c0 + cpd00082_c0,,-1000.0,1000.0,H,1,c0
cpd00067_c0,R00093,H+,cpd00003_c0 + 2.0 cpd00023_c0 --> cpd00004_c0 + cpd00024_c0 + cpd00053_c0 + cpd00067_c0,,0.0,1000.0,H,1,c0
cpd00067_c0,rxn00322,H+,cpd00039_c0 + cpd00067_c0 --> cpd00011_c0 + cpd01155_c0,,0.0,1000.0,H,1,c0
cpd00067_c0,rxn03239,H+,cpd00003_c0 + cpd03113_c0 <=> cpd00004_c0 + cpd00067_c0 + cpd03114_c0,,-1000.0,1000.0,H,1,c0
cpd00067_c0,rxn01275,H+,cpd00002_c0 + cpd00222_c0 <=> cpd00008_c0 + cpd00067_c0 + cpd00284_c0,,-1000.0,1000.0,H,1,c0
cpd00067_c0,rxn00707,H+,cpd00068_c0 + cpd00367_c0 <=> cpd00046_c0 + cpd00067_c0 + cpd00090_c0,,-1000.0,1000.0,H,1,c0
cpd00067_c0,rxn04674,H+,cpd00017_c0 + cpd09410_c0 --> cpd00019_c0 + cpd00067_c0 + cpd01401_c0,,0.0,1000.0,H,1,c0
cpd00067_c0,rxn01280,H+,cpd00003_c0 + cpd00223_c0 <=> cpd00004_c0 + cpd00067_c0 + cpd00843_c0,,-1000.0,1000.0,H,1,c0
cpd00067_c0,rxn05441,H+,cpd00004_c0 + cpd00067_c0 + cpd11531_c0 --> cpd00003_c0 + cpd11532_c0,,0.0,1000.0,H,1,c0
cpd00067_c0,rxn03893,H+,cpd00136_c0 + cpd02557_c0 --> cpd00012_c0 + cpd00067_c0 + cpd03443_c0,,0.0,1000.0,H,1,c0
cpd00067_c0,R00029,H+,2.0 cpd00109_c0 + 2.0 cpd00268_c0 --> 2.0 cpd00067_c0 + 2.0 cpd00110_c0 + cpd01414_c0,,0.0,1000.0,H,1,c0
cpd00067_c0,rxn00710,H+,cpd00067_c0 + cpd00810_c0 --> cpd00011_c0 + cpd00091_c0,,0.0,1000.0,H,1,c0
cpd00067_c0,rxn00758,H+,cpd00001_c0 + cpd00507_c0 --> cpd00067_c0 + cpd00080_c0 + cpd00098_c0,,0.0,1000.0,H,1,c0
cpd00067_c0,rxn09209,H+,cpd00054_c0 + cpd15418_c0 --> cpd00046_c0 + 2.0 cpd00067_c0 + cpd15556_c0,,0.0,1000.0,H,1,c0
cpd00067_c0,rxn09208,H+,cpd00054_c0 + cpd15419_c0 --> cpd00046_c0 + 2.0 cpd00067_c0 + cpd15555_c0,,0.0,1000.0,H,1,c0
cpd00067_c0,rxn01729,H+,cpd00001_c0 + cpd00003_c0 + cpd02089_c0 --> cpd00004_c0 + 2.0 cpd00067_c0 + cpd00379_c0,,0.0,1000.0,H,1,c0
cpd00067_c0,rxn05426,H+,cpd00005_c0 + cpd00067_c0 + cpd11562_c0 <=> cpd00006_c0 + cpd11563_c0,,-1000.0,1000.0,H,1,c0
cpd00067_c0,rxn00834,H+,cpd00001_c0 + cpd00003_c0 + cpd00114_c0 <=> cpd00004_c0 + cpd00067_c0 + cpd00497_c0,,-1000.0,1000.0,H,1,c0
cpd00067_c0,rxn02285,H+,cpd00006_c0 + cpd00773_c0 <=> cpd00005_c0 + cpd00067_c0 + cpd02820_c0,,-1000.0,1000.0,H,1,c0
cpd00067_c0,rxn01825,H+,cpd00007_c0 + cpd00426_c0 --> cpd00067_c0 + cpd00763_c0,,0.0,1000.0,H,1,c0
cpd00067_c0,rxn05164,H+,cpd00001_c0 + cpd00002_c0 + cpd00119_e0 --> cpd00008_c0 + cpd00009_c0 + cpd00067_c0 + cpd00119_c0,,0.0,1000.0,H,1,c0
cpd00067_c0,rxn08818,H+,cpd00001_c0 + cpd15363_c0 <=> 2.0 cpd00067_c0 + cpd00080_c0 + cpd03847_c0,,-1000.0,1000.0,H,1,c0
cpd00067_c0,rxn05293,H+,cpd00004_c0 + cpd00067_c0 + cpd08301_c0 --> cpd00001_c0 + cpd00003_c0 + cpd08615_c0,,0.0,1000.0,H,1,c0
cpd00067_c0,rxn02314,H+,cpd00002_c0 + cpd00805_c0 <=> cpd00008_c0 + cpd00067_c0 + cpd02371_c0,,-1000.0,1000.0,H,1,c0
cpd00067_c0,rxn05146,H+,cpd00001_c0 + cpd00002_c0 + cpd00023_e0 --> cpd00008_c0 + cpd00009_c0 + cpd00023_c0 + cpd00067_c0,,0.0,1000.0,H,1,c0
cpd00067_c0,rxn00993,H+,cpd00001_c0 + cpd00780_c0 --> cpd00067_c0 + cpd00106_c0 + cpd00142_c0,,0.0,1000.0,H,1,c0
cpd00067_c0,rxn05359,H+,cpd00067_c0 + cpd11492_c0 + cpd11495_c0 --> cpd00011_c0 + cpd11493_c0 + cpd11496_c0,,0.0,1000.0,H,1,c0
cpd00067_c0,rxn05336,H+,cpd00006_c0 + cpd11481_c0 <=> cpd00005_c0 + cpd00067_c0 + cpd11485_c0,,-1000.0,1000.0,H,1,c0
cpd00067_c0,rxn03080,H+,cpd02882_c0 + cpd11225_c0 <=> 2.0 cpd00001_c0 + cpd00009_c0 + cpd00067_c0 + cpd02656_c0,,-1000.0,1000.0,H,1,c0
cpd00067_c0,rxn10213,H+,cpd00067_c0 + cpd00327_c0 + cpd15329_c0 --> cpd00010_c0 + cpd15526_c0,,0.0,1000.0,H,1,c0
cpd00067_c0,rxn00560,H+,cpd00002_c0 + cpd00073_c0 + cpd00242_c0 --> cpd00008_c0 + cpd00009_c0 + cpd00067_c0 + cpd00742_c0,,0.0,1000.0,H,1,c0
cpd00067_c0,rxn00689,H+,cpd00002_c0 + cpd00023_c0 + cpd00087_c0 --> cpd00008_c0 + cpd00009_c0 + cpd00067_c0 + cpd06227_c0,,0.0,1000.0,H,1,c0
cpd00067_c0,rxn00910,H+,cpd00006_c0 + cpd00345_c0 <=> cpd00005_c0 + cpd00067_c0 + cpd00125_c0,,-1000.0,1000.0,H,1,c0
cpd00067_c0,rxn02287,H+,2.0 cpd00017_c0 + cpd00774_c0 <=> 2.0 cpd00019_c0 + cpd00067_c0 + cpd01620_c0,,-1000.0,1000.0,H,1,c0
cpd00067_c0,rxn03991,H+,cpd00005_c0 + 2.0 cpd00007_c0 + 2.0 cpd00418_c0 --> cpd00006_c0 + cpd00067_c0 + 2.0 cpd00209_c0,,0.0,1000.0,H,1,c0
cpd00067_c0,rxn05150,H+,cpd00001_c0 + cpd00002_c0 + cpd00034_e0 --> cpd00008_c0 + cpd00009_c0 + cpd00034_c0 + cpd00067_c0,,0.0,1000.0,H,1,c0
cpd00067_c0,rxn09198,H+,2.0 cpd00067_c0 + cpd15553_c0 <=> cpd00011_c0 + cpd15529_c0,,-1000.0,1000.0,H,1,c0
cpd00067_c0,rxn05380,H+,cpd00005_c0 + cpd00067_c0 + cpd11516_c0 <=> cpd00006_c0 + cpd11517_c0,,-1000.0,1000.0,H,1,c0
cpd00067_c0,rxn00120,H+,cpd00001_c0 + cpd00062_c0 --> cpd00009_c0 + cpd00014_c0 + cpd00067_c0,,0.0,1000.0,H,1,c0
cpd00067_c0,rxn05350,H+,cpd00067_c0 + cpd11472_c0 + cpd11492_c0 --> cpd00011_c0 + cpd11490_c0 + cpd11493_c0,,0.0,1000.0,H,1,c0
cpd00067_c0,rxn02475,H+,cpd00001_c0 + cpd00067_c0 + cpd00957_c0 --> cpd00013_c0 + cpd00931_c0,,0.0,1000.0,H,1,c0
cpd00067_c0,rxn01465,H+,cpd00001_c0 + cpd00282_c0 <=> cpd00067_c0 + cpd00343_c0,,-1000.0,1000.0,H,1,c0
cpd00067_c0,rxn02297,H+,cpd00035_c0 + cpd00067_c0 + cpd00782_c0 --> cpd00010_c0 + cpd00011_c0 + cpd00800_c0,,0.0,1000.0,H,1,c0
cpd00067_c0,rxn01671,H+,cpd00002_c0 + cpd02016_c0 <=> cpd00008_c0 + cpd00067_c0 + cpd00355_c0,,-1000.0,1000.0,H,1,c0
cpd00067_c0,rxn08803,H+,cpd00001_c0 + cpd15313_c0 <=> cpd00067_c0 + cpd00908_c0 + cpd01741_c0,,-1000.0,1000.0,H,1,c0
cpd00067_c0,rxn08847,H+,cpd00001_c0 + cpd15345_c0 --> cpd00067_c0 + cpd02090_c0 + cpd15298_c0,,0.0,1000.0,H,1,c0
cpd00067_c0,rxn05654,H+,cpd00036_e0 + cpd00067_e0 <=> cpd00036_c0 + cpd00067_c0,,-1000.0,1000.0,H,1,c0
cpd00067_c0,rxn05040,H+,cpd00171_c0 --> cpd00047_c0 + cpd00067_c0 + cpd11225_c0,,0.0,1000.0,H,1,c0
cpd00067_c0,rxn01362,H+,cpd00103_c0 + cpd00247_c0 --> cpd00012_c0 + cpd00067_c0 + cpd00810_c0,,0.0,1000.0,H,1,c0
cpd00067_c0,rxn05517,H+,cpd00067_e0 + cpd00205_e0 + cpd01012_c0 <=> cpd00067_c0 + cpd00205_c0 + cpd01012_e0,,-1000.0,1000.0,H,1,c0
cpd00067_c0,rxn08840,H+,cpd00001_c0 + cpd15338_c0 --> cpd00067_c0 + cpd00908_c0 + cpd15298_c0,,0.0,1000.0,H,1,c0
cpd00067_c0,rxn00147,H+,cpd00001_c0 + cpd00002_c0 + cpd00020_c0 --> cpd00009_c0 + cpd00018_c0 + cpd00061_c0 + 3.0 cpd00067_c0,,0.0,1000.0,H,1,c0
cpd00067_c0,rxn05364,H+,cpd00005_c0 + cpd00067_c0 + cpd11500_c0 <=> cpd00006_c0 + cpd11501_c0,,-1000.0,1000.0,H,1,c0
cpd00067_c0,R01668,H+,cpd00001_c0 + cpd00356_c0 --> cpd00012_c0 + 2.0 cpd00067_c0 + cpd00206_c0,,0.0,1000.0,H,1,c0
cpd00067_c0,rxn00183,H+,cpd00001_c0 + cpd00003_c0 + cpd00858_c0 --> cpd00004_c0 + cpd00023_c0 + 2.0 cpd00067_c0,,0.0,1000.0,H,1,c0
cpd00067_c0,rxn05312,H+,cpd00009_c0 + cpd00067_c0 --> cpd00009_e0 + cpd00067_e0,,0.0,1000.0,H,1,c0
cpd00067_c0,rxn00863,H+,cpd00001_c0 + cpd00003_c0 + cpd01324_c0 --> cpd00004_c0 + 2.0 cpd00067_c0 + cpd00119_c0,,0.0,1000.0,H,1,c0
cpd00067_c0,rxn09106,H+,cpd00001_c0 + cpd15547_c0 --> cpd00009_c0 + cpd00067_c0 + cpd15540_c0,,0.0,1000.0,H,1,c0
cpd00067_c0,rxn00114,H+,cpd00002_c0 + cpd00011_c0 + cpd00013_c0 <=> cpd00008_c0 + 2.0 cpd00067_c0 + cpd00146_c0,,-1000.0,1000.0,H,1,c0
cpd00067_c0,rxn00383,H+,cpd00001_c0 + cpd00007_c0 + cpd00081_c0 --> cpd00025_c0 + cpd00048_c0 + cpd00067_c0,,0.0,1000.0,H,1,c0
cpd00067_c0,rxn00330,H+,cpd00001_c0 + cpd00022_c0 + cpd00040_c0 --> cpd00010_c0 + cpd00067_c0 + cpd00130_c0,,0.0,1000.0,H,1,c0
cpd00067_c0,rxn02774,H+,cpd00003_c0 + cpd01620_c0 <=> cpd00004_c0 + 2.0 cpd00067_c0 + cpd03426_c0,,-1000.0,1000.0,H,1,c0
cpd00067_c0,rxn05326,H+,cpd00004_c0 + cpd00067_c0 + cpd11473_c0 --> cpd00003_c0 + cpd11472_c0,,0.0,1000.0,H,1,c0
cpd00067_c0,rxn10270,H+,cpd00001_c0 + cpd15721_c0 --> cpd00009_c0 + cpd00067_c0 + cpd15727_c0,,0.0,1000.0,H,1,c0
cpd00067_c0,rxn14250,H+,cpd00007_c0 + cpd00067_c0 + cpd01270_c0 + cpd18071_c0 --> cpd00001_c0 + cpd00050_c0 + cpd00071_c0 + cpd00075_c0,,0.0,1000.0,H,1,c0
cpd00067_c0,rxn01301,H+,cpd00003_c0 + cpd00227_c0 <=> cpd00004_c0 + cpd00067_c0 + cpd00346_c0,,-1000.0,1000.0,H,1,c0
cpd00067_c0,rxn05325,H+,cpd00004_c0 + cpd00067_c0 + cpd11471_c0 --> cpd00003_c0 + cpd11470_c0,,0.0,1000.0,H,1,c0
cpd00067_c0,rxn08813,H+,cpd00001_c0 + cpd15321_c0 <=> cpd00067_c0 + cpd00214_c0 + cpd02090_c0,,-1000.0,1000.0,H,1,c0
cpd00067_c0,rxn08846,H+,cpd00001_c0 + cpd15344_c0 <=> cpd00067_c0 + cpd02090_c0 + cpd03847_c0,,-1000.0,1000.0,H,1,c0
cpd00067_c0,rxn00001,H+,cpd00001_c0 + cpd00012_c0 --> 2.0 cpd00009_c0 + cpd00067_c0,,0.0,1000.0,H,1,c0
cpd00067_c0,rxn03909,H+,cpd00020_c0 + cpd00067_c0 + cpd00102_c0 --> cpd00011_c0 + cpd08289_c0,,0.0,1000.0,H,1,c0
cpd00067_c0,rxn00100,H+,cpd00002_c0 + cpd00655_c0 --> cpd00008_c0 + cpd00010_c0 + cpd00067_c0,,0.0,1000.0,H,1,c0
cpd00067_c0,rxn08822,H+,cpd00001_c0 + cpd15358_c0 <=> 2.0 cpd00067_c0 + cpd00080_c0 + cpd01080_c0,,-1000.0,1000.0,H,1,c0
cpd00067_c0,rxn10217,H+,cpd11437_c0 + cpd15674_c0 --> cpd00010_c0 + cpd00067_c0 + cpd15680_c0,,0.0,1000.0,H,1,c0
cpd00067_c0,rxn09562,H+,cpd00067_c0 + cpd00115_c0 + cpd00126_c0 <=> cpd00031_c0 + cpd00177_c0,,-1000.0,1000.0,H,1,c0
cpd00067_c0,rxn05450,H+,cpd00004_c0 + cpd00067_c0 + cpd11568_c0 --> cpd00003_c0 + cpd11569_c0,,0.0,1000.0,H,1,c0
cpd00067_c0,rxn01476,H+,cpd00001_c0 + cpd00911_c0 --> cpd00067_c0 + cpd00284_c0,,0.0,1000.0,H,1,c0
cpd00067_c0,rxn13990,H+,cpd00002_c0 + cpd00122_c0 --> cpd00008_c0 + cpd00067_c0 + cpd02611_c0,,0.0,1000.0,H,1,c0
cpd00067_c0,rxn00717,H+,cpd00001_c0 + cpd00067_c0 + cpd00307_c0 --> cpd00013_c0 + cpd00092_c0,,0.0,1000.0,H,1,c0
cpd00067_c0,rxn03409,H+,cpd00002_c0 + cpd00013_c0 + cpd03495_c0 --> cpd00008_c0 + cpd00009_c0 + cpd00067_c0 + cpd03496_c0,,0.0,1000.0,H,1,c0
cpd00067_c0,rxn00646,H+,cpd00002_c0 + cpd00023_c0 + cpd00084_c0 --> cpd00008_c0 + cpd00009_c0 + cpd00067_c0 + cpd00506_c0,,0.0,1000.0,H,1,c0
cpd00067_c0,rxn09449,H+,cpd00002_c0 + cpd00010_c0 + cpd01080_c0 --> cpd00012_c0 + cpd00018_c0 + cpd00067_c0 + cpd00327_c0,,0.0,1000.0,H,1,c0
cpd00067_c0,rxn06493,H+,cpd00003_c0 + cpd12225_c0 <=> cpd00004_c0 + cpd00067_c0 + cpd12005_c0,,-1000.0,1000.0,H,1,c0
cpd00067_c0,rxn00058,H+,cpd00007_c0 + 4.0 cpd00067_c0 + 4.0 cpd00110_c0 --> 2.0 cpd00001_c0 + 4.0 cpd00109_c0,,0.0,1000.0,H,1,c0
cpd00067_c0,R00103,H+,cpd00001_c0 + cpd00003_c0 --> cpd00018_c0 + 2.0 cpd00067_c0 + cpd00355_c0,,0.0,1000.0,H,1,c0
cpd00067_c0,rxn05464,H+,cpd00004_c0 + cpd00067_c0 + cpd11572_c0 --> cpd00003_c0 + cpd11573_c0,,0.0,1000.0,H,1,c0
cpd00067_c0,rxn08708,H+,cpd00002_c0 + cpd15484_c0 <=> cpd00008_c0 + cpd00067_c0 + cpd15549_c0,,-1000.0,1000.0,H,1,c0
cpd00067_c0,rxn00313,H+,cpd00067_c0 + cpd00516_c0 <=> cpd00011_c0 + cpd00039_c0,,-1000.0,1000.0,H,1,c0
cpd00067_c0,rxn02402,H+,cpd00067_c0 + cpd00103_c0 + cpd02333_c0 --> cpd00011_c0 + cpd00012_c0 + cpd00873_c0,,0.0,1000.0,H,1,c0
cpd00067_c0,rxn02003,H+,cpd00006_c0 + cpd02113_c0 <=> cpd00005_c0 + cpd00067_c0 + cpd00522_c0,,-1000.0,1000.0,H,1,c0
cpd00067_c0,rxn05539,H+,cpd00001_c0 + cpd00002_c0 + cpd01017_e0 --> cpd00008_c0 + cpd00009_c0 + cpd00067_c0 + cpd01017_c0,,0.0,1000.0,H,1,c0
cpd00067_c0,rxn01486,H+,cpd00113_c0 + cpd00350_c0 --> cpd00012_c0 + cpd00067_c0 + cpd00289_c0,,0.0,1000.0,H,1,c0
cpd00067_c0,rxn09240,H+,cpd00001_c0 + cpd00002_c0 + cpd00038_c0 + cpd00048_c0 --> cpd00009_c0 + cpd00012_c0 + cpd00031_c0 + cpd00067_c0 + cpd00193_c0,,0.0,1000.0,H,1,c0
cpd00067_c0,rxn00533,H+,cpd00002_c0 + cpd00022_c0 + cpd00242_c0 <=> cpd00008_c0 + cpd00009_c0 + cpd00067_c0 + cpd00070_c0,,-1000.0,1000.0,H,1,c0
cpd00067_c0,rxn09197,H+,2.0 cpd00067_c0 + cpd15552_c0 <=> cpd00011_c0 + cpd15528_c0,,-1000.0,1000.0,H,1,c0
cpd00067_c0,rxn11937,H+,cpd00004_c0 + cpd00067_c0 + cpd00659_c0 --> cpd00001_c0 + cpd00003_c0 + cpd00528_c0,,0.0,1000.0,H,1,c0
cpd00067_c0,rxn10219,H+,cpd11441_c0 + cpd15676_c0 --> cpd00010_c0 + cpd00067_c0 + cpd15682_c0,,0.0,1000.0,H,1,c0
cpd00067_c0,rxn05324,H+,cpd00004_c0 + cpd00067_c0 + cpd11469_c0 --> cpd00003_c0 + cpd11468_c0,,0.0,1000.0,H,1,c0
cpd00067_c0,rxn02369,H+,cpd00938_c0 <=> cpd00067_c0 + cpd00856_c0,,-1000.0,1000.0,H,1,c0
cpd00067_c0,rxn00962,H+,cpd00005_c0 + cpd00007_c0 + cpd00067_c0 + cpd00136_c0 --> cpd00001_c0 + cpd00006_c0 + cpd00197_c0,,0.0,1000.0,H,1,c0
cpd00067_c0,rxn02474,H+,cpd00006_c0 + cpd02720_c0 <=> cpd00005_c0 + cpd00067_c0 + cpd00931_c0,,-1000.0,1000.0,H,1,c0
cpd00067_c0,rxn09203,H+,2.0 cpd00067_c0 + cpd15558_c0 <=> cpd00011_c0 + cpd15534_c0,,-1000.0,1000.0,H,1,c0
cpd00067_c0,rxn10224,H+,cpd00052_c0 + cpd15681_c0 <=> cpd00012_c0 + cpd00067_c0 + cpd15687_c0,,-1000.0,1000.0,H,1,c0
cpd00067_c0,rxn00965,H+,cpd00001_c0 + cpd01892_c0 --> cpd00010_c0 + cpd00067_c0 + cpd00136_c0,,0.0,1000.0,H,1,c0
cpd00067_c0,rxn05175,H+,cpd00001_c0 + cpd00002_c0 + cpd00264_e0 --> cpd00008_c0 + cpd00009_c0 + cpd00067_c0 + cpd00264_c0,,0.0,1000.0,H,1,c0
cpd00067_c0,rxn09188,H+,cpd00015_c0 + cpd00129_c0 <=> cpd00067_c0 + cpd00982_c0 + cpd02431_c0,,-1000.0,1000.0,H,1,c0
cpd00067_c0,rxn01975,H+,cpd00006_c0 + cpd00863_c0 <=> cpd00005_c0 + cpd00067_c0 + cpd00911_c0,,-1000.0,1000.0,H,1,c0
cpd00067_c0,rxn05156,H+,cpd00001_c0 + cpd00002_c0 + cpd00064_e0 --> cpd00008_c0 + cpd00009_c0 + cpd00064_c0 + cpd00067_c0,,0.0,1000.0,H,1,c0
cpd00067_c0,rxn08756,H+,cpd00004_c0 + cpd00067_c0 + cpd08615_c0 --> cpd00001_c0 + cpd00003_c0 + cpd00113_c0,,0.0,1000.0,H,1,c0
cpd00067_c0,rxn00351,H+,cpd00002_c0 + cpd00033_c0 + cpd00506_c0 --> cpd00008_c0 + cpd00009_c0 + cpd00042_c0 + cpd00067_c0,,0.0,1000.0,H,1,c0
cpd00067_c0,rxn01073,H+,cpd00001_c0 + cpd00908_c0 --> cpd00067_c0 + cpd00080_c0 + cpd00162_c0,,0.0,1000.0,H,1,c0
cpd00067_c0,rxn09107,H+,cpd00001_c0 + cpd15548_c0 --> cpd00009_c0 + cpd00067_c0 + cpd15541_c0,,0.0,1000.0,H,1,c0
cpd00067_c0,rxn03886,H+,cpd00003_c0 + cpd00804_c0 <=> cpd00004_c0 + cpd00067_c0 + cpd00072_c0,,-1000.0,1000.0,H,1,c0
cpd00067_c0,rxn00086,H+,cpd00006_c0 + 2.0 cpd00042_c0 <=> cpd00005_c0 + cpd00067_c0 + cpd00111_c0,,-1000.0,1000.0,H,1,c0
cpd00067_c0,rxn10231,H+,cpd00054_c0 + cpd15688_c0 --> cpd00046_c0 + 2.0 cpd00067_c0 + cpd15694_c0,,0.0,1000.0,H,1,c0
cpd00067_c0,rxn02933,H+,cpd00003_c0 + cpd02691_c0 <=> cpd00004_c0 + cpd00067_c0 + cpd02124_c0,,-1000.0,1000.0,H,1,c0
cpd00067_c0,rxn00470,H+,cpd00064_c0 + cpd00067_c0 --> cpd00011_c0 + cpd00118_c0,,0.0,1000.0,H,1,c0
cpd00067_c0,rxn04787,H+,cpd00022_c0 + cpd02095_c0 --> cpd00010_c0 + cpd00067_c0 + cpd03862_c0,,0.0,1000.0,H,1,c0
cpd00067_c0,rxn00441,H+,cpd00024_c0 + cpd00056_c0 + cpd00067_c0 --> cpd00011_c0 + cpd03189_c0,,0.0,1000.0,H,1,c0
cpd00067_c0,rxn05430,H+,cpd00005_c0 + cpd00067_c0 + cpd11566_c0 <=> cpd00006_c0 + cpd11567_c0,,-1000.0,1000.0,H,1,c0
cpd00067_c0,rxn02897,H+,cpd00873_c0 + cpd01997_c0 <=> cpd00067_c0 + cpd00218_c0 + cpd02904_c0,,-1000.0,1000.0,H,1,c0
cpd00067_c0,rxn00615,H+,cpd00002_c0 + cpd00100_c0 <=> cpd00008_c0 + cpd00067_c0 + cpd00080_c0,,-1000.0,1000.0,H,1,c0
cpd00067_c0,rxn11944,H+,cpd00017_c0 + cpd02555_c0 --> cpd00019_c0 + cpd00067_c0 + cpd02738_c0,,0.0,1000.0,H,1,c0
cpd00067_c0,rxn10770,H+,cpd00003_c0 + cpd00098_c0 <=> cpd00004_c0 + cpd00067_c0 + cpd00447_c0,,-1000.0,1000.0,H,1,c0
cpd00067_c0,rxn09310,H+,cpd00002_c0 + cpd00069_c0 + cpd00084_c0 + cpd08289_c0 --> cpd00001_c0 + cpd00011_c0 + cpd00012_c0 + cpd00018_c0 + cpd00035_c0 + 2.0 cpd00067_c0 + cpd02654_c0 + cpd15378_c0,,0.0,1000.0,H,1,c0
cpd00067_c0,rxn08810,H+,cpd00001_c0 + cpd15318_c0 <=> cpd00067_c0 + cpd01741_c0 + cpd02090_c0,,-1000.0,1000.0,H,1,c0
cpd00067_c0,rxn11268,H+,cpd00012_c0 + cpd00067_c0 --> cpd00012_e0 + cpd00067_e0,,0.0,1000.0,H,1,c0
cpd00067_c0,rxn01210,H+,cpd00002_c0 + cpd00023_c0 + cpd00201_c0 --> cpd00008_c0 + cpd00009_c0 + cpd00067_c0 + cpd03524_c0,,0.0,1000.0,H,1,c0
cpd00067_c0,rxn22447,H+,cpd00001_c0 + 2.0 cpd00109_c0 + cpd00528_c0 <=> 2.0 cpd00067_c0 + 2.0 cpd00110_c0 + cpd00659_c0,,-1000.0,1000.0,H,1,c0
cpd00067_c0,rxn05540,H+,cpd00001_c0 + cpd00002_c0 + cpd11587_e0 --> cpd00008_c0 + cpd00009_c0 + cpd00067_c0 + cpd11587_c0,,0.0,1000.0,H,1,c0
cpd00067_c0,rxn01286,H+,cpd00001_c0 + cpd00003_c0 + cpd00448_c0 --> cpd00004_c0 + 2.0 cpd00067_c0 + cpd00223_c0,,0.0,1000.0,H,1,c0
cpd00067_c0,R11337,H+,cpd00003_c0 + cpd00795_e0 <=> cpd00004_c0 + cpd00024_c0 + cpd00067_c0,,-1000.0,1000.0,H,1,c0
cpd00067_c0,rxn05733,H+,cpd00268_c0 + cpd00722_c0 + cpd11421_c0 --> cpd00029_c0 + cpd00067_c0 + cpd00081_c0 + cpd00084_c0 + cpd11420_c0,,0.0,1000.0,H,1,c0
cpd00067_c0,rxn08307,H+,cpd00052_c0 + cpd15522_c0 <=> cpd00012_c0 + cpd00067_c0 + cpd15423_c0,,-1000.0,1000.0,H,1,c0
cpd00067_c0,rxn00199,H+,cpd00067_c0 + cpd03187_c0 --> cpd00011_c0 + cpd00024_c0,,0.0,1000.0,H,1,c0
cpd00067_c0,rxn10220,H+,cpd00052_c0 + cpd15677_c0 <=> cpd00012_c0 + cpd00067_c0 + cpd15683_c0,,-1000.0,1000.0,H,1,c0
cpd00067_c0,rxn02341,H+,cpd00067_c0 + cpd02666_c0 --> cpd00011_c0 + cpd00834_c0,,0.0,1000.0,H,1,c0
cpd00067_c0,rxn02449,H+,cpd00001_c0 + cpd02740_c0 --> cpd00009_c0 + cpd00067_c0 + cpd00905_c0,,0.0,1000.0,H,1,c0
cpd00067_c0,rxn01281,H+,cpd00006_c0 + cpd00223_c0 <=> cpd00005_c0 + cpd00067_c0 + cpd00843_c0,,-1000.0,1000.0,H,1,c0
cpd00067_c0,rxn01019,H+,cpd00064_c0 + cpd00146_c0 <=> cpd00009_c0 + cpd00067_c0 + cpd00274_c0,,-1000.0,1000.0,H,1,c0
cpd00067_c0,rxn01053,H+,cpd00001_c0 + cpd00003_c0 + cpd00334_c0 <=> cpd00004_c0 + 2.0 cpd00067_c0 + cpd00159_c0,,-1000.0,1000.0,H,1,c0
cpd00067_c0,rxn00853,H+,cpd00001_c0 + 2.0 cpd00067_c0 + cpd00341_c0 --> cpd00011_c0 + cpd00013_c0 + cpd00118_c0,,0.0,1000.0,H,1,c0
cpd00067_c0,rxn05555,H+,cpd00001_c0 + cpd00002_c0 + cpd10515_e0 --> cpd00008_c0 + cpd00009_c0 + cpd00067_c0 + cpd10515_c0,,0.0,1000.0,H,1,c0
cpd00067_c0,rxn00412,H+,cpd00001_c0 + cpd00002_c0 + cpd00053_c0 + cpd00062_c0 --> cpd00008_c0 + cpd00009_c0 + cpd00023_c0 + cpd00052_c0 + 2.0 cpd00067_c0,,0.0,1000.0,H,1,c0
cpd00067_c0,rxn00851,H+,cpd00002_c0 + 2.0 cpd00117_c0 --> cpd00008_c0 + cpd00009_c0 + cpd00067_c0 + cpd00731_c0,,0.0,1000.0,H,1,c0
cpd00067_c0,biomass1,H+,10000.0 biomass_c0 + 1050000.0 cpd00001_c0 + 1050000.0 cpd00002_c0 --> 10000.0 biomass_e0 + 1050000.0 cpd00008_c0 + 1050000.0 cpd00009_c0 + 1050000.0 cpd00067_c0,,0.0,1000.0,H,1,c0
cpd00067_c0,rxn07295,H+,cpd00033_c0 --> 3.0 cpd00067_c0 + cpd14545_c0,,0.0,1000.0,H,1,c0
cpd00067_c0,rxn08669,H+,cpd00001_c0 + cpd02090_c0 --> cpd00067_c0 + cpd00080_c0 + cpd00100_c0,,0.0,1000.0,H,1,c0
cpd00067_c0,rxn02159,H+,cpd00003_c0 + cpd00641_c0 <=> cpd00004_c0 + cpd00067_c0 + cpd01324_c0,,-1000.0,1000.0,H,1,c0
cpd00067_c0,rxn10226,H+,cpd00054_c0 + cpd15683_c0 --> cpd00046_c0 + 2.0 cpd00067_c0 + cpd15689_c0,,0.0,1000.0,H,1,c0
cpd00067_c0,rxn12008,H+,cpd00113_c0 + cpd02590_c0 --> cpd00012_c0 + cpd00067_c0 + cpd02557_c0,,0.0,1000.0,H,1,c0
cpd00067_c0,rxn00056,H+,cpd00007_c0 + 4.0 cpd00067_c0 + 4.0 cpd10515_c0 <=> 2.0 cpd00001_c0 + 4.0 cpd10516_c0,,-1000.0,1000.0,H,1,c0
cpd00067_c0,rxn03246,H+,cpd00003_c0 + cpd03120_c0 <=> cpd00004_c0 + cpd00067_c0 + cpd03121_c0,,-1000.0,1000.0,H,1,c0
cpd00067_c0,rxn10094,H+,cpd00017_c0 + cpd15352_c0 --> cpd00019_c0 + cpd00067_c0 + cpd15500_c0,,0.0,1000.0,H,1,c0
cpd00067_c0,rxn00346,H+,cpd00041_c0 + cpd00067_c0 --> cpd00011_c0 + cpd00085_c0,,0.0,1000.0,H,1,c0
cpd00067_c0,rxn10121,H+,cpd00067_c0 + cpd00209_c0 + cpd15499_c0 --> cpd00001_c0 + cpd00075_c0 + cpd15500_c0,,0.0,0.0,H,1,c0
cpd00067_c0,rxn05179,H+,cpd00001_c0 + cpd00002_c0 + cpd00322_e0 --> cpd00008_c0 + cpd00009_c0 + cpd00067_c0 + cpd00322_c0,,0.0,1000.0,H,1,c0
cpd00067_c0,rxn00727,H+,cpd00053_c0 + cpd00216_c0 --> cpd00020_c0 + cpd00023_c0 + cpd00067_c0 + cpd00093_c0,,0.0,1000.0,H,1,c0
cpd00067_c0,rxn10237,H+,2.0 cpd00067_c0 + cpd15694_c0 <=> cpd00011_c0 + cpd15700_c0,,-1000.0,1000.0,H,1,c0
cpd00067_c0,rxn08310,H+,cpd00052_c0 + cpd15525_c0 <=> cpd00012_c0 + cpd00067_c0 + cpd15418_c0,,-1000.0,1000.0,H,1,c0
cpd00067_c0,rxn02834,H+,cpd00001_c0 + cpd01775_c0 --> cpd00012_c0 + 2.0 cpd00067_c0 + cpd01777_c0,,0.0,1000.0,H,1,c0
cpd00067_c0,rxn01791,H+,cpd00002_c0 + cpd00085_c0 + cpd00408_c0 --> cpd00012_c0 + cpd00018_c0 + 2.0 cpd00067_c0 + cpd00644_c0,,0.0,1000.0,H,1,c0
cpd00067_c0,rxn05669,H+,cpd00067_e0 + cpd00156_e0 <=> cpd00067_c0 + cpd00156_c0,,-1000.0,1000.0,H,1,c0
cpd00067_c0,rxn03891,H+,cpd00113_c0 + cpd00906_c0 --> cpd00012_c0 + cpd00067_c0 + cpd02590_c0,,0.0,1000.0,H,1,c0
cpd00067_c0,rxn00827,H+,cpd00052_c0 + cpd00232_c0 --> cpd00012_c0 + cpd00067_c0 + cpd00112_c0,,0.0,1000.0,H,1,c0
cpd00067_c0,rxn01199,H+,cpd00002_c0 + cpd00259_c0 <=> cpd00008_c0 + cpd00067_c0 + cpd00198_c0,,-1000.0,1000.0,H,1,c0
cpd00067_c0,rxn00029,H+,2.0 cpd00338_c0 --> 2.0 cpd00001_c0 + cpd00067_c0 + cpd00689_c0,,0.0,1000.0,H,1,c0
cpd00067_c0,rxn03135,H+,cpd00053_c0 + cpd02991_c0 --> cpd00023_c0 + cpd00067_c0 + cpd02843_c0 + cpd02851_c0,,0.0,1000.0,H,1,c0
cpd00067_c0,rxn00407,H+,cpd00001_c0 + cpd00052_c0 + cpd00067_c0 --> cpd00013_c0 + cpd00062_c0,,0.0,1000.0,H,1,c0
cpd00067_c0,rxn10215,H+,cpd11434_c0 + cpd15672_c0 --> cpd00010_c0 + cpd00067_c0 + cpd15678_c0,,0.0,1000.0,H,1,c0
cpd00067_c0,rxn05145,H+,cpd00001_c0 + cpd00002_c0 + cpd00009_e0 --> cpd00008_c0 + 2.0 cpd00009_c0 + cpd00067_c0,,0.0,1000.0,H,1,c0
cpd00067_c0,rxn05151,H+,cpd00001_c0 + cpd00002_c0 + cpd00039_e0 --> cpd00008_c0 + cpd00009_c0 + cpd00039_c0 + cpd00067_c0,,0.0,1000.0,H,1,c0
cpd00067_c0,rxn08796,H+,cpd00001_c0 + cpd15325_c0 <=> cpd00067_c0 + cpd00080_c0 + cpd01741_c0,,-1000.0,1000.0,H,1,c0
cpd00067_c0,rxn02483,H+,cpd00067_c0 + cpd00938_c0 --> cpd00011_c0 + cpd02255_c0,,0.0,1000.0,H,1,c0
cpd00067_c0,rxn01573,H+,cpd00001_c0 + cpd00003_c0 + cpd00322_c0 <=> cpd00004_c0 + cpd00013_c0 + cpd00067_c0 + cpd00508_c0,,-1000.0,1000.0,H,1,c0
cpd00067_c0,rxn00604,H+,cpd00006_c0 + cpd00079_c0 <=> cpd00005_c0 + cpd00067_c0 + cpd00911_c0,,-1000.0,1000.0,H,1,c0
cpd00067_c0,rxn04385,H+,cpd00067_c0 + cpd08928_c0 --> cpd00011_c0 + cpd02547_c0,,0.0,1000.0,H,1,c0
cpd00067_c0,rxn03433,H+,cpd00001_c0 + cpd03572_c0 --> cpd00010_c0 + cpd00067_c0 + cpd00876_c0,,0.0,1000.0,H,1,c0
cpd00067_c0,rxn05625,H+,cpd00067_e0 + cpd00075_e0 <=> cpd00067_c0 + cpd00075_c0,,-1000.0,1000.0,H,1,c0
cpd00067_c0,rxn02937,H+,cpd00002_c0 + cpd02826_c0 <=> cpd00008_c0 + cpd00009_c0 + cpd00067_c0 + cpd02140_c0,,-1000.0,1000.0,H,1,c0
cpd00067_c0,rxn01018,H+,cpd00041_c0 + cpd00146_c0 --> cpd00009_c0 + cpd00067_c0 + cpd00343_c0,,0.0,1000.0,H,1,c0
cpd00067_c0,rxn05449,H+,cpd00004_c0 + cpd00067_c0 + cpd11564_c0 --> cpd00003_c0 + cpd11565_c0,,0.0,1000.0,H,1,c0
cpd00067_c0,rxn03242,H+,cpd00003_c0 + cpd03116_c0 <=> cpd00004_c0 + cpd00067_c0 + cpd03117_c0,,-1000.0,1000.0,H,1,c0
cpd00067_c0,rxn12512,H+,cpd00002_c0 + cpd00084_c0 + cpd02201_c0 --> cpd00012_c0 + cpd00018_c0 + 2.0 cpd00067_c0 + cpd02666_c0,,0.0,1000.0,H,1,c0
cpd00067_c0,rxn00101,H+,cpd00001_c0 + 2.0 cpd00067_c0 + cpd00073_c0 --> cpd00011_c0 + 2.0 cpd00013_c0,,0.0,1000.0,H,1,c0
cpd00067_c0,EXpd00068,H+,cpd00067_c0 <=> ,,-1000.0,1000.0,H,1,c0
cpd00067_c0,rxn03638,H+,cpd00022_c0 + cpd03671_c0 --> cpd00010_c0 + cpd00067_c0 + cpd02611_c0,,0.0,1000.0,H,1,c0
cpd00067_c0,rxn09200,H+,2.0 cpd00067_c0 + cpd15555_c0 <=> cpd00011_c0 + cpd15531_c0,,-1000.0,1000.0,H,1,c0
cpd00067_c0,rxn00206,H+,2.0 cpd00067_c0 + 2.0 cpd00532_c0 --> cpd00007_c0 + cpd00025_c0,,0.0,1000.0,H,1,c0
cpd00067_c0,rxn10223,H+,cpd00052_c0 + cpd15680_c0 <=> cpd00012_c0 + cpd00067_c0 + cpd15686_c0,,-1000.0,1000.0,H,1,c0
cpd00067_c0,ADDitrate,H+,cpd00067_e0 + cpd00137_e0 <=> cpd00067_c0 + cpd00137_c0,,-1000.0,1000.0,H,1,c0
cpd00067_c0,rxn08851,H+,cpd00001_c0 + cpd15349_c0 <=> cpd00067_c0 + cpd02090_c0 + cpd15269_c0,,-1000.0,1000.0,H,1,c0
cpd00067_c0,rxn01654,H+,cpd00013_c0 + cpd00347_c0 --> 2.0 cpd00067_c0 + cpd00502_c0,,0.0,1000.0,H,1,c0
cpd00067_c0,rxn05683,H+,cpd00067_e0 + cpd00211_e0 <=> cpd00067_c0 + cpd00211_c0,,-1000.0,1000.0,H,1,c0
cpd00067_c0,rxn01300,H+,cpd00002_c0 + cpd00227_c0 <=> cpd00008_c0 + cpd00067_c0 + cpd00809_c0,,-1000.0,1000.0,H,1,c0
cpd00067_c0,rxn01459,H+,cpd00001_c0 + cpd00006_c0 + cpd00434_c0 --> cpd00005_c0 + 2.0 cpd00067_c0 + cpd00281_c0,,0.0,1000.0,H,1,c0
cpd00067_c0,rxn00686,H+,cpd00006_c0 + cpd00087_c0 <=> cpd00005_c0 + cpd00067_c0 + cpd00330_c0,,-1000.0,1000.0,H,1,c0
cpd00067_c0,ADD_acetate,H+,cpd00029_e0 + cpd00067_e0 <=> cpd00029_c0 + cpd00067_c0,,-1000.0,1000.0,H,1,c0
cpd00067_c0,rxn06078,H+,cpd00268_c0 + cpd00790_c0 + cpd11421_c0 --> cpd00029_c0 + cpd00067_c0 + cpd00081_c0 + cpd00135_c0 + cpd11420_c0,,0.0,1000.0,H,1,c0
cpd00067_c0,rxn10060,H+,cpd00003_c0 + cpd00357_c0 <=> cpd00006_c0 + cpd00067_c0 + cpd00297_c0,,-1000.0,1000.0,H,1,c0
cpd00067_c0,rxn08841,H+,cpd00001_c0 + cpd15339_c0 <=> cpd00067_c0 + cpd00214_c0 + cpd00908_c0,,-1000.0,1000.0,H,1,c0
cpd00067_c0,rxn00175,H+,cpd00002_c0 + cpd00010_c0 + cpd00029_c0 --> cpd00012_c0 + cpd00018_c0 + cpd00022_c0 + cpd00067_c0,,0.0,1000.0,H,1,c0
cpd00067_c0,rxn00791,H+,cpd00093_c0 + cpd00103_c0 --> cpd00012_c0 + cpd00067_c0 + cpd02642_c0,,0.0,1000.0,H,1,c0
cpd00067_c0,ADD_propionate,H+,cpd00067_e0 + cpd00141_e0 <=> cpd00067_c0 + cpd00141_c0,,-1000.0,1000.0,H,1,c0
cpd00067_c0,rxn00868,H+,cpd00004_c0 + cpd00067_c0 + cpd00650_c0 --> cpd00003_c0 + cpd00120_c0,,0.0,1000.0,H,1,c0
cpd00067_c0,rxn01434,H+,cpd00002_c0 + cpd00041_c0 + cpd00274_c0 <=> cpd00012_c0 + cpd00018_c0 + 2.0 cpd00067_c0 + cpd02152_c0,,-1000.0,1000.0,H,1,c0
cpd00067_c0,rxn01451,H+,cpd00003_c0 + cpd00842_c0 <=> cpd00004_c0 + cpd00067_c0 + cpd00279_c0,,-1000.0,1000.0,H,1,c0
cpd00067_c0,rxn10013,H+,cpd00004_c0 + cpd00067_c0 + cpd02060_c0 --> cpd00003_c0 + cpd01260_c0,,0.0,1000.0,H,1,c0
cpd00067_c0,rxn08618,H+,cpd00026_c0 + cpd15489_c0 <=> cpd00014_c0 + 4.0 cpd00067_c0 + cpd15479_c0,,-1000.0,1000.0,H,1,c0
cpd00067_c0,rxn09201,H+,2.0 cpd00067_c0 + cpd15556_c0 <=> cpd00011_c0 + cpd15532_c0,,-1000.0,1000.0,H,1,c0
cpd00067_c0,rxn05301,H+,cpd00067_e0 + cpd00069_e0 <=> cpd00067_c0 + cpd00069_c0,,-1000.0,1000.0,H,1,c0
cpd00067_c0,ADD_2_Oxoglutarate,H+,cpd00024_e0 + cpd00067_e0 <=> cpd00024_c0 + cpd00067_c0,,-1000.0,1000.0,H,1,c0
cpd00067_c0,rxn10214,H+,cpd11432_c0 + cpd15671_c0 --> cpd00010_c0 + cpd00067_c0 + cpd15677_c0,,0.0,1000.0,H,1,c0
cpd00067_c0,rxn00256,H+,cpd00001_c0 + cpd00022_c0 + cpd00032_c0 --> cpd00010_c0 + cpd00067_c0 + cpd00137_c0,,0.0,1000.0,H,1,c0
cpd00067_c0,ADD_gluconate,H+,cpd00067_e0 + cpd00222_e0 --> cpd00067_c0 + cpd00222_c0,,0.0,1000.0,H,1,c0
cpd00067_c0,rxn12636,H+,cpd00001_c0 + cpd00067_c0 + cpd11590_c0 <=> cpd00035_c0 + cpd00060_c0,,-1000.0,1000.0,H,1,c0
cpd00067_c0,rxn05092,H+,cpd00007_c0 + cpd11255_c0 --> cpd00047_c0 + 2.0 cpd00067_c0 + cpd00869_c0,,0.0,1000.0,H,1,c0
cpd00067_c0,rxn02503,H+,cpd00002_c0 + cpd00954_c0 <=> cpd00018_c0 + 2.0 cpd00067_c0 + cpd02920_c0,,-1000.0,1000.0,H,1,c0
cpd00067_c0,rxn08084,H+,cpd00067_c0 + cpd11466_c0 + cpd15331_c0 --> cpd11493_c0 + cpd15522_c0,,0.0,1000.0,H,1,c0
cpd00067_c0,ADD_formate,H+,cpd00047_e0 + cpd00067_e0 <=> cpd00047_c0 + cpd00067_c0,,-1000.0,1000.0,H,1,c0
cpd00067_c0,rxn10042,H+,cpd00008_c0 + cpd00009_c0 + 4.0 cpd00067_e0 --> cpd00001_c0 + cpd00002_c0 + 3.0 cpd00067_c0,,0.0,1000.0,H,1,c0
cpd00067_c0,rxn06526,H+,cpd00006_c0 + cpd12072_c0 <=> cpd00005_c0 + cpd00067_c0 + cpd12139_c0,,-1000.0,1000.0,H,1,c0
cpd00067_c0,rxn05445,H+,cpd00004_c0 + cpd00067_c0 + cpd11548_c0 --> cpd00003_c0 + cpd11549_c0,,0.0,1000.0,H,1,c0
cpd00067_c0,rxn09101,H+,cpd00001_c0 + cpd15542_c0 --> cpd00009_c0 + cpd00067_c0 + cpd15535_c0,,0.0,1000.0,H,1,c0
cpd00067_c0,rxn10120,H+,cpd00067_c0 + cpd00209_c0 + cpd15561_c0 --> cpd00001_c0 + cpd00075_c0 + cpd15560_c0,,0.0,1000.0,H,1,c0
cpd00067_c0,rxn05208,H+,cpd00067_c0 + cpd00130_c0 + cpd00221_e0 + cpd00971_e0 <=> cpd00067_e0 + cpd00130_e0 + cpd00221_c0 + cpd00971_c0,,-1000.0,1000.0,H,1,c0
cpd00067_c0,ADD_D_Malate,H+,cpd00067_e0 + cpd00386_e0 <=> cpd00067_c0 + cpd00386_c0,,-1000.0,1000.0,H,1,c0
cpd00067_c0,rxn05536,H+,cpd00001_c0 + cpd00002_c0 + cpd11590_e0 --> cpd00008_c0 + cpd00009_c0 + cpd00067_c0 + cpd11590_c0,,0.0,1000.0,H,1,c0
cpd00067_c0,rxn08842,H+,cpd00001_c0 + cpd15340_c0 <=> cpd00067_c0 + cpd00908_c0 + cpd15237_c0,,-1000.0,1000.0,H,1,c0
cpd00067_c0,rxn01313,H+,cpd00004_c0 + cpd00067_c0 + cpd00231_c0 <=> cpd00003_c0 + cpd00233_c0,,-1000.0,1000.0,H,1,c0
cpd00067_c0,rxn05243,H+,cpd00067_e0 + cpd00107_e0 <=> cpd00067_c0 + cpd00107_c0,,-1000.0,1000.0,H,1,c0
cpd00067_c0,rxn10855,H+,cpd00067_e0 + cpd16062_e0 <=> cpd00067_c0 + cpd16062_c0,,-1000.0,1000.0,H,1,c0
cpd00067_c0,rxn00187,H+,cpd00002_c0 + cpd00013_c0 + cpd00023_c0 --> cpd00008_c0 + cpd00009_c0 + cpd00053_c0 + cpd00067_c0,,0.0,1000.0,H,1,c0
cpd00067_c0,rxn05323,H+,cpd00004_c0 + cpd00067_c0 + cpd11467_c0 --> cpd00003_c0 + cpd11466_c0,,0.0,1000.0,H,1,c0
cpd00067_c0,rxn06979,H+,2.0 cpd00001_c0 + 2.0 cpd00002_c0 + 2.0 cpd00053_c0 + cpd03421_c0 <=> 2.0 cpd00008_c0 + 2.0 cpd00009_c0 + 2.0 cpd00023_c0 + 2.0 cpd00067_c0 + cpd03914_c0,,-1000.0,1000.0,H,1,c0
cpd00067_c0,rxn05170,H+,cpd00001_c0 + cpd00002_c0 + cpd00179_e0 --> cpd00008_c0 + cpd00009_c0 + cpd00067_c0 + cpd00179_c0,,0.0,1000.0,H,1,c0
cpd00067_c0,rxn10571,H+,cpd00001_c0 + cpd00002_c0 + cpd00254_e0 --> cpd00008_c0 + cpd00009_c0 + cpd00067_c0 + cpd00254_c0,,0.0,1000.0,H,1,c0
cpd00067_c0,rxn00741,H+,cpd00003_c0 + cpd03561_c0 --> cpd00004_c0 + cpd00067_c0 + cpd00094_c0,,0.0,1000.0,H,1,c0
cpd00067_c0,rxn01644,H+,cpd00020_c0 + cpd00346_c0 --> 2.0 cpd00001_c0 + cpd00067_c0 + cpd02120_c0,,0.0,1000.0,H,1,c0
cpd00067_c0,rxn08800,H+,cpd00001_c0 + cpd15326_c0 <=> 2.0 cpd00067_c0 + cpd00080_c0 + cpd15237_c0,,-1000.0,1000.0,H,1,c0
cpd00067_c0,rxn05153,H+,cpd00001_c0 + cpd00002_c0 + cpd00048_e0 --> cpd00008_c0 + cpd00009_c0 + cpd00048_c0 + cpd00067_c0,,0.0,1000.0,H,1,c0
cpd00067_c0,rxn00506,H+,cpd00001_c0 + cpd00003_c0 + cpd00071_c0 --> cpd00004_c0 + cpd00029_c0 + 2.0 cpd00067_c0,,0.0,1000.0,H,1,c0
cpd00067_c0,rxn03084,H+,cpd00001_c0 + cpd00002_c0 + cpd00053_c0 + cpd02678_c0 --> cpd00008_c0 + cpd00009_c0 + cpd00023_c0 + cpd00067_c0 + cpd02826_c0,,0.0,1000.0,H,1,c0
cpd00067_c0,rxn02303,H+,cpd00007_c0 + 2.0 cpd00067_c0 + cpd02083_c0 <=> 2.0 cpd00001_c0 + 2.0 cpd00011_c0 + cpd00791_c0,,-1000.0,1000.0,H,1,c0
cpd00067_c0,rxn05195,H+,cpd00001_c0 + cpd00002_c0 + cpd10516_e0 --> cpd00008_c0 + cpd00009_c0 + cpd00067_c0 + cpd10516_c0,,0.0,1000.0,H,1,c0
cpd00067_c0,R00993,H+,cpd00007_c0 + cpd00009_c0 + cpd00067_c0 + cpd00094_c0 --> cpd00011_c0 + cpd00025_c0 + cpd01844_c0,,0.0,1000.0,H,1,c0
cpd00067_c0,rxn06729,H+,cpd00037_c0 + cpd00067_c0 + cpd11484_c0 --> cpd02886_c0 + cpd11493_c0,,0.0,1000.0,H,1,c0
cpd00067_c0,rxn05460,H+,cpd00067_c0 + cpd11476_c0 + cpd11492_c0 --> cpd00011_c0 + cpd11493_c0 + cpd11570_c0,,0.0,1000.0,H,1,c0
cpd00067_c0,rxn01519,H+,cpd00001_c0 + cpd00358_c0 --> cpd00012_c0 + 2.0 cpd00067_c0 + cpd00299_c0,,0.0,1000.0,H,1,c0
cpd00067_c0,rxn00011,H+,cpd00020_c0 + cpd00056_c0 + cpd00067_c0 --> cpd00011_c0 + cpd03049_c0,,0.0,1000.0,H,1,c0
cpd00067_c0,rxn00547,H+,cpd00002_c0 + cpd00082_c0 <=> cpd00008_c0 + cpd00067_c0 + cpd00072_c0,,-1000.0,1000.0,H,1,c0
cpd00067_c0,rxn12850,H+,cpd00001_c0 + cpd00002_c0 + cpd15605_e0 --> cpd00008_c0 + cpd00009_c0 + cpd00067_c0 + cpd15605_c0,,0.0,1000.0,H,1,c0
cpd00067_c0,rxn00062,H+,cpd00001_c0 + cpd00002_c0 --> cpd00008_c0 + cpd00009_c0 + cpd00067_c0,,4.98,1000.0,H,1,c0
cpd00067_c0,rxn01387,H+,cpd00006_c0 + cpd00260_c0 <=> cpd00005_c0 + cpd00067_c0 + cpd03187_c0,,-1000.0,1000.0,H,1,c0
cpd00067_c0,rxn05305,H+,cpd00039_c0 + cpd00067_e0 <=> cpd00039_e0 + cpd00067_c0,,-1000.0,1000.0,H,1,c0
cpd00067_c0,rxn01192,H+,cpd00007_c0 + cpd00197_c0 --> 2.0 cpd00067_c0 + cpd00856_c0,,0.0,1000.0,H,1,c0
cpd00067_c0,rxn08845,H+,cpd00001_c0 + cpd15343_c0 <=> cpd00067_c0 + cpd01741_c0 + cpd02090_c0,,-1000.0,1000.0,H,1,c0
cpd00067_c0,rxn03843,H+,cpd00113_c0 + cpd00350_c0 --> cpd00012_c0 + cpd00067_c0 + cpd08211_c0,,0.0,1000.0,H,1,c0
cpd00067_c0,rxn01208,H+,cpd00067_c0 + cpd02605_c0 --> cpd00011_c0 + cpd00200_c0,,0.0,1000.0,H,1,c0
cpd00067_c0,rxn02928,H+,cpd00004_c0 + cpd00067_c0 + cpd02120_c0 --> cpd00001_c0 + cpd00003_c0 + cpd02465_c0,,0.0,1000.0,H,1,c0
cpd00067_c0,rxn08823,H+,cpd00001_c0 + cpd15357_c0 <=> 2.0 cpd00067_c0 + cpd00080_c0 + cpd15269_c0,,-1000.0,1000.0,H,1,c0
cpd00067_c0,rxn10043,H+,0.5 cpd00007_c0 + 4.0 cpd00067_c0 + 2.0 cpd00110_c0 --> cpd00001_c0 + 2.0 cpd00067_e0 + 2.0 cpd00109_c0,,0.0,1000.0,H,1,c0
cpd00067_c0,ADD_Tur2,H+,cpd00001_c0 + cpd00002_c0 + cpd20885_e0 --> cpd00008_c0 + cpd00009_c0 + cpd00067_c0 + cpd20885_c0,,0.0,1000.0,H,1,c0
cpd00067_c0,rxn01652,H+,cpd00001_c0 + cpd00347_c0 --> cpd00067_c0 + cpd02197_c0,,0.0,1000.0,H,1,c0
cpd00067_c0,rxn05168,H+,cpd00001_c0 + cpd00002_c0 + cpd00156_e0 --> cpd00008_c0 + cpd00009_c0 + cpd00067_c0 + cpd00156_c0,,0.0,1000.0,H,1,c0
cpd00067_c0,rxn00303,H+,cpd00002_c0 + cpd00038_c0 <=> cpd00018_c0 + 2.0 cpd00067_c0 + cpd02740_c0,,-1000.0,1000.0,H,1,c0
cpd00067_c0,rxn00250,H+,cpd00002_c0 + cpd00020_c0 + cpd00242_c0 --> cpd00008_c0 + cpd00009_c0 + cpd00032_c0 + cpd00067_c0,,0.0,1000.0,H,1,c0
cpd00067_c0,rxn06672,H+,cpd00002_c0 + cpd00242_c0 + cpd12848_c0 <=> cpd00008_c0 + cpd00009_c0 + cpd00067_c0 + cpd12543_c0,,-1000.0,1000.0,H,1,c0
cpd00067_c0,rxn00684,H+,2.0 cpd00004_c0 + 2.0 cpd00067_c0 + cpd00393_c0 --> 2.0 cpd00003_c0 + cpd00087_c0,,0.0,1000.0,H,1,c0
cpd00067_c0,rxn05544,H+,cpd00001_c0 + cpd00002_c0 + cpd11583_e0 --> cpd00008_c0 + cpd00009_c0 + cpd00067_c0 + cpd11583_c0,,0.0,1000.0,H,1,c0
cpd00067_c0,rxn08308,H+,cpd00052_c0 + cpd15523_c0 <=> cpd00012_c0 + cpd00067_c0 + cpd15422_c0,,-1000.0,1000.0,H,1,c0
cpd00067_c0,rxn10161,H+,cpd00067_e0 + cpd01080_e0 <=> cpd00067_c0 + cpd01080_c0,,-1000.0,1000.0,H,1,c0
cpd00067_c0,rxn12851,H+,cpd00001_c0 + cpd00002_c0 + cpd15606_e0 --> cpd00008_c0 + cpd00009_c0 + cpd00067_c0 + cpd15606_c0,,0.0,1000.0,H,1,c0
cpd00067_c0,rxn08087,H+,cpd00067_c0 + cpd15239_c0 + cpd15326_c0 --> cpd11493_c0 + cpd15525_c0,,0.0,1000.0,H,1,c0
cpd00067_c0,rxn05549,H+,cpd00001_c0 + cpd00002_c0 + cpd01242_e0 --> cpd00008_c0 + cpd00009_c0 + cpd00067_c0 + cpd01242_c0,,0.0,1000.0,H,1,c0
cpd00067_c0,rxn10806,H+,0.5 cpd00007_c0 + 2.0 cpd00067_c0 + cpd15499_c0 --> cpd00001_c0 + 2.0 cpd00067_e0 + cpd15500_c0,,0.0,0.0,H,1,c0
cpd00067_c0,rxn03062,H+,cpd00003_c0 + cpd02693_c0 <=> cpd00004_c0 + cpd00067_c0 + cpd02605_c0,,-1000.0,1000.0,H,1,c0
cpd00067_c0,rxn01513,H+,cpd00002_c0 + cpd00067_c0 + cpd00298_c0 <=> cpd00008_c0 + cpd00297_c0,,-1000.0,1000.0,H,1,c0
cpd00067_c0,rxn03898,H+,cpd00005_c0 + cpd00007_c0 + cpd00067_c0 + cpd00153_c0 --> cpd00006_c0 + cpd03762_c0,,0.0,1000.0,H,1,c0
cpd00067_c0,rxn05782,H+,3.0 cpd00001_c0 + cpd02978_c0 --> 3.0 cpd00009_c0 + 2.0 cpd00067_c0 + cpd02961_c0,,0.0,1000.0,H,1,c0
cpd00067_c0,rxn02988,H+,cpd00095_c0 + cpd03470_c0 --> 2.0 cpd00001_c0 + cpd00009_c0 + cpd00067_c0 + cpd02333_c0,,0.0,1000.0,H,1,c0
cpd00067_c0,rxn00770,H+,cpd00002_c0 + cpd00101_c0 <=> cpd00018_c0 + cpd00067_c0 + cpd00103_c0,,-1000.0,1000.0,H,1,c0
cpd00067_c0,rxn00077,H+,cpd00002_c0 + cpd00003_c0 <=> cpd00006_c0 + cpd00008_c0 + cpd00067_c0,,-1000.0,1000.0,H,1,c0
cpd00067_c0,rxn02374,H+,cpd00858_c0 --> cpd00001_c0 + cpd00067_c0 + cpd02431_c0,,0.0,1000.0,H,1,c0
cpd00067_c0,rxn00979,H+,cpd00001_c0 + cpd00003_c0 + cpd00229_c0 --> cpd00004_c0 + 2.0 cpd00067_c0 + cpd00139_c0,,0.0,1000.0,H,1,c0
cpd00067_c0,rxn05341,H+,cpd00006_c0 + cpd11483_c0 <=> cpd00005_c0 + cpd00067_c0 + cpd11490_c0,,-1000.0,1000.0,H,1,c0
cpd00067_c0,rxn01672,H+,cpd00001_c0 + cpd00067_c0 + cpd00356_c0 --> cpd00013_c0 + cpd00358_c0,,0.0,1000.0,H,1,c0
cpd00067_c0,rxn00192,H+,cpd00022_c0 + cpd00023_c0 --> cpd00010_c0 + cpd00067_c0 + cpd00477_c0,,0.0,1000.0,H,1,c0
cpd00067_c0,rxn05116,H+,cpd00067_c0 + cpd04539_c0 --> cpd00011_c0 + cpd08449_c0,,0.0,1000.0,H,1,c0
cpd00067_c0,rxn08653,H+,cpd00067_e0 + cpd00139_e0 <=> cpd00067_c0 + cpd00139_c0,,-1000.0,1000.0,H,1,c0
cpd00067_c0,rxn04954,H+,cpd00003_c0 + cpd00345_c0 <=> cpd00004_c0 + cpd00067_c0 + cpd00125_c0,,-1000.0,1000.0,H,1,c0
cpd00067_c0,rxn00611,H+,cpd00003_c0 + cpd00080_c0 <=> cpd00004_c0 + cpd00067_c0 + cpd00095_c0,,-1000.0,1000.0,H,1,c0
cpd00067_c0,rxn05379,H+,cpd00067_c0 + cpd11492_c0 + cpd11515_c0 --> cpd00011_c0 + cpd11493_c0 + cpd11516_c0,,0.0,1000.0,H,1,c0
cpd00067_c0,rxn03012,H+,cpd02414_c0 --> cpd00001_c0 + cpd00067_c0 + cpd02465_c0,,0.0,1000.0,H,1,c0
cpd00067_c0,rxn00127,H+,cpd00017_c0 + cpd00067_c0 --> cpd00011_c0 + cpd00837_c0,,0.0,1000.0,H,1,c0
cpd00067_c0,rxn08975,H+,cpd00004_c0 + cpd00067_c0 + cpd15560_c0 --> cpd00003_c0 + cpd15561_c0,,0.0,1000.0,H,1,c0
cpd00067_c0,rxn00588,H+,cpd00007_c0 + cpd00077_c0 --> 2.0 cpd00067_c0 + cpd01630_c0,,0.0,1000.0,H,1,c0
cpd00067_c0,rxn05064,H+,2.0 cpd00067_c0 + cpd01101_c0 --> cpd00011_c0 + cpd00013_c0,,0.0,1000.0,H,1,c0
cpd00067_c0,rxn15121,H+,cpd00002_c0 + cpd00724_c0 --> cpd00008_c0 + cpd00067_c0 + cpd00348_c0,,0.0,1000.0,H,1,c0
cpd00067_c0,rxn05436,H+,cpd00004_c0 + cpd00067_c0 + cpd11510_c0 --> cpd00003_c0 + cpd11511_c0,,0.0,1000.0,H,1,c0
cpd00067_c0,rxn09206,H+,cpd00054_c0 + cpd15423_c0 --> cpd00046_c0 + 2.0 cpd00067_c0 + cpd15553_c0,,0.0,1000.0,H,1,c0
cpd00067_c0,rxn00182,H+,cpd00001_c0 + cpd00003_c0 + cpd00023_c0 <=> cpd00004_c0 + cpd00013_c0 + cpd00024_c0 + cpd00067_c0,,-1000.0,1000.0,H,1,c0
cpd00067_c0,rxn02666,H+,cpd00067_c0 + cpd02211_c0 --> cpd00011_c0 + cpd01298_c0,,0.0,1000.0,H,1,c0
cpd00067_c0,rxn12848,H+,cpd00001_c0 + cpd00002_c0 + cpd15603_e0 --> cpd00008_c0 + cpd00009_c0 + cpd00067_c0 + cpd15603_c0,,0.0,1000.0,H,1,c0
cpd00067_c0,rxn03841,H+,cpd08210_c0 --> cpd00020_c0 + cpd00067_c0 + cpd00443_c0,,0.0,1000.0,H,1,c0
cpd00067_c0,rxn05534,H+,cpd00001_c0 + cpd00002_c0 + cpd11592_e0 --> cpd00008_c0 + cpd00009_c0 + cpd00067_c0 + cpd11592_c0,,0.0,1000.0,H,1,c0
cpd00067_c0,rxn01213,H+,cpd00113_c0 + cpd00202_c0 --> cpd00012_c0 + cpd00067_c0 + cpd00283_c0,,0.0,1000.0,H,1,c0
cpd00067_c0,rxn04457,H+,cpd00067_c0 + cpd09027_c0 --> cpd00011_c0 + cpd01567_c0,,0.0,1000.0,H,1,c0
cpd00067_c0,rxn10113,H+,0.5 cpd00007_c0 + 2.0 cpd00067_c0 + cpd15561_c0 --> cpd00001_c0 + 2.0 cpd00067_e0 + cpd15560_c0,,0.0,1000.0,H,1,c0
cpd00067_c0,rxn04413,H+,cpd00038_c0 + cpd03918_c0 <=> cpd00031_c0 + cpd00067_c0 + cpd03919_c0,,-1000.0,1000.0,H,1,c0
cpd00067_c0,rxn00781,H+,cpd00003_c0 + cpd00009_c0 + cpd00102_c0 <=> cpd00004_c0 + cpd00067_c0 + cpd00203_c0,,-1000.0,1000.0,H,1,c0
cpd00067_c0,rxn03918,H+,cpd00002_c0 + cpd04918_c0 <=> cpd00008_c0 + cpd00067_c0 + cpd08316_c0,,-1000.0,1000.0,H,1,c0
cpd00067_c0,rxn03393,H+,cpd00067_c0 + cpd03443_c0 --> cpd00011_c0 + cpd03444_c0,,0.0,1000.0,H,1,c0
cpd00067_c0,rxn05384,H+,cpd00067_c0 + cpd11492_c0 + cpd11520_c0 --> cpd00011_c0 + cpd11493_c0 + cpd11521_c0,,0.0,1000.0,H,1,c0
cpd00067_c0,rxn04456,H+,cpd00067_c0 + cpd09027_c0 --> cpd00011_c0 + cpd01092_c0,,0.0,1000.0,H,1,c0
cpd00067_c0,rxn02484,H+,cpd00002_c0 + cpd00939_c0 --> cpd00008_c0 + cpd00067_c0 + cpd02775_c0,,0.0,1000.0,H,1,c0
cpd00067_c0,rxn03419,H+,cpd00001_c0 + cpd03518_c0 <=> cpd00047_c0 + cpd00067_c0 + cpd03519_c0,,-1000.0,1000.0,H,1,c0
cpd00067_c0,rxn04308,H+,7.0 cpd00113_c0 + cpd08211_c0 --> 7.0 cpd00012_c0 + 7.0 cpd00067_c0 + cpd02229_c0,,0.0,1000.0,H,1,c0
cpd00067_c0,rxn05732,H+,cpd00004_c0 + cpd00067_c0 + cpd03126_c0 --> cpd00003_c0 + cpd00134_c0,,0.0,1000.0,H,1,c0
cpd00067_c0,rxn01664,H+,cpd02522_c0 --> cpd00001_c0 + cpd00067_c0 + cpd00352_c0,,0.0,1000.0,H,1,c0
cpd00067_c0,ADD_TPP3,H+,IscS_with_bound_sulfur_c0 + cpd00002_c0 + cpd00005_c0 + cpd08289_c0 + cpd14545_c0 --> IscS_sulfur_acceptor_protein_c0 + 2.0 cpd00001_c0 + cpd00006_c0 + cpd00011_c0 + cpd00012_c0 + cpd00018_c0 + cpd00067_c0 + cpd02654_c0,,0.0,1000.0,H,1,c0
cpd00067_c0,rxn10122,H+,cpd00004_c0 + 4.0 cpd00067_c0 + cpd15560_c0 --> cpd00003_c0 + 3.0 cpd00067_e0 + cpd15561_c0,,0.0,1000.0,H,1,c0
cpd00067_c0,rxn00775,H+,cpd00001_c0 + cpd00251_c0 --> cpd00018_c0 + 2.0 cpd00067_c0 + cpd00101_c0,,0.0,1000.0,H,1,c0
cpd00067_c0,rxn04783,H+,cpd00002_c0 + cpd00047_c0 + cpd02394_c0 --> cpd00008_c0 + cpd00009_c0 + cpd00067_c0 + cpd02678_c0,,0.0,1000.0,H,1,c0
cpd00067_c0,rxn00364,H+,cpd00002_c0 + cpd00046_c0 + cpd00067_c0 <=> cpd00008_c0 + cpd00096_c0,,-1000.0,1000.0,H,1,c0
cpd00067_c0,rxn08849,H+,cpd00001_c0 + cpd15347_c0 <=> cpd00067_c0 + cpd02090_c0 + cpd15237_c0,,-1000.0,1000.0,H,1,c0
cpd00067_c0,rxn01951,H+,cpd00002_c0 + cpd00492_c0 --> cpd00008_c0 + cpd00067_c0 + cpd02612_c0,,0.0,1000.0,H,1,c0
cpd00067_c0,rxn10125,H+,cpd00004_c0 + cpd00006_c0 + 2.0 cpd00067_e0 --> cpd00003_c0 + cpd00005_c0 + 2.0 cpd00067_c0,,0.0,1000.0,H,1,c0
cpd00067_c0,rxn05397,H+,cpd00005_c0 + cpd00067_c0 + cpd11533_c0 <=> cpd00006_c0 + cpd11534_c0,,-1000.0,1000.0,H,1,c0
cpd00067_c0,rxn05446,H+,cpd00004_c0 + cpd00067_c0 + cpd11552_c0 --> cpd00003_c0 + cpd11553_c0,,0.0,1000.0,H,1,c0
cpd00067_c0,rxn05429,H+,cpd00067_c0 + cpd11492_c0 + cpd11565_c0 --> cpd00011_c0 + cpd11493_c0 + cpd11566_c0,,0.0,1000.0,H,1,c0
cpd00067_c0,rxn05389,H+,cpd00005_c0 + cpd00067_c0 + cpd11525_c0 <=> cpd00006_c0 + cpd11526_c0,,-1000.0,1000.0,H,1,c0
cpd00067_c0,rxn05614,H+,cpd00001_c0 + cpd00002_c0 + cpd11576_e0 --> cpd00008_c0 + cpd00009_c0 + cpd00067_c0 + cpd11576_c0,,0.0,1000.0,H,1,c0
cpd00067_c0,rxn05561,H+,cpd00067_e0 + cpd00106_e0 <=> cpd00067_c0 + cpd00106_c0,,-1000.0,1000.0,H,1,c0
cpd00067_c0,rxn01025,H+,cpd00001_c0 + cpd00067_c0 + cpd01587_c0 --> cpd00013_c0 + cpd00151_c0,,0.0,1000.0,H,1,c0
cpd00067_c0,rxn05435,H+,cpd00004_c0 + cpd00067_c0 + cpd11506_c0 --> cpd00003_c0 + cpd11507_c0,,0.0,1000.0,H,1,c0
cpd00067_c0,rxn01739,H+,cpd00002_c0 + cpd00383_c0 <=> cpd00008_c0 + cpd00067_c0 + cpd02030_c0,,-1000.0,1000.0,H,1,c0
cpd00067_c0,rxn05163,H+,cpd00001_c0 + cpd00002_c0 + cpd00118_e0 --> cpd00008_c0 + cpd00009_c0 + cpd00067_c0 + cpd00118_c0,,0.0,1000.0,H,1,c0
cpd00067_c0,rxn00119,H+,cpd00002_c0 + cpd00067_c0 + cpd00091_c0 --> cpd00008_c0 + cpd00014_c0,,0.0,1000.0,H,1,c0
cpd00067_c0,rxn01406,H+,cpd00118_c0 + cpd00837_c0 --> cpd00067_c0 + cpd00147_c0 + cpd00264_c0,,0.0,1000.0,H,1,c0
cpd00067_c0,rxn03908,H+,cpd00002_c0 + cpd08287_c0 <=> cpd00008_c0 + cpd00067_c0 + cpd08288_c0,,-1000.0,1000.0,H,1,c0
cpd00067_c0,rxn02011,H+,cpd00002_c0 + cpd00516_c0 + cpd00525_c0 --> cpd00008_c0 + cpd00009_c0 + cpd00067_c0 + cpd02964_c0,,0.0,1000.0,H,1,c0
cpd00067_c0,rxn00543,H+,cpd00003_c0 + cpd00363_c0 <=> cpd00004_c0 + cpd00067_c0 + cpd00071_c0,,-1000.0,1000.0,H,1,c0
cpd00067_c0,rxn01603,H+,cpd00002_c0 + cpd00023_c0 + cpd00683_c0 --> cpd00008_c0 + cpd00009_c0 + cpd00067_c0 + cpd00330_c0,,0.0,1000.0,H,1,c0
cpd00067_c0,ADD_TPP8,H+,cpd00001_c0 + cpd00012_c0 --> 2.0 cpd00009_c0 + cpd00067_c0,,0.0,1000.0,H,1,c0
cpd00067_c0,rxn09692,H+,cpd00067_e0 + cpd00098_e0 <=> cpd00067_c0 + cpd00098_c0,,-1000.0,1000.0,H,1,c0
cpd00067_c0,rxn02186,H+,cpd00005_c0 + cpd00067_c0 + cpd00668_c0 <=> cpd00006_c0 + cpd02498_c0,,-1000.0,1000.0,H,1,c0
cpd00067_c0,rxn05515,H+,cpd00001_c0 + cpd00002_c0 + cpd00423_e0 --> cpd00008_c0 + cpd00009_c0 + cpd00067_c0 + cpd00423_c0,,0.0,1000.0,H,1,c0
cpd00067_c0,ADD_D_Fuc3,H+,cpd00003_c0 + cpd00750_c0 --> D_Fucono_σ_lactone_c0 + cpd00004_c0 + cpd00067_c0,,0.0,1000.0,H,1,c0
cpd15321_c0,rxn08813,1-Acyl-sn-glycero-3-phosphoglycerol hexadecanoyl,cpd00001_c0 + cpd15321_c0 <=> cpd00067_c0 + cpd00214_c0 + cpd02090_c0,,-1000.0,1000.0,C22H44O9P,-1,c0
cpd01015_c0,rxn05063,Cyanate,cpd00001_c0 + cpd01015_c0 --> cpd01101_c0,,0.0,1000.0,CNO,-1,c0
cpd15701_c0,rxn10253,"1,2-Diisoheptadecanoyl-sn-glycerol",cpd00002_c0 + cpd15701_c0 <=> cpd00008_c0 + cpd15677_c0,,-1000.0,1000.0,C37H72O5,0,c0
cpd00764_c0,rxn02312,7-8-Diaminononanoate,cpd00017_c0 + cpd00800_c0 <=> cpd00764_c0 + cpd02701_c0,,-1000.0,1000.0,C9H21N2O2,1,c0
cpd00764_c0,rxn02277,7-8-Diaminononanoate,cpd00002_c0 + cpd00011_c0 + cpd00764_c0 --> cpd00008_c0 + cpd00009_c0 + 3.0 cpd00067_c0 + cpd01311_c0,,0.0,1000.0,C9H21N2O2,1,c0
cpd08211_c0,rxn04308,"trans,trans,cis-Geranylgeranyl diphosphate",7.0 cpd00113_c0 + cpd08211_c0 --> 7.0 cpd00012_c0 + 7.0 cpd00067_c0 + cpd02229_c0,,0.0,1000.0,C20H34O7P2,-2,c0
cpd08211_c0,rxn03843,"trans,trans,cis-Geranylgeranyl diphosphate",cpd00113_c0 + cpd00350_c0 --> cpd00012_c0 + cpd00067_c0 + cpd08211_c0,,0.0,1000.0,C20H34O7P2,-2,c0
cpd15324_c0,rxn08816,1-Acyl-sn-glycero-3-phosphoglycerol octadec-11-enoyl,cpd00001_c0 + cpd15324_c0 <=> cpd00067_c0 + cpd02090_c0 + cpd15269_c0,,-1000.0,1000.0,C24H46O9P,-1,c0
cpd15705_c0,rxn10257,"1,2-Dianteisopentadecanoyl-sn-glycerol",cpd00002_c0 + cpd15705_c0 <=> cpd00008_c0 + cpd15681_c0,,-1000.0,1000.0,C33H64O5,0,c0
cpd03914_c0,rxn06979,Cob(II)yrinate diamide,2.0 cpd00001_c0 + 2.0 cpd00002_c0 + 2.0 cpd00053_c0 + cpd03421_c0 <=> 2.0 cpd00008_c0 + 2.0 cpd00009_c0 + 2.0 cpd00023_c0 + 2.0 cpd00067_c0 + cpd03914_c0,,-1000.0,1000.0,C45H56CoN6O12,-4,c0
cpd03914_c0,rxn11650,Cob(II)yrinate diamide,cpd01270_c0 + 2.0 cpd03914_c0 <=> cpd00050_c0 + 2.0 cpd00067_c0 + 2.0 cpd03915_c0,,-1000.0,1000.0,C45H56CoN6O12,-4,c0
cpd11560_c0,rxn05448,10-methyl-trans-undec-2-enoyl-ACP,cpd00004_c0 + cpd00067_c0 + cpd11560_c0 --> cpd00003_c0 + cpd11561_c0,,0.0,1000.0,C23H41N2O8PRS,-1,c0
cpd00218_c0,rxn02897,Niacin,cpd00873_c0 + cpd01997_c0 <=> cpd00067_c0 + cpd00218_c0 + cpd02904_c0,,-1000.0,1000.0,C6H4NO2,-1,c0
cpd00218_c0,rxn01265,Niacin,cpd00012_c0 + cpd00873_c0 <=> cpd00103_c0 + cpd00218_c0,,-1000.0,1000.0,C6H4NO2,-1,c0
cpd00327_c0,rxn09449,strcoa,cpd00002_c0 + cpd00010_c0 + cpd01080_c0 --> cpd00012_c0 + cpd00018_c0 + cpd00067_c0 + cpd00327_c0,,0.0,1000.0,C39H66N7O17P3S,-4,c0
cpd00327_c0,rxn05459,strcoa,cpd00010_c0 + cpd11573_c0 <=> cpd00327_c0 + cpd11493_c0,,-1000.0,1000.0,C39H66N7O17P3S,-4,c0
cpd00327_c0,rxn10204,strcoa,cpd00080_c0 + cpd00327_c0 --> cpd00010_c0 + cpd15329_c0,,0.0,1000.0,C39H66N7O17P3S,-4,c0
cpd00327_c0,rxn10213,strcoa,cpd00067_c0 + cpd00327_c0 + cpd15329_c0 --> cpd00010_c0 + cpd15526_c0,,0.0,1000.0,C39H66N7O17P3S,-4,c0
cpd11520_c0,rxn05384,isovaleryl-ACP,cpd00067_c0 + cpd11492_c0 + cpd11520_c0 --> cpd00011_c0 + cpd11493_c0 + cpd11521_c0,,0.0,1000.0,C16H29N2O8PRS,-2,c0
cpd11520_c0,rxn05383,isovaleryl-ACP,cpd01882_c0 + cpd11493_c0 <=> cpd00010_c0 + cpd11520_c0,,-1000.0,1000.0,C16H29N2O8PRS,-2,c0
cpd04122_c0,rxn05735,Aminoacetaldehyde,cpd00001_c0 + cpd00003_c0 + cpd04122_c0 --> cpd00004_c0 + cpd00033_c0 + 2.0 cpd00067_c0,,0.0,1000.0,C2H6NO,1,c0
cpd00060_e0,rxn05219,L-Methionine,cpd00001_c0 + cpd00002_c0 + cpd00060_e0 --> cpd00008_c0 + cpd00009_c0 + cpd00060_c0 + cpd00067_c0,,0.0,1000.0,C5H11NO2S,0,e0
cpd00060_e0,EXpd00060,L-Methionine,cpd00060_e0 --> ,,0.0,1000.0,C5H11NO2S,0,e0
cpd15719_c0,rxn10268,Diisopentadecanoylphosphatidylglycerophosphate,cpd00001_c0 + cpd15719_c0 --> cpd00009_c0 + cpd00067_c0 + cpd15725_c0,,0.0,1000.0,C36H70O13P2,-2,c0
cpd15719_c0,rxn10262,Diisopentadecanoylphosphatidylglycerophosphate,cpd00080_c0 + cpd15686_c0 <=> cpd00046_c0 + cpd15719_c0,,-1000.0,1000.0,C36H70O13P2,-2,c0
cpd01101_c0,rxn05064,Carbamate,2.0 cpd00067_c0 + cpd01101_c0 --> cpd00011_c0 + cpd00013_c0,,0.0,1000.0,CH2NO2,-1,c0
cpd01101_c0,rxn05063,Carbamate,cpd00001_c0 + cpd01015_c0 --> cpd01101_c0,,0.0,1000.0,CH2NO2,-1,c0
cpd02625_c0,rxn02359,3-Hydroxy-L-1-pyrroline-5-carboxylate,cpd00015_c0 + cpd00851_c0 <=> cpd00067_c0 + cpd00982_c0 + cpd02625_c0,,-1000.0,1000.0,C5H6NO3,-1,c0
cpd00286_c0,rxn03904,Undecaprenylphosphate,cpd00286_c0 + cpd02968_c0 <=> cpd00091_c0 + cpd03494_c0,,-1000.0,1000.0,C55H89O4P,-2,c0
cpd00286_c0,rxn03903,Undecaprenylphosphate,cpd00286_c0 + cpd02862_c0 <=> cpd00091_c0 + cpd02948_c0,,-1000.0,1000.0,C55H89O4P,-2,c0
cpd00286_c0,rxn03901,Undecaprenylphosphate,cpd00001_c0 + cpd02229_c0 --> cpd00009_c0 + 2.0 cpd00067_c0 + cpd00286_c0,,0.0,1000.0,C55H89O4P,-2,c0
cpd15298_c0,rxn08798,tetradecenoate,cpd00001_c0 + cpd15330_c0 --> 2.0 cpd00067_c0 + cpd00080_c0 + cpd15298_c0,,0.0,1000.0,C14H25O2,-1,c0
cpd15298_c0,rxn08805,tetradecenoate,cpd00001_c0 + cpd15315_c0 <=> cpd00067_c0 + cpd00908_c0 + cpd15298_c0,,-1000.0,1000.0,C14H25O2,-1,c0
cpd15298_c0,rxn08847,tetradecenoate,cpd00001_c0 + cpd15345_c0 --> cpd00067_c0 + cpd02090_c0 + cpd15298_c0,,0.0,1000.0,C14H25O2,-1,c0
cpd15298_c0,rxn08812,tetradecenoate,cpd00001_c0 + cpd15320_c0 <=> cpd00067_c0 + cpd02090_c0 + cpd15298_c0,,-1000.0,1000.0,C14H25O2,-1,c0
cpd15298_c0,rxn08840,tetradecenoate,cpd00001_c0 + cpd15338_c0 --> cpd00067_c0 + cpd00908_c0 + cpd15298_c0,,0.0,1000.0,C14H25O2,-1,c0
cpd15298_c0,rxn08819,tetradecenoate,cpd00001_c0 + cpd15362_c0 --> 2.0 cpd00067_c0 + cpd00080_c0 + cpd15298_c0,,0.0,1000.0,C14H25O2,-1,c0
cpd03416_c0,rxn03384,CoproporphyrinogenI,4.0 cpd00067_c0 + cpd03414_c0 <=> 4.0 cpd00011_c0 + cpd03416_c0,,-1000.0,1000.0,C36H40N4O8,-4,c0
cpd11527_c0,rxn05390,7-methyl-trans-oct-2-enoyl-ACP,cpd11526_c0 --> cpd00001_c0 + cpd11527_c0,,0.0,1000.0,C20H35N2O8PRS,-1,c0
cpd11527_c0,rxn05440,7-methyl-trans-oct-2-enoyl-ACP,cpd00004_c0 + cpd00067_c0 + cpd11527_c0 --> cpd00003_c0 + cpd11528_c0,,0.0,1000.0,C20H35N2O8PRS,-1,c0
cpd03126_c0,rxn03240,(2E)-Hexadecenoyl-CoA,cpd03113_c0 <=> cpd00001_c0 + cpd03126_c0,,-1000.0,1000.0,C37H60N7O17P3S,-4,c0
cpd03126_c0,rxn05732,(2E)-Hexadecenoyl-CoA,cpd00004_c0 + cpd00067_c0 + cpd03126_c0 --> cpd00003_c0 + cpd00134_c0,,0.0,1000.0,C37H60N7O17P3S,-4,c0
cpd02862_c0,rxn03903,UDPMurAc(oyl-L-Ala-D-gamma-Glu-L-Lys-D-Ala-D-Ala),cpd00286_c0 + cpd02862_c0 <=> cpd00091_c0 + cpd02948_c0,,-1000.0,1000.0,C40H62N9O26P2,-3,c0
cpd15548_c0,rxn09107,Phosphatidylglycerophosphate dioctadec-11-enoyl,cpd00001_c0 + cpd15548_c0 --> cpd00009_c0 + cpd00067_c0 + cpd15541_c0,,0.0,1000.0,C42H78O13P2,-2,c0
cpd15548_c0,rxn09114,Phosphatidylglycerophosphate dioctadec-11-enoyl,cpd00080_c0 + cpd15420_c0 <=> cpd00046_c0 + cpd15548_c0,,-1000.0,1000.0,C42H78O13P2,-2,c0
cpd00036_c0,rxn08528,Succinate,cpd00106_c0 + cpd15353_c0 <=> cpd00036_c0 + cpd15352_c0,,-1000.0,1000.0,C4H4O4,-2,c0
cpd00036_c0,rxn09272,Succinate,cpd00036_c0 + cpd15560_c0 <=> cpd00106_c0 + cpd15561_c0,,-1000.0,1000.0,C4H4O4,-2,c0
cpd00036_c0,rxn00285,Succinate,cpd00002_c0 + cpd00010_c0 + cpd00036_c0 <=> cpd00008_c0 + cpd00009_c0 + cpd00078_c0,,-1000.0,1000.0,C4H4O4,-2,c0
cpd00036_c0,rxn01973,Succinate,cpd00001_c0 + cpd02698_c0 <=> cpd00036_c0 + cpd00504_c0,,-1000.0,1000.0,C4H4O4,-2,c0
cpd00036_c0,rxn05957,Succinate,cpd00239_c0 + cpd00822_c0 --> cpd00036_c0 + cpd00135_c0,,0.0,1000.0,C4H4O4,-2,c0
cpd00036_c0,rxn00288,Succinate,cpd00106_c0 + cpd00982_c0 --> cpd00015_c0 + cpd00036_c0,,0.0,1000.0,C4H4O4,-2,c0
cpd00036_c0,rxn08527,Succinate,cpd00106_c0 + cpd15499_c0 <=> cpd00036_c0 + cpd15500_c0,,-1000.0,1000.0,C4H4O4,-2,c0
cpd00036_c0,rxn00291,Succinate,cpd00001_c0 + cpd03525_c0 <=> cpd00023_c0 + cpd00036_c0,,-1000.0,1000.0,C4H4O4,-2,c0
cpd00036_c0,rxn00290,Succinate,cpd00078_c0 + cpd00142_c0 <=> cpd00036_c0 + cpd00279_c0,,-1000.0,1000.0,C4H4O4,-2,c0
cpd00036_c0,rxn05654,Succinate,cpd00036_e0 + cpd00067_e0 <=> cpd00036_c0 + cpd00067_c0,,-1000.0,1000.0,C4H4O4,-2,c0
cpd00036_c0,ADD_GABA3,Succinate,cpd00001_c0 + cpd00003_c0 + cpd00199_c0 --> cpd00004_c0 + cpd00036_c0 + 2.0 cpd00067_c0,,0.0,1000.0,C4H4O4,-2,c0
cpd00036_c0,rxn07840,Succinate,cpd00007_c0 + cpd00024_c0 + cpd03727_c0 --> cpd00011_c0 + cpd00036_c0 + cpd15137_c0,,0.0,1000.0,C4H4O4,-2,c0
cpd00036_c0,rxn00289,Succinate,cpd02799_c0 <=> cpd00020_c0 + cpd00036_c0,,-1000.0,1000.0,C4H4O4,-2,c0
cpd00036_c0,rxn25164,Succinate,cpd00029_c0 + cpd00078_c0 <=> cpd00022_c0 + cpd00036_c0,,-1000.0,1000.0,C4H4O4,-2,c0
cpd00036_c0,rxn00336,Succinate,cpd00260_c0 <=> cpd00036_c0 + cpd00040_c0,,-1000.0,1000.0,C4H4O4,-2,c0
cpd01401_c0,rxn04674,Vitamin K1,cpd00017_c0 + cpd09410_c0 --> cpd00019_c0 + cpd00067_c0 + cpd01401_c0,,0.0,1000.0,C31H46O2,0,c0
cpd00121_c0,rxn00882,L-Inositol,cpd00001_c0 + cpd02230_c0 --> cpd00009_c0 + cpd00121_c0,,0.0,1000.0,C6H12O6,0,c0
cpd00121_c0,ADD_L_Ino2,L-Inositol,cpd00121_e0 --> cpd00121_c0,,0.0,1000.0,C6H12O6,0,c0
cpd00121_c0,rxn00883,L-Inositol,cpd00001_c0 + cpd02484_c0 --> cpd00009_c0 + cpd00121_c0,,0.0,1000.0,C6H12O6,0,c0
cpd00121_c0,rxn00881,L-Inositol,cpd00001_c0 + cpd00867_c0 --> cpd00009_c0 + cpd00121_c0,,0.0,1000.0,C6H12O6,0,c0
cpd00121_c0,rxn00879,L-Inositol,cpd00003_c0 + cpd00121_c0 <=> cpd00004_c0 + cpd00067_c0 + cpd00524_c0,,-1000.0,1000.0,C6H12O6,0,c0
cpd00030_c0,rxn05618,Mn2+,cpd00030_e0 + cpd00067_e0 --> cpd00030_c0 + cpd00067_c0,,0.0,1000.0,Mn,2,c0
cpd00169_c0,rxn01101,3-Phosphoglycerate,cpd00003_c0 + cpd00169_c0 <=> cpd00004_c0 + cpd00067_c0 + cpd02069_c0,,-1000.0,1000.0,C3H4O7P,-3,c0
cpd00169_c0,rxn01102,3-Phosphoglycerate,cpd00002_c0 + cpd00223_c0 <=> cpd00008_c0 + cpd00067_c0 + cpd00169_c0,,-1000.0,1000.0,C3H4O7P,-3,c0
cpd00169_c0,rxn01106,3-Phosphoglycerate,cpd00482_c0 <=> cpd00169_c0,,-1000.0,1000.0,C3H4O7P,-3,c0
cpd00169_c0,rxn01100,3-Phosphoglycerate,cpd00002_c0 + cpd00169_c0 <=> cpd00008_c0 + cpd00203_c0,,-1000.0,1000.0,C3H4O7P,-3,c0
cpd00900_c0,rxn02440,GDP-4-dehydro-D-rhamnose,cpd00006_c0 + cpd01999_c0 <=> cpd00005_c0 + cpd00067_c0 + cpd00900_c0,,-1000.0,1000.0,C16H21N5O15P2,-2,c0
cpd00900_c0,rxn00642,GDP-4-dehydro-D-rhamnose,cpd00083_c0 --> cpd00001_c0 + cpd00900_c0,,0.0,1000.0,C16H21N5O15P2,-2,c0
cpd15537_c0,rxn09103,Phosphatidylglycerol ditetradec-7-enoyl,cpd00001_c0 + cpd15544_c0 --> cpd00009_c0 + cpd00067_c0 + cpd15537_c0,,0.0,1000.0,C34H62O10P,-1,c0
cpd11434_c0,rxn05452,fa12coa,cpd00010_c0 + cpd11519_c0 <=> cpd11434_c0 + cpd11493_c0,,-1000.0,1000.0,C38H65N7O17P3S,-3,c0
cpd11434_c0,rxn10206,fa12coa,cpd00080_c0 + cpd11434_c0 --> cpd00010_c0 + cpd15672_c0,,0.0,1000.0,C38H65N7O17P3S,-3,c0
cpd11434_c0,rxn10215,fa12coa,cpd11434_c0 + cpd15672_c0 --> cpd00010_c0 + cpd00067_c0 + cpd15678_c0,,0.0,1000.0,C38H65N7O17P3S,-3,c0
cpd11434_c0,rxn05251,fa12coa,cpd00002_c0 + cpd00010_c0 + cpd11433_c0 --> cpd00012_c0 + cpd00018_c0 + cpd11434_c0,,0.0,1000.0,C38H65N7O17P3S,-3,c0
cpd15795_c0,rxn10338,Anteisoheptadecanoylcardiolipin (B. subtilis),2.0 cpd15723_c0 <=> cpd00100_c0 + cpd15795_c0,,-1000.0,1000.0,C77H148O17P2,-2,c0
cpd11531_c0,rxn05441,9-methyl-trans-dec-2-enoyl-ACP,cpd00004_c0 + cpd00067_c0 + cpd11531_c0 --> cpd00003_c0 + cpd11532_c0,,0.0,1000.0,C22H39N2O8PRS,-1,c0
cpd11531_c0,rxn05394,9-methyl-trans-dec-2-enoyl-ACP,cpd11530_c0 --> cpd00001_c0 + cpd11531_c0,,0.0,1000.0,C22H39N2O8PRS,-1,c0
cpd00342_c0,rxn01636,N-Acetylornithine,cpd00023_c0 + cpd00342_c0 <=> cpd00064_c0 + cpd00477_c0,,-1000.0,1000.0,C7H14N2O3,0,c0
cpd00342_c0,rxn00469,N-Acetylornithine,cpd00001_c0 + cpd00342_c0 <=> cpd00029_c0 + cpd00064_c0,,-1000.0,1000.0,C7H14N2O3,0,c0
cpd00342_c0,rxn01637,N-Acetylornithine,cpd00023_c0 + cpd00918_c0 --> cpd00024_c0 + cpd00342_c0,,0.0,1000.0,C7H14N2O3,0,c0
cpd00078_c0,biomass0,Succinyl-CoA,0.169975 cpd00002_c0 + 0.00215 cpd00003_c0 + 5e-05 cpd00004_c0 + 0.0004 cpd00005_c0 + 0.00013 cpd00006_c0 + 6e-06 cpd00010_c0 + 1e-05 cpd00015_c0 + 5e-05 cpd00022_c0 + 0.25 cpd00023_c0 + 0.003 cpd00026_c0 + 1e-06 cpd00028_c0 + 0.496 cpd00033_c0 + 0.499 cpd00035_c0 + 0.203 cpd00038_c0 + 0.431 cpd00039_c0 + 0.245 cpd00041_c0 + 0.121 cpd00051_c0 + 0.126 cpd00052_c0 + 0.25 cpd00053_c0 + 0.29 cpd00054_c0 + 0.116 cpd00060_c0 + 0.136 cpd00062_c0 + 0.054 cpd00065_c0 + 0.199 cpd00066_c0 + 0.138 cpd00069_c0 + 3e-06 cpd00078_c0 + 0.087 cpd00084_c0 + 0.428 cpd00107_c0 + 0.01814 cpd00115_c0 + 0.035 cpd00118_c0 + 0.145 cpd00119_c0 + 0.541 cpd00129_c0 + 0.245 cpd00132_c0 + 0.154 cpd00155_c0 + 0.42 cpd00156_c0 + 0.436 cpd00161_c0 + 0.000223 cpd00201_c0 + 0.0254 cpd00241_c0 + 0.0089 cpd00264_c0 + 0.213 cpd00322_c0 + 0.000223 cpd00345_c0 + 0.0254 cpd00356_c0 + 0.01814 cpd00357_c0 + 0.000142 cpd11652_c0 + 0.000216 cpd12801_c0 + 0.000701 cpd15432_c0 + 0.00276 cpd15665_c0 + 0.00192 cpd16083_c0 + 4.3e-05 cpd16093_c0 --> biomass_c0 + 5.604 cpd00001_c0 + 0.08708 cpd00009_c0 + 0.634975 cpd00012_c0,,0.0,1000.0,C25H35N7O19P3S,-5,c0
cpd00078_c0,rxn01872,Succinyl-CoA,cpd00078_c0 + cpd00449_c0 <=> cpd00010_c0 + cpd00860_c0,,-1000.0,1000.0,C25H35N7O19P3S,-5,c0
cpd00078_c0,rxn00285,Succinyl-CoA,cpd00002_c0 + cpd00010_c0 + cpd00036_c0 <=> cpd00008_c0 + cpd00009_c0 + cpd00078_c0,,-1000.0,1000.0,C25H35N7O19P3S,-5,c0
cpd00078_c0,rxn08094,Succinyl-CoA,cpd00003_c0 + cpd00010_c0 + cpd00024_c0 --> cpd00004_c0 + cpd00011_c0 + cpd00078_c0,,0.0,1000.0,C25H35N7O19P3S,-5,c0
cpd00078_c0,rxn25164,Succinyl-CoA,cpd00029_c0 + cpd00078_c0 <=> cpd00022_c0 + cpd00036_c0,,-1000.0,1000.0,C25H35N7O19P3S,-5,c0
cpd00078_c0,rxn03031,Succinyl-CoA,cpd00010_c0 + cpd02724_c0 <-- cpd00001_c0 + cpd00078_c0 + cpd02465_c0,,-1000.0,0.0,C25H35N7O19P3S,-5,c0
cpd00078_c0,rxn00290,Succinyl-CoA,cpd00078_c0 + cpd00142_c0 <=> cpd00036_c0 + cpd00279_c0,,-1000.0,1000.0,C25H35N7O19P3S,-5,c0
cpd00152_c0,rxn00405,Agmatine,cpd00051_c0 + cpd00067_c0 --> cpd00011_c0 + cpd00152_c0,,0.0,1000.0,C5H16N4,2,c0
cpd00152_c0,rxn01029,Agmatine,cpd00001_c0 + cpd00152_c0 --> cpd00013_c0 + cpd00341_c0,,0.0,1000.0,C5H16N4,2,c0
cpd00034_c0,rxn05150,Zn2+,cpd00001_c0 + cpd00002_c0 + cpd00034_e0 --> cpd00008_c0 + cpd00009_c0 + cpd00034_c0 + cpd00067_c0,,0.0,1000.0,Zn,2,c0
cpd00034_c0,rxn05315,Zn2+,cpd00034_c0 + cpd00067_e0 + cpd00205_e0 <=> cpd00034_e0 + cpd00067_c0 + cpd00205_c0,,-1000.0,1000.0,Zn,2,c0
cpd15530_c0,rxn09199,phosphatidylethanolamine ditetradec-7-enoyl,2.0 cpd00067_c0 + cpd15554_c0 <=> cpd00011_c0 + cpd15530_c0,,-1000.0,1000.0,C33H62NO8P,0,c0
cpd15294_c0,rxn08548,Tetradecenoyl-ACP,cpd00080_c0 + cpd15294_c0 --> cpd11493_c0 + cpd15330_c0,,0.0,1000.0,C25H45N2O8PRS,-1,c0
cpd15294_c0,rxn08085,Tetradecenoyl-ACP,cpd00067_c0 + cpd15294_c0 + cpd15330_c0 --> cpd11493_c0 + cpd15523_c0,,0.0,1000.0,C25H45N2O8PRS,-1,c0
cpd00522_c0,rxn02000,dTDP-4-oxo-L-rhamnose,cpd00521_c0 <=> cpd00522_c0,,-1000.0,1000.0,C16H22N2O15P2,-2,c0
cpd00522_c0,rxn02003,dTDP-4-oxo-L-rhamnose,cpd00006_c0 + cpd02113_c0 <=> cpd00005_c0 + cpd00067_c0 + cpd00522_c0,,-1000.0,1000.0,C16H22N2O15P2,-2,c0
D_Fucono_σ_lactone_c0,ADD_D_Fuc4,D_Fucono_σ_lactone_c0,D_Fucono_σ_lactone_c0 + cpd00001_c0 --> cpd01161_c0,,0.0,1000.0,X,0,c0
D_Fucono_σ_lactone_c0,ADD_D_Fuc3,D_Fucono_σ_lactone_c0,cpd00003_c0 + cpd00750_c0 --> D_Fucono_σ_lactone_c0 + cpd00004_c0 + cpd00067_c0,,0.0,1000.0,X,0,c0
cpd00010_c0,rxn10206,CoA,cpd00080_c0 + cpd11434_c0 --> cpd00010_c0 + cpd15672_c0,,0.0,1000.0,C21H32N7O16P3S,-4,c0
cpd00010_c0,rxn05251,CoA,cpd00002_c0 + cpd00010_c0 + cpd11433_c0 --> cpd00012_c0 + cpd00018_c0 + cpd11434_c0,,0.0,1000.0,C21H32N7O16P3S,-4,c0
cpd00010_c0,rxn00285,CoA,cpd00002_c0 + cpd00010_c0 + cpd00036_c0 <=> cpd00008_c0 + cpd00009_c0 + cpd00078_c0,,-1000.0,1000.0,C21H32N7O16P3S,-4,c0
cpd00010_c0,rxn00947,CoA,cpd00002_c0 + cpd00010_c0 + cpd00214_c0 --> cpd00012_c0 + cpd00018_c0 + cpd00067_c0 + cpd00134_c0,,0.0,1000.0,C21H32N7O16P3S,-4,c0
cpd00010_c0,rxn01871,CoA,cpd00022_c0 + cpd00449_c0 --> cpd00010_c0 + cpd00836_c0,,0.0,0.0,C21H32N7O16P3S,-4,c0
cpd00010_c0,rxn10203,CoA,cpd00080_c0 + cpd01695_c0 --> cpd00010_c0 + cpd15331_c0,,0.0,1000.0,C21H32N7O16P3S,-4,c0
cpd00010_c0,rxn00154,CoA,cpd00003_c0 + cpd00010_c0 + cpd00020_c0 --> cpd00004_c0 + cpd00011_c0 + cpd00022_c0,,0.0,1000.0,C21H32N7O16P3S,-4,c0
cpd00010_c0,rxn08094,CoA,cpd00003_c0 + cpd00010_c0 + cpd00024_c0 --> cpd00004_c0 + cpd00011_c0 + cpd00078_c0,,0.0,1000.0,C21H32N7O16P3S,-4,c0
cpd00010_c0,rxn10218,CoA,cpd11439_c0 + cpd15675_c0 --> cpd00010_c0 + cpd00067_c0 + cpd15681_c0,,0.0,1000.0,C21H32N7O16P3S,-4,c0
cpd00010_c0,rxn03248,CoA,cpd00022_c0 + cpd03124_c0 <=> cpd00010_c0 + cpd03121_c0,,-1000.0,1000.0,C21H32N7O16P3S,-4,c0
cpd00010_c0,rxn05249,CoA,cpd00002_c0 + cpd00010_c0 + cpd11436_c0 --> cpd00012_c0 + cpd00018_c0 + cpd11437_c0,,0.0,1000.0,C21H32N7O16P3S,-4,c0
cpd00010_c0,rxn12933,CoA,cpd01260_c0 + cpd11493_c0 --> cpd00010_c0 + cpd11468_c0,,0.0,1000.0,C21H32N7O16P3S,-4,c0
cpd00010_c0,rxn10216,CoA,cpd11435_c0 + cpd15673_c0 --> cpd00010_c0 + cpd00067_c0 + cpd15679_c0,,0.0,1000.0,C21H32N7O16P3S,-4,c0
cpd00010_c0,rxn05252,CoA,cpd00002_c0 + cpd00010_c0 + cpd11431_c0 --> cpd00012_c0 + cpd00018_c0 + cpd11432_c0,,0.0,1000.0,C21H32N7O16P3S,-4,c0
cpd00010_c0,rxn00676,CoA,cpd00022_c0 + cpd00086_c0 <=> cpd00010_c0 + cpd02124_c0,,-1000.0,1000.0,C21H32N7O16P3S,-4,c0
cpd00010_c0,rxn00202,CoA,cpd00001_c0 + cpd00022_c0 + cpd00024_c0 --> cpd00010_c0 + cpd00067_c0 + cpd00919_c0,,0.0,1000.0,C21H32N7O16P3S,-4,c0
cpd00010_c0,rxn00178,CoA,2.0 cpd00022_c0 <=> cpd00010_c0 + cpd00279_c0,,-1000.0,1000.0,C21H32N7O16P3S,-4,c0
cpd00010_c0,rxn05247,CoA,cpd00002_c0 + cpd00010_c0 + cpd11430_c0 --> cpd00012_c0 + cpd00018_c0 + cpd11435_c0,,0.0,1000.0,C21H32N7O16P3S,-4,c0
cpd00010_c0,rxn10211,CoA,cpd00134_c0 + cpd15327_c0 --> cpd00010_c0 + cpd15524_c0,,0.0,1000.0,C21H32N7O16P3S,-4,c0
cpd00010_c0,rxn01303,CoA,cpd00022_c0 + cpd00227_c0 --> cpd00010_c0 + cpd00790_c0,,0.0,1000.0,C21H32N7O16P3S,-4,c0
cpd00010_c0,rxn09448,CoA,cpd00002_c0 + cpd00010_c0 + cpd15269_c0 --> cpd00012_c0 + cpd00018_c0 + cpd15274_c0,,0.0,1000.0,C21H32N7O16P3S,-4,c0
cpd00010_c0,biomass0,CoA,0.169975 cpd00002_c0 + 0.00215 cpd00003_c0 + 5e-05 cpd00004_c0 + 0.0004 cpd00005_c0 + 0.00013 cpd00006_c0 + 6e-06 cpd00010_c0 + 1e-05 cpd00015_c0 + 5e-05 cpd00022_c0 + 0.25 cpd00023_c0 + 0.003 cpd00026_c0 + 1e-06 cpd00028_c0 + 0.496 cpd00033_c0 + 0.499 cpd00035_c0 + 0.203 cpd00038_c0 + 0.431 cpd00039_c0 + 0.245 cpd00041_c0 + 0.121 cpd00051_c0 + 0.126 cpd00052_c0 + 0.25 cpd00053_c0 + 0.29 cpd00054_c0 + 0.116 cpd00060_c0 + 0.136 cpd00062_c0 + 0.054 cpd00065_c0 + 0.199 cpd00066_c0 + 0.138 cpd00069_c0 + 3e-06 cpd00078_c0 + 0.087 cpd00084_c0 + 0.428 cpd00107_c0 + 0.01814 cpd00115_c0 + 0.035 cpd00118_c0 + 0.145 cpd00119_c0 + 0.541 cpd00129_c0 + 0.245 cpd00132_c0 + 0.154 cpd00155_c0 + 0.42 cpd00156_c0 + 0.436 cpd00161_c0 + 0.000223 cpd00201_c0 + 0.0254 cpd00241_c0 + 0.0089 cpd00264_c0 + 0.213 cpd00322_c0 + 0.000223 cpd00345_c0 + 0.0254 cpd00356_c0 + 0.01814 cpd00357_c0 + 0.000142 cpd11652_c0 + 0.000216 cpd12801_c0 + 0.000701 cpd15432_c0 + 0.00276 cpd15665_c0 + 0.00192 cpd16083_c0 + 4.3e-05 cpd16093_c0 --> biomass_c0 + 5.604 cpd00001_c0 + 0.08708 cpd00009_c0 + 0.634975 cpd00012_c0,,0.0,1000.0,C21H32N7O16P3S,-4,c0
cpd00010_c0,rxn00501,CoA,cpd00003_c0 + cpd00010_c0 + cpd00191_c0 <=> cpd00004_c0 + cpd00011_c0 + cpd00022_c0,,-1000.0,1000.0,C21H32N7O16P3S,-4,c0
cpd00010_c0,rxn10209,CoA,cpd00080_c0 + cpd11439_c0 --> cpd00010_c0 + cpd15675_c0,,0.0,1000.0,C21H32N7O16P3S,-4,c0
cpd00010_c0,rxn10204,CoA,cpd00080_c0 + cpd00327_c0 --> cpd00010_c0 + cpd15329_c0,,0.0,1000.0,C21H32N7O16P3S,-4,c0
cpd00010_c0,rxn05457,CoA,cpd00010_c0 + cpd11466_c0 <=> cpd01695_c0 + cpd11493_c0,,-1000.0,1000.0,C21H32N7O16P3S,-4,c0
cpd00010_c0,rxn10213,CoA,cpd00067_c0 + cpd00327_c0 + cpd15329_c0 --> cpd00010_c0 + cpd15526_c0,,0.0,1000.0,C21H32N7O16P3S,-4,c0
cpd00010_c0,rxn06510,CoA,cpd00022_c0 + cpd01260_c0 <=> cpd00010_c0 + cpd12689_c0,,-1000.0,1000.0,C21H32N7O16P3S,-4,c0
cpd00010_c0,rxn05456,CoA,cpd00010_c0 + cpd11569_c0 <=> cpd11441_c0 + cpd11493_c0,,-1000.0,1000.0,C21H32N7O16P3S,-4,c0
cpd00010_c0,rxn02297,CoA,cpd00035_c0 + cpd00067_c0 + cpd00782_c0 --> cpd00010_c0 + cpd00011_c0 + cpd00800_c0,,0.0,1000.0,C21H32N7O16P3S,-4,c0
cpd00010_c0,rxn05453,CoA,cpd00010_c0 + cpd11540_c0 <=> cpd11437_c0 + cpd11493_c0,,-1000.0,1000.0,C21H32N7O16P3S,-4,c0
cpd00010_c0,rxn00192,CoA,cpd00022_c0 + cpd00023_c0 --> cpd00010_c0 + cpd00067_c0 + cpd00477_c0,,0.0,1000.0,C21H32N7O16P3S,-4,c0
cpd00010_c0,rxn05248,CoA,cpd00002_c0 + cpd00010_c0 + cpd11438_c0 --> cpd00012_c0 + cpd00018_c0 + cpd11439_c0,,0.0,1000.0,C21H32N7O16P3S,-4,c0
cpd00010_c0,rxn03031,CoA,cpd00010_c0 + cpd02724_c0 <-- cpd00001_c0 + cpd00078_c0 + cpd02465_c0,,-1000.0,0.0,C21H32N7O16P3S,-4,c0
cpd00010_c0,rxn05458,CoA,cpd00010_c0 + cpd11476_c0 <=> cpd00134_c0 + cpd11493_c0,,-1000.0,1000.0,C21H32N7O16P3S,-4,c0
cpd00010_c0,rxn05358,CoA,cpd00760_c0 + cpd11493_c0 <=> cpd00010_c0 + cpd11495_c0,,-1000.0,1000.0,C21H32N7O16P3S,-4,c0
cpd00010_c0,rxn00679,CoA,cpd00010_c0 + cpd00067_c0 + cpd01501_c0 <=> cpd00001_c0 + cpd00032_c0 + cpd00086_c0,,-1000.0,1000.0,C21H32N7O16P3S,-4,c0
cpd00010_c0,rxn00670,CoA,cpd00009_c0 + cpd00086_c0 <=> cpd00010_c0 + cpd01844_c0,,-1000.0,1000.0,C21H32N7O16P3S,-4,c0
cpd00010_c0,rxn00671,CoA,cpd00003_c0 + cpd00010_c0 + cpd00287_c0 <=> cpd00004_c0 + cpd00011_c0 + cpd00086_c0,,-1000.0,1000.0,C21H32N7O16P3S,-4,c0
cpd00010_c0,rxn05451,CoA,cpd00010_c0 + cpd11515_c0 <=> cpd11439_c0 + cpd11493_c0,,-1000.0,1000.0,C21H32N7O16P3S,-4,c0
cpd00010_c0,rxn10205,CoA,cpd00080_c0 + cpd11432_c0 --> cpd00010_c0 + cpd15671_c0,,0.0,1000.0,C21H32N7O16P3S,-4,c0
cpd00010_c0,rxn10215,CoA,cpd11434_c0 + cpd15672_c0 --> cpd00010_c0 + cpd00067_c0 + cpd15678_c0,,0.0,1000.0,C21H32N7O16P3S,-4,c0
cpd00010_c0,rxn05454,CoA,cpd00010_c0 + cpd11544_c0 <=> cpd11432_c0 + cpd11493_c0,,-1000.0,1000.0,C21H32N7O16P3S,-4,c0
cpd00010_c0,rxn05736,CoA,cpd00002_c0 + cpd00010_c0 + cpd03847_c0 --> cpd00012_c0 + cpd00018_c0 + cpd00067_c0 + cpd01695_c0,,0.0,1000.0,C21H32N7O16P3S,-4,c0
cpd00010_c0,rxn09450,CoA,cpd00002_c0 + cpd00010_c0 + cpd15237_c0 --> cpd00012_c0 + cpd00018_c0 + cpd15238_c0,,0.0,1000.0,C21H32N7O16P3S,-4,c0
cpd00010_c0,rxn03433,CoA,cpd00001_c0 + cpd03572_c0 --> cpd00010_c0 + cpd00067_c0 + cpd00876_c0,,0.0,1000.0,C21H32N7O16P3S,-4,c0
cpd00010_c0,rxn00330,CoA,cpd00001_c0 + cpd00022_c0 + cpd00040_c0 --> cpd00010_c0 + cpd00067_c0 + cpd00130_c0,,0.0,1000.0,C21H32N7O16P3S,-4,c0
cpd00010_c0,rxn00988,CoA,cpd00002_c0 + cpd00010_c0 + cpd00142_c0 --> cpd00012_c0 + cpd00018_c0 + cpd00067_c0 + cpd00279_c0,,0.0,1000.0,C21H32N7O16P3S,-4,c0
cpd00010_c0,rxn10207,CoA,cpd00080_c0 + cpd11435_c0 --> cpd00010_c0 + cpd15673_c0,,0.0,1000.0,C21H32N7O16P3S,-4,c0
cpd00010_c0,rxn05383,CoA,cpd01882_c0 + cpd11493_c0 <=> cpd00010_c0 + cpd11520_c0,,-1000.0,1000.0,C21H32N7O16P3S,-4,c0
cpd00010_c0,rxn02804,CoA,cpd00022_c0 + cpd01695_c0 <=> cpd00010_c0 + cpd03114_c0,,-1000.0,1000.0,C21H32N7O16P3S,-4,c0
cpd00010_c0,rxn03638,CoA,cpd00022_c0 + cpd03671_c0 --> cpd00010_c0 + cpd00067_c0 + cpd02611_c0,,0.0,1000.0,C21H32N7O16P3S,-4,c0
cpd00010_c0,rxn05459,CoA,cpd00010_c0 + cpd11573_c0 <=> cpd00327_c0 + cpd11493_c0,,-1000.0,1000.0,C21H32N7O16P3S,-4,c0
cpd00010_c0,rxn00874,CoA,cpd00022_c0 + cpd00120_c0 <=> cpd00010_c0 + cpd03123_c0,,-1000.0,1000.0,C21H32N7O16P3S,-4,c0
cpd00010_c0,rxn00100,CoA,cpd00002_c0 + cpd00655_c0 --> cpd00008_c0 + cpd00010_c0 + cpd00067_c0,,0.0,1000.0,C21H32N7O16P3S,-4,c0
cpd00010_c0,rxn10217,CoA,cpd11437_c0 + cpd15674_c0 --> cpd00010_c0 + cpd00067_c0 + cpd15680_c0,,0.0,1000.0,C21H32N7O16P3S,-4,c0
cpd00010_c0,rxn10212,CoA,cpd00067_c0 + cpd01695_c0 + cpd15331_c0 --> cpd00010_c0 + cpd15522_c0,,0.0,1000.0,C21H32N7O16P3S,-4,c0
cpd00010_c0,rxn02680,CoA,cpd00022_c0 + cpd01335_c0 <=> cpd00010_c0 + cpd03119_c0,,-1000.0,1000.0,C21H32N7O16P3S,-4,c0
cpd00010_c0,rxn09449,CoA,cpd00002_c0 + cpd00010_c0 + cpd01080_c0 --> cpd00012_c0 + cpd00018_c0 + cpd00067_c0 + cpd00327_c0,,0.0,1000.0,C21H32N7O16P3S,-4,c0
cpd00010_c0,rxn00902,CoA,cpd00001_c0 + cpd00022_c0 + cpd00123_c0 --> cpd00010_c0 + cpd00067_c0 + cpd01646_c0,,0.0,1000.0,C21H32N7O16P3S,-4,c0
cpd00010_c0,rxn05408,CoA,cpd00481_c0 + cpd11493_c0 <=> cpd00010_c0 + cpd11545_c0,,-1000.0,1000.0,C21H32N7O16P3S,-4,c0
cpd00010_c0,rxn00173,CoA,cpd00009_c0 + cpd00022_c0 <=> cpd00010_c0 + cpd00196_c0,,-1000.0,1000.0,C21H32N7O16P3S,-4,c0
cpd00010_c0,rxn00175,CoA,cpd00002_c0 + cpd00010_c0 + cpd00029_c0 --> cpd00012_c0 + cpd00018_c0 + cpd00022_c0 + cpd00067_c0,,0.0,1000.0,C21H32N7O16P3S,-4,c0
cpd00010_c0,rxn10210,CoA,cpd00080_c0 + cpd11441_c0 --> cpd00010_c0 + cpd15676_c0,,0.0,1000.0,C21H32N7O16P3S,-4,c0
cpd00010_c0,rxn03243,CoA,cpd00022_c0 + cpd03128_c0 <=> cpd00010_c0 + cpd03117_c0,,-1000.0,1000.0,C21H32N7O16P3S,-4,c0
cpd00010_c0,rxn10214,CoA,cpd11432_c0 + cpd15671_c0 --> cpd00010_c0 + cpd00067_c0 + cpd15677_c0,,0.0,1000.0,C21H32N7O16P3S,-4,c0
cpd00010_c0,rxn00256,CoA,cpd00001_c0 + cpd00022_c0 + cpd00032_c0 --> cpd00010_c0 + cpd00067_c0 + cpd00137_c0,,0.0,1000.0,C21H32N7O16P3S,-4,c0
cpd00010_c0,rxn10219,CoA,cpd11441_c0 + cpd15676_c0 --> cpd00010_c0 + cpd00067_c0 + cpd15682_c0,,0.0,1000.0,C21H32N7O16P3S,-4,c0
cpd00010_c0,rxn05250,CoA,cpd00002_c0 + cpd00010_c0 + cpd11440_c0 --> cpd00012_c0 + cpd00018_c0 + cpd11441_c0,,0.0,1000.0,C21H32N7O16P3S,-4,c0
cpd00010_c0,rxn00171,CoA,cpd00003_c0 + cpd00010_c0 + cpd00071_c0 <=> cpd00004_c0 + cpd00022_c0 + cpd00067_c0,,-1000.0,1000.0,C21H32N7O16P3S,-4,c0
cpd00010_c0,rxn05465,CoA,cpd00067_c0 + cpd00070_c0 + cpd11493_c0 <=> cpd00010_c0 + cpd11492_c0,,-1000.0,1000.0,C21H32N7O16P3S,-4,c0
cpd00010_c0,rxn00669,CoA,cpd00002_c0 + cpd00010_c0 + cpd00141_c0 --> cpd00008_c0 + cpd00009_c0 + cpd00086_c0,,0.0,1000.0,C21H32N7O16P3S,-4,c0
cpd00010_c0,rxn10208,CoA,cpd00080_c0 + cpd11437_c0 --> cpd00010_c0 + cpd15674_c0,,0.0,1000.0,C21H32N7O16P3S,-4,c0
cpd00010_c0,rxn06023,CoA,cpd00010_c0 + cpd12370_c0 <=> cpd00045_c0 + cpd11493_c0,,-1000.0,1000.0,C21H32N7O16P3S,-4,c0
cpd00010_c0,rxn05452,CoA,cpd00010_c0 + cpd11519_c0 <=> cpd11434_c0 + cpd11493_c0,,-1000.0,1000.0,C21H32N7O16P3S,-4,c0
cpd00010_c0,rxn01872,CoA,cpd00078_c0 + cpd00449_c0 <=> cpd00010_c0 + cpd00860_c0,,-1000.0,1000.0,C21H32N7O16P3S,-4,c0
cpd00010_c0,rxn10202,CoA,cpd00067_c0 + cpd00080_c0 + cpd00134_c0 --> cpd00010_c0 + cpd15327_c0,,0.0,1000.0,C21H32N7O16P3S,-4,c0
cpd00010_c0,rxn00965,CoA,cpd00001_c0 + cpd01892_c0 --> cpd00010_c0 + cpd00067_c0 + cpd00136_c0,,0.0,1000.0,C21H32N7O16P3S,-4,c0
cpd00010_c0,rxn05455,CoA,cpd00010_c0 + cpd11565_c0 <=> cpd11435_c0 + cpd11493_c0,,-1000.0,1000.0,C21H32N7O16P3S,-4,c0
cpd00010_c0,rxn00675,CoA,cpd00010_c0 + cpd03560_c0 --> cpd00018_c0 + cpd00067_c0 + cpd00086_c0,,0.0,1000.0,C21H32N7O16P3S,-4,c0
cpd00010_c0,rxn05349,CoA,cpd00022_c0 + cpd11493_c0 <=> cpd00010_c0 + cpd11494_c0,,-1000.0,1000.0,C21H32N7O16P3S,-4,c0
cpd00010_c0,rxn00423,CoA,cpd00022_c0 + cpd00054_c0 --> cpd00010_c0 + cpd00722_c0,,0.0,1000.0,C21H32N7O16P3S,-4,c0
cpd00010_c0,rxn04787,CoA,cpd00022_c0 + cpd02095_c0 --> cpd00010_c0 + cpd00067_c0 + cpd03862_c0,,0.0,1000.0,C21H32N7O16P3S,-4,c0
cpd00239_c0,rxn00649,H2S,cpd00239_c0 + cpd00722_c0 --> cpd00029_c0 + cpd00084_c0,,0.0,1000.0,HS,-1,c0
cpd00239_c0,rxn05957,H2S,cpd00239_c0 + cpd00822_c0 --> cpd00036_c0 + cpd00135_c0,,0.0,1000.0,HS,-1,c0
cpd00239_c0,rxn00623,H2S,3.0 cpd00001_c0 + 3.0 cpd00006_c0 + cpd00239_c0 <=> 3.0 cpd00005_c0 + 3.0 cpd00067_c0 + cpd00081_c0,,-1000.0,1000.0,HS,-1,c0
cpd00239_c0,rxn00952,H2S,cpd00239_c0 + cpd00790_c0 --> cpd00029_c0 + cpd00135_c0,,0.0,1000.0,HS,-1,c0
cpd15686_c0,rxn10262,"CDP-1,2-diisopentadecanoylglycerol",cpd00080_c0 + cpd15686_c0 <=> cpd00046_c0 + cpd15719_c0,,-1000.0,1000.0,C42H75N3O15P2,-2,c0
cpd15686_c0,rxn10223,"CDP-1,2-diisopentadecanoylglycerol",cpd00052_c0 + cpd15680_c0 <=> cpd00012_c0 + cpd00067_c0 + cpd15686_c0,,-1000.0,1000.0,C42H75N3O15P2,-2,c0
cpd15686_c0,rxn10229,"CDP-1,2-diisopentadecanoylglycerol",cpd00054_c0 + cpd15686_c0 --> cpd00046_c0 + 2.0 cpd00067_c0 + cpd15692_c0,,0.0,1000.0,C42H75N3O15P2,-2,c0
cpd11482_c0,rxn05338,(R)-3-Hydroxydecanoyl-[acyl-carrier protein],cpd00006_c0 + cpd11482_c0 <=> cpd00005_c0 + cpd00067_c0 + cpd11487_c0,,-1000.0,1000.0,C21H40N2O9PRS,-2,c0
cpd11482_c0,rxn05333,(R)-3-Hydroxydecanoyl-[acyl-carrier protein],cpd11482_c0 --> cpd00001_c0 + cpd11475_c0,,0.0,1000.0,C21H40N2O9PRS,-2,c0
cpd11482_c0,Cis9_hex_syn,(R)-3-Hydroxydecanoyl-[acyl-carrier protein],3.0 cpd00004_c0 + 3.0 cpd00005_c0 + 8.0 cpd00067_c0 + cpd11482_c0 + 3.0 cpd11492_c0 --> cis9_hexadecenoyl_acp_c0 + 4.0 cpd00001_c0 + 3.0 cpd00003_c0 + 3.0 cpd00006_c0 + 3.0 cpd00011_c0 + 3.0 cpd11493_c0,,0.0,1000.0,C21H40N2O9PRS,-2,c0
cpd11482_c0,PA_syn,(R)-3-Hydroxydecanoyl-[acyl-carrier protein],17.0 cis11_octadecenoyl_acp_c0 + 32.0 cis9_hexadecenoyl_acp_c0 + 50.0 cpd00080_c0 + 9.0 cpd11468_c0 + 6.0 cpd11480_c0 + 7.0 cpd11482_c0 + 29.0 cpd15277_c0 --> 100.0 cpd11493_c0 + cpd16080_c0,,0.0,1000.0,C21H40N2O9PRS,-2,c0
cpd00211_e0,EXpd00211,Butyrate,cpd00211_e0 --> ,,0.0,1000.0,C4H7O2,-1,e0
cpd00211_e0,rxn05683,Butyrate,cpd00067_e0 + cpd00211_e0 <=> cpd00067_c0 + cpd00211_c0,,-1000.0,1000.0,C4H7O2,-1,e0
cpd15363_c0,rxn08818,2-tetradecanoyl-sn-glycerol 3-phosphate,cpd00001_c0 + cpd15363_c0 <=> 2.0 cpd00067_c0 + cpd00080_c0 + cpd03847_c0,,-1000.0,1000.0,C17H34O7P,-1,c0
cpd11590_e0,rxn05536,met-L-ala-L,cpd00001_c0 + cpd00002_c0 + cpd11590_e0 --> cpd00008_c0 + cpd00009_c0 + cpd00067_c0 + cpd11590_c0,,0.0,1000.0,C8H15N2O3S,-1,e0
cpd11590_e0,EXpd11590,met-L-ala-L,cpd11590_e0 --> ,,0.0,1000.0,C8H15N2O3S,-1,e0
cpd00506_c0,rxn00351,gamma-Glutamylcysteine,cpd00002_c0 + cpd00033_c0 + cpd00506_c0 --> cpd00008_c0 + cpd00009_c0 + cpd00042_c0 + cpd00067_c0,,0.0,1000.0,C8H13N2O5S,-1,c0
cpd00506_c0,rxn00646,gamma-Glutamylcysteine,cpd00002_c0 + cpd00023_c0 + cpd00084_c0 --> cpd00008_c0 + cpd00009_c0 + cpd00067_c0 + cpd00506_c0,,0.0,1000.0,C8H13N2O5S,-1,c0
cpd00002_c0,rxn05147,ATP,cpd00001_c0 + cpd00002_c0 + cpd00027_e0 --> cpd00008_c0 + cpd00009_c0 + cpd00027_c0 + cpd00067_c0,,0.0,1000.0,C10H13N5O13P3,-3,c0
cpd00002_c0,rxn10481,ATP,cpd00001_c0 + cpd00002_c0 + cpd00058_e0 --> cpd00008_c0 + cpd00009_c0 + cpd00058_c0 + cpd00067_c0,,0.0,1000.0,C10H13N5O13P3,-3,c0
cpd00002_c0,rxn00615,ATP,cpd00002_c0 + cpd00100_c0 <=> cpd00008_c0 + cpd00067_c0 + cpd00080_c0,,-1000.0,1000.0,C10H13N5O13P3,-3,c0
cpd00002_c0,rxn08298,ATP,cpd00002_c0 + cpd15310_c0 <=> cpd00008_c0 + cpd15525_c0,,-1000.0,1000.0,C10H13N5O13P3,-3,c0
cpd00002_c0,rxn00917,ATP,cpd00001_c0 + cpd00002_c0 + cpd00053_c0 + cpd00497_c0 --> cpd00012_c0 + cpd00018_c0 + cpd00023_c0 + 3.0 cpd00067_c0 + cpd00126_c0,,0.0,1000.0,C10H13N5O13P3,-3,c0
cpd00002_c0,rxn08299,ATP,cpd00002_c0 + cpd15311_c0 <=> cpd00008_c0 + cpd15526_c0,,-1000.0,1000.0,C10H13N5O13P3,-3,c0
cpd00002_c0,rxn09310,ATP,cpd00002_c0 + cpd00069_c0 + cpd00084_c0 + cpd08289_c0 --> cpd00001_c0 + cpd00011_c0 + cpd00012_c0 + cpd00018_c0 + cpd00035_c0 + 2.0 cpd00067_c0 + cpd02654_c0 + cpd15378_c0,,0.0,1000.0,C10H13N5O13P3,-3,c0
cpd00002_c0,rxn01210,ATP,cpd00002_c0 + cpd00023_c0 + cpd00201_c0 --> cpd00008_c0 + cpd00009_c0 + cpd00067_c0 + cpd03524_c0,,0.0,1000.0,C10H13N5O13P3,-3,c0
cpd00002_c0,rxn02895,ATP,cpd00002_c0 + cpd00033_c0 + cpd01982_c0 --> cpd00008_c0 + cpd00009_c0 + cpd00067_c0 + cpd02394_c0,,0.0,1000.0,C10H13N5O13P3,-3,c0
cpd00002_c0,rxn12510,ATP,cpd00002_c0 + cpd00644_c0 --> cpd00008_c0 + cpd00067_c0 + cpd02201_c0,,0.0,1000.0,C10H13N5O13P3,-3,c0
cpd00002_c0,rxn05540,ATP,cpd00001_c0 + cpd00002_c0 + cpd11587_e0 --> cpd00008_c0 + cpd00009_c0 + cpd00067_c0 + cpd11587_c0,,0.0,1000.0,C10H13N5O13P3,-3,c0
cpd00002_c0,rxn05029,ATP,cpd00002_c0 + cpd03422_c0 <=> cpd00421_c0 + cpd03918_c0,,-1000.0,1000.0,C10H13N5O13P3,-3,c0
cpd00002_c0,rxn05541,ATP,cpd00001_c0 + cpd00002_c0 + cpd11586_e0 --> cpd00008_c0 + cpd00009_c0 + cpd00067_c0 + cpd11586_c0,,0.0,1000.0,C10H13N5O13P3,-3,c0
cpd00002_c0,rxn03536,ATP,cpd00002_c0 + cpd03918_c0 <=> cpd00008_c0 + cpd00067_c0 + cpd03919_c0,,-1000.0,1000.0,C10H13N5O13P3,-3,c0
cpd00002_c0,rxn02889,ATP,cpd00002_c0 + cpd00242_c0 + cpd01966_c0 <=> cpd00008_c0 + cpd00009_c0 + cpd00067_c0 + cpd02068_c0,,-1000.0,1000.0,C10H13N5O13P3,-3,c0
cpd00002_c0,rxn03916,ATP,cpd00002_c0 + cpd04920_c0 <=> cpd00012_c0 + cpd03830_c0,,-1000.0,1000.0,C10H13N5O13P3,-3,c0
cpd00002_c0,rxn10174,ATP,cpd00001_c0 + cpd00002_c0 + cpd01329_e0 --> cpd00008_c0 + cpd00009_c0 + cpd00067_c0 + cpd01329_c0,,0.0,1000.0,C10H13N5O13P3,-3,c0
cpd00002_c0,rxn02286,ATP,cpd00002_c0 + cpd00035_c0 + cpd00773_c0 --> cpd00008_c0 + cpd00009_c0 + cpd00067_c0 + cpd00890_c0,,0.0,1000.0,C10H13N5O13P3,-3,c0
cpd00002_c0,rxn08300,ATP,cpd00002_c0 + cpd15312_c0 <=> cpd00008_c0 + cpd15527_c0,,-1000.0,1000.0,C10H13N5O13P3,-3,c0
cpd00002_c0,rxn01492,ATP,cpd00002_c0 + cpd00802_c0 <=> cpd00008_c0 + cpd00067_c0 + cpd00290_c0,,-1000.0,1000.0,C10H13N5O13P3,-3,c0
cpd00002_c0,rxn05543,ATP,cpd00001_c0 + cpd00002_c0 + cpd11584_e0 --> cpd00008_c0 + cpd00009_c0 + cpd00067_c0 + cpd11584_c0,,0.0,1000.0,C10H13N5O13P3,-3,c0
cpd00002_c0,rxn01512,ATP,cpd00002_c0 + cpd00297_c0 <=> cpd00008_c0 + cpd00357_c0,,-1000.0,1000.0,C10H13N5O13P3,-3,c0
cpd00002_c0,biomass0,ATP,0.169975 cpd00002_c0 + 0.00215 cpd00003_c0 + 5e-05 cpd00004_c0 + 0.0004 cpd00005_c0 + 0.00013 cpd00006_c0 + 6e-06 cpd00010_c0 + 1e-05 cpd00015_c0 + 5e-05 cpd00022_c0 + 0.25 cpd00023_c0 + 0.003 cpd00026_c0 + 1e-06 cpd00028_c0 + 0.496 cpd00033_c0 + 0.499 cpd00035_c0 + 0.203 cpd00038_c0 + 0.431 cpd00039_c0 + 0.245 cpd00041_c0 + 0.121 cpd00051_c0 + 0.126 cpd00052_c0 + 0.25 cpd00053_c0 + 0.29 cpd00054_c0 + 0.116 cpd00060_c0 + 0.136 cpd00062_c0 + 0.054 cpd00065_c0 + 0.199 cpd00066_c0 + 0.138 cpd00069_c0 + 3e-06 cpd00078_c0 + 0.087 cpd00084_c0 + 0.428 cpd00107_c0 + 0.01814 cpd00115_c0 + 0.035 cpd00118_c0 + 0.145 cpd00119_c0 + 0.541 cpd00129_c0 + 0.245 cpd00132_c0 + 0.154 cpd00155_c0 + 0.42 cpd00156_c0 + 0.436 cpd00161_c0 + 0.000223 cpd00201_c0 + 0.0254 cpd00241_c0 + 0.0089 cpd00264_c0 + 0.213 cpd00322_c0 + 0.000223 cpd00345_c0 + 0.0254 cpd00356_c0 + 0.01814 cpd00357_c0 + 0.000142 cpd11652_c0 + 0.000216 cpd12801_c0 + 0.000701 cpd15432_c0 + 0.00276 cpd15665_c0 + 0.00192 cpd16083_c0 + 4.3e-05 cpd16093_c0 --> biomass_c0 + 5.604 cpd00001_c0 + 0.08708 cpd00009_c0 + 0.634975 cpd00012_c0,,0.0,1000.0,C10H13N5O13P3,-3,c0
cpd00002_c0,rxn00138,ATP,cpd00002_c0 + cpd00013_c0 + cpd00638_c0 --> cpd00003_c0 + cpd00012_c0 + cpd00018_c0 + 2.0 cpd00067_c0,,0.0,1000.0,C10H13N5O13P3,-3,c0
cpd00002_c0,rxn05555,ATP,cpd00001_c0 + cpd00002_c0 + cpd10515_e0 --> cpd00008_c0 + cpd00009_c0 + cpd00067_c0 + cpd10515_c0,,0.0,1000.0,C10H13N5O13P3,-3,c0
cpd00002_c0,rxn00412,ATP,cpd00001_c0 + cpd00002_c0 + cpd00053_c0 + cpd00062_c0 --> cpd00008_c0 + cpd00009_c0 + cpd00023_c0 + cpd00052_c0 + 2.0 cpd00067_c0,,0.0,1000.0,C10H13N5O13P3,-3,c0
cpd00002_c0,rxn00851,ATP,cpd00002_c0 + 2.0 cpd00117_c0 --> cpd00008_c0 + cpd00009_c0 + cpd00067_c0 + cpd00731_c0,,0.0,1000.0,C10H13N5O13P3,-3,c0
cpd00002_c0,rxn03407,ATP,cpd00002_c0 + cpd00013_c0 + cpd03491_c0 --> cpd00008_c0 + cpd00009_c0 + cpd00067_c0 + cpd03492_c0,,0.0,1000.0,C10H13N5O13P3,-3,c0
cpd00002_c0,rxn05161,ATP,cpd00001_c0 + cpd00002_c0 + cpd00107_e0 --> cpd00008_c0 + cpd00009_c0 + cpd00067_c0 + cpd00107_c0,,0.0,1000.0,C10H13N5O13P3,-3,c0
cpd00002_c0,rxn10254,ATP,cpd00002_c0 + cpd15702_c0 <=> cpd00008_c0 + cpd15678_c0,,-1000.0,1000.0,C10H13N5O13P3,-3,c0
cpd00002_c0,biomass1,ATP,10000.0 biomass_c0 + 1050000.0 cpd00001_c0 + 1050000.0 cpd00002_c0 --> 10000.0 biomass_e0 + 1050000.0 cpd00008_c0 + 1050000.0 cpd00009_c0 + 1050000.0 cpd00067_c0,,0.0,1000.0,C10H13N5O13P3,-3,c0
cpd00002_c0,rxn05613,ATP,cpd00001_c0 + cpd00002_c0 + cpd01914_e0 --> cpd00008_c0 + cpd00009_c0 + cpd00067_c0 + cpd01914_c0,,0.0,1000.0,C10H13N5O13P3,-3,c0
cpd00002_c0,rxn03164,ATP,cpd00002_c0 + cpd00731_c0 + cpd02964_c0 --> cpd00008_c0 + cpd00009_c0 + cpd00067_c0 + cpd02968_c0,,0.0,1000.0,C10H13N5O13P3,-3,c0
cpd00002_c0,rxn00097,ATP,cpd00002_c0 + cpd00018_c0 + cpd00067_c0 <=> 2.0 cpd00008_c0,,-1000.0,1000.0,C10H13N5O13P3,-3,c0
cpd00002_c0,rxn00438,ATP,cpd00002_c0 + cpd00793_c0 <=> cpd00008_c0 + cpd00056_c0,,-1000.0,1000.0,C10H13N5O13P3,-3,c0
cpd00002_c0,rxn05545,ATP,cpd00001_c0 + cpd00002_c0 + cpd11582_e0 --> cpd00008_c0 + cpd00009_c0 + cpd00067_c0 + cpd11582_c0,,0.0,1000.0,C10H13N5O13P3,-3,c0
cpd00002_c0,rxn02319,ATP,cpd00002_c0 + cpd01186_c0 --> cpd00008_c0 + cpd00067_c0 + cpd00806_c0,,0.0,1000.0,C10H13N5O13P3,-3,c0
cpd00002_c0,rxn05535,ATP,cpd00001_c0 + cpd00002_c0 + cpd11591_e0 --> cpd00008_c0 + cpd00009_c0 + cpd00067_c0 + cpd11591_c0,,0.0,1000.0,C10H13N5O13P3,-3,c0
cpd00002_c0,rxn01127,ATP,cpd00002_c0 + cpd00067_c0 + cpd00294_c0 <=> cpd00008_c0 + cpd00177_c0,,-1000.0,1000.0,C10H13N5O13P3,-3,c0
cpd00002_c0,rxn03406,ATP,cpd00002_c0 + cpd00013_c0 + cpd03487_c0 --> cpd00008_c0 + cpd00009_c0 + cpd00067_c0 + cpd03488_c0,,0.0,1000.0,C10H13N5O13P3,-3,c0
cpd00002_c0,rxn05179,ATP,cpd00001_c0 + cpd00002_c0 + cpd00322_e0 --> cpd00008_c0 + cpd00009_c0 + cpd00067_c0 + cpd00322_c0,,0.0,1000.0,C10H13N5O13P3,-3,c0
cpd00002_c0,rxn03535,ATP,cpd00002_c0 + cpd03915_c0 <=> cpd00421_c0 + cpd03916_c0,,-1000.0,1000.0,C10H13N5O13P3,-3,c0
cpd00002_c0,rxn05229,ATP,cpd00002_c0 + cpd00242_c0 + cpd02140_c0 --> cpd00008_c0 + cpd00009_c0 + cpd00067_c0 + cpd02893_c0,,0.0,1000.0,C10H13N5O13P3,-3,c0
cpd00002_c0,rxn02569,ATP,cpd00001_c0 + cpd00002_c0 + cpd01078_c0 <=> cpd00009_c0 + cpd00018_c0 + cpd00067_c0 + cpd03078_c0,,-1000.0,1000.0,C10H13N5O13P3,-3,c0
cpd00002_c0,rxn00126,ATP,cpd00001_c0 + cpd00002_c0 + cpd00060_c0 --> cpd00009_c0 + cpd00012_c0 + cpd00017_c0 + cpd00067_c0,,0.0,1000.0,C10H13N5O13P3,-3,c0
cpd00002_c0,rxn02175,ATP,cpd00002_c0 + cpd00834_c0 <=> cpd00012_c0 + cpd00655_c0,,-1000.0,1000.0,C10H13N5O13P3,-3,c0
cpd00002_c0,rxn00225,ATP,cpd00002_c0 + cpd00029_c0 <=> cpd00008_c0 + cpd00196_c0,,-1000.0,1000.0,C10H13N5O13P3,-3,c0
cpd00002_c0,rxn01791,ATP,cpd00002_c0 + cpd00085_c0 + cpd00408_c0 --> cpd00012_c0 + cpd00018_c0 + 2.0 cpd00067_c0 + cpd00644_c0,,0.0,1000.0,C10H13N5O13P3,-3,c0
cpd00002_c0,rxn05248,ATP,cpd00002_c0 + cpd00010_c0 + cpd11438_c0 --> cpd00012_c0 + cpd00018_c0 + cpd11439_c0,,0.0,1000.0,C10H13N5O13P3,-3,c0
cpd00002_c0,rxn00414,ATP,cpd00001_c0 + 2.0 cpd00002_c0 + cpd00053_c0 + cpd00242_c0 --> 2.0 cpd00008_c0 + cpd00009_c0 + cpd00023_c0 + 2.0 cpd00067_c0 + cpd00146_c0,,0.0,1000.0,C10H13N5O13P3,-3,c0
cpd00002_c0,rxn00216,ATP,cpd00002_c0 + cpd00027_c0 --> cpd00008_c0 + cpd00067_c0 + cpd00079_c0,,0.0,1000.0,C10H13N5O13P3,-3,c0
cpd00002_c0,rxn01199,ATP,cpd00002_c0 + cpd00259_c0 <=> cpd00008_c0 + cpd00067_c0 + cpd00198_c0,,-1000.0,1000.0,C10H13N5O13P3,-3,c0
cpd00002_c0,rxn00148,ATP,cpd00008_c0 + cpd00061_c0 + cpd00067_c0 --> cpd00002_c0 + cpd00020_c0,,0.0,1000.0,C10H13N5O13P3,-3,c0
cpd00002_c0,rxn05547,ATP,cpd00001_c0 + cpd00002_c0 + cpd11580_e0 --> cpd00008_c0 + cpd00009_c0 + cpd00067_c0 + cpd11580_c0,,0.0,1000.0,C10H13N5O13P3,-3,c0
cpd00002_c0,rxn05145,ATP,cpd00001_c0 + cpd00002_c0 + cpd00009_e0 --> cpd00008_c0 + 2.0 cpd00009_c0 + cpd00067_c0,,0.0,1000.0,C10H13N5O13P3,-3,c0
cpd00002_c0,rxn08194,ATP,cpd00002_c0 + cpd00635_c0 <=> cpd00166_c0 + cpd00421_c0,,-1000.0,1000.0,C10H13N5O13P3,-3,c0
cpd00002_c0,rxn05151,ATP,cpd00001_c0 + cpd00002_c0 + cpd00039_e0 --> cpd00008_c0 + cpd00009_c0 + cpd00039_c0 + cpd00067_c0,,0.0,1000.0,C10H13N5O13P3,-3,c0
cpd00002_c0,rxn13782,ATP,10412.0 cpd00001_c0 + 6730.0 cpd00002_c0 + 496.0 cpd00033_c0 + 1370.0 cpd00035_c0 + 10162.0 cpd00038_c0 + 431.0 cpd00039_c0 + 250.0 cpd00041_c0 + 121.0 cpd00051_c0 + 500.0 cpd00053_c0 + 290.0 cpd00054_c0 + 116.0 cpd00060_c0 + 54.0 cpd00065_c0 + 199.0 cpd00066_c0 + 138.0 cpd00069_c0 + 87.0 cpd00084_c0 + 428.0 cpd00107_c0 + 145.0 cpd00119_c0 + 541.0 cpd00129_c0 + 420.0 cpd00156_c0 + 436.0 cpd00161_c0 + 14.0 cpd00201_c0 + 213.0 cpd00322_c0 --> Protein_c0 + 250.0 cpd00008_c0 + 10412.0 cpd00009_c0 + 6480.0 cpd00012_c0 + 6480.0 cpd00018_c0 + 10162.0 cpd00031_c0 + 14.0 cpd00047_c0 + 15493.0 cpd00067_c0 + 14.0 cpd00087_c0,,0.0,1000.0,C10H13N5O13P3,-3,c0
cpd00002_c0,rxn06937,ATP,cpd00002_c0 + cpd00023_c0 + cpd00067_c0 + cpd11912_c0 --> cpd00012_c0 + cpd00018_c0 + cpd12227_c0,,0.0,1000.0,C10H13N5O13P3,-3,c0
cpd00002_c0,rxn10255,ATP,cpd00002_c0 + cpd15703_c0 <=> cpd00008_c0 + cpd15679_c0,,-1000.0,1000.0,C10H13N5O13P3,-3,c0
cpd00002_c0,rxn00361,ATP,cpd00002_c0 + cpd00193_c0 <=> cpd00008_c0 + cpd00044_c0 + cpd00067_c0,,-1000.0,1000.0,C10H13N5O13P3,-3,c0
cpd00002_c0,rxn10344,ATP,cpd00001_c0 + cpd00002_c0 + cpd04097_c0 --> cpd00008_c0 + cpd00009_c0 + cpd00067_c0 + cpd04097_e0,,0.0,1000.0,C10H13N5O13P3,-3,c0
cpd00002_c0,rxn02937,ATP,cpd00002_c0 + cpd02826_c0 <=> cpd00008_c0 + cpd00009_c0 + cpd00067_c0 + cpd02140_c0,,-1000.0,1000.0,C10H13N5O13P3,-3,c0
cpd00002_c0,rxn00122,ATP,cpd00002_c0 + cpd00050_c0 --> cpd00012_c0 + cpd00015_c0,,0.0,1000.0,C10H13N5O13P3,-3,c0
cpd00002_c0,rxn00988,ATP,cpd00002_c0 + cpd00010_c0 + cpd00142_c0 --> cpd00012_c0 + cpd00018_c0 + cpd00067_c0 + cpd00279_c0,,0.0,1000.0,C10H13N5O13P3,-3,c0
cpd00002_c0,rxn12512,ATP,cpd00002_c0 + cpd00084_c0 + cpd02201_c0 --> cpd00012_c0 + cpd00018_c0 + 2.0 cpd00067_c0 + cpd02666_c0,,0.0,1000.0,C10H13N5O13P3,-3,c0
cpd00002_c0,rxn08297,ATP,cpd00002_c0 + cpd15309_c0 <=> cpd00008_c0 + cpd15524_c0,,-1000.0,1000.0,C10H13N5O13P3,-3,c0
cpd00002_c0,rxn05187,ATP,cpd00001_c0 + cpd00002_c0 + cpd03424_e0 --> cpd00008_c0 + cpd00009_c0 + cpd00067_c0 + cpd03424_c0,,0.0,1000.0,C10H13N5O13P3,-3,c0
cpd00002_c0,rxn00117,ATP,cpd00002_c0 + cpd00014_c0 --> cpd00008_c0 + cpd00062_c0,,0.0,1000.0,C10H13N5O13P3,-3,c0
cpd00002_c0,rxn05183,ATP,cpd00001_c0 + cpd00002_c0 + cpd00637_e0 --> cpd00008_c0 + cpd00009_c0 + cpd00067_c0 + cpd00637_c0,,0.0,1000.0,C10H13N5O13P3,-3,c0
cpd00002_c0,rxn01300,ATP,cpd00002_c0 + cpd00227_c0 <=> cpd00008_c0 + cpd00067_c0 + cpd00809_c0,,-1000.0,1000.0,C10H13N5O13P3,-3,c0
cpd00002_c0,rxn05537,ATP,cpd00001_c0 + cpd00002_c0 + cpd11589_e0 --> cpd00008_c0 + cpd00009_c0 + cpd00067_c0 + cpd11589_c0,,0.0,1000.0,C10H13N5O13P3,-3,c0
cpd00002_c0,rxn00175,ATP,cpd00002_c0 + cpd00010_c0 + cpd00029_c0 --> cpd00012_c0 + cpd00018_c0 + cpd00022_c0 + cpd00067_c0,,0.0,1000.0,C10H13N5O13P3,-3,c0
cpd00002_c0,rxn01169,ATP,cpd00002_c0 + cpd00190_c0 --> cpd00008_c0 + cpd00067_c0 + cpd00863_c0,,0.0,1000.0,C10H13N5O13P3,-3,c0
cpd00002_c0,rxn05542,ATP,cpd00001_c0 + cpd00002_c0 + cpd11585_e0 --> cpd00008_c0 + cpd00009_c0 + cpd00067_c0 + cpd11585_c0,,0.0,1000.0,C10H13N5O13P3,-3,c0
cpd00002_c0,rxn01434,ATP,cpd00002_c0 + cpd00041_c0 + cpd00274_c0 <=> cpd00012_c0 + cpd00018_c0 + 2.0 cpd00067_c0 + cpd02152_c0,,-1000.0,1000.0,C10H13N5O13P3,-3,c0
cpd00002_c0,rxn08296,ATP,cpd00002_c0 + cpd15308_c0 <=> cpd00008_c0 + cpd15523_c0,,-1000.0,1000.0,C10H13N5O13P3,-3,c0
cpd00002_c0,rxn05546,ATP,cpd00001_c0 + cpd00002_c0 + cpd11581_e0 --> cpd00008_c0 + cpd00009_c0 + cpd00067_c0 + cpd11581_c0,,0.0,1000.0,C10H13N5O13P3,-3,c0
cpd00002_c0,rxn05528,ATP,cpd00001_c0 + cpd00002_c0 + cpd00058_c0 --> cpd00008_c0 + cpd00009_c0 + cpd00058_e0 + cpd00067_c0,,0.0,1000.0,C10H13N5O13P3,-3,c0
cpd00002_c0,rxn03932,ATP,cpd00002_c0 + cpd04242_c0 --> cpd00008_c0 + cpd00067_c0 + cpd02721_c0,,0.0,1000.0,C10H13N5O13P3,-3,c0
cpd00002_c0,rxn01102,ATP,cpd00002_c0 + cpd00223_c0 <=> cpd00008_c0 + cpd00067_c0 + cpd00169_c0,,-1000.0,1000.0,C10H13N5O13P3,-3,c0
cpd00002_c0,rxn00669,ATP,cpd00002_c0 + cpd00010_c0 + cpd00141_c0 --> cpd00008_c0 + cpd00009_c0 + cpd00086_c0,,0.0,1000.0,C10H13N5O13P3,-3,c0
cpd00002_c0,rxn02503,ATP,cpd00002_c0 + cpd00954_c0 <=> cpd00018_c0 + 2.0 cpd00067_c0 + cpd02920_c0,,-1000.0,1000.0,C10H13N5O13P3,-3,c0
cpd00002_c0,rxn00416,ATP,cpd00001_c0 + cpd00002_c0 + cpd00041_c0 + cpd00053_c0 --> cpd00012_c0 + cpd00018_c0 + cpd00023_c0 + 2.0 cpd00067_c0 + cpd00132_c0,,0.0,1000.0,C10H13N5O13P3,-3,c0
cpd00002_c0,rxn01219,ATP,cpd00002_c0 + cpd00067_c0 + cpd00206_c0 <=> cpd00008_c0 + cpd00533_c0,,-1000.0,1000.0,C10H13N5O13P3,-3,c0
cpd00002_c0,rxn03181,ATP,cpd00002_c0 + cpd03002_c0 <=> cpd00008_c0 + cpd00067_c0 + cpd02993_c0,,-1000.0,1000.0,C10H13N5O13P3,-3,c0
cpd00002_c0,rxn10042,ATP,cpd00008_c0 + cpd00009_c0 + 4.0 cpd00067_e0 --> cpd00001_c0 + cpd00002_c0 + 3.0 cpd00067_c0,,0.0,1000.0,C10H13N5O13P3,-3,c0
cpd00002_c0,rxn02155,ATP,cpd00002_c0 + cpd00873_c0 <=> cpd00012_c0 + cpd00638_c0,,-1000.0,1000.0,C10H13N5O13P3,-3,c0
cpd00002_c0,rxn05219,ATP,cpd00001_c0 + cpd00002_c0 + cpd00060_e0 --> cpd00008_c0 + cpd00009_c0 + cpd00060_c0 + cpd00067_c0,,0.0,1000.0,C10H13N5O13P3,-3,c0
cpd00002_c0,rxn05176,ATP,cpd00001_c0 + cpd00002_c0 + cpd00268_e0 --> cpd00008_c0 + cpd00009_c0 + cpd00067_c0 + cpd00268_c0,,0.0,1000.0,C10H13N5O13P3,-3,c0
cpd00002_c0,rxn05538,ATP,cpd00001_c0 + cpd00002_c0 + cpd11588_e0 --> cpd00008_c0 + cpd00009_c0 + cpd00067_c0 + cpd11588_c0,,0.0,1000.0,C10H13N5O13P3,-3,c0
cpd00002_c0,rxn05536,ATP,cpd00001_c0 + cpd00002_c0 + cpd11590_e0 --> cpd00008_c0 + cpd00009_c0 + cpd00067_c0 + cpd11590_c0,,0.0,1000.0,C10H13N5O13P3,-3,c0
cpd00002_c0,rxn10258,ATP,cpd00002_c0 + cpd15706_c0 <=> cpd00008_c0 + cpd15682_c0,,-1000.0,1000.0,C10H13N5O13P3,-3,c0
cpd00002_c0,rxn01673,ATP,cpd00002_c0 + cpd00533_c0 <=> cpd00008_c0 + cpd00356_c0,,-1000.0,1000.0,C10H13N5O13P3,-3,c0
cpd00002_c0,rxn00187,ATP,cpd00002_c0 + cpd00013_c0 + cpd00023_c0 --> cpd00008_c0 + cpd00009_c0 + cpd00053_c0 + cpd00067_c0,,0.0,1000.0,C10H13N5O13P3,-3,c0
cpd00002_c0,rxn06979,ATP,2.0 cpd00001_c0 + 2.0 cpd00002_c0 + 2.0 cpd00053_c0 + cpd03421_c0 <=> 2.0 cpd00008_c0 + 2.0 cpd00009_c0 + 2.0 cpd00023_c0 + 2.0 cpd00067_c0 + cpd03914_c0,,-1000.0,1000.0,C10H13N5O13P3,-3,c0
cpd00002_c0,rxn05170,ATP,cpd00001_c0 + cpd00002_c0 + cpd00179_e0 --> cpd00008_c0 + cpd00009_c0 + cpd00067_c0 + cpd00179_c0,,0.0,1000.0,C10H13N5O13P3,-3,c0
cpd00002_c0,rxn10571,ATP,cpd00001_c0 + cpd00002_c0 + cpd00254_e0 --> cpd00008_c0 + cpd00009_c0 + cpd00067_c0 + cpd00254_c0,,0.0,1000.0,C10H13N5O13P3,-3,c0
cpd00002_c0,rxn02008,ATP,cpd00002_c0 + cpd00186_c0 + cpd00890_c0 --> cpd00008_c0 + cpd00009_c0 + cpd00067_c0 + cpd00525_c0,,0.0,1000.0,C10H13N5O13P3,-3,c0
cpd00002_c0,rxn00392,ATP,cpd00002_c0 + cpd00220_c0 <=> cpd00008_c0 + cpd00050_c0,,-1000.0,1000.0,C10H13N5O13P3,-3,c0
cpd00002_c0,rxn05251,ATP,cpd00002_c0 + cpd00010_c0 + cpd11433_c0 --> cpd00012_c0 + cpd00018_c0 + cpd11434_c0,,0.0,1000.0,C10H13N5O13P3,-3,c0
cpd00002_c0,rxn05153,ATP,cpd00001_c0 + cpd00002_c0 + cpd00048_e0 --> cpd00008_c0 + cpd00009_c0 + cpd00048_c0 + cpd00067_c0,,0.0,1000.0,C10H13N5O13P3,-3,c0
cpd00002_c0,rxn03084,ATP,cpd00001_c0 + cpd00002_c0 + cpd00053_c0 + cpd02678_c0 --> cpd00008_c0 + cpd00009_c0 + cpd00023_c0 + cpd00067_c0 + cpd02826_c0,,0.0,1000.0,C10H13N5O13P3,-3,c0
cpd00002_c0,rxn00285,ATP,cpd00002_c0 + cpd00010_c0 + cpd00036_c0 <=> cpd00008_c0 + cpd00009_c0 + cpd00078_c0,,-1000.0,1000.0,C10H13N5O13P3,-3,c0
cpd00002_c0,rxn00947,ATP,cpd00002_c0 + cpd00010_c0 + cpd00214_c0 --> cpd00012_c0 + cpd00018_c0 + cpd00067_c0 + cpd00134_c0,,0.0,1000.0,C10H13N5O13P3,-3,c0
cpd00002_c0,rxn05195,ATP,cpd00001_c0 + cpd00002_c0 + cpd10516_e0 --> cpd00008_c0 + cpd00009_c0 + cpd00067_c0 + cpd10516_c0,,0.0,1000.0,C10H13N5O13P3,-3,c0
cpd00002_c0,rxn05516,ATP,cpd00001_c0 + cpd00002_c0 + cpd01012_c0 --> cpd00008_c0 + cpd00009_c0 + cpd00067_c0 + cpd01012_e0,,0.0,1000.0,C10H13N5O13P3,-3,c0
cpd00002_c0,rxn01275,ATP,cpd00002_c0 + cpd00222_c0 <=> cpd00008_c0 + cpd00067_c0 + cpd00284_c0,,-1000.0,1000.0,C10H13N5O13P3,-3,c0
cpd00002_c0,rxn00547,ATP,cpd00002_c0 + cpd00082_c0 <=> cpd00008_c0 + cpd00067_c0 + cpd00072_c0,,-1000.0,1000.0,C10H13N5O13P3,-3,c0
cpd00002_c0,rxn12850,ATP,cpd00001_c0 + cpd00002_c0 + cpd15605_e0 --> cpd00008_c0 + cpd00009_c0 + cpd00067_c0 + cpd15605_c0,,0.0,1000.0,C10H13N5O13P3,-3,c0
cpd00002_c0,rxn00062,ATP,cpd00001_c0 + cpd00002_c0 --> cpd00008_c0 + cpd00009_c0 + cpd00067_c0,,4.98,1000.0,C10H13N5O13P3,-3,c0
cpd00002_c0,rxn08294,ATP,cpd00002_c0 + cpd15306_c0 <=> cpd00008_c0 + cpd15521_c0,,-1000.0,1000.0,C10H13N5O13P3,-3,c0
cpd00002_c0,rxn05608,ATP,cpd00001_c0 + cpd00002_c0 + cpd01262_e0 --> cpd00008_c0 + cpd00009_c0 + cpd00067_c0 + cpd01262_c0,,0.0,1000.0,C10H13N5O13P3,-3,c0
cpd00002_c0,rxn10257,ATP,cpd00002_c0 + cpd15705_c0 <=> cpd00008_c0 + cpd15681_c0,,-1000.0,1000.0,C10H13N5O13P3,-3,c0
cpd00002_c0,ADD_5oxpro3,ATP,2.0 cpd00001_c0 + cpd00002_c0 + cpd01293_c0 --> cpd00008_c0 + cpd00009_c0 + cpd00023_c0 + cpd00067_c0,,0.0,1000.0,C10H13N5O13P3,-3,c0
cpd00002_c0,rxn00409,ATP,cpd00002_c0 + cpd00096_c0 <=> cpd00008_c0 + cpd00052_c0,,-1000.0,1000.0,C10H13N5O13P3,-3,c0
cpd00002_c0,rxn05249,ATP,cpd00002_c0 + cpd00010_c0 + cpd11436_c0 --> cpd00012_c0 + cpd00018_c0 + cpd11437_c0,,0.0,1000.0,C10H13N5O13P3,-3,c0
cpd00002_c0,rxn12849,ATP,cpd00001_c0 + cpd00002_c0 + cpd15604_e0 --> cpd00008_c0 + cpd00009_c0 + cpd00067_c0 + cpd15604_c0,,0.0,1000.0,C10H13N5O13P3,-3,c0
cpd00002_c0,rxn05533,ATP,cpd00001_c0 + cpd00002_c0 + cpd11593_e0 --> cpd00008_c0 + cpd00009_c0 + cpd00067_c0 + cpd11593_c0,,0.0,1000.0,C10H13N5O13P3,-3,c0
cpd00002_c0,rxn03147,ATP,cpd00002_c0 + cpd00041_c0 + cpd02893_c0 --> cpd00008_c0 + cpd00009_c0 + 2.0 cpd00067_c0 + cpd02921_c0,,0.0,1000.0,C10H13N5O13P3,-3,c0
cpd00002_c0,rxn05252,ATP,cpd00002_c0 + cpd00010_c0 + cpd11431_c0 --> cpd00012_c0 + cpd00018_c0 + cpd11432_c0,,0.0,1000.0,C10H13N5O13P3,-3,c0
cpd00002_c0,ADD_Tur2,ATP,cpd00001_c0 + cpd00002_c0 + cpd20885_e0 --> cpd00008_c0 + cpd00009_c0 + cpd00067_c0 + cpd20885_c0,,0.0,1000.0,C10H13N5O13P3,-3,c0
cpd00002_c0,rxn05168,ATP,cpd00001_c0 + cpd00002_c0 + cpd00156_e0 --> cpd00008_c0 + cpd00009_c0 + cpd00067_c0 + cpd00156_c0,,0.0,1000.0,C10H13N5O13P3,-3,c0
cpd00002_c0,rxn00303,ATP,cpd00002_c0 + cpd00038_c0 <=> cpd00018_c0 + 2.0 cpd00067_c0 + cpd02740_c0,,-1000.0,1000.0,C10H13N5O13P3,-3,c0
cpd00002_c0,rxn05247,ATP,cpd00002_c0 + cpd00010_c0 + cpd11430_c0 --> cpd00012_c0 + cpd00018_c0 + cpd11435_c0,,0.0,1000.0,C10H13N5O13P3,-3,c0
cpd00002_c0,rxn00250,ATP,cpd00002_c0 + cpd00020_c0 + cpd00242_c0 --> cpd00008_c0 + cpd00009_c0 + cpd00032_c0 + cpd00067_c0,,0.0,1000.0,C10H13N5O13P3,-3,c0
cpd00002_c0,rxn10343,ATP,cpd00001_c0 + cpd00002_c0 + cpd00531_c0 --> cpd00008_c0 + cpd00009_c0 + cpd00067_c0 + cpd00531_e0,,0.0,1000.0,C10H13N5O13P3,-3,c0
cpd00002_c0,rxn06672,ATP,cpd00002_c0 + cpd00242_c0 + cpd12848_c0 <=> cpd00008_c0 + cpd00009_c0 + cpd00067_c0 + cpd12543_c0,,-1000.0,1000.0,C10H13N5O13P3,-3,c0
cpd00002_c0,rxn05164,ATP,cpd00001_c0 + cpd00002_c0 + cpd00119_e0 --> cpd00008_c0 + cpd00009_c0 + cpd00067_c0 + cpd00119_c0,,0.0,1000.0,C10H13N5O13P3,-3,c0
cpd00002_c0,rxn11544,ATP,cpd00001_c0 + 2.0 cpd00002_c0 + 2.0 cpd00053_c0 + cpd03832_c0 <=> 2.0 cpd00008_c0 + cpd00012_c0 + 2.0 cpd00023_c0 + cpd00067_c0 + cpd03913_c0,,-1000.0,1000.0,C10H13N5O13P3,-3,c0
cpd00002_c0,rxn01653,ATP,cpd00002_c0 + cpd02197_c0 --> cpd00008_c0 + cpd00009_c0 + cpd00347_c0,,0.0,1000.0,C10H13N5O13P3,-3,c0
cpd00002_c0,rxn05544,ATP,cpd00001_c0 + cpd00002_c0 + cpd11583_e0 --> cpd00008_c0 + cpd00009_c0 + cpd00067_c0 + cpd11583_c0,,0.0,1000.0,C10H13N5O13P3,-3,c0
cpd00002_c0,rxn00986,ATP,cpd00012_c0 + cpd03560_c0 --> cpd00002_c0 + cpd00141_c0,,0.0,1000.0,C10H13N5O13P3,-3,c0
cpd00002_c0,rxn05154,ATP,cpd00001_c0 + cpd00002_c0 + cpd00051_e0 --> cpd00008_c0 + cpd00009_c0 + cpd00051_c0 + cpd00067_c0,,0.0,1000.0,C10H13N5O13P3,-3,c0
cpd00002_c0,rxn09448,ATP,cpd00002_c0 + cpd00010_c0 + cpd15269_c0 --> cpd00012_c0 + cpd00018_c0 + cpd15274_c0,,0.0,1000.0,C10H13N5O13P3,-3,c0
cpd00002_c0,rxn02314,ATP,cpd00002_c0 + cpd00805_c0 <=> cpd00008_c0 + cpd00067_c0 + cpd02371_c0,,-1000.0,1000.0,C10H13N5O13P3,-3,c0
cpd00002_c0,rxn05146,ATP,cpd00001_c0 + cpd00002_c0 + cpd00023_e0 --> cpd00008_c0 + cpd00009_c0 + cpd00023_c0 + cpd00067_c0,,0.0,1000.0,C10H13N5O13P3,-3,c0
cpd00002_c0,rxn08709,ATP,cpd00002_c0 + cpd15488_c0 --> cpd00008_c0 + cpd00067_c0 + cpd15550_c0,,0.0,1000.0,C10H13N5O13P3,-3,c0
cpd00002_c0,rxn12851,ATP,cpd00001_c0 + cpd00002_c0 + cpd15606_e0 --> cpd00008_c0 + cpd00009_c0 + cpd00067_c0 + cpd15606_c0,,0.0,1000.0,C10H13N5O13P3,-3,c0
cpd00002_c0,rxn01678,ATP,cpd00002_c0 + cpd00978_c0 <=> cpd00008_c0 + cpd00358_c0,,-1000.0,1000.0,C10H13N5O13P3,-3,c0
cpd00002_c0,rxn00410,ATP,cpd00002_c0 + cpd00013_c0 + cpd00062_c0 <=> cpd00008_c0 + cpd00009_c0 + cpd00052_c0 + 2.0 cpd00067_c0,,-1000.0,1000.0,C10H13N5O13P3,-3,c0
cpd00002_c0,rxn00179,ATP,cpd00002_c0 + cpd00023_c0 <=> cpd00008_c0 + cpd02097_c0,,-1000.0,1000.0,C10H13N5O13P3,-3,c0
cpd00002_c0,rxn05644,ATP,cpd00001_c0 + cpd00002_c0 + cpd00105_c0 --> cpd00008_c0 + cpd00009_c0 + cpd00067_c0 + cpd00105_e0,,0.0,1000.0,C10H13N5O13P3,-3,c0
cpd00002_c0,rxn02277,ATP,cpd00002_c0 + cpd00011_c0 + cpd00764_c0 --> cpd00008_c0 + cpd00009_c0 + 3.0 cpd00067_c0 + cpd01311_c0,,0.0,1000.0,C10H13N5O13P3,-3,c0
cpd00002_c0,rxn05549,ATP,cpd00001_c0 + cpd00002_c0 + cpd01242_e0 --> cpd00008_c0 + cpd00009_c0 + cpd00067_c0 + cpd01242_c0,,0.0,1000.0,C10H13N5O13P3,-3,c0
cpd00002_c0,rxn01513,ATP,cpd00002_c0 + cpd00067_c0 + cpd00298_c0 <=> cpd00008_c0 + cpd00297_c0,,-1000.0,1000.0,C10H13N5O13P3,-3,c0
cpd00002_c0,rxn01353,ATP,cpd00002_c0 + cpd00295_c0 <=> cpd00008_c0 + cpd00241_c0,,-1000.0,1000.0,C10H13N5O13P3,-3,c0
cpd00002_c0,rxn00560,ATP,cpd00002_c0 + cpd00073_c0 + cpd00242_c0 --> cpd00008_c0 + cpd00009_c0 + cpd00067_c0 + cpd00742_c0,,0.0,1000.0,C10H13N5O13P3,-3,c0
cpd00002_c0,rxn00689,ATP,cpd00002_c0 + cpd00023_c0 + cpd00087_c0 --> cpd00008_c0 + cpd00009_c0 + cpd00067_c0 + cpd06227_c0,,0.0,1000.0,C10H13N5O13P3,-3,c0
cpd00002_c0,rxn05160,ATP,cpd00001_c0 + cpd00002_c0 + cpd00105_e0 --> cpd00008_c0 + cpd00009_c0 + cpd00067_c0 + cpd00105_c0,,0.0,1000.0,C10H13N5O13P3,-3,c0
cpd00002_c0,rxn05150,ATP,cpd00001_c0 + cpd00002_c0 + cpd00034_e0 --> cpd00008_c0 + cpd00009_c0 + cpd00034_c0 + cpd00067_c0,,0.0,1000.0,C10H13N5O13P3,-3,c0
cpd00002_c0,rxn10147,ATP,cpd00001_c0 + cpd00002_c0 + cpd00635_e0 --> cpd00008_c0 + cpd00009_c0 + cpd00067_c0 + cpd00635_c0,,0.0,1000.0,C10H13N5O13P3,-3,c0
cpd00002_c0,rxn00770,ATP,cpd00002_c0 + cpd00101_c0 <=> cpd00018_c0 + cpd00067_c0 + cpd00103_c0,,-1000.0,1000.0,C10H13N5O13P3,-3,c0
cpd00002_c0,rxn00077,ATP,cpd00002_c0 + cpd00003_c0 <=> cpd00006_c0 + cpd00008_c0 + cpd00067_c0,,-1000.0,1000.0,C10H13N5O13P3,-3,c0
cpd00002_c0,rxn05152,ATP,cpd00001_c0 + cpd00002_c0 + cpd00041_e0 --> cpd00008_c0 + cpd00009_c0 + cpd00041_c0 + cpd00067_c0,,0.0,1000.0,C10H13N5O13P3,-3,c0
cpd00002_c0,rxn01671,ATP,cpd00002_c0 + cpd02016_c0 <=> cpd00008_c0 + cpd00067_c0 + cpd00355_c0,,-1000.0,1000.0,C10H13N5O13P3,-3,c0
cpd00002_c0,rxn00237,ATP,cpd00002_c0 + cpd00031_c0 --> cpd00008_c0 + cpd00038_c0,,0.0,1000.0,C10H13N5O13P3,-3,c0
cpd00002_c0,rxn00247,ATP,cpd00002_c0 + cpd00032_c0 --> cpd00008_c0 + cpd00011_c0 + cpd00061_c0,,0.0,1000.0,C10H13N5O13P3,-3,c0
cpd00002_c0,rxn08295,ATP,cpd00002_c0 + cpd15307_c0 <=> cpd00008_c0 + cpd15522_c0,,-1000.0,1000.0,C10H13N5O13P3,-3,c0
cpd00002_c0,rxn05232,ATP,cpd00002_c0 + cpd11421_c0 --> cpd00001_c0 + cpd00115_c0 + cpd11420_c0,,0.0,1000.0,C10H13N5O13P3,-3,c0
cpd00002_c0,rxn00379,ATP,cpd00002_c0 + cpd00048_c0 <=> cpd00012_c0 + cpd00193_c0,,-1000.0,1000.0,C10H13N5O13P3,-3,c0
cpd00002_c0,rxn00147,ATP,cpd00001_c0 + cpd00002_c0 + cpd00020_c0 --> cpd00009_c0 + cpd00018_c0 + cpd00061_c0 + 3.0 cpd00067_c0,,0.0,1000.0,C10H13N5O13P3,-3,c0
cpd00002_c0,rxn00065,ATP,cpd00002_c0 --> cpd00012_c0 + cpd00067_c0 + cpd00446_c0,,0.0,1000.0,C10H13N5O13P3,-3,c0
cpd00002_c0,rxn15121,ATP,cpd00002_c0 + cpd00724_c0 --> cpd00008_c0 + cpd00067_c0 + cpd00348_c0,,0.0,1000.0,C10H13N5O13P3,-3,c0
cpd00002_c0,rxn00239,ATP,cpd00002_c0 + cpd00067_c0 + cpd00126_c0 <=> cpd00008_c0 + cpd00031_c0,,-1000.0,1000.0,C10H13N5O13P3,-3,c0
cpd00002_c0,rxn05736,ATP,cpd00002_c0 + cpd00010_c0 + cpd03847_c0 --> cpd00012_c0 + cpd00018_c0 + cpd00067_c0 + cpd01695_c0,,0.0,1000.0,C10H13N5O13P3,-3,c0
cpd00002_c0,rxn00114,ATP,cpd00002_c0 + cpd00011_c0 + cpd00013_c0 <=> cpd00008_c0 + 2.0 cpd00067_c0 + cpd00146_c0,,-1000.0,1000.0,C10H13N5O13P3,-3,c0
cpd00002_c0,rxn09450,ATP,cpd00002_c0 + cpd00010_c0 + cpd15237_c0 --> cpd00012_c0 + cpd00018_c0 + cpd15238_c0,,0.0,1000.0,C10H13N5O13P3,-3,c0
cpd00002_c0,rxn12848,ATP,cpd00001_c0 + cpd00002_c0 + cpd15603_e0 --> cpd00008_c0 + cpd00009_c0 + cpd00067_c0 + cpd15603_c0,,0.0,1000.0,C10H13N5O13P3,-3,c0
cpd00002_c0,rxn05534,ATP,cpd00001_c0 + cpd00002_c0 + cpd11592_e0 --> cpd00008_c0 + cpd00009_c0 + cpd00067_c0 + cpd11592_c0,,0.0,1000.0,C10H13N5O13P3,-3,c0
cpd00002_c0,rxn10253,ATP,cpd00002_c0 + cpd15701_c0 <=> cpd00008_c0 + cpd15677_c0,,-1000.0,1000.0,C10H13N5O13P3,-3,c0
cpd00002_c0,rxn03918,ATP,cpd00002_c0 + cpd04918_c0 <=> cpd00008_c0 + cpd00067_c0 + cpd08316_c0,,-1000.0,1000.0,C10H13N5O13P3,-3,c0
cpd00002_c0,rxn00100,ATP,cpd00002_c0 + cpd00655_c0 --> cpd00008_c0 + cpd00010_c0 + cpd00067_c0,,0.0,1000.0,C10H13N5O13P3,-3,c0
cpd00002_c0,rxn02484,ATP,cpd00002_c0 + cpd00939_c0 --> cpd00008_c0 + cpd00067_c0 + cpd02775_c0,,0.0,1000.0,C10H13N5O13P3,-3,c0
cpd00002_c0,rxn01917,ATP,cpd00002_c0 + cpd00477_c0 <=> cpd00008_c0 + cpd02552_c0,,-1000.0,1000.0,C10H13N5O13P3,-3,c0
cpd00002_c0,rxn13990,ATP,cpd00002_c0 + cpd00122_c0 --> cpd00008_c0 + cpd00067_c0 + cpd02611_c0,,0.0,1000.0,C10H13N5O13P3,-3,c0
cpd00002_c0,rxn03409,ATP,cpd00002_c0 + cpd00013_c0 + cpd03495_c0 --> cpd00008_c0 + cpd00009_c0 + cpd00067_c0 + cpd03496_c0,,0.0,1000.0,C10H13N5O13P3,-3,c0
cpd00002_c0,rxn10256,ATP,cpd00002_c0 + cpd15704_c0 <=> cpd00008_c0 + cpd15680_c0,,-1000.0,1000.0,C10H13N5O13P3,-3,c0
cpd00002_c0,rxn00646,ATP,cpd00002_c0 + cpd00023_c0 + cpd00084_c0 --> cpd00008_c0 + cpd00009_c0 + cpd00067_c0 + cpd00506_c0,,0.0,1000.0,C10H13N5O13P3,-3,c0
cpd00002_c0,rxn09449,ATP,cpd00002_c0 + cpd00010_c0 + cpd01080_c0 --> cpd00012_c0 + cpd00018_c0 + cpd00067_c0 + cpd00327_c0,,0.0,1000.0,C10H13N5O13P3,-3,c0
cpd00002_c0,ADD_TPP3,ATP,IscS_with_bound_sulfur_c0 + cpd00002_c0 + cpd00005_c0 + cpd08289_c0 + cpd14545_c0 --> IscS_sulfur_acceptor_protein_c0 + 2.0 cpd00001_c0 + cpd00006_c0 + cpd00011_c0 + cpd00012_c0 + cpd00018_c0 + cpd00067_c0 + cpd02654_c0,,0.0,1000.0,C10H13N5O13P3,-3,c0
cpd00002_c0,rxn04783,ATP,cpd00002_c0 + cpd00047_c0 + cpd02394_c0 --> cpd00008_c0 + cpd00009_c0 + cpd00067_c0 + cpd02678_c0,,0.0,1000.0,C10H13N5O13P3,-3,c0
cpd00002_c0,rxn01100,ATP,cpd00002_c0 + cpd00169_c0 <=> cpd00008_c0 + cpd00203_c0,,-1000.0,1000.0,C10H13N5O13P3,-3,c0
cpd00002_c0,rxn08708,ATP,cpd00002_c0 + cpd15484_c0 <=> cpd00008_c0 + cpd00067_c0 + cpd15549_c0,,-1000.0,1000.0,C10H13N5O13P3,-3,c0
cpd00002_c0,rxn00839,ATP,cpd00002_c0 + cpd00177_c0 <=> cpd00008_c0 + cpd00115_c0,,-1000.0,1000.0,C10H13N5O13P3,-3,c0
cpd00002_c0,rxn00364,ATP,cpd00002_c0 + cpd00046_c0 + cpd00067_c0 <=> cpd00008_c0 + cpd00096_c0,,-1000.0,1000.0,C10H13N5O13P3,-3,c0
cpd00002_c0,rxn01951,ATP,cpd00002_c0 + cpd00492_c0 --> cpd00008_c0 + cpd00067_c0 + cpd02612_c0,,0.0,1000.0,C10H13N5O13P3,-3,c0
cpd00002_c0,rxn05539,ATP,cpd00001_c0 + cpd00002_c0 + cpd01017_e0 --> cpd00008_c0 + cpd00009_c0 + cpd00067_c0 + cpd01017_c0,,0.0,1000.0,C10H13N5O13P3,-3,c0
cpd00002_c0,rxn09240,ATP,cpd00001_c0 + cpd00002_c0 + cpd00038_c0 + cpd00048_c0 --> cpd00009_c0 + cpd00012_c0 + cpd00031_c0 + cpd00067_c0 + cpd00193_c0,,0.0,1000.0,C10H13N5O13P3,-3,c0
cpd00002_c0,rxn00533,ATP,cpd00002_c0 + cpd00022_c0 + cpd00242_c0 <=> cpd00008_c0 + cpd00009_c0 + cpd00067_c0 + cpd00070_c0,,-1000.0,1000.0,C10H13N5O13P3,-3,c0
cpd00002_c0,rxn00515,ATP,cpd00002_c0 + cpd00090_c0 <=> cpd00008_c0 + cpd00068_c0,,-1000.0,1000.0,C10H13N5O13P3,-3,c0
cpd00002_c0,rxn01509,ATP,cpd00002_c0 + cpd00067_c0 + cpd00296_c0 <=> cpd00008_c0 + cpd00295_c0,,-1000.0,1000.0,C10H13N5O13P3,-3,c0
cpd00002_c0,rxn05250,ATP,cpd00002_c0 + cpd00010_c0 + cpd11440_c0 --> cpd00012_c0 + cpd00018_c0 + cpd11441_c0,,0.0,1000.0,C10H13N5O13P3,-3,c0
cpd00002_c0,rxn05614,ATP,cpd00001_c0 + cpd00002_c0 + cpd11576_e0 --> cpd00008_c0 + cpd00009_c0 + cpd00067_c0 + cpd11576_c0,,0.0,1000.0,C10H13N5O13P3,-3,c0
cpd00002_c0,rxn01739,ATP,cpd00002_c0 + cpd00383_c0 <=> cpd00008_c0 + cpd00067_c0 + cpd02030_c0,,-1000.0,1000.0,C10H13N5O13P3,-3,c0
cpd00002_c0,rxn05163,ATP,cpd00001_c0 + cpd00002_c0 + cpd00118_e0 --> cpd00008_c0 + cpd00009_c0 + cpd00067_c0 + cpd00118_c0,,0.0,1000.0,C10H13N5O13P3,-3,c0
cpd00002_c0,rxn00119,ATP,cpd00002_c0 + cpd00067_c0 + cpd00091_c0 --> cpd00008_c0 + cpd00014_c0,,0.0,1000.0,C10H13N5O13P3,-3,c0
cpd00002_c0,rxn03908,ATP,cpd00002_c0 + cpd08287_c0 <=> cpd00008_c0 + cpd00067_c0 + cpd08288_c0,,-1000.0,1000.0,C10H13N5O13P3,-3,c0
cpd00002_c0,rxn02011,ATP,cpd00002_c0 + cpd00516_c0 + cpd00525_c0 --> cpd00008_c0 + cpd00009_c0 + cpd00067_c0 + cpd02964_c0,,0.0,1000.0,C10H13N5O13P3,-3,c0
cpd00002_c0,rxn01603,ATP,cpd00002_c0 + cpd00023_c0 + cpd00683_c0 --> cpd00008_c0 + cpd00009_c0 + cpd00067_c0 + cpd00330_c0,,0.0,1000.0,C10H13N5O13P3,-3,c0
cpd00002_c0,rxn05175,ATP,cpd00001_c0 + cpd00002_c0 + cpd00264_e0 --> cpd00008_c0 + cpd00009_c0 + cpd00067_c0 + cpd00264_c0,,0.0,1000.0,C10H13N5O13P3,-3,c0
cpd00002_c0,rxn05156,ATP,cpd00001_c0 + cpd00002_c0 + cpd00064_e0 --> cpd00008_c0 + cpd00009_c0 + cpd00064_c0 + cpd00067_c0,,0.0,1000.0,C10H13N5O13P3,-3,c0
cpd00002_c0,rxn00351,ATP,cpd00002_c0 + cpd00033_c0 + cpd00506_c0 --> cpd00008_c0 + cpd00009_c0 + cpd00042_c0 + cpd00067_c0,,0.0,1000.0,C10H13N5O13P3,-3,c0
cpd00002_c0,rxn00337,ATP,cpd00002_c0 + cpd00041_c0 <=> cpd00008_c0 + cpd01977_c0,,-1000.0,1000.0,C10H13N5O13P3,-3,c0
cpd00002_c0,rxn00789,ATP,cpd00002_c0 + cpd00103_c0 --> cpd00012_c0 + cpd00067_c0 + cpd01775_c0,,0.0,1000.0,C10H13N5O13P3,-3,c0
cpd00002_c0,rxn05515,ATP,cpd00001_c0 + cpd00002_c0 + cpd00423_e0 --> cpd00008_c0 + cpd00009_c0 + cpd00067_c0 + cpd00423_c0,,0.0,1000.0,C10H13N5O13P3,-3,c0
cpd00002_c0,rxn00985,ATP,cpd00002_c0 + cpd00141_c0 <=> cpd00008_c0 + cpd01844_c0,,-1000.0,1000.0,C10H13N5O13P3,-3,c0
cpd01092_c0,rxn04456,Allantoin,cpd00067_c0 + cpd09027_c0 --> cpd00011_c0 + cpd01092_c0,,0.0,1000.0,C4H6N4O3,0,c0
cpd01092_c0,rxn04133,Allantoin,cpd00001_c0 + cpd08625_c0 --> cpd00011_c0 + cpd01092_c0,,0.0,1000.0,C4H6N4O3,0,c0
cpd00156_e0,rxn05168,L-Valine,cpd00001_c0 + cpd00002_c0 + cpd00156_e0 --> cpd00008_c0 + cpd00009_c0 + cpd00067_c0 + cpd00156_c0,,0.0,1000.0,C5H11NO2,0,e0
cpd00156_e0,rxn05669,L-Valine,cpd00067_e0 + cpd00156_e0 <=> cpd00067_c0 + cpd00156_c0,,-1000.0,1000.0,C5H11NO2,0,e0
cpd00156_e0,EXpd00156,L-Valine,cpd00156_e0 --> ,,0.0,1000.0,C5H11NO2,0,e0
cpd15528_c0,rxn09197,phosphatidylethanolamine didodecanoyl,2.0 cpd00067_c0 + cpd15552_c0 <=> cpd00011_c0 + cpd15528_c0,,-1000.0,1000.0,C29H58NO8P,0,c0
cpd00040_c0,rxn08656,Glyoxalate,cpd00139_c0 + cpd15500_c0 --> cpd00040_c0 + cpd15499_c0,,0.0,1000.0,C2HO3,-1,c0
cpd00040_c0,rxn08655,Glyoxalate,cpd00139_c0 + cpd15560_c0 --> cpd00040_c0 + cpd15561_c0,,0.0,0.0,C2HO3,-1,c0
cpd00040_c0,rxn00333,Glyoxalate,cpd00007_c0 + cpd00139_c0 --> cpd00025_c0 + cpd00040_c0,,0.0,1000.0,C2HO3,-1,c0
cpd00040_c0,rxn00336,Glyoxalate,cpd00260_c0 <=> cpd00036_c0 + cpd00040_c0,,-1000.0,1000.0,C2HO3,-1,c0
cpd00040_c0,rxn00330,Glyoxalate,cpd00001_c0 + cpd00022_c0 + cpd00040_c0 --> cpd00010_c0 + cpd00067_c0 + cpd00130_c0,,0.0,1000.0,C2HO3,-1,c0
cpd00040_c0,rxn00327,Glyoxalate,cpd00001_c0 + 2.0 cpd00067_c0 + cpd00465_c0 --> cpd00011_c0 + 2.0 cpd00013_c0 + cpd00040_c0,,0.0,1000.0,C2HO3,-1,c0
cpd00040_c0,rxn00010,Glyoxalate,2.0 cpd00040_c0 + cpd00067_c0 --> cpd00011_c0 + cpd00843_c0,,0.0,1000.0,C2HO3,-1,c0
cpd00040_c0,rxn00269,Glyoxalate,cpd00001_c0 + cpd00007_c0 + cpd00033_c0 --> cpd00013_c0 + cpd00025_c0 + cpd00040_c0,,0.0,1000.0,C2HO3,-1,c0
cpd00040_c0,rxn00328,Glyoxalate,cpd00830_c0 <=> cpd00020_c0 + cpd00040_c0,,-1000.0,1000.0,C2HO3,-1,c0
cpd00040_c0,rxn05734,Glyoxalate,cpd00001_c0 + cpd00003_c0 + cpd00040_c0 <=> cpd00004_c0 + 2.0 cpd00067_c0 + cpd00180_c0,,-1000.0,1000.0,C2HO3,-1,c0
cpd00040_c0,rxn08657,Glyoxalate,cpd00139_c0 + cpd15352_c0 --> cpd00040_c0 + cpd15353_c0,,0.0,1000.0,C2HO3,-1,c0
cpd11504_c0,rxn05367,8-methyl-3-oxo-decanoyl-ACP,cpd11492_c0 + cpd11503_c0 --> cpd00011_c0 + cpd11493_c0 + cpd11504_c0,,0.0,1000.0,C22H39N2O9PRS,-1,c0
cpd11504_c0,rxn05368,8-methyl-3-oxo-decanoyl-ACP,cpd00005_c0 + cpd00067_c0 + cpd11504_c0 <=> cpd00006_c0 + cpd11505_c0,,-1000.0,1000.0,C22H39N2O9PRS,-1,c0
cpd03491_c0,rxn03933,Undecaprenyl-diphospho-N-acetylmuramoyl-(N-acetylglucosamine)-L-alanyl-gamma-D-glutamyl-L-lysyl-D-alanyl-D-alanine,cpd00037_c0 + cpd02948_c0 <=> cpd00014_c0 + cpd03491_c0,,-1000.0,1000.0,C94H153N8O26P2,-3,c0
cpd03491_c0,rxn03407,Undecaprenyl-diphospho-N-acetylmuramoyl-(N-acetylglucosamine)-L-alanyl-gamma-D-glutamyl-L-lysyl-D-alanyl-D-alanine,cpd00002_c0 + cpd00013_c0 + cpd03491_c0 --> cpd00008_c0 + cpd00009_c0 + cpd00067_c0 + cpd03492_c0,,0.0,1000.0,C94H153N8O26P2,-3,c0
cpd00760_c0,rxn02270,2-Methylbutyryl-CoA,cpd00982_c0 + cpd02125_c0 --> cpd00015_c0 + cpd00760_c0,,0.0,1000.0,C26H40N7O17P3S,-4,c0
cpd00760_c0,rxn05358,2-Methylbutyryl-CoA,cpd00760_c0 + cpd11493_c0 <=> cpd00010_c0 + cpd11495_c0,,-1000.0,1000.0,C26H40N7O17P3S,-4,c0
cpd00760_c0,rxn02268,2-Methylbutyryl-CoA,cpd00007_c0 + 2.0 cpd00760_c0 --> 2.0 cpd00001_c0 + 2.0 cpd02125_c0,,0.0,1000.0,C26H40N7O17P3S,-4,c0
cpd03130_c0,rxn10011,(2E)-Octenoyl-CoA,cpd00004_c0 + cpd00067_c0 + cpd03130_c0 --> cpd00003_c0 + cpd01335_c0,,0.0,1000.0,C29H44N7O17P3S,-4,c0
cpd03130_c0,rxn03247,(2E)-Octenoyl-CoA,cpd03120_c0 <=> cpd00001_c0 + cpd03130_c0,,-1000.0,1000.0,C29H44N7O17P3S,-4,c0
cpd15682_c0,rxn10225,"1,2-diisohexadecanoyl-sn-glycerol 3-phosphate",cpd00052_c0 + cpd15682_c0 <=> cpd00012_c0 + cpd00067_c0 + cpd15688_c0,,-1000.0,1000.0,C35H68O8P,-1,c0
cpd15682_c0,rxn10219,"1,2-diisohexadecanoyl-sn-glycerol 3-phosphate",cpd11441_c0 + cpd15676_c0 --> cpd00010_c0 + cpd00067_c0 + cpd15682_c0,,0.0,1000.0,C35H68O8P,-1,c0
cpd15682_c0,rxn10258,"1,2-diisohexadecanoyl-sn-glycerol 3-phosphate",cpd00002_c0 + cpd15706_c0 <=> cpd00008_c0 + cpd15682_c0,,-1000.0,1000.0,C35H68O8P,-1,c0
cpd11468_c0,rxn06865,Dodecanoyl-ACP,cpd03586_c0 + cpd11468_c0 --> cpd03736_c0 + cpd11493_c0,,0.0,1000.0,C23H44N2O8PRS,-2,c0
cpd11468_c0,rxn08083,Dodecanoyl-ACP,cpd00067_c0 + cpd11468_c0 + cpd15325_c0 --> cpd11493_c0 + cpd15521_c0,,0.0,1000.0,C23H44N2O8PRS,-2,c0
cpd11468_c0,rxn08546,Dodecanoyl-ACP,cpd00080_c0 + cpd11468_c0 --> cpd11493_c0 + cpd15325_c0,,0.0,1000.0,C23H44N2O8PRS,-2,c0
cpd11468_c0,rxn12933,Dodecanoyl-ACP,cpd01260_c0 + cpd11493_c0 --> cpd00010_c0 + cpd11468_c0,,0.0,1000.0,C23H44N2O8PRS,-2,c0
cpd11468_c0,rxn05324,Dodecanoyl-ACP,cpd00004_c0 + cpd00067_c0 + cpd11469_c0 --> cpd00003_c0 + cpd11468_c0,,0.0,1000.0,C23H44N2O8PRS,-2,c0
cpd11468_c0,PA_syn,Dodecanoyl-ACP,17.0 cis11_octadecenoyl_acp_c0 + 32.0 cis9_hexadecenoyl_acp_c0 + 50.0 cpd00080_c0 + 9.0 cpd11468_c0 + 6.0 cpd11480_c0 + 7.0 cpd11482_c0 + 29.0 cpd15277_c0 --> 100.0 cpd11493_c0 + cpd16080_c0,,0.0,1000.0,C23H44N2O8PRS,-2,c0
cpd11468_c0,rxn05345,Dodecanoyl-ACP,cpd11468_c0 + cpd11492_c0 --> cpd00011_c0 + cpd11491_c0 + cpd11493_c0,,0.0,1000.0,C23H44N2O8PRS,-2,c0
cpd11435_c0,rxn05455,fa1coa,cpd00010_c0 + cpd11565_c0 <=> cpd11435_c0 + cpd11493_c0,,-1000.0,1000.0,C35H59N7O17P3S,-3,c0
cpd11435_c0,rxn05247,fa1coa,cpd00002_c0 + cpd00010_c0 + cpd11430_c0 --> cpd00012_c0 + cpd00018_c0 + cpd11435_c0,,0.0,1000.0,C35H59N7O17P3S,-3,c0
cpd11435_c0,rxn10207,fa1coa,cpd00080_c0 + cpd11435_c0 --> cpd00010_c0 + cpd15673_c0,,0.0,1000.0,C35H59N7O17P3S,-3,c0
cpd11435_c0,rxn10216,fa1coa,cpd11435_c0 + cpd15673_c0 --> cpd00010_c0 + cpd00067_c0 + cpd15679_c0,,0.0,1000.0,C35H59N7O17P3S,-3,c0
cpd00180_c0,rxn05734,Oxalate,cpd00001_c0 + cpd00003_c0 + cpd00040_c0 <=> cpd00004_c0 + 2.0 cpd00067_c0 + cpd00180_c0,,-1000.0,1000.0,C2O4,-2,c0
cpd11581_e0,EXpd11581,gly-asn-L,cpd11581_e0 --> ,,0.0,1000.0,C6H11N3O4,0,e0
cpd11581_e0,rxn05546,gly-asn-L,cpd00001_c0 + cpd00002_c0 + cpd11581_e0 --> cpd00008_c0 + cpd00009_c0 + cpd00067_c0 + cpd11581_c0,,0.0,1000.0,C6H11N3O4,0,e0
cpd02097_c0,rxn02373,L-Glutamyl 5-phosphate,cpd00005_c0 + cpd00067_c0 + cpd02097_c0 --> cpd00006_c0 + cpd00009_c0 + cpd00858_c0,,0.0,1000.0,C5H8NO7P,-2,c0
cpd02097_c0,rxn00179,L-Glutamyl 5-phosphate,cpd00002_c0 + cpd00023_c0 <=> cpd00008_c0 + cpd02097_c0,,-1000.0,1000.0,C5H8NO7P,-2,c0
cpd11433_c0,rxn05251,fa12,cpd00002_c0 + cpd00010_c0 + cpd11433_c0 --> cpd00012_c0 + cpd00018_c0 + cpd11434_c0,,0.0,1000.0,C17H33O2,-1,c0
cpd00159_e0,rxn05602,L-Lactate,cpd00067_e0 + cpd00159_e0 <=> cpd00067_c0 + cpd00159_c0,,-1000.0,1000.0,C3H5O3,-1,e0
cpd00159_e0,EXpd00159,L-Lactate,cpd00159_e0 --> ,,0.0,1000.0,C3H5O3,-1,e0
cpd00159_e0,rxn05604,L-Lactate,2.0 cpd00067_e0 + cpd00130_e0 + cpd00159_c0 + cpd00971_c0 --> 2.0 cpd00067_c0 + cpd00130_c0 + cpd00159_e0 + cpd00971_e0,,0.0,1000.0,C3H5O3,-1,e0
cpd00071_c0,rxn00539,Acetaldehyde,cpd00162_c0 --> cpd00013_c0 + cpd00071_c0,,0.0,1000.0,C2H4O,0,c0
cpd00071_c0,rxn00541,Acetaldehyde,cpd00161_c0 --> cpd00033_c0 + cpd00071_c0,,0.0,1000.0,C2H4O,0,c0
cpd00071_c0,rxn00543,Acetaldehyde,cpd00003_c0 + cpd00363_c0 <=> cpd00004_c0 + cpd00067_c0 + cpd00071_c0,,-1000.0,1000.0,C2H4O,0,c0
cpd00071_c0,rxn00171,Acetaldehyde,cpd00003_c0 + cpd00010_c0 + cpd00071_c0 <=> cpd00004_c0 + cpd00022_c0 + cpd00067_c0,,-1000.0,1000.0,C2H4O,0,c0
cpd00071_c0,rxn00506,Acetaldehyde,cpd00001_c0 + cpd00003_c0 + cpd00071_c0 --> cpd00004_c0 + cpd00029_c0 + 2.0 cpd00067_c0,,0.0,1000.0,C2H4O,0,c0
cpd00071_c0,rxn14250,Acetaldehyde,cpd00007_c0 + cpd00067_c0 + cpd01270_c0 + cpd18071_c0 --> cpd00001_c0 + cpd00050_c0 + cpd00071_c0 + cpd00075_c0,,0.0,1000.0,C2H4O,0,c0
cpd00276_e0,EXpd00276,GLUM,cpd00276_e0 --> ,,0.0,1000.0,C6H14NO5,1,e0
cpd00276_e0,rxn05569,GLUM,cpd00061_c0 + cpd00276_e0 <=> cpd00020_c0 + cpd00288_c0,,-1000.0,1000.0,C6H14NO5,1,e0
cpd15716_c0,rxn10259,Diisoheptadecanoylphosphatidylglycerophosphate,cpd00080_c0 + cpd15683_c0 <=> cpd00046_c0 + cpd15716_c0,,-1000.0,1000.0,C40H78O13P2,-2,c0
cpd15716_c0,rxn10265,Diisoheptadecanoylphosphatidylglycerophosphate,cpd00001_c0 + cpd15716_c0 --> cpd00009_c0 + cpd00067_c0 + cpd15722_c0,,0.0,1000.0,C40H78O13P2,-2,c0
cpd00858_c0,rxn02373,L-Glutamate5-semialdehyde,cpd00005_c0 + cpd00067_c0 + cpd02097_c0 --> cpd00006_c0 + cpd00009_c0 + cpd00858_c0,,0.0,1000.0,C5H9NO3,0,c0
cpd00858_c0,rxn00183,L-Glutamate5-semialdehyde,cpd00001_c0 + cpd00003_c0 + cpd00858_c0 --> cpd00004_c0 + cpd00023_c0 + 2.0 cpd00067_c0,,0.0,1000.0,C5H9NO3,0,c0
cpd00858_c0,rxn02374,L-Glutamate5-semialdehyde,cpd00858_c0 --> cpd00001_c0 + cpd00067_c0 + cpd02431_c0,,0.0,1000.0,C5H9NO3,0,c0
cpd15343_c0,rxn08845,2-Acyl-sn-glycero-3-phosphoglycerol dodecanoyl,cpd00001_c0 + cpd15343_c0 <=> cpd00067_c0 + cpd01741_c0 + cpd02090_c0,,-1000.0,1000.0,C18H36O9P,-1,c0
cpd15543_c0,rxn09109,Phosphatidylglycerophosphate ditetradecanoyl,cpd00080_c0 + cpd15423_c0 <=> cpd00046_c0 + cpd15543_c0,,-1000.0,1000.0,C34H66O13P2,-2,c0
cpd15543_c0,rxn09102,Phosphatidylglycerophosphate ditetradecanoyl,cpd00001_c0 + cpd15543_c0 --> cpd00009_c0 + cpd00067_c0 + cpd15536_c0,,0.0,1000.0,C34H66O13P2,-2,c0
cpd04539_c0,rxn05116,2-Amino-3-oxo-4-phosphonooxybutyrate,cpd00067_c0 + cpd04539_c0 --> cpd00011_c0 + cpd08449_c0,,0.0,1000.0,C4H6NO7P,-2,c0
cpd04539_c0,rxn03951,2-Amino-3-oxo-4-phosphonooxybutyrate,cpd00003_c0 + cpd03607_c0 <=> cpd00004_c0 + cpd00067_c0 + cpd04539_c0,,-1000.0,1000.0,C4H6NO7P,-2,c0
cpd02555_c0,rxn11944,Tetrahydropteroyltri-L-glutamate,cpd00017_c0 + cpd02555_c0 --> cpd00019_c0 + cpd00067_c0 + cpd02738_c0,,0.0,1000.0,C29H33N9O12,-4,c0
cpd02555_c0,rxn03052,Tetrahydropteroyltri-L-glutamate,cpd00135_c0 + cpd02738_c0 <=> cpd00060_c0 + cpd02555_c0,,-1000.0,1000.0,C29H33N9O12,-4,c0
cpd00247_c0,rxn08335,Orotate,cpd00282_c0 + cpd15560_c0 --> cpd00247_c0 + cpd15561_c0,,0.0,1000.0,C5H3N2O4,-1,c0
cpd00247_c0,rxn01360,Orotate,cpd00007_c0 + cpd00282_c0 --> cpd00025_c0 + cpd00247_c0,,0.0,1000.0,C5H3N2O4,-1,c0
cpd00247_c0,rxn08336,Orotate,cpd00282_c0 + cpd15500_c0 --> cpd00247_c0 + cpd15499_c0,,0.0,1000.0,C5H3N2O4,-1,c0
cpd00247_c0,rxn01362,Orotate,cpd00103_c0 + cpd00247_c0 --> cpd00012_c0 + cpd00067_c0 + cpd00810_c0,,0.0,1000.0,C5H3N2O4,-1,c0
cpd00521_c0,rxn02000,dTDP-4-oxo-6-deoxy-D-glucose,cpd00521_c0 <=> cpd00522_c0,,-1000.0,1000.0,C16H22N2O15P2,-2,c0
cpd00521_c0,rxn01997,dTDP-4-oxo-6-deoxy-D-glucose,cpd00626_c0 --> cpd00001_c0 + cpd00521_c0,,0.0,1000.0,C16H22N2O15P2,-2,c0
cpd15477_c0,rxn08620,glucosyl-glucosyl-galactosyl-glucosyl-inner core oligosaccharide lipid A,cpd00026_c0 + cpd15475_c0 --> cpd00014_c0 + cpd15477_c0,,0.0,1000.0,C169H291N2O94P4,-11,c0
cpd15477_c0,rxn08713,glucosyl-glucosyl-galactosyl-glucosyl-inner core oligosaccharide lipid A,cpd03831_c0 + cpd15477_c0 --> cpd00008_c0 + cpd15432_c0,,0.0,1000.0,C169H291N2O94P4,-11,c0
cpd00293_c0,rxn05485,N-Acetyl-D-glucosamine 6-phosphate,cpd00061_c0 + cpd00122_e0 <=> cpd00020_c0 + cpd00293_c0,,-1000.0,1000.0,C8H14NO9P,-2,c0
cpd00293_c0,rxn01506,N-Acetyl-D-glucosamine 6-phosphate,cpd00293_c0 <=> cpd02612_c0,,-1000.0,1000.0,C8H14NO9P,-2,c0
cpd00293_c0,rxn01484,N-Acetyl-D-glucosamine 6-phosphate,cpd00001_c0 + cpd00293_c0 --> cpd00029_c0 + cpd00288_c0,,0.0,1000.0,C8H14NO9P,-2,c0
cpd03119_c0,rxn02680,3-Oxodecanoyl-CoA,cpd00022_c0 + cpd01335_c0 <=> cpd00010_c0 + cpd03119_c0,,-1000.0,1000.0,C31H48N7O18P3S,-4,c0
cpd03119_c0,rxn03244,3-Oxodecanoyl-CoA,cpd00003_c0 + cpd03118_c0 <=> cpd00004_c0 + cpd00067_c0 + cpd03119_c0,,-1000.0,1000.0,C31H48N7O18P3S,-4,c0
cpd11561_c0,rxn05425,10-methyl-undecanoyl-ACP,cpd11492_c0 + cpd11561_c0 --> cpd00011_c0 + cpd11493_c0 + cpd11562_c0,,0.0,1000.0,C23H43N2O8PRS,-1,c0
cpd11561_c0,rxn05448,10-methyl-undecanoyl-ACP,cpd00004_c0 + cpd00067_c0 + cpd11560_c0 --> cpd00003_c0 + cpd11561_c0,,0.0,1000.0,C23H43N2O8PRS,-1,c0
cpd00009_e0,EXpd00009,Phosphate,cpd00009_e0 <=> ,,-1000.0,1000.0,HO4P,-2,e0
cpd00009_e0,rxn05145,Phosphate,cpd00001_c0 + cpd00002_c0 + cpd00009_e0 --> cpd00008_c0 + 2.0 cpd00009_c0 + cpd00067_c0,,0.0,1000.0,HO4P,-2,e0
cpd00009_e0,rxn05312,Phosphate,cpd00009_c0 + cpd00067_c0 --> cpd00009_e0 + cpd00067_e0,,0.0,1000.0,HO4P,-2,e0
cpd00009_e0,rxn05313,Phosphate,cpd00009_e0 + 3.0 cpd00971_e0 <=> cpd00009_c0 + 3.0 cpd00971_c0,,-1000.0,1000.0,HO4P,-2,e0
cpd11554_c0,rxn05417,8-methyl-3-oxo-nonanoyl-ACP,cpd11492_c0 + cpd11553_c0 --> cpd00011_c0 + cpd11493_c0 + cpd11554_c0,,0.0,1000.0,C21H37N2O9PRS,-1,c0
cpd11554_c0,rxn05418,8-methyl-3-oxo-nonanoyl-ACP,cpd00005_c0 + cpd00067_c0 + cpd11554_c0 <=> cpd00006_c0 + cpd11555_c0,,-1000.0,1000.0,C21H37N2O9PRS,-1,c0
cpd11508_c0,rxn05372,10-methyl-3-oxo-dodecanoyl-ACP,cpd00005_c0 + cpd00067_c0 + cpd11508_c0 <=> cpd00006_c0 + cpd11509_c0,,-1000.0,1000.0,C24H43N2O9PRS,-1,c0
cpd11508_c0,rxn05371,10-methyl-3-oxo-dodecanoyl-ACP,cpd11492_c0 + cpd11507_c0 --> cpd00011_c0 + cpd11493_c0 + cpd11508_c0,,0.0,1000.0,C24H43N2O9PRS,-1,c0
cpd00800_c0,rxn02312,8-Amino-7-oxononanoate,cpd00017_c0 + cpd00800_c0 <=> cpd00764_c0 + cpd02701_c0,,-1000.0,1000.0,C9H17NO3,0,c0
cpd00800_c0,rxn02297,8-Amino-7-oxononanoate,cpd00035_c0 + cpd00067_c0 + cpd00782_c0 --> cpd00010_c0 + cpd00011_c0 + cpd00800_c0,,0.0,1000.0,C9H17NO3,0,c0
cpd00109_c0,rxn22447,Cytochrome c3+,cpd00001_c0 + 2.0 cpd00109_c0 + cpd00528_c0 <=> 2.0 cpd00067_c0 + 2.0 cpd00110_c0 + cpd00659_c0,,-1000.0,1000.0,C42H42FeN8O8R4S2,-1,c0
cpd00109_c0,rxn06106,Cytochrome c3+,2.0 cpd00109_c0 + cpd15561_c0 --> 2.0 cpd00067_e0 + 2.0 cpd00110_c0 + cpd15560_c0,,0.0,1000.0,C42H42FeN8O8R4S2,-1,c0
cpd00109_c0,rxn00058,Cytochrome c3+,cpd00007_c0 + 4.0 cpd00067_c0 + 4.0 cpd00110_c0 --> 2.0 cpd00001_c0 + 4.0 cpd00109_c0,,0.0,1000.0,C42H42FeN8O8R4S2,-1,c0
cpd00109_c0,R00029,Cytochrome c3+,2.0 cpd00109_c0 + 2.0 cpd00268_c0 --> 2.0 cpd00067_c0 + 2.0 cpd00110_c0 + cpd01414_c0,,0.0,1000.0,C42H42FeN8O8R4S2,-1,c0
cpd00109_c0,rxn00146,Cytochrome c3+,2.0 cpd00109_c0 + cpd00221_c0 --> cpd00020_c0 + 2.0 cpd00067_c0 + 2.0 cpd00110_c0,,0.0,1000.0,C42H42FeN8O8R4S2,-1,c0
cpd00109_c0,rxn00567,Cytochrome c3+,cpd00001_c0 + cpd00109_c0 + cpd00418_c0 <=> cpd00067_c0 + cpd00075_c0 + cpd00110_c0,,-1000.0,1000.0,C42H42FeN8O8R4S2,-1,c0
cpd00109_c0,rxn10043,Cytochrome c3+,0.5 cpd00007_c0 + 4.0 cpd00067_c0 + 2.0 cpd00110_c0 --> cpd00001_c0 + 2.0 cpd00067_e0 + 2.0 cpd00109_c0,,0.0,1000.0,C42H42FeN8O8R4S2,-1,c0
cpd02574_c0,rxn01022,methylthioribose-1-phosphate,cpd00009_c0 + cpd00147_c0 <=> cpd00128_c0 + cpd02574_c0,,-1000.0,1000.0,C6H11O7PS,-2,c0
cpd02574_c0,rxn03057,methylthioribose-1-phosphate,cpd02574_c0 <=> cpd02791_c0,,-1000.0,1000.0,C6H11O7PS,-2,c0
cpd00007_c0,rxn00588,O2,cpd00007_c0 + cpd00077_c0 --> 2.0 cpd00067_c0 + cpd01630_c0,,0.0,1000.0,O2,0,c0
cpd00007_c0,rxn02303,O2,cpd00007_c0 + 2.0 cpd00067_c0 + cpd02083_c0 <=> 2.0 cpd00001_c0 + 2.0 cpd00011_c0 + cpd00791_c0,,-1000.0,1000.0,O2,0,c0
cpd00007_c0,R00993,O2,cpd00007_c0 + cpd00009_c0 + cpd00067_c0 + cpd00094_c0 --> cpd00011_c0 + cpd00025_c0 + cpd01844_c0,,0.0,1000.0,O2,0,c0
cpd00007_c0,rxn01360,O2,cpd00007_c0 + cpd00282_c0 --> cpd00025_c0 + cpd00247_c0,,0.0,1000.0,O2,0,c0
cpd00007_c0,rxn00333,O2,cpd00007_c0 + cpd00139_c0 --> cpd00025_c0 + cpd00040_c0,,0.0,1000.0,O2,0,c0
cpd00007_c0,rxn01923,O2,cpd00007_c0 + 2.0 cpd00481_c0 --> 2.0 cpd00001_c0 + 2.0 cpd02187_c0,,0.0,1000.0,O2,0,c0
cpd00007_c0,rxn00383,O2,cpd00001_c0 + cpd00007_c0 + cpd00081_c0 --> cpd00025_c0 + cpd00048_c0 + cpd00067_c0,,0.0,1000.0,O2,0,c0
cpd00007_c0,rxn00209,O2,cpd00007_c0 + cpd00478_c0 --> cpd00016_c0 + cpd00025_c0,,0.0,1000.0,O2,0,c0
cpd00007_c0,rxn03394,O2,cpd00005_c0 + cpd00007_c0 + cpd00067_c0 + cpd03444_c0 --> cpd00001_c0 + cpd00006_c0 + cpd03445_c0,,0.0,1000.0,O2,0,c0
cpd00007_c0,rxn07840,O2,cpd00007_c0 + cpd00024_c0 + cpd03727_c0 --> cpd00011_c0 + cpd00036_c0 + cpd15137_c0,,0.0,1000.0,O2,0,c0
cpd00007_c0,rxn12224,O2,cpd00007_c0 + cpd03446_c0 --> cpd00001_c0 + cpd03447_c0,,0.0,1000.0,O2,0,c0
cpd00007_c0,rxn14250,O2,cpd00007_c0 + cpd00067_c0 + cpd01270_c0 + cpd18071_c0 --> cpd00001_c0 + cpd00050_c0 + cpd00071_c0 + cpd00075_c0,,0.0,1000.0,O2,0,c0
cpd00007_c0,rxn01192,O2,cpd00007_c0 + cpd00197_c0 --> 2.0 cpd00067_c0 + cpd00856_c0,,0.0,1000.0,O2,0,c0
cpd00007_c0,rxn10113,O2,0.5 cpd00007_c0 + 2.0 cpd00067_c0 + cpd15561_c0 --> cpd00001_c0 + 2.0 cpd00067_e0 + cpd15560_c0,,0.0,1000.0,O2,0,c0
cpd00007_c0,rxn00206,O2,2.0 cpd00067_c0 + 2.0 cpd00532_c0 --> cpd00007_c0 + cpd00025_c0,,0.0,1000.0,O2,0,c0
cpd00007_c0,rxn10043,O2,0.5 cpd00007_c0 + 4.0 cpd00067_c0 + 2.0 cpd00110_c0 --> cpd00001_c0 + 2.0 cpd00067_e0 + 2.0 cpd00109_c0,,0.0,1000.0,O2,0,c0
cpd00007_c0,rxn01827,O2,cpd00007_c0 + cpd00868_c0 --> cpd00011_c0 + cpd00426_c0,,0.0,1000.0,O2,0,c0
cpd00007_c0,rxn00058,O2,cpd00007_c0 + 4.0 cpd00067_c0 + 4.0 cpd00110_c0 --> 2.0 cpd00001_c0 + 4.0 cpd00109_c0,,0.0,1000.0,O2,0,c0
cpd00007_c0,rxn03990,O2,cpd00004_c0 + 2.0 cpd00007_c0 + 2.0 cpd00418_c0 --> cpd00003_c0 + cpd00067_c0 + 2.0 cpd00209_c0,,0.0,1000.0,O2,0,c0
cpd00007_c0,rxn00208,O2,cpd00001_c0 + cpd00007_c0 + cpd00493_c0 --> cpd00013_c0 + cpd00016_c0 + cpd00025_c0,,0.0,1000.0,O2,0,c0
cpd00007_c0,rxn01825,O2,cpd00007_c0 + cpd00426_c0 --> cpd00067_c0 + cpd00763_c0,,0.0,1000.0,O2,0,c0
cpd00007_c0,rxn00262,O2,cpd00001_c0 + cpd00007_c0 + cpd00041_c0 --> cpd00013_c0 + cpd00025_c0 + cpd00032_c0,,0.0,1000.0,O2,0,c0
cpd00007_c0,rxn00338,O2,cpd00007_c0 + cpd00041_c0 --> cpd00025_c0 + cpd03470_c0,,0.0,1000.0,O2,0,c0
cpd00007_c0,rxn02268,O2,cpd00007_c0 + 2.0 cpd00760_c0 --> 2.0 cpd00001_c0 + 2.0 cpd02125_c0,,0.0,1000.0,O2,0,c0
cpd00007_c0,rxn00999,O2,cpd00007_c0 + cpd00143_c0 --> cpd00011_c0 + cpd03480_c0,,0.0,1000.0,O2,0,c0
cpd00007_c0,rxn10806,O2,0.5 cpd00007_c0 + 2.0 cpd00067_c0 + cpd15499_c0 --> cpd00001_c0 + 2.0 cpd00067_e0 + cpd15500_c0,,0.0,0.0,O2,0,c0
cpd00007_c0,rxn03898,O2,cpd00005_c0 + cpd00007_c0 + cpd00067_c0 + cpd00153_c0 --> cpd00006_c0 + cpd03762_c0,,0.0,1000.0,O2,0,c0
cpd00007_c0,rxn05468,O2,cpd00007_e0 <=> cpd00007_c0,,-1000.0,1000.0,O2,0,c0
cpd00007_c0,rxn00269,O2,cpd00001_c0 + cpd00007_c0 + cpd00033_c0 --> cpd00013_c0 + cpd00025_c0 + cpd00040_c0,,0.0,1000.0,O2,0,c0
cpd00007_c0,rxn00056,O2,cpd00007_c0 + 4.0 cpd00067_c0 + 4.0 cpd10515_c0 <=> 2.0 cpd00001_c0 + 4.0 cpd10516_c0,,-1000.0,1000.0,O2,0,c0
cpd00007_c0,rxn03991,O2,cpd00005_c0 + 2.0 cpd00007_c0 + 2.0 cpd00418_c0 --> cpd00006_c0 + cpd00067_c0 + 2.0 cpd00209_c0,,0.0,1000.0,O2,0,c0
cpd00007_c0,rxn04139,O2,cpd00005_c0 + cpd00007_c0 + cpd03448_c0 --> cpd00001_c0 + cpd00006_c0 + cpd03449_c0,,0.0,1000.0,O2,0,c0
cpd00007_c0,rxn05092,O2,cpd00007_c0 + cpd11255_c0 --> cpd00047_c0 + 2.0 cpd00067_c0 + cpd00869_c0,,0.0,1000.0,O2,0,c0
cpd00007_c0,rxn00962,O2,cpd00005_c0 + cpd00007_c0 + cpd00067_c0 + cpd00136_c0 --> cpd00001_c0 + cpd00006_c0 + cpd00197_c0,,0.0,1000.0,O2,0,c0
cpd00007_c0,rxn04989,O2,cpd00007_c0 + cpd00066_c0 + cpd00233_c0 --> cpd00069_c0 + cpd03897_c0,,0.0,1000.0,O2,0,c0
cpd00007_c0,rxn02304,O2,3.0 cpd00007_c0 + 2.0 cpd00791_c0 --> 6.0 cpd00001_c0 + 2.0 cpd01476_c0,,0.0,1000.0,O2,0,c0
cpd00007_c0,rxn01315,O2,cpd00007_c0 + cpd00066_c0 + cpd00233_c0 --> cpd00001_c0 + cpd00069_c0 + cpd00231_c0,,0.0,1000.0,O2,0,c0
cpd00007_c0,rxn00006,O2,2.0 cpd00025_c0 --> 2.0 cpd00001_c0 + cpd00007_c0,,0.0,1000.0,O2,0,c0
cpd00007_c0,rxn03897,O2,cpd00004_c0 + cpd00007_c0 + cpd00067_c0 + cpd00153_c0 --> cpd00003_c0 + cpd03762_c0,,0.0,1000.0,O2,0,c0
cpd03049_c0,rxn00011,2-Hydroxyethyl-ThPP,cpd00020_c0 + cpd00056_c0 + cpd00067_c0 --> cpd00011_c0 + cpd03049_c0,,0.0,1000.0,C14H21N4O8P2S,-1,c0
cpd03049_c0,rxn02342,2-Hydroxyethyl-ThPP,cpd00213_c0 + cpd03049_c0 <=> cpd00056_c0 + cpd00836_c0,,-1000.0,1000.0,C14H21N4O8P2S,-1,c0
cpd03049_c0,rxn02185,2-Hydroxyethyl-ThPP,cpd00056_c0 + cpd00668_c0 <=> cpd00020_c0 + cpd03049_c0,,-1000.0,1000.0,C14H21N4O8P2S,-1,c0
cpd03049_c0,rxn03194,2-Hydroxyethyl-ThPP,cpd00094_c0 + cpd03049_c0 <=> cpd00056_c0 + cpd00498_c0,,-1000.0,1000.0,C14H21N4O8P2S,-1,c0
cpd01307_c0,ADD_D_Ara2,D-Lyxitol,cpd01307_e0 --> cpd01307_c0,,0.0,1000.0,C5H12O5,0,c0
cpd01307_c0,rxn03883,D-Lyxitol,cpd00003_c0 + cpd01307_c0 <=> cpd00004_c0 + cpd00067_c0 + cpd00259_c0,,-1000.0,1000.0,C5H12O5,0,c0
cpd01831_c0,rxn02853,4-Imidazoleacetate,cpd00001_c0 + cpd00003_c0 + cpd03052_c0 --> cpd00004_c0 + 2.0 cpd00067_c0 + cpd01831_c0,,0.0,1000.0,C5H5N2O2,-1,c0
cpd02826_c0,rxn02937,5'-Phosphoribosylformylglycinamidine,cpd00002_c0 + cpd02826_c0 <=> cpd00008_c0 + cpd00009_c0 + cpd00067_c0 + cpd02140_c0,,-1000.0,1000.0,C8H15N3O8P,-1,c0
cpd02826_c0,rxn03084,5'-Phosphoribosylformylglycinamidine,cpd00001_c0 + cpd00002_c0 + cpd00053_c0 + cpd02678_c0 --> cpd00008_c0 + cpd00009_c0 + cpd00023_c0 + cpd00067_c0 + cpd02826_c0,,0.0,1000.0,C8H15N3O8P,-1,c0
cpd15495_c0,rxn08128,Maltopentaose,cpd00179_c0 + cpd15495_c0 <=> cpd00027_c0 + cpd01329_c0,,-1000.0,1000.0,C30H52O26,0,c0
cpd15495_c0,rxn08127,Maltopentaose,cpd00179_c0 + cpd01399_c0 <=> cpd00027_c0 + cpd15495_c0,,-1000.0,1000.0,C30H52O26,0,c0
cpd00013_c0,rxn05064,NH3,2.0 cpd00067_c0 + cpd01101_c0 --> cpd00011_c0 + cpd00013_c0,,0.0,1000.0,H4N,1,c0
cpd00013_c0,rxn01843,NH3,cpd00001_c0 + cpd00067_c0 + cpd01647_c0 <=> cpd00013_c0 + cpd00430_c0,,-1000.0,1000.0,H4N,1,c0
cpd00013_c0,rxn00114,NH3,cpd00002_c0 + cpd00011_c0 + cpd00013_c0 <=> cpd00008_c0 + 2.0 cpd00067_c0 + cpd00146_c0,,-1000.0,1000.0,H4N,1,c0
cpd00013_c0,rxn00182,NH3,cpd00001_c0 + cpd00003_c0 + cpd00023_c0 <=> cpd00004_c0 + cpd00013_c0 + cpd00024_c0 + cpd00067_c0,,-1000.0,1000.0,H4N,1,c0
cpd00013_c0,rxn01573,NH3,cpd00001_c0 + cpd00003_c0 + cpd00322_c0 <=> cpd00004_c0 + cpd00013_c0 + cpd00067_c0 + cpd00508_c0,,-1000.0,1000.0,H4N,1,c0
cpd00013_c0,rxn00231,NH3,cpd00001_c0 + cpd03734_c0 --> cpd00013_c0 + cpd00029_c0,,0.0,1000.0,H4N,1,c0
cpd00013_c0,rxn03869,NH3,cpd00001_c0 + cpd06707_c0 --> cpd00013_c0 + cpd00153_c0,,0.0,1000.0,H4N,1,c0
cpd00013_c0,rxn00101,NH3,cpd00001_c0 + 2.0 cpd00067_c0 + cpd00073_c0 --> cpd00011_c0 + 2.0 cpd00013_c0,,0.0,1000.0,H4N,1,c0
cpd00013_c0,rxn02222,NH3,cpd00001_c0 + cpd01747_c0 --> cpd00013_c0 + cpd00703_c0,,0.0,1000.0,H4N,1,c0
cpd00013_c0,rxn00539,NH3,cpd00162_c0 --> cpd00013_c0 + cpd00071_c0,,0.0,1000.0,H4N,1,c0
cpd00013_c0,rxn00552,NH3,cpd00001_c0 + cpd00288_c0 --> cpd00013_c0 + cpd00072_c0,,0.0,1000.0,H4N,1,c0
cpd00013_c0,rxn00002,NH3,cpd00001_c0 + 3.0 cpd00067_c0 + cpd00742_c0 --> 2.0 cpd00011_c0 + 2.0 cpd00013_c0,,0.0,1000.0,H4N,1,c0
cpd00013_c0,rxn01045,NH3,cpd00001_c0 + cpd00003_c0 + cpd00156_c0 <=> cpd00004_c0 + cpd00013_c0 + cpd00067_c0 + cpd00123_c0,,-1000.0,1000.0,H4N,1,c0
cpd00013_c0,rxn01654,NH3,cpd00013_c0 + cpd00347_c0 --> 2.0 cpd00067_c0 + cpd00502_c0,,0.0,1000.0,H4N,1,c0
cpd00013_c0,rxn00804,NH3,cpd00001_c0 + cpd00003_c0 + cpd00107_c0 <=> cpd00004_c0 + cpd00013_c0 + cpd00067_c0 + cpd00200_c0,,-1000.0,1000.0,H4N,1,c0
cpd00013_c0,rxn00717,NH3,cpd00001_c0 + cpd00067_c0 + cpd00307_c0 --> cpd00013_c0 + cpd00092_c0,,0.0,1000.0,H4N,1,c0
cpd00013_c0,rxn03409,NH3,cpd00002_c0 + cpd00013_c0 + cpd03495_c0 --> cpd00008_c0 + cpd00009_c0 + cpd00067_c0 + cpd03496_c0,,0.0,1000.0,H4N,1,c0
cpd00013_c0,rxn05466,NH3,cpd00013_e0 <=> cpd00013_c0,,-1000.0,1000.0,H4N,1,c0
cpd00013_c0,rxn00738,NH3,cpd00001_c0 + cpd00909_c0 <=> cpd00013_c0 + cpd00094_c0,,-1000.0,1000.0,H4N,1,c0
cpd00013_c0,rxn00208,NH3,cpd00001_c0 + cpd00007_c0 + cpd00493_c0 --> cpd00013_c0 + cpd00016_c0 + cpd00025_c0,,0.0,1000.0,H4N,1,c0
cpd00013_c0,rxn06600,NH3,cpd00087_c0 + cpd11830_c0 --> cpd00013_c0 + cpd00125_c0 + cpd12225_c0,,0.0,1000.0,H4N,1,c0
cpd00013_c0,rxn03839,NH3,cpd00001_c0 + cpd01150_c0 --> cpd00013_c0 + cpd00400_c0,,0.0,1000.0,H4N,1,c0
cpd00013_c0,rxn00395,NH3,cpd00001_c0 + cpd00051_c0 --> cpd00013_c0 + cpd00274_c0,,0.0,1000.0,H4N,1,c0
cpd00013_c0,rxn00737,NH3,cpd00161_c0 --> cpd00013_c0 + cpd00094_c0,,0.0,1000.0,H4N,1,c0
cpd00013_c0,rxn00853,NH3,cpd00001_c0 + 2.0 cpd00067_c0 + cpd00341_c0 --> cpd00011_c0 + cpd00013_c0 + cpd00118_c0,,0.0,1000.0,H4N,1,c0
cpd00013_c0,rxn00138,NH3,cpd00002_c0 + cpd00013_c0 + cpd00638_c0 --> cpd00003_c0 + cpd00012_c0 + cpd00018_c0 + 2.0 cpd00067_c0,,0.0,1000.0,H4N,1,c0
cpd00013_c0,rxn00184,NH3,cpd00001_c0 + cpd00006_c0 + cpd00023_c0 <=> cpd00005_c0 + cpd00013_c0 + cpd00024_c0 + cpd00067_c0,,-1000.0,1000.0,H4N,1,c0
cpd00013_c0,rxn00262,NH3,cpd00001_c0 + cpd00007_c0 + cpd00041_c0 --> cpd00013_c0 + cpd00025_c0 + cpd00032_c0,,0.0,1000.0,H4N,1,c0
cpd00013_c0,rxn03407,NH3,cpd00002_c0 + cpd00013_c0 + cpd03491_c0 --> cpd00008_c0 + cpd00009_c0 + cpd00067_c0 + cpd03492_c0,,0.0,1000.0,H4N,1,c0
cpd00013_c0,rxn02275,NH3,cpd00001_c0 + cpd01973_c0 --> cpd00013_c0 + cpd00762_c0,,0.0,1000.0,H4N,1,c0
cpd00013_c0,rxn01858,NH3,cpd00001_c0 + cpd00067_c0 + cpd00438_c0 --> cpd00013_c0 + cpd03279_c0,,0.0,1000.0,H4N,1,c0
cpd00013_c0,rxn00410,NH3,cpd00002_c0 + cpd00013_c0 + cpd00062_c0 <=> cpd00008_c0 + cpd00009_c0 + cpd00052_c0 + 2.0 cpd00067_c0,,-1000.0,1000.0,H4N,1,c0
cpd00013_c0,rxn01029,NH3,cpd00001_c0 + cpd00152_c0 --> cpd00013_c0 + cpd00341_c0,,0.0,1000.0,H4N,1,c0
cpd00013_c0,rxn00342,NH3,cpd00001_c0 + cpd00132_c0 --> cpd00013_c0 + cpd00041_c0,,0.0,1000.0,H4N,1,c0
cpd00013_c0,rxn01225,NH3,cpd00001_c0 + cpd00067_c0 + cpd00207_c0 --> cpd00013_c0 + cpd00309_c0,,0.0,1000.0,H4N,1,c0
cpd00013_c0,rxn00269,NH3,cpd00001_c0 + cpd00007_c0 + cpd00033_c0 --> cpd00013_c0 + cpd00025_c0 + cpd00040_c0,,0.0,1000.0,H4N,1,c0
cpd00013_c0,rxn01025,NH3,cpd00001_c0 + cpd00067_c0 + cpd01587_c0 --> cpd00013_c0 + cpd00151_c0,,0.0,1000.0,H4N,1,c0
cpd00013_c0,rxn03406,NH3,cpd00002_c0 + cpd00013_c0 + cpd03487_c0 --> cpd00008_c0 + cpd00009_c0 + cpd00067_c0 + cpd03488_c0,,0.0,1000.0,H4N,1,c0
cpd00013_c0,rxn08291,NH3,cpd00001_c0 + cpd00015_c0 + cpd00117_c0 <=> cpd00013_c0 + cpd00020_c0 + cpd00982_c0,,-1000.0,1000.0,H4N,1,c0
cpd00013_c0,rxn02475,NH3,cpd00001_c0 + cpd00067_c0 + cpd00957_c0 --> cpd00013_c0 + cpd00931_c0,,0.0,1000.0,H4N,1,c0
cpd00013_c0,rxn00569,NH3,3.0 cpd00005_c0 + 4.0 cpd00067_c0 + cpd00075_c0 --> 2.0 cpd00001_c0 + 3.0 cpd00006_c0 + cpd00013_c0,,0.0,1000.0,H4N,1,c0
cpd00013_c0,rxn00165,NH3,cpd00054_c0 --> cpd00013_c0 + cpd00020_c0,,0.0,1000.0,H4N,1,c0
cpd00013_c0,rxn01672,NH3,cpd00001_c0 + cpd00067_c0 + cpd00356_c0 --> cpd00013_c0 + cpd00358_c0,,0.0,1000.0,H4N,1,c0
cpd00013_c0,rxn00189,NH3,cpd00001_c0 + cpd00053_c0 --> cpd00013_c0 + cpd00023_c0,,0.0,1000.0,H4N,1,c0
cpd00013_c0,rxn01137,NH3,cpd00001_c0 + cpd00067_c0 + cpd00182_c0 --> cpd00013_c0 + cpd00246_c0,,0.0,1000.0,H4N,1,c0
cpd00013_c0,rxn00060,NH3,cpd00001_c0 + 4.0 cpd00689_c0 --> 4.0 cpd00013_c0 + cpd00755_c0,,0.0,1000.0,H4N,1,c0
cpd00013_c0,rxn00347,NH3,cpd00041_c0 --> cpd00013_c0 + cpd00106_c0,,0.0,1000.0,H4N,1,c0
cpd00013_c0,rxn00726,NH3,cpd00013_c0 + cpd00216_c0 --> cpd00001_c0 + cpd00020_c0 + cpd00067_c0 + cpd00093_c0,,0.0,1000.0,H4N,1,c0
cpd00013_c0,rxn00327,NH3,cpd00001_c0 + 2.0 cpd00067_c0 + cpd00465_c0 --> cpd00011_c0 + 2.0 cpd00013_c0 + cpd00040_c0,,0.0,1000.0,H4N,1,c0
cpd00013_c0,rxn00166,NH3,cpd00550_c0 <=> cpd00013_c0 + cpd00020_c0,,-1000.0,1000.0,H4N,1,c0
cpd00013_c0,rxn00407,NH3,cpd00001_c0 + cpd00052_c0 + cpd00067_c0 --> cpd00013_c0 + cpd00062_c0,,0.0,1000.0,H4N,1,c0
cpd00013_c0,rxn00908,NH3,cpd00003_c0 + cpd00033_c0 + cpd00087_c0 --> cpd00004_c0 + cpd00011_c0 + cpd00013_c0 + cpd00125_c0,,0.0,1000.0,H4N,1,c0
cpd00013_c0,rxn00187,NH3,cpd00002_c0 + cpd00013_c0 + cpd00023_c0 --> cpd00008_c0 + cpd00009_c0 + cpd00053_c0 + cpd00067_c0,,0.0,1000.0,H4N,1,c0
cpd00013_c0,rxn00568,NH3,3.0 cpd00004_c0 + 4.0 cpd00067_c0 + cpd00075_c0 --> 2.0 cpd00001_c0 + 3.0 cpd00003_c0 + cpd00013_c0,,0.0,1000.0,H4N,1,c0
cpd15420_c0,rxn09211,"CDP-1,2-dioctadec-11-enoylglycerol",cpd00054_c0 + cpd15420_c0 --> cpd00046_c0 + 2.0 cpd00067_c0 + cpd15558_c0,,0.0,1000.0,C48H83N3O15P2,-2,c0
cpd15420_c0,rxn08312,"CDP-1,2-dioctadec-11-enoylglycerol",cpd00052_c0 + cpd15527_c0 <=> cpd00012_c0 + cpd00067_c0 + cpd15420_c0,,-1000.0,1000.0,C48H83N3O15P2,-2,c0
cpd15420_c0,rxn09114,"CDP-1,2-dioctadec-11-enoylglycerol",cpd00080_c0 + cpd15420_c0 <=> cpd00046_c0 + cpd15548_c0,,-1000.0,1000.0,C48H83N3O15P2,-2,c0
cpd15522_c0,rxn08295,"1,2-ditetradecanoyl-sn-glycerol 3-phosphate",cpd00002_c0 + cpd15307_c0 <=> cpd00008_c0 + cpd15522_c0,,-1000.0,1000.0,C31H60O8P,-1,c0
cpd15522_c0,rxn08307,"1,2-ditetradecanoyl-sn-glycerol 3-phosphate",cpd00052_c0 + cpd15522_c0 <=> cpd00012_c0 + cpd00067_c0 + cpd15423_c0,,-1000.0,1000.0,C31H60O8P,-1,c0
cpd15522_c0,rxn10212,"1,2-ditetradecanoyl-sn-glycerol 3-phosphate",cpd00067_c0 + cpd01695_c0 + cpd15331_c0 --> cpd00010_c0 + cpd15522_c0,,0.0,1000.0,C31H60O8P,-1,c0
cpd15522_c0,rxn08084,"1,2-ditetradecanoyl-sn-glycerol 3-phosphate",cpd00067_c0 + cpd11466_c0 + cpd15331_c0 --> cpd11493_c0 + cpd15522_c0,,0.0,1000.0,C31H60O8P,-1,c0
cpd01747_c0,rxn02222,Indole-3-acetamide,cpd00001_c0 + cpd01747_c0 --> cpd00013_c0 + cpd00703_c0,,0.0,1000.0,C10H10N2O,0,c0
cpd03666_c0,rxn03174,"2,5-Diamino-6-(5'-triphosphoryl-3',4'-trihydroxy-2'-oxopentyl)- amino-4-oxopyrimidine",cpd03666_c0 --> cpd00001_c0 + cpd02978_c0,,0.0,1000.0,C9H14N5O14P3,-4,c0
cpd03666_c0,rxn03421,"2,5-Diamino-6-(5'-triphosphoryl-3',4'-trihydroxy-2'-oxopentyl)- amino-4-oxopyrimidine",cpd03519_c0 <=> cpd03666_c0,,-1000.0,1000.0,C9H14N5O14P3,-4,c0
cpd00090_c0,rxn00707,IDP,cpd00068_c0 + cpd00367_c0 <=> cpd00046_c0 + cpd00067_c0 + cpd00090_c0,,-1000.0,1000.0,C10H12N4O11P2,-2,c0
cpd00090_c0,rxn00515,IDP,cpd00002_c0 + cpd00090_c0 <=> cpd00008_c0 + cpd00068_c0,,-1000.0,1000.0,C10H12N4O11P2,-2,c0
cpd11550_c0,rxn05413,6-methyl-3-oxo-heptanoyl-ACP,cpd11492_c0 + cpd11549_c0 --> cpd00011_c0 + cpd11493_c0 + cpd11550_c0,,0.0,1000.0,C19H33N2O9PRS,-1,c0
cpd11550_c0,rxn05414,6-methyl-3-oxo-heptanoyl-ACP,cpd00005_c0 + cpd00067_c0 + cpd11550_c0 <=> cpd00006_c0 + cpd11551_c0,,-1000.0,1000.0,C19H33N2O9PRS,-1,c0
cpd00594_c0,ADD_D_Glucopyranuronate4,Gulonate,cpd00005_c0 + cpd00067_c0 + cpd19178_c0 <=> cpd00006_c0 + cpd00594_c0,,-1000.0,1000.0,C6H11O7,-1,c0
cpd00594_c0,rxn01913,Gulonate,cpd00003_c0 + cpd00594_c0 <=> cpd00004_c0 + cpd00067_c0 + cpd00473_c0,,-1000.0,1000.0,C6H11O7,-1,c0
cpd02611_c0,rxn13990,N-Acetyl-D-glucosamine1-phosphate,cpd00002_c0 + cpd00122_c0 --> cpd00008_c0 + cpd00067_c0 + cpd02611_c0,,0.0,1000.0,C8H14NO9P,-2,c0
cpd02611_c0,rxn03638,N-Acetyl-D-glucosamine1-phosphate,cpd00022_c0 + cpd03671_c0 --> cpd00010_c0 + cpd00067_c0 + cpd02611_c0,,0.0,1000.0,C8H14NO9P,-2,c0
cpd02611_c0,rxn00293,N-Acetyl-D-glucosamine1-phosphate,cpd00062_c0 + cpd02611_c0 <=> cpd00012_c0 + cpd00037_c0,,-1000.0,1000.0,C8H14NO9P,-2,c0
cpd00060_c0,biomass0,L-Methionine,0.169975 cpd00002_c0 + 0.00215 cpd00003_c0 + 5e-05 cpd00004_c0 + 0.0004 cpd00005_c0 + 0.00013 cpd00006_c0 + 6e-06 cpd00010_c0 + 1e-05 cpd00015_c0 + 5e-05 cpd00022_c0 + 0.25 cpd00023_c0 + 0.003 cpd00026_c0 + 1e-06 cpd00028_c0 + 0.496 cpd00033_c0 + 0.499 cpd00035_c0 + 0.203 cpd00038_c0 + 0.431 cpd00039_c0 + 0.245 cpd00041_c0 + 0.121 cpd00051_c0 + 0.126 cpd00052_c0 + 0.25 cpd00053_c0 + 0.29 cpd00054_c0 + 0.116 cpd00060_c0 + 0.136 cpd00062_c0 + 0.054 cpd00065_c0 + 0.199 cpd00066_c0 + 0.138 cpd00069_c0 + 3e-06 cpd00078_c0 + 0.087 cpd00084_c0 + 0.428 cpd00107_c0 + 0.01814 cpd00115_c0 + 0.035 cpd00118_c0 + 0.145 cpd00119_c0 + 0.541 cpd00129_c0 + 0.245 cpd00132_c0 + 0.154 cpd00155_c0 + 0.42 cpd00156_c0 + 0.436 cpd00161_c0 + 0.000223 cpd00201_c0 + 0.0254 cpd00241_c0 + 0.0089 cpd00264_c0 + 0.213 cpd00322_c0 + 0.000223 cpd00345_c0 + 0.0254 cpd00356_c0 + 0.01814 cpd00357_c0 + 0.000142 cpd11652_c0 + 0.000216 cpd12801_c0 + 0.000701 cpd15432_c0 + 0.00276 cpd15665_c0 + 0.00192 cpd16083_c0 + 4.3e-05 cpd16093_c0 --> biomass_c0 + 5.604 cpd00001_c0 + 0.08708 cpd00009_c0 + 0.634975 cpd00012_c0,,0.0,1000.0,C5H11NO2S,0,c0
cpd00060_c0,rxn03052,L-Methionine,cpd00135_c0 + cpd02738_c0 <=> cpd00060_c0 + cpd02555_c0,,-1000.0,1000.0,C5H11NO2S,0,c0
cpd00060_c0,rxn00693,L-Methionine,cpd00135_c0 + cpd00345_c0 <=> cpd00060_c0 + cpd00087_c0,,-1000.0,1000.0,C5H11NO2S,0,c0
cpd00060_c0,rxn00126,L-Methionine,cpd00001_c0 + cpd00002_c0 + cpd00060_c0 --> cpd00009_c0 + cpd00012_c0 + cpd00017_c0 + cpd00067_c0,,0.0,1000.0,C5H11NO2S,0,c0
cpd00060_c0,rxn13782,L-Methionine,10412.0 cpd00001_c0 + 6730.0 cpd00002_c0 + 496.0 cpd00033_c0 + 1370.0 cpd00035_c0 + 10162.0 cpd00038_c0 + 431.0 cpd00039_c0 + 250.0 cpd00041_c0 + 121.0 cpd00051_c0 + 500.0 cpd00053_c0 + 290.0 cpd00054_c0 + 116.0 cpd00060_c0 + 54.0 cpd00065_c0 + 199.0 cpd00066_c0 + 138.0 cpd00069_c0 + 87.0 cpd00084_c0 + 428.0 cpd00107_c0 + 145.0 cpd00119_c0 + 541.0 cpd00129_c0 + 420.0 cpd00156_c0 + 436.0 cpd00161_c0 + 14.0 cpd00201_c0 + 213.0 cpd00322_c0 --> Protein_c0 + 250.0 cpd00008_c0 + 10412.0 cpd00009_c0 + 6480.0 cpd00012_c0 + 6480.0 cpd00018_c0 + 10162.0 cpd00031_c0 + 14.0 cpd00047_c0 + 15493.0 cpd00067_c0 + 14.0 cpd00087_c0,,0.0,1000.0,C5H11NO2S,0,c0
cpd00060_c0,rxn12635,L-Methionine,cpd00001_c0 + cpd11591_c0 <=> cpd00033_c0 + cpd00060_c0,,-1000.0,1000.0,C5H11NO2S,0,c0
cpd00060_c0,rxn05219,L-Methionine,cpd00001_c0 + cpd00002_c0 + cpd00060_e0 --> cpd00008_c0 + cpd00009_c0 + cpd00060_c0 + cpd00067_c0,,0.0,1000.0,C5H11NO2S,0,c0
cpd00060_c0,rxn42709,L-Methionine,cpd00005_c0 + cpd00017_c0 + cpd00069_c0 --> cpd00006_c0 + cpd00060_c0 + cpd01042_c0 + cpd03091_c0 + cpd14545_c0,,0.0,1000.0,C5H11NO2S,0,c0
cpd00060_c0,rxn06077,L-Methionine,cpd00001_c0 + cpd00060_c0 + cpd11420_c0 <=> cpd01914_c0 + cpd11421_c0,,-1000.0,1000.0,C5H11NO2S,0,c0
cpd00060_c0,rxn08180,L-Methionine,cpd00017_c0 + cpd00074_c0 + cpd01311_c0 --> cpd00060_c0 + cpd00067_c0 + cpd00104_c0 + cpd03091_c0,,0.0,1000.0,C5H11NO2S,0,c0
cpd00060_c0,rxn04704,L-Methionine,2.0 cpd00017_c0 + cpd02083_c0 <=> 2.0 cpd00011_c0 + 2.0 cpd00060_c0 + cpd00791_c0 + 2.0 cpd03091_c0,,-1000.0,1000.0,C5H11NO2S,0,c0
cpd00060_c0,rxn05108,L-Methionine,cpd00023_c0 + cpd00869_c0 <=> cpd00024_c0 + cpd00060_c0,,-1000.0,1000.0,C5H11NO2S,0,c0
cpd00060_c0,rxn12636,L-Methionine,cpd00001_c0 + cpd00067_c0 + cpd11590_c0 <=> cpd00035_c0 + cpd00060_c0,,-1000.0,1000.0,C5H11NO2S,0,c0
cpd00164_c0,ADD_D_Glucopyranuronate3,Glucuronate,cpd00164_c0 <=> cpd19178_c0,,-1000.0,1000.0,C6H9O7,-1,c0
cpd00164_c0,ADD_D_Glucopyranuronate2,Glucuronate,cpd00164_e0 --> cpd00164_c0,,0.0,1000.0,C6H9O7,-1,c0
cpd00206_c0,rxn01219,dCMP,cpd00002_c0 + cpd00067_c0 + cpd00206_c0 <=> cpd00008_c0 + cpd00533_c0,,-1000.0,1000.0,C9H12N3O7P,-2,c0
cpd00206_c0,rxn01218,dCMP,cpd00001_c0 + cpd00206_c0 --> cpd00009_c0 + cpd00654_c0,,0.0,1000.0,C9H12N3O7P,-2,c0
cpd00206_c0,R01668,dCMP,cpd00001_c0 + cpd00356_c0 --> cpd00012_c0 + 2.0 cpd00067_c0 + cpd00206_c0,,0.0,1000.0,C9H12N3O7P,-2,c0
cpd11568_c0,rxn05450,14-methyl-trans-pentadec-2-enoyl-ACP,cpd00004_c0 + cpd00067_c0 + cpd11568_c0 --> cpd00003_c0 + cpd11569_c0,,0.0,1000.0,C27H49N2O8PRS,-1,c0
cpd00226_e0,rxn05201,HYXN,cpd00067_e0 + cpd00226_e0 <=> cpd00067_c0 + cpd00226_c0,,-1000.0,1000.0,C5H4N4O,0,e0
cpd00226_e0,EXpd00226,HYXN,cpd00226_e0 --> ,,0.0,1000.0,C5H4N4O,0,e0
cpd00184_c0,rxn01145,Thymidine,cpd00001_c0 + cpd00298_c0 --> cpd00009_c0 + cpd00184_c0,,0.0,1000.0,C10H14N2O5,0,c0
cpd00184_c0,rxn01146,Thymidine,cpd00009_c0 + cpd00184_c0 <=> cpd00151_c0 + cpd00509_c0,,-1000.0,1000.0,C10H14N2O5,0,c0
cpd02964_c0,rxn03164,UDP-N-acetylmuramoyl-L-alanyl-D-gamma-glutamyl-meso-2-6-diaminopimelate,cpd00002_c0 + cpd00731_c0 + cpd02964_c0 --> cpd00008_c0 + cpd00009_c0 + cpd00067_c0 + cpd02968_c0,,0.0,1000.0,C35H51N7O26P2,-4,c0
cpd02964_c0,rxn02011,UDP-N-acetylmuramoyl-L-alanyl-D-gamma-glutamyl-meso-2-6-diaminopimelate,cpd00002_c0 + cpd00516_c0 + cpd00525_c0 --> cpd00008_c0 + cpd00009_c0 + cpd00067_c0 + cpd02964_c0,,0.0,1000.0,C35H51N7O26P2,-4,c0
cpd00106_e0,rxn05561,Fumarate,cpd00067_e0 + cpd00106_e0 <=> cpd00067_c0 + cpd00106_c0,,-1000.0,1000.0,C4H2O4,-2,e0
cpd00106_e0,EXpd00106,Fumarate,cpd00106_e0 --> ,,0.0,1000.0,C4H2O4,-2,e0
cpd11470_c0,rxn05343,Octanoyl-ACP,cpd11470_c0 + cpd11492_c0 --> cpd00011_c0 + cpd11487_c0 + cpd11493_c0,,0.0,1000.0,C19H36N2O8PRS,-2,c0
cpd11470_c0,rxn05325,Octanoyl-ACP,cpd00004_c0 + cpd00067_c0 + cpd11471_c0 --> cpd00003_c0 + cpd11470_c0,,0.0,1000.0,C19H36N2O8PRS,-2,c0
cpd15723_c0,rxn10338,Dianteisoheptadecanoylphosphatidylglycerol,2.0 cpd15723_c0 <=> cpd00100_c0 + cpd15795_c0,,-1000.0,1000.0,C40H78O10P,-1,c0
cpd15723_c0,rxn10266,Dianteisoheptadecanoylphosphatidylglycerol,cpd00001_c0 + cpd15717_c0 --> cpd00009_c0 + cpd00067_c0 + cpd15723_c0,,0.0,1000.0,C40H78O10P,-1,c0
cpd15350_c0,rxn08817,2-dodecanoyl-sn-glycerol 3-phosphate,cpd00001_c0 + cpd15350_c0 <=> 2.0 cpd00067_c0 + cpd00080_c0 + cpd01741_c0,,-1000.0,1000.0,C15H30O7P,-1,c0
cpd00699_c0,rxn02212,5-Dehydroquinate,cpd02857_c0 --> cpd00009_c0 + cpd00699_c0,,0.0,1000.0,C7H9O6,-1,c0
cpd00699_c0,rxn02213,5-Dehydroquinate,cpd00699_c0 --> cpd00001_c0 + cpd01716_c0,,0.0,1000.0,C7H9O6,-1,c0
cpd11509_c0,rxn05372,10-methyl-3-hydroxy-dodecanoyl-ACP,cpd00005_c0 + cpd00067_c0 + cpd11508_c0 <=> cpd00006_c0 + cpd11509_c0,,-1000.0,1000.0,C24H45N2O9PRS,-1,c0
cpd11509_c0,rxn05373,10-methyl-3-hydroxy-dodecanoyl-ACP,cpd11509_c0 --> cpd00001_c0 + cpd11510_c0,,0.0,1000.0,C24H45N2O9PRS,-1,c0
cpd00630_c0,rxn02144,3-Oxoadipate,cpd00001_c0 + cpd02255_c0 --> cpd00067_c0 + cpd00630_c0,,0.0,1000.0,C6H6O5,-2,c0
cpd00047_c0,rxn13782,Formate,10412.0 cpd00001_c0 + 6730.0 cpd00002_c0 + 496.0 cpd00033_c0 + 1370.0 cpd00035_c0 + 10162.0 cpd00038_c0 + 431.0 cpd00039_c0 + 250.0 cpd00041_c0 + 121.0 cpd00051_c0 + 500.0 cpd00053_c0 + 290.0 cpd00054_c0 + 116.0 cpd00060_c0 + 54.0 cpd00065_c0 + 199.0 cpd00066_c0 + 138.0 cpd00069_c0 + 87.0 cpd00084_c0 + 428.0 cpd00107_c0 + 145.0 cpd00119_c0 + 541.0 cpd00129_c0 + 420.0 cpd00156_c0 + 436.0 cpd00161_c0 + 14.0 cpd00201_c0 + 213.0 cpd00322_c0 --> Protein_c0 + 250.0 cpd00008_c0 + 10412.0 cpd00009_c0 + 6480.0 cpd00012_c0 + 6480.0 cpd00018_c0 + 10162.0 cpd00031_c0 + 14.0 cpd00047_c0 + 15493.0 cpd00067_c0 + 14.0 cpd00087_c0,,0.0,1000.0,CHO2,-1,c0
cpd00047_c0,rxn03419,Formate,cpd00001_c0 + cpd03518_c0 <=> cpd00047_c0 + cpd00067_c0 + cpd03519_c0,,-1000.0,1000.0,CHO2,-1,c0
cpd00047_c0,rxn00299,Formate,cpd00001_c0 + cpd00038_c0 --> cpd00047_c0 + 2.0 cpd00067_c0 + cpd02978_c0,,0.0,1000.0,CHO2,-1,c0
cpd00047_c0,rxn05040,Formate,cpd00171_c0 --> cpd00047_c0 + cpd00067_c0 + cpd11225_c0,,0.0,1000.0,CHO2,-1,c0
cpd00047_c0,rxn10114,Formate,cpd00047_c0 + 3.0 cpd00067_c0 + cpd15560_c0 --> cpd00011_c0 + 2.0 cpd00067_e0 + cpd15561_c0,,0.0,0.0,CHO2,-1,c0
cpd00047_c0,rxn00691,Formate,cpd00001_c0 + cpd00201_c0 --> cpd00047_c0 + cpd00067_c0 + cpd00087_c0,,0.0,1000.0,CHO2,-1,c0
cpd00047_c0,rxn00300,Formate,3.0 cpd00001_c0 + cpd00038_c0 --> cpd00012_c0 + cpd00047_c0 + 3.0 cpd00067_c0 + cpd00957_c0,,0.0,1000.0,CHO2,-1,c0
cpd00047_c0,rxn00371,Formate,cpd00003_c0 + cpd00047_c0 --> cpd00004_c0 + cpd00011_c0,,0.0,1000.0,CHO2,-1,c0
cpd00047_c0,rxn04783,Formate,cpd00002_c0 + cpd00047_c0 + cpd02394_c0 --> cpd00008_c0 + cpd00009_c0 + cpd00067_c0 + cpd02678_c0,,0.0,1000.0,CHO2,-1,c0
cpd00047_c0,rxn05092,Formate,cpd00007_c0 + cpd11255_c0 --> cpd00047_c0 + 2.0 cpd00067_c0 + cpd00869_c0,,0.0,1000.0,CHO2,-1,c0
cpd00047_c0,ADD_formate,Formate,cpd00047_e0 + cpd00067_e0 <=> cpd00047_c0 + cpd00067_c0,,-1000.0,1000.0,CHO2,-1,c0
cpd00013_e0,rxn05466,NH3,cpd00013_e0 <=> cpd00013_c0,,-1000.0,1000.0,H4N,1,e0
cpd00013_e0,EXpd00013,NH3,cpd00013_e0 <=> ,,-1000.0,1000.0,H4N,1,e0
cpd00123_c0,rxn00912,3-Methyl-2-oxobutanoate,cpd00001_c0 + cpd00123_c0 + cpd00125_c0 <=> cpd00087_c0 + cpd00712_c0,,-1000.0,1000.0,C5H7O3,-1,c0
cpd00123_c0,rxn00904,3-Methyl-2-oxobutanoate,cpd00020_c0 + cpd00156_c0 <=> cpd00035_c0 + cpd00123_c0,,-1000.0,1000.0,C5H7O3,-1,c0
cpd00123_c0,rxn00902,3-Methyl-2-oxobutanoate,cpd00001_c0 + cpd00022_c0 + cpd00123_c0 --> cpd00010_c0 + cpd00067_c0 + cpd01646_c0,,0.0,1000.0,C5H7O3,-1,c0
cpd00123_c0,rxn01045,3-Methyl-2-oxobutanoate,cpd00001_c0 + cpd00003_c0 + cpd00156_c0 <=> cpd00004_c0 + cpd00013_c0 + cpd00067_c0 + cpd00123_c0,,-1000.0,1000.0,C5H7O3,-1,c0
cpd00123_c0,rxn00903,3-Methyl-2-oxobutanoate,cpd00024_c0 + cpd00156_c0 <=> cpd00023_c0 + cpd00123_c0,,-1000.0,1000.0,C5H7O3,-1,c0
cpd00123_c0,rxn00898,3-Methyl-2-oxobutanoate,cpd02498_c0 --> cpd00001_c0 + cpd00123_c0,,0.0,1000.0,C5H7O3,-1,c0
cpd12801_c0,Car_syn,Cardiolipin,2.0 cpd11652_c0 --> 50.0 cpd00100_c0 + cpd12801_c0,,0.0,1000.0,C13H16O17P2R4,-2,c0
cpd12801_c0,biomass0,Cardiolipin,0.169975 cpd00002_c0 + 0.00215 cpd00003_c0 + 5e-05 cpd00004_c0 + 0.0004 cpd00005_c0 + 0.00013 cpd00006_c0 + 6e-06 cpd00010_c0 + 1e-05 cpd00015_c0 + 5e-05 cpd00022_c0 + 0.25 cpd00023_c0 + 0.003 cpd00026_c0 + 1e-06 cpd00028_c0 + 0.496 cpd00033_c0 + 0.499 cpd00035_c0 + 0.203 cpd00038_c0 + 0.431 cpd00039_c0 + 0.245 cpd00041_c0 + 0.121 cpd00051_c0 + 0.126 cpd00052_c0 + 0.25 cpd00053_c0 + 0.29 cpd00054_c0 + 0.116 cpd00060_c0 + 0.136 cpd00062_c0 + 0.054 cpd00065_c0 + 0.199 cpd00066_c0 + 0.138 cpd00069_c0 + 3e-06 cpd00078_c0 + 0.087 cpd00084_c0 + 0.428 cpd00107_c0 + 0.01814 cpd00115_c0 + 0.035 cpd00118_c0 + 0.145 cpd00119_c0 + 0.541 cpd00129_c0 + 0.245 cpd00132_c0 + 0.154 cpd00155_c0 + 0.42 cpd00156_c0 + 0.436 cpd00161_c0 + 0.000223 cpd00201_c0 + 0.0254 cpd00241_c0 + 0.0089 cpd00264_c0 + 0.213 cpd00322_c0 + 0.000223 cpd00345_c0 + 0.0254 cpd00356_c0 + 0.01814 cpd00357_c0 + 0.000142 cpd11652_c0 + 0.000216 cpd12801_c0 + 0.000701 cpd15432_c0 + 0.00276 cpd15665_c0 + 0.00192 cpd16083_c0 + 4.3e-05 cpd16093_c0 --> biomass_c0 + 5.604 cpd00001_c0 + 0.08708 cpd00009_c0 + 0.634975 cpd00012_c0,,0.0,1000.0,C13H16O17P2R4,-2,c0
cpd02201_c0,rxn12510,4-phosphopantothenate,cpd00002_c0 + cpd00644_c0 --> cpd00008_c0 + cpd00067_c0 + cpd02201_c0,,0.0,1000.0,C9H15NO8P,-3,c0
cpd02201_c0,rxn12512,4-phosphopantothenate,cpd00002_c0 + cpd00084_c0 + cpd02201_c0 --> cpd00012_c0 + cpd00018_c0 + 2.0 cpd00067_c0 + cpd02666_c0,,0.0,1000.0,C9H15NO8P,-3,c0
cpd02201_c0,rxn09177,4-phosphopantothenate,cpd00052_c0 + cpd00084_c0 + cpd02201_c0 --> cpd00012_c0 + cpd00046_c0 + 2.0 cpd00067_c0 + cpd02666_c0,,0.0,1000.0,C9H15NO8P,-3,c0
cpd00954_c0,rxn02200,6-hydroxymethyl dihydropterin,cpd00443_c0 + cpd00954_c0 <=> cpd00001_c0 + cpd00683_c0,,-1000.0,1000.0,C7H9N5O2,0,c0
cpd00954_c0,rxn02503,6-hydroxymethyl dihydropterin,cpd00002_c0 + cpd00954_c0 <=> cpd00018_c0 + 2.0 cpd00067_c0 + cpd02920_c0,,-1000.0,1000.0,C7H9N5O2,0,c0
cpd00954_c0,rxn02504,6-hydroxymethyl dihydropterin,cpd02961_c0 <=> cpd00229_c0 + cpd00954_c0,,-1000.0,1000.0,C7H9N5O2,0,c0
cpd15492_c0,rxn08954,kdo-phospho-heptosyl-phospho-heptosyl-heptosyl-kdo2-lipidA,cpd02546_c0 + cpd15550_c0 --> cpd00046_c0 + cpd00067_c0 + cpd15492_c0,,0.0,1000.0,C139H241N2O70P4,-11,c0
cpd15492_c0,rxn09225,kdo-phospho-heptosyl-phospho-heptosyl-heptosyl-kdo2-lipidA,4.0 cpd00067_c0 + cpd02113_c0 + cpd15492_c0 --> cpd00297_c0 + cpd15489_c0,,0.0,1000.0,C139H241N2O70P4,-11,c0
cpd15791_c0,rxn10334,Palmitoylcardiolipin (B. subtilis),2.0 cpd15538_c0 <=> cpd00100_c0 + cpd15791_c0,,-1000.0,1000.0,C73H140O17P2,-2,c0
cpd29840_e0,ADD_Melibiose2,Melibiose,cpd29840_e0 --> cpd29840_c0,,0.0,1000.0,X,0,e0
cpd29840_e0,EXpd29840,Melibiose,cpd29840_e0 --> ,,0.0,1000.0,X,0,e0
cpd00306_c0,rxn01385,Xylitol,cpd00003_c0 + cpd00306_c0 <=> cpd00004_c0 + cpd00067_c0 + cpd00259_c0,,-1000.0,1000.0,C5H12O5,0,c0
cpd00306_c0,rxn01392,Xylitol,cpd00005_c0 + cpd00067_c0 + cpd00261_c0 <=> cpd00006_c0 + cpd00306_c0,,-1000.0,1000.0,C5H12O5,0,c0
cpd00119_e0,rxn05164,L-Histidine,cpd00001_c0 + cpd00002_c0 + cpd00119_e0 --> cpd00008_c0 + cpd00009_c0 + cpd00067_c0 + cpd00119_c0,,0.0,1000.0,C6H9N3O2,0,e0
cpd00119_e0,EXpd00119,L-Histidine,cpd00119_e0 --> ,,0.0,1000.0,C6H9N3O2,0,e0
cpd15344_c0,rxn08846,2-Acyl-sn-glycero-3-phosphoglycerol tetradecanoyl,cpd00001_c0 + cpd15344_c0 <=> cpd00067_c0 + cpd02090_c0 + cpd03847_c0,,-1000.0,1000.0,C20H40O9P,-1,c0
cpd00386_e0,EXpd00386,D-Malate,cpd00386_e0 --> ,,0.0,1000.0,C4H4O5,-2,e0
cpd00386_e0,ADD_D_Malate,D-Malate,cpd00067_e0 + cpd00386_e0 <=> cpd00067_c0 + cpd00386_c0,,-1000.0,1000.0,C4H4O5,-2,e0
cpd15302_c0,EXpd15302,glycogen(n-1),cpd15302_c0 --> ,,0.0,1000.0,C24H42O21,0,c0
cpd00137_c0,rxn00256,Citrate,cpd00001_c0 + cpd00022_c0 + cpd00032_c0 --> cpd00010_c0 + cpd00067_c0 + cpd00137_c0,,0.0,1000.0,C6H5O7,-3,c0
cpd00137_c0,ADDitrate,Citrate,cpd00067_e0 + cpd00137_e0 <=> cpd00067_c0 + cpd00137_c0,,-1000.0,1000.0,C6H5O7,-3,c0
cpd00137_c0,rxn00974,Citrate,cpd00137_c0 <=> cpd00001_c0 + cpd00331_c0,,-1000.0,1000.0,C6H5O7,-3,c0
cpd00137_c0,rxn00265,Citrate,cpd00137_c0 <=> cpd00029_c0 + cpd00032_c0,,-1000.0,1000.0,C6H5O7,-3,c0
cpd00137_c0,rxn00973,Citrate,cpd00137_c0 <=> cpd00260_c0,,-1000.0,1000.0,C6H5O7,-3,c0
cpd00096_c0,rxn06076,CDP,cpd00096_c0 + cpd11421_c0 --> cpd00001_c0 + cpd00533_c0 + cpd11420_c0,,0.0,1000.0,C9H13N3O11P2,-2,c0
cpd00096_c0,rxn00364,CDP,cpd00002_c0 + cpd00046_c0 + cpd00067_c0 <=> cpd00008_c0 + cpd00096_c0,,-1000.0,1000.0,C9H13N3O11P2,-2,c0
cpd00096_c0,rxn00409,CDP,cpd00002_c0 + cpd00096_c0 <=> cpd00008_c0 + cpd00052_c0,,-1000.0,1000.0,C9H13N3O11P2,-2,c0
cpd00307_e0,rxn05527,Cytosine,cpd00067_e0 + cpd00307_e0 <=> cpd00067_c0 + cpd00307_c0,,-1000.0,1000.0,C4H5N3O,0,e0
cpd00307_e0,EXpd00307,Cytosine,cpd00307_e0 --> ,,0.0,1000.0,C4H5N3O,0,e0
cpd15717_c0,rxn10260,Dianteisoheptadecanoylphosphatidylglycerophosphate,cpd00080_c0 + cpd15684_c0 <=> cpd00046_c0 + cpd15717_c0,,-1000.0,1000.0,C40H78O13P2,-2,c0
cpd15717_c0,rxn10266,Dianteisoheptadecanoylphosphatidylglycerophosphate,cpd00001_c0 + cpd15717_c0 --> cpd00009_c0 + cpd00067_c0 + cpd15723_c0,,0.0,1000.0,C40H78O13P2,-2,c0
cpd11465_c0,rxn05329,But-2-enoyl-[acyl-carrier protein],cpd11478_c0 --> cpd00001_c0 + cpd11465_c0,,0.0,1000.0,C15H25N2O8PRS,-1,c0
cpd11465_c0,rxn05322,But-2-enoyl-[acyl-carrier protein],cpd00004_c0 + 2.0 cpd00067_c0 + cpd11465_c0 --> cpd00003_c0 + cpd11464_c0,,0.0,1000.0,C15H25N2O8PRS,-1,c0
cpd11652_c0,Car_syn,Phosphatidylglycerol,2.0 cpd11652_c0 --> 50.0 cpd00100_c0 + cpd12801_c0,,0.0,1000.0,C8H12O10PR2,-1,c0
cpd11652_c0,biomass0,Phosphatidylglycerol,0.169975 cpd00002_c0 + 0.00215 cpd00003_c0 + 5e-05 cpd00004_c0 + 0.0004 cpd00005_c0 + 0.00013 cpd00006_c0 + 6e-06 cpd00010_c0 + 1e-05 cpd00015_c0 + 5e-05 cpd00022_c0 + 0.25 cpd00023_c0 + 0.003 cpd00026_c0 + 1e-06 cpd00028_c0 + 0.496 cpd00033_c0 + 0.499 cpd00035_c0 + 0.203 cpd00038_c0 + 0.431 cpd00039_c0 + 0.245 cpd00041_c0 + 0.121 cpd00051_c0 + 0.126 cpd00052_c0 + 0.25 cpd00053_c0 + 0.29 cpd00054_c0 + 0.116 cpd00060_c0 + 0.136 cpd00062_c0 + 0.054 cpd00065_c0 + 0.199 cpd00066_c0 + 0.138 cpd00069_c0 + 3e-06 cpd00078_c0 + 0.087 cpd00084_c0 + 0.428 cpd00107_c0 + 0.01814 cpd00115_c0 + 0.035 cpd00118_c0 + 0.145 cpd00119_c0 + 0.541 cpd00129_c0 + 0.245 cpd00132_c0 + 0.154 cpd00155_c0 + 0.42 cpd00156_c0 + 0.436 cpd00161_c0 + 0.000223 cpd00201_c0 + 0.0254 cpd00241_c0 + 0.0089 cpd00264_c0 + 0.213 cpd00322_c0 + 0.000223 cpd00345_c0 + 0.0254 cpd00356_c0 + 0.01814 cpd00357_c0 + 0.000142 cpd11652_c0 + 0.000216 cpd12801_c0 + 0.000701 cpd15432_c0 + 0.00276 cpd15665_c0 + 0.00192 cpd16083_c0 + 4.3e-05 cpd16093_c0 --> biomass_c0 + 5.604 cpd00001_c0 + 0.08708 cpd00009_c0 + 0.634975 cpd00012_c0,,0.0,1000.0,C8H12O10PR2,-1,c0
cpd11652_c0,rxn09542,Phosphatidylglycerol,50.0 cpd00001_c0 + cpd11454_c0 --> 50.0 cpd00009_c0 + cpd11652_c0,,0.0,1000.0,C8H12O10PR2,-1,c0
cpd11652_c0,rxn10875,Phosphatidylglycerol,50.0 cpd00080_c0 + cpd16067_c0 --> 50.0 cpd00046_c0 + 50.0 cpd00067_c0 + cpd11652_c0,,0.0,1000.0,C8H12O10PR2,-1,c0
cpd00120_c0,rxn00872,Butyryl-CoA,cpd00650_c0 + cpd00982_c0 --> cpd00015_c0 + cpd00120_c0,,0.0,1000.0,C25H38N7O17P3S,-4,c0
cpd00120_c0,rxn00874,Butyryl-CoA,cpd00022_c0 + cpd00120_c0 <=> cpd00010_c0 + cpd03123_c0,,-1000.0,1000.0,C25H38N7O17P3S,-4,c0
cpd00120_c0,rxn00868,Butyryl-CoA,cpd00004_c0 + cpd00067_c0 + cpd00650_c0 --> cpd00003_c0 + cpd00120_c0,,0.0,1000.0,C25H38N7O17P3S,-4,c0
cpd00507_c0,rxn00758,Glycerophosphocholine,cpd00001_c0 + cpd00507_c0 --> cpd00067_c0 + cpd00080_c0 + cpd00098_c0,,0.0,1000.0,C8H20NO6P,0,c0
cpd15352_c0,rxn08528,2-Demethylmenaquinone 8,cpd00106_c0 + cpd15353_c0 <=> cpd00036_c0 + cpd15352_c0,,-1000.0,1000.0,C50H70O2,0,c0
cpd15352_c0,rxn08558,2-Demethylmenaquinone 8,cpd00080_c0 + cpd15352_c0 --> cpd00095_c0 + cpd15353_c0,,0.0,1000.0,C50H70O2,0,c0
cpd15352_c0,rxn10094,2-Demethylmenaquinone 8,cpd00017_c0 + cpd15352_c0 --> cpd00019_c0 + cpd00067_c0 + cpd15500_c0,,0.0,1000.0,C50H70O2,0,c0
cpd15352_c0,rxn08976,2-Demethylmenaquinone 8,cpd00004_c0 + cpd00067_c0 + cpd15352_c0 --> cpd00003_c0 + cpd15353_c0,,0.0,1000.0,C50H70O2,0,c0
cpd15352_c0,rxn08657,2-Demethylmenaquinone 8,cpd00139_c0 + cpd15352_c0 --> cpd00040_c0 + cpd15353_c0,,0.0,1000.0,C50H70O2,0,c0
cpd09410_c0,rxn04674,Demethylphylloquinone,cpd00017_c0 + cpd09410_c0 --> cpd00019_c0 + cpd00067_c0 + cpd01401_c0,,0.0,1000.0,C30H44O2,0,c0
cpd02120_c0,rxn02928,Dihydrodipicolinate,cpd00004_c0 + cpd00067_c0 + cpd02120_c0 --> cpd00001_c0 + cpd00003_c0 + cpd02465_c0,,0.0,1000.0,C7H5NO4,-2,c0
cpd02120_c0,rxn01644,Dihydrodipicolinate,cpd00020_c0 + cpd00346_c0 --> 2.0 cpd00001_c0 + cpd00067_c0 + cpd02120_c0,,0.0,1000.0,C7H5NO4,-2,c0
cpd03120_c0,rxn03247,(S)-Hydroxyoctanoyl-CoA,cpd03120_c0 <=> cpd00001_c0 + cpd03130_c0,,-1000.0,1000.0,C29H46N7O18P3S,-4,c0
cpd03120_c0,rxn03246,(S)-Hydroxyoctanoyl-CoA,cpd00003_c0 + cpd03120_c0 <=> cpd00004_c0 + cpd00067_c0 + cpd03121_c0,,-1000.0,1000.0,C29H46N7O18P3S,-4,c0
cpd15268_c0,rxn08088,Octadecanoyl-ACP,cpd15268_c0 + cpd15329_c0 --> cpd11493_c0 + cpd15526_c0,,0.0,1000.0,C29H55N2O8PRS,-2,c0
cpd15268_c0,rxn08551,Octadecanoyl-ACP,cpd00080_c0 + cpd15268_c0 --> cpd11493_c0 + cpd15329_c0,,0.0,1000.0,C29H55N2O8PRS,-2,c0
cpd15527_c0,rxn08300,"1,2-dioctadec-11-enoyl-sn-glycerol 3-phosphate",cpd00002_c0 + cpd15312_c0 <=> cpd00008_c0 + cpd15527_c0,,-1000.0,1000.0,C39H72O8P,-1,c0
cpd15527_c0,rxn08312,"1,2-dioctadec-11-enoyl-sn-glycerol 3-phosphate",cpd00052_c0 + cpd15527_c0 <=> cpd00012_c0 + cpd00067_c0 + cpd15420_c0,,-1000.0,1000.0,C39H72O8P,-1,c0
cpd15527_c0,rxn08089,"1,2-dioctadec-11-enoyl-sn-glycerol 3-phosphate",cpd00067_c0 + cpd11825_c0 + cpd15328_c0 --> cpd11493_c0 + cpd15527_c0,,0.0,1000.0,C39H72O8P,-1,c0
cpd11539_c0,rxn05443,13-methyl-trans-tetra-dec-2-enoyl-ACP,cpd00004_c0 + cpd00067_c0 + cpd11539_c0 --> cpd00003_c0 + cpd11540_c0,,0.0,1000.0,C26H47N2O8PRS,-1,c0
cpd11539_c0,rxn05402,13-methyl-trans-tetra-dec-2-enoyl-ACP,cpd11538_c0 --> cpd00001_c0 + cpd11539_c0,,0.0,1000.0,C26H47N2O8PRS,-1,c0
cpd11620_c0,rxn05937,Reducedferredoxin,cpd00006_c0 + cpd00067_c0 + cpd11620_c0 <=> cpd00005_c0 + cpd11621_c0,,-1000.0,1000.0,Fe2R4S6,4,c0
cpd11586_c0,rxn12640,ala-L-glu-L,cpd00001_c0 + cpd11586_c0 <=> cpd00023_c0 + cpd00035_c0,,-1000.0,1000.0,C8H13N2O5,-1,c0
cpd11586_c0,rxn05541,ala-L-glu-L,cpd00001_c0 + cpd00002_c0 + cpd11586_e0 --> cpd00008_c0 + cpd00009_c0 + cpd00067_c0 + cpd11586_c0,,0.0,1000.0,C8H13N2O5,-1,c0
cpd01914_e0,EXpd01914,L-Methionine S-oxide,cpd01914_e0 --> ,,0.0,1000.0,C5H11NO3S,0,e0
cpd01914_e0,rxn05613,L-Methionine S-oxide,cpd00001_c0 + cpd00002_c0 + cpd01914_e0 --> cpd00008_c0 + cpd00009_c0 + cpd00067_c0 + cpd01914_c0,,0.0,1000.0,C5H11NO3S,0,e0
cpd02431_c0,rxn00931,1-Pyrroline-5-carboxylate,cpd00006_c0 + cpd00129_c0 <=> cpd00005_c0 + 2.0 cpd00067_c0 + cpd02431_c0,,-1000.0,1000.0,C5H6NO2,-1,c0
cpd02431_c0,rxn00929,1-Pyrroline-5-carboxylate,cpd00003_c0 + cpd00129_c0 <=> cpd00004_c0 + 2.0 cpd00067_c0 + cpd02431_c0,,-1000.0,1000.0,C5H6NO2,-1,c0
cpd02431_c0,rxn09188,1-Pyrroline-5-carboxylate,cpd00015_c0 + cpd00129_c0 <=> cpd00067_c0 + cpd00982_c0 + cpd02431_c0,,-1000.0,1000.0,C5H6NO2,-1,c0
cpd02431_c0,rxn00503,1-Pyrroline-5-carboxylate,2.0 cpd00001_c0 + cpd00003_c0 + cpd02431_c0 --> cpd00004_c0 + cpd00023_c0 + cpd00067_c0,,0.0,1000.0,C5H6NO2,-1,c0
cpd02431_c0,rxn02374,1-Pyrroline-5-carboxylate,cpd00858_c0 --> cpd00001_c0 + cpd00067_c0 + cpd02431_c0,,0.0,1000.0,C5H6NO2,-1,c0
cpd11492_c0,rxn05409,Malonyl-acyl-carrierprotein-,cpd00067_c0 + cpd11492_c0 + cpd11545_c0 --> cpd00011_c0 + cpd11493_c0 + cpd11546_c0,,0.0,1000.0,C14H24N2O10PRS,-2,c0
cpd11492_c0,rxn05417,Malonyl-acyl-carrierprotein-,cpd11492_c0 + cpd11553_c0 --> cpd00011_c0 + cpd11493_c0 + cpd11554_c0,,0.0,1000.0,C14H24N2O10PRS,-2,c0
cpd11492_c0,rxn05425,Malonyl-acyl-carrierprotein-,cpd11492_c0 + cpd11561_c0 --> cpd00011_c0 + cpd11493_c0 + cpd11562_c0,,0.0,1000.0,C14H24N2O10PRS,-2,c0
cpd11492_c0,rxn05413,Malonyl-acyl-carrierprotein-,cpd11492_c0 + cpd11549_c0 --> cpd00011_c0 + cpd11493_c0 + cpd11550_c0,,0.0,1000.0,C14H24N2O10PRS,-2,c0
cpd11492_c0,rxn05347,Malonyl-acyl-carrierprotein-,cpd11492_c0 + cpd11494_c0 --> cpd00011_c0 + cpd11488_c0 + cpd11493_c0,,0.0,1000.0,C14H24N2O10PRS,-2,c0
cpd11492_c0,rxn05345,Malonyl-acyl-carrierprotein-,cpd11468_c0 + cpd11492_c0 --> cpd00011_c0 + cpd11491_c0 + cpd11493_c0,,0.0,1000.0,C14H24N2O10PRS,-2,c0
cpd11492_c0,Cis11_oct_syn,Malonyl-acyl-carrierprotein-,cis9_hexadecenoyl_acp_c0 + cpd00004_c0 + cpd00005_c0 + 3.0 cpd00067_c0 + cpd11492_c0 --> cis11_octadecenoyl_acp_c0 + cpd00001_c0 + cpd00003_c0 + cpd00006_c0 + cpd00011_c0 + cpd11493_c0,,0.0,1000.0,C14H24N2O10PRS,-2,c0
cpd11492_c0,rxn05429,Malonyl-acyl-carrierprotein-,cpd00067_c0 + cpd11492_c0 + cpd11565_c0 --> cpd00011_c0 + cpd11493_c0 + cpd11566_c0,,0.0,1000.0,C14H24N2O10PRS,-2,c0
cpd11492_c0,rxn05359,Malonyl-acyl-carrierprotein-,cpd00067_c0 + cpd11492_c0 + cpd11495_c0 --> cpd00011_c0 + cpd11493_c0 + cpd11496_c0,,0.0,1000.0,C14H24N2O10PRS,-2,c0
cpd11492_c0,rxn05346,Malonyl-acyl-carrierprotein-,cpd11464_c0 + cpd11492_c0 --> cpd00011_c0 + cpd11486_c0 + cpd11493_c0,,0.0,1000.0,C14H24N2O10PRS,-2,c0
cpd11492_c0,rxn05343,Malonyl-acyl-carrierprotein-,cpd11470_c0 + cpd11492_c0 --> cpd00011_c0 + cpd11487_c0 + cpd11493_c0,,0.0,1000.0,C14H24N2O10PRS,-2,c0
cpd11492_c0,rxn05460,Malonyl-acyl-carrierprotein-,cpd00067_c0 + cpd11476_c0 + cpd11492_c0 --> cpd00011_c0 + cpd11493_c0 + cpd11570_c0,,0.0,1000.0,C14H24N2O10PRS,-2,c0
cpd11492_c0,rxn05375,Malonyl-acyl-carrierprotein-,cpd11492_c0 + cpd11511_c0 --> cpd00011_c0 + cpd11493_c0 + cpd11512_c0,,0.0,1000.0,C14H24N2O10PRS,-2,c0
cpd11492_c0,rxn05465,Malonyl-acyl-carrierprotein-,cpd00067_c0 + cpd00070_c0 + cpd11493_c0 <=> cpd00010_c0 + cpd11492_c0,,-1000.0,1000.0,C14H24N2O10PRS,-2,c0
cpd11492_c0,rxn05392,Malonyl-acyl-carrierprotein-,cpd11492_c0 + cpd11528_c0 --> cpd00011_c0 + cpd11493_c0 + cpd11529_c0,,0.0,1000.0,C14H24N2O10PRS,-2,c0
cpd11492_c0,rxn05348,Malonyl-acyl-carrierprotein-,cpd11474_c0 + cpd11492_c0 --> cpd00011_c0 + cpd11489_c0 + cpd11493_c0,,0.0,1000.0,C14H24N2O10PRS,-2,c0
cpd11492_c0,rxn05421,Malonyl-acyl-carrierprotein-,cpd11492_c0 + cpd11557_c0 --> cpd00011_c0 + cpd11493_c0 + cpd11558_c0,,0.0,1000.0,C14H24N2O10PRS,-2,c0
cpd11492_c0,rxn05400,Malonyl-acyl-carrierprotein-,cpd11492_c0 + cpd11536_c0 --> cpd00011_c0 + cpd11493_c0 + cpd11537_c0,,0.0,1000.0,C14H24N2O10PRS,-2,c0
cpd11492_c0,rxn05396,Malonyl-acyl-carrierprotein-,cpd11492_c0 + cpd11532_c0 --> cpd00011_c0 + cpd11493_c0 + cpd11533_c0,,0.0,1000.0,C14H24N2O10PRS,-2,c0
cpd11492_c0,rxn05363,Malonyl-acyl-carrierprotein-,cpd11492_c0 + cpd11499_c0 --> cpd00011_c0 + cpd11493_c0 + cpd11500_c0,,0.0,1000.0,C14H24N2O10PRS,-2,c0
cpd11492_c0,rxn05344,Malonyl-acyl-carrierprotein-,cpd11466_c0 + cpd11492_c0 --> cpd00011_c0 + cpd11485_c0 + cpd11493_c0,,0.0,1000.0,C14H24N2O10PRS,-2,c0
cpd11492_c0,rxn05384,Malonyl-acyl-carrierprotein-,cpd00067_c0 + cpd11492_c0 + cpd11520_c0 --> cpd00011_c0 + cpd11493_c0 + cpd11521_c0,,0.0,1000.0,C14H24N2O10PRS,-2,c0
cpd11492_c0,rxn05350,Malonyl-acyl-carrierprotein-,cpd00067_c0 + cpd11472_c0 + cpd11492_c0 --> cpd00011_c0 + cpd11490_c0 + cpd11493_c0,,0.0,1000.0,C14H24N2O10PRS,-2,c0
cpd11492_c0,rxn05367,Malonyl-acyl-carrierprotein-,cpd11492_c0 + cpd11503_c0 --> cpd00011_c0 + cpd11493_c0 + cpd11504_c0,,0.0,1000.0,C14H24N2O10PRS,-2,c0
cpd11492_c0,rxn05388,Malonyl-acyl-carrierprotein-,cpd11492_c0 + cpd11524_c0 --> cpd00011_c0 + cpd11493_c0 + cpd11525_c0,,0.0,1000.0,C14H24N2O10PRS,-2,c0
cpd11492_c0,rxn05371,Malonyl-acyl-carrierprotein-,cpd11492_c0 + cpd11507_c0 --> cpd00011_c0 + cpd11493_c0 + cpd11508_c0,,0.0,1000.0,C14H24N2O10PRS,-2,c0
cpd11492_c0,rxn05404,Malonyl-acyl-carrierprotein-,cpd00067_c0 + cpd11492_c0 + cpd11540_c0 --> cpd00011_c0 + cpd11493_c0 + cpd11541_c0,,0.0,1000.0,C14H24N2O10PRS,-2,c0
cpd11492_c0,rxn05379,Malonyl-acyl-carrierprotein-,cpd00067_c0 + cpd11492_c0 + cpd11515_c0 --> cpd00011_c0 + cpd11493_c0 + cpd11516_c0,,0.0,1000.0,C14H24N2O10PRS,-2,c0
cpd11492_c0,Cis9_hex_syn,Malonyl-acyl-carrierprotein-,3.0 cpd00004_c0 + 3.0 cpd00005_c0 + 8.0 cpd00067_c0 + cpd11482_c0 + 3.0 cpd11492_c0 --> cis9_hexadecenoyl_acp_c0 + 4.0 cpd00001_c0 + 3.0 cpd00003_c0 + 3.0 cpd00006_c0 + 3.0 cpd00011_c0 + 3.0 cpd11493_c0,,0.0,1000.0,C14H24N2O10PRS,-2,c0
cpd00001_e0,EXpd00001,H2O,cpd00001_e0 <=> ,,-1000.0,1000.0,H2O,0,e0
cpd00001_e0,rxn10116,H2O,cpd00001_e0 + cpd00027_e0 + cpd15560_c0 --> cpd00067_e0 + cpd00222_e0 + cpd15561_c0,,0.0,1000.0,H2O,0,e0
cpd00001_e0,rxn05319,H2O,cpd00001_c0 <=> cpd00001_e0,,-1000.0,1000.0,H2O,0,e0
cpd00107_e0,rxn05243,L-Leucine,cpd00067_e0 + cpd00107_e0 <=> cpd00067_c0 + cpd00107_c0,,-1000.0,1000.0,C6H13NO2,0,e0
cpd00107_e0,EXpd00107,L-Leucine,cpd00107_e0 --> ,,0.0,1000.0,C6H13NO2,0,e0
cpd00107_e0,rxn05161,L-Leucine,cpd00001_c0 + cpd00002_c0 + cpd00107_e0 --> cpd00008_c0 + cpd00009_c0 + cpd00067_c0 + cpd00107_c0,,0.0,1000.0,C6H13NO2,0,e0
cpd15347_c0,rxn08849,2-Acyl-sn-glycero-3-phosphoglycerol hexadec-9-enoyl,cpd00001_c0 + cpd15347_c0 <=> cpd00067_c0 + cpd02090_c0 + cpd15237_c0,,-1000.0,1000.0,C22H42O9P,-1,c0
cpd05262_c0,ADD_GALA2,galacturonate,cpd05262_e0 --> cpd05262_c0,,0.0,1000.0,C6H9O7,-1,c0
cpd05262_c0,rxn47419,galacturonate,cpd00003_c0 + cpd05262_c0 --> cpd00004_c0 + cpd00067_c0 + cpd32793_c0,,0.0,1000.0,C6H9O7,-1,c0
cpd00731_c0,rxn00851,Ala-Ala,cpd00002_c0 + 2.0 cpd00117_c0 --> cpd00008_c0 + cpd00009_c0 + cpd00067_c0 + cpd00731_c0,,0.0,1000.0,C6H12N2O3,0,c0
cpd00731_c0,rxn03164,Ala-Ala,cpd00002_c0 + cpd00731_c0 + cpd02964_c0 --> cpd00008_c0 + cpd00009_c0 + cpd00067_c0 + cpd02968_c0,,0.0,1000.0,C6H12N2O3,0,c0
cpd02160_c0,rxn02944,N2-Succinyl-L-ornithine,cpd00024_c0 + cpd02160_c0 <=> cpd00023_c0 + cpd03526_c0,,-1000.0,1000.0,C9H15N2O5,-1,c0
cpd01966_c0,rxn02866,Dimethylacryloyl-CoA,cpd00982_c0 + cpd01966_c0 --> cpd00015_c0 + cpd01882_c0,,0.0,1000.0,C26H38N7O17P3S,-4,c0
cpd01966_c0,rxn02889,Dimethylacryloyl-CoA,cpd00002_c0 + cpd00242_c0 + cpd01966_c0 <=> cpd00008_c0 + cpd00009_c0 + cpd00067_c0 + cpd02068_c0,,-1000.0,1000.0,C26H38N7O17P3S,-4,c0
cpd00738_c0,rxn00420,phosphoserine,cpd00001_c0 + cpd00738_c0 --> cpd00009_c0 + cpd00054_c0,,0.0,1000.0,C3H6NO6P,-2,c0
cpd00738_c0,rxn02914,phosphoserine,cpd00024_c0 + cpd00738_c0 <=> cpd00023_c0 + cpd02069_c0,,-1000.0,1000.0,C3H6NO6P,-2,c0
cpd15432_c0,biomass0,core oligosaccharide lipid A,0.169975 cpd00002_c0 + 0.00215 cpd00003_c0 + 5e-05 cpd00004_c0 + 0.0004 cpd00005_c0 + 0.00013 cpd00006_c0 + 6e-06 cpd00010_c0 + 1e-05 cpd00015_c0 + 5e-05 cpd00022_c0 + 0.25 cpd00023_c0 + 0.003 cpd00026_c0 + 1e-06 cpd00028_c0 + 0.496 cpd00033_c0 + 0.499 cpd00035_c0 + 0.203 cpd00038_c0 + 0.431 cpd00039_c0 + 0.245 cpd00041_c0 + 0.121 cpd00051_c0 + 0.126 cpd00052_c0 + 0.25 cpd00053_c0 + 0.29 cpd00054_c0 + 0.116 cpd00060_c0 + 0.136 cpd00062_c0 + 0.054 cpd00065_c0 + 0.199 cpd00066_c0 + 0.138 cpd00069_c0 + 3e-06 cpd00078_c0 + 0.087 cpd00084_c0 + 0.428 cpd00107_c0 + 0.01814 cpd00115_c0 + 0.035 cpd00118_c0 + 0.145 cpd00119_c0 + 0.541 cpd00129_c0 + 0.245 cpd00132_c0 + 0.154 cpd00155_c0 + 0.42 cpd00156_c0 + 0.436 cpd00161_c0 + 0.000223 cpd00201_c0 + 0.0254 cpd00241_c0 + 0.0089 cpd00264_c0 + 0.213 cpd00322_c0 + 0.000223 cpd00345_c0 + 0.0254 cpd00356_c0 + 0.01814 cpd00357_c0 + 0.000142 cpd11652_c0 + 0.000216 cpd12801_c0 + 0.000701 cpd15432_c0 + 0.00276 cpd15665_c0 + 0.00192 cpd16083_c0 + 4.3e-05 cpd16093_c0 --> biomass_c0 + 5.604 cpd00001_c0 + 0.08708 cpd00009_c0 + 0.634975 cpd00012_c0,,0.0,1000.0,C176H303N2O100P4,-11,c0
cpd15432_c0,rxn08713,core oligosaccharide lipid A,cpd03831_c0 + cpd15477_c0 --> cpd00008_c0 + cpd15432_c0,,0.0,1000.0,C176H303N2O100P4,-11,c0
cpd15318_c0,rxn08810,1-Acyl-sn-glycero-3-phosphoglycerol dodecanoyl,cpd00001_c0 + cpd15318_c0 <=> cpd00067_c0 + cpd01741_c0 + cpd02090_c0,,-1000.0,1000.0,C18H36O9P,-1,c0
cpd26818_c0,ADD_Galactose2,D-Galactose,cpd26818_e0 --> cpd26818_c0,,0.0,1000.0,C6H12O6,0,c0
cpd26818_c0,ADD_Melibiose3,D-Galactose,cpd00001_c0 + cpd29840_c0 --> cpd00027_c0 + cpd26818_c0,,0.0,1000.0,C6H12O6,0,c0
cpd26818_c0,ADD_Galactose3,D-Galactose,cpd26818_c0 --> cpd00724_c0,,0.0,1000.0,C6H12O6,0,c0
cpd01414_c0,R00029,Tetrathionate,2.0 cpd00109_c0 + 2.0 cpd00268_c0 --> 2.0 cpd00067_c0 + 2.0 cpd00110_c0 + cpd01414_c0,,0.0,1000.0,O6S4,-2,c0
cpd00931_c0,rxn02475,5-Amino-6--5-phosphoribosylaminouracil,cpd00001_c0 + cpd00067_c0 + cpd00957_c0 --> cpd00013_c0 + cpd00931_c0,,0.0,1000.0,C9H13N4O9P,-2,c0
cpd00931_c0,rxn02474,5-Amino-6--5-phosphoribosylaminouracil,cpd00006_c0 + cpd02720_c0 <=> cpd00005_c0 + cpd00067_c0 + cpd00931_c0,,-1000.0,1000.0,C9H13N4O9P,-2,c0
cpd02552_c0,rxn01917,n-acetylglutamyl-phosphate,cpd00002_c0 + cpd00477_c0 <=> cpd00008_c0 + cpd02552_c0,,-1000.0,1000.0,C7H9NO8P,-3,c0
cpd02552_c0,rxn02465,n-acetylglutamyl-phosphate,cpd00005_c0 + cpd00067_c0 + cpd02552_c0 --> cpd00006_c0 + cpd00009_c0 + cpd00918_c0,,0.0,1000.0,C7H9NO8P,-3,c0
cpd08289_c0,ADD_TPP3,1-deoxy-D-xylulose5-phosphate,IscS_with_bound_sulfur_c0 + cpd00002_c0 + cpd00005_c0 + cpd08289_c0 + cpd14545_c0 --> IscS_sulfur_acceptor_protein_c0 + 2.0 cpd00001_c0 + cpd00006_c0 + cpd00011_c0 + cpd00012_c0 + cpd00018_c0 + cpd00067_c0 + cpd02654_c0,,0.0,1000.0,C5H9O7P,-2,c0
cpd08289_c0,rxn09310,1-deoxy-D-xylulose5-phosphate,cpd00002_c0 + cpd00069_c0 + cpd00084_c0 + cpd08289_c0 --> cpd00001_c0 + cpd00011_c0 + cpd00012_c0 + cpd00018_c0 + cpd00035_c0 + 2.0 cpd00067_c0 + cpd02654_c0 + cpd15378_c0,,0.0,1000.0,C5H9O7P,-2,c0
cpd08289_c0,rxn03909,1-deoxy-D-xylulose5-phosphate,cpd00020_c0 + cpd00067_c0 + cpd00102_c0 --> cpd00011_c0 + cpd08289_c0,,0.0,1000.0,C5H9O7P,-2,c0
cpd08289_c0,rxn03958,1-deoxy-D-xylulose5-phosphate,cpd00006_c0 + cpd08286_c0 <=> cpd00005_c0 + cpd00067_c0 + cpd08289_c0,,-1000.0,1000.0,C5H9O7P,-2,c0
cpd08289_c0,rxn04070,1-deoxy-D-xylulose5-phosphate,cpd08289_c0 + cpd08449_c0 --> 2.0 cpd00001_c0 + cpd00009_c0 + cpd00067_c0 + cpd00478_c0,,0.0,1000.0,C5H9O7P,-2,c0
cpd02535_c0,rxn03437,"2,3-Dihydroxy-3-methylvalerate",cpd02535_c0 --> cpd00001_c0 + cpd00508_c0,,0.0,1000.0,C6H11O4,-1,c0
cpd02535_c0,rxn03435,"2,3-Dihydroxy-3-methylvalerate",cpd00006_c0 + cpd02535_c0 <=> cpd00005_c0 + cpd00067_c0 + cpd10162_c0,,-1000.0,1000.0,C6H11O4,-1,c0
cpd00762_c0,rxn02275,4-Guanidinobutanoate,cpd00001_c0 + cpd01973_c0 --> cpd00013_c0 + cpd00762_c0,,0.0,1000.0,C5H11N3O2,0,c0
cpd00867_c0,rxn00881,Inositol 1-phosphate,cpd00001_c0 + cpd00867_c0 --> cpd00009_c0 + cpd00121_c0,,0.0,1000.0,C6H11O9P,-2,c0
cpd03526_c0,rxn02944,N-Succinyl-L-glutamate 5-semialdehyde,cpd00024_c0 + cpd02160_c0 <=> cpd00023_c0 + cpd03526_c0,,-1000.0,1000.0,C9H11NO6,-2,c0
cpd03919_c0,rxn04413,Adenosyl cobinamide phosphate,cpd00038_c0 + cpd03918_c0 <=> cpd00031_c0 + cpd00067_c0 + cpd03919_c0,,-1000.0,1000.0,C58H83CoN16O14P,-1,c0
cpd03919_c0,rxn03537,Adenosyl cobinamide phosphate,cpd00038_c0 + cpd03919_c0 <=> cpd00012_c0 + cpd03920_c0,,-1000.0,1000.0,C58H83CoN16O14P,-1,c0
cpd03919_c0,rxn03536,Adenosyl cobinamide phosphate,cpd00002_c0 + cpd03918_c0 <=> cpd00008_c0 + cpd00067_c0 + cpd03919_c0,,-1000.0,1000.0,C58H83CoN16O14P,-1,c0
cpd00203_c0,rxn00782,"1,3-Bisphospho-D-glycerate",cpd00005_c0 + cpd00067_c0 + cpd00203_c0 --> cpd00006_c0 + cpd00009_c0 + cpd00102_c0,,0.0,1000.0,C3H4O10P2,-4,c0
cpd00203_c0,rxn00781,"1,3-Bisphospho-D-glycerate",cpd00003_c0 + cpd00009_c0 + cpd00102_c0 <=> cpd00004_c0 + cpd00067_c0 + cpd00203_c0,,-1000.0,1000.0,C3H4O10P2,-4,c0
cpd00203_c0,rxn01100,"1,3-Bisphospho-D-glycerate",cpd00002_c0 + cpd00169_c0 <=> cpd00008_c0 + cpd00203_c0,,-1000.0,1000.0,C3H4O10P2,-4,c0
cpd00755_c0,rxn02264,Hydroxymethylbilane,cpd00755_c0 <=> cpd00001_c0 + cpd00774_c0,,-1000.0,1000.0,C40H38N4O17,-8,c0
cpd00755_c0,rxn00060,Hydroxymethylbilane,cpd00001_c0 + 4.0 cpd00689_c0 --> 4.0 cpd00013_c0 + cpd00755_c0,,0.0,1000.0,C40H38N4O17,-8,c0
cpd00137_e0,ADDitrate,Citrate,cpd00067_e0 + cpd00137_e0 <=> cpd00067_c0 + cpd00137_c0,,-1000.0,1000.0,C6H5O7,-3,e0
cpd00137_e0,EXpd00137,Citrate,cpd00137_e0 --> ,,0.0,1000.0,C6H5O7,-3,e0
cpd15684_c0,rxn10260,"CDP-1,2-dianteisoheptadecanoylglycerol",cpd00080_c0 + cpd15684_c0 <=> cpd00046_c0 + cpd15717_c0,,-1000.0,1000.0,C46H83N3O15P2,-2,c0
cpd15684_c0,rxn10221,"CDP-1,2-dianteisoheptadecanoylglycerol",cpd00052_c0 + cpd15678_c0 <=> cpd00012_c0 + cpd00067_c0 + cpd15684_c0,,-1000.0,1000.0,C46H83N3O15P2,-2,c0
cpd15684_c0,rxn10227,"CDP-1,2-dianteisoheptadecanoylglycerol",cpd00054_c0 + cpd15684_c0 --> cpd00046_c0 + 2.0 cpd00067_c0 + cpd15690_c0,,0.0,1000.0,C46H83N3O15P2,-2,c0
cpd02654_c0,rxn02305,4-Methyl-5--2-phosphoethyl-thiazole,cpd00067_c0 + cpd02654_c0 + cpd02894_c0 <=> cpd00012_c0 + cpd00793_c0,,-1000.0,1000.0,C6H8NO4PS,-2,c0
cpd02654_c0,rxn09310,4-Methyl-5--2-phosphoethyl-thiazole,cpd00002_c0 + cpd00069_c0 + cpd00084_c0 + cpd08289_c0 --> cpd00001_c0 + cpd00011_c0 + cpd00012_c0 + cpd00018_c0 + cpd00035_c0 + 2.0 cpd00067_c0 + cpd02654_c0 + cpd15378_c0,,0.0,1000.0,C6H8NO4PS,-2,c0
cpd02654_c0,ADD_TPP3,4-Methyl-5--2-phosphoethyl-thiazole,IscS_with_bound_sulfur_c0 + cpd00002_c0 + cpd00005_c0 + cpd08289_c0 + cpd14545_c0 --> IscS_sulfur_acceptor_protein_c0 + 2.0 cpd00001_c0 + cpd00006_c0 + cpd00011_c0 + cpd00012_c0 + cpd00018_c0 + cpd00067_c0 + cpd02654_c0,,0.0,1000.0,C6H8NO4PS,-2,c0
cpd15309_c0,rxn08297,"1,2-Diacyl-sn-glycerol dihexadecanoyl",cpd00002_c0 + cpd15309_c0 <=> cpd00008_c0 + cpd15524_c0,,-1000.0,1000.0,C35H68O5,0,c0
cpd11499_c0,rxn05363,4-methyl-hexanoyl-ACP,cpd11492_c0 + cpd11499_c0 --> cpd00011_c0 + cpd11493_c0 + cpd11500_c0,,0.0,1000.0,C18H33N2O8PRS,-1,c0
cpd11499_c0,rxn05433,4-methyl-hexanoyl-ACP,cpd00004_c0 + cpd00067_c0 + cpd11498_c0 --> cpd00003_c0 + cpd11499_c0,,0.0,1000.0,C18H33N2O8PRS,-1,c0
cpd15695_c0,rxn10232,Diisoheptadecanoylphosphatidylethanolamine,2.0 cpd00067_c0 + cpd15689_c0 <=> cpd00011_c0 + cpd15695_c0,,-1000.0,1000.0,C39H78NO8P,0,c0
cpd00186_c0,rxn02008,D-Glutamate,cpd00002_c0 + cpd00186_c0 + cpd00890_c0 --> cpd00008_c0 + cpd00009_c0 + cpd00067_c0 + cpd00525_c0,,0.0,1000.0,C5H8NO4,-1,c0
cpd00186_c0,rxn00193,D-Glutamate,cpd00023_c0 <=> cpd00186_c0,,-1000.0,1000.0,C5H8NO4,-1,c0
cpd00186_c0,rxn00849,D-Glutamate,cpd00024_c0 + cpd00117_c0 --> cpd00020_c0 + cpd00186_c0,,0.0,1000.0,C5H8NO4,-1,c0
cpd03480_c0,rxn00999,2-Hydroxyphenylacetate,cpd00007_c0 + cpd00143_c0 --> cpd00011_c0 + cpd03480_c0,,0.0,1000.0,C8H7O3,-1,c0
cpd02229_c0,rxn03901,Bactoprenyl diphosphate,cpd00001_c0 + cpd02229_c0 --> cpd00009_c0 + 2.0 cpd00067_c0 + cpd00286_c0,,0.0,1000.0,C55H90O7P2,-2,c0
cpd02229_c0,rxn04308,Bactoprenyl diphosphate,7.0 cpd00113_c0 + cpd08211_c0 --> 7.0 cpd00012_c0 + 7.0 cpd00067_c0 + cpd02229_c0,,0.0,1000.0,C55H90O7P2,-2,c0
cpd02229_c0,rxn10199,Bactoprenyl diphosphate,cpd03495_c0 <=> cpd02229_c0 + cpd15665_c0,,-1000.0,1000.0,C55H90O7P2,-2,c0
cpd00221_c0,rxn08783,D-Lactate,cpd00221_c0 + cpd15560_c0 --> cpd00020_c0 + cpd15561_c0,,0.0,1000.0,C3H5O3,-1,c0
cpd00221_c0,rxn00146,D-Lactate,2.0 cpd00109_c0 + cpd00221_c0 --> cpd00020_c0 + 2.0 cpd00067_c0 + 2.0 cpd00110_c0,,0.0,1000.0,C3H5O3,-1,c0
cpd00221_c0,rxn05208,D-Lactate,cpd00067_c0 + cpd00130_c0 + cpd00221_e0 + cpd00971_e0 <=> cpd00067_e0 + cpd00130_e0 + cpd00221_c0 + cpd00971_c0,,-1000.0,1000.0,C3H5O3,-1,c0
cpd00221_c0,ADD_D_Fuc7,D-Lactate,cpd00001_c0 + cpd00003_c0 + cpd00693_c0 <=> cpd00004_c0 + 2.0 cpd00067_c0 + cpd00221_c0,,-1000.0,1000.0,C3H5O3,-1,c0
cpd00221_c0,rxn00500,D-Lactate,cpd00003_c0 + cpd00221_c0 <=> cpd00004_c0 + cpd00020_c0 + cpd00067_c0,,-1000.0,1000.0,C3H5O3,-1,c0
cpd00221_c0,rxn01274,D-Lactate,cpd00001_c0 + cpd02182_c0 --> cpd00042_c0 + cpd00067_c0 + cpd00221_c0,,0.0,1000.0,C3H5O3,-1,c0
cpd02791_c0,EXpd02791,methylthioribulose-1-phosphate,cpd02791_c0 --> ,,0.0,1000.0,C6H11O7PS,-2,c0
cpd02791_c0,rxn03057,methylthioribulose-1-phosphate,cpd02574_c0 <=> cpd02791_c0,,-1000.0,1000.0,C6H11O7PS,-2,c0
cpd00136_c0,rxn03893,4-Hydroxybenzoate,cpd00136_c0 + cpd02557_c0 --> cpd00012_c0 + cpd00067_c0 + cpd03443_c0,,0.0,1000.0,C7H5O3,-1,c0
cpd00136_c0,rxn00965,4-Hydroxybenzoate,cpd00001_c0 + cpd01892_c0 --> cpd00010_c0 + cpd00067_c0 + cpd00136_c0,,0.0,1000.0,C7H5O3,-1,c0
cpd00136_c0,rxn00966,4-Hydroxybenzoate,cpd00216_c0 --> cpd00020_c0 + cpd00136_c0,,0.0,1000.0,C7H5O3,-1,c0
cpd00136_c0,rxn00962,4-Hydroxybenzoate,cpd00005_c0 + cpd00007_c0 + cpd00067_c0 + cpd00136_c0 --> cpd00001_c0 + cpd00006_c0 + cpd00197_c0,,0.0,1000.0,C7H5O3,-1,c0
cpd11516_c0,rxn05380,14-methyl-3-oxo-hexa-decanoyl-ACP,cpd00005_c0 + cpd00067_c0 + cpd11516_c0 <=> cpd00006_c0 + cpd11517_c0,,-1000.0,1000.0,C28H51N2O9PRS,-1,c0
cpd11516_c0,rxn05379,14-methyl-3-oxo-hexa-decanoyl-ACP,cpd00067_c0 + cpd11492_c0 + cpd11515_c0 --> cpd00011_c0 + cpd11493_c0 + cpd11516_c0,,0.0,1000.0,C28H51N2O9PRS,-1,c0
cpd00233_c0,rxn01314,Tetrahydrobiopterin,cpd00005_c0 + cpd00067_c0 + cpd00231_c0 <=> cpd00006_c0 + cpd00233_c0,,-1000.0,1000.0,C9H15N5O3,0,c0
cpd00233_c0,rxn01313,Tetrahydrobiopterin,cpd00004_c0 + cpd00067_c0 + cpd00231_c0 <=> cpd00003_c0 + cpd00233_c0,,-1000.0,1000.0,C9H15N5O3,0,c0
cpd00233_c0,rxn01315,Tetrahydrobiopterin,cpd00007_c0 + cpd00066_c0 + cpd00233_c0 --> cpd00001_c0 + cpd00069_c0 + cpd00231_c0,,0.0,1000.0,C9H15N5O3,0,c0
cpd00233_c0,rxn04989,Tetrahydrobiopterin,cpd00007_c0 + cpd00066_c0 + cpd00233_c0 --> cpd00069_c0 + cpd03897_c0,,0.0,1000.0,C9H15N5O3,0,c0
cpd00794_e0,EXpd00794,TRHL,cpd00794_e0 --> ,,0.0,1000.0,C12H22O11,0,e0
cpd00794_e0,rxn02005,TRHL,cpd00061_c0 + cpd00794_e0 <-- cpd00020_c0 + cpd00523_c0,,-1000.0,0.0,C12H22O11,0,e0
cpd01335_c0,rxn10011,Octanoyl-CoA,cpd00004_c0 + cpd00067_c0 + cpd03130_c0 --> cpd00003_c0 + cpd01335_c0,,0.0,1000.0,C29H46N7O17P3S,-4,c0
cpd01335_c0,rxn02680,Octanoyl-CoA,cpd00022_c0 + cpd01335_c0 <=> cpd00010_c0 + cpd03119_c0,,-1000.0,1000.0,C29H46N7O17P3S,-4,c0
cpd11825_c0,rxn08552,Octadecenoyl-ACP,cpd00080_c0 + cpd11825_c0 --> cpd11493_c0 + cpd15328_c0,,0.0,1000.0,C29H53N2O8PRS,-1,c0
cpd11825_c0,rxn08089,Octadecenoyl-ACP,cpd00067_c0 + cpd11825_c0 + cpd15328_c0 --> cpd11493_c0 + cpd15527_c0,,0.0,1000.0,C29H53N2O8PRS,-1,c0
cpd00150_c0,rxn01416,HCN,cpd00150_c0 + cpd00268_c0 <=> cpd00067_c0 + cpd00081_c0 + cpd01211_c0,,-1000.0,1000.0,CHN,0,c0
cpd00198_c0,rxn01116,D-Xylulose5-phosphate,cpd00171_c0 <=> cpd00198_c0,,-1000.0,1000.0,C5H9O8P,-2,c0
cpd00198_c0,rxn00785,D-Xylulose5-phosphate,cpd00072_c0 + cpd00102_c0 <=> cpd00198_c0 + cpd00236_c0,,-1000.0,1000.0,C5H9O8P,-2,c0
cpd00198_c0,rxn01200,D-Xylulose5-phosphate,cpd00102_c0 + cpd00238_c0 <=> cpd00101_c0 + cpd00198_c0,,-1000.0,1000.0,C5H9O8P,-2,c0
cpd00198_c0,rxn01199,D-Xylulose5-phosphate,cpd00002_c0 + cpd00259_c0 <=> cpd00008_c0 + cpd00067_c0 + cpd00198_c0,,-1000.0,1000.0,C5H9O8P,-2,c0
cpd00198_c0,rxn01187,D-Xylulose5-phosphate,cpd00009_c0 + cpd00198_c0 --> cpd00001_c0 + cpd00102_c0 + cpd00196_c0,,0.0,1000.0,C5H9O8P,-2,c0
cpd01647_c0,rxn01843,2-Phenylacetamide,cpd00001_c0 + cpd00067_c0 + cpd01647_c0 <=> cpd00013_c0 + cpd00430_c0,,-1000.0,1000.0,C8H9NO,0,c0
cpd00029_c0,rxn00649,Acetate,cpd00239_c0 + cpd00722_c0 --> cpd00029_c0 + cpd00084_c0,,0.0,1000.0,C2H3O2,-1,c0
cpd00029_c0,rxn00469,Acetate,cpd00001_c0 + cpd00342_c0 <=> cpd00029_c0 + cpd00064_c0,,-1000.0,1000.0,C2H3O2,-1,c0
cpd00029_c0,rxn00506,Acetate,cpd00001_c0 + cpd00003_c0 + cpd00071_c0 --> cpd00004_c0 + cpd00029_c0 + 2.0 cpd00067_c0,,0.0,1000.0,C2H3O2,-1,c0
cpd00029_c0,rxn00952,Acetate,cpd00239_c0 + cpd00790_c0 --> cpd00029_c0 + cpd00135_c0,,0.0,1000.0,C2H3O2,-1,c0
cpd00029_c0,rxn05733,Acetate,cpd00268_c0 + cpd00722_c0 + cpd11421_c0 --> cpd00029_c0 + cpd00067_c0 + cpd00081_c0 + cpd00084_c0 + cpd11420_c0,,0.0,1000.0,C2H3O2,-1,c0
cpd00029_c0,rxn00225,Acetate,cpd00002_c0 + cpd00029_c0 <=> cpd00008_c0 + cpd00196_c0,,-1000.0,1000.0,C2H3O2,-1,c0
cpd00029_c0,ADD_acetate,Acetate,cpd00029_e0 + cpd00067_e0 <=> cpd00029_c0 + cpd00067_c0,,-1000.0,1000.0,C2H3O2,-1,c0
cpd00029_c0,rxn00231,Acetate,cpd00001_c0 + cpd03734_c0 --> cpd00013_c0 + cpd00029_c0,,0.0,1000.0,C2H3O2,-1,c0
cpd00029_c0,rxn00265,Acetate,cpd00137_c0 <=> cpd00029_c0 + cpd00032_c0,,-1000.0,1000.0,C2H3O2,-1,c0
cpd00029_c0,rxn03146,Acetate,cpd00001_c0 + cpd02886_c0 <=> cpd00029_c0 + cpd03584_c0,,-1000.0,1000.0,C2H3O2,-1,c0
cpd00029_c0,rxn01484,Acetate,cpd00001_c0 + cpd00293_c0 --> cpd00029_c0 + cpd00288_c0,,0.0,1000.0,C2H3O2,-1,c0
cpd00029_c0,rxn00175,Acetate,cpd00002_c0 + cpd00010_c0 + cpd00029_c0 --> cpd00012_c0 + cpd00018_c0 + cpd00022_c0 + cpd00067_c0,,0.0,1000.0,C2H3O2,-1,c0
cpd00029_c0,rxn06078,Acetate,cpd00268_c0 + cpd00790_c0 + cpd11421_c0 --> cpd00029_c0 + cpd00067_c0 + cpd00081_c0 + cpd00135_c0 + cpd11420_c0,,0.0,1000.0,C2H3O2,-1,c0
cpd00029_c0,rxn25164,Acetate,cpd00029_c0 + cpd00078_c0 <=> cpd00022_c0 + cpd00036_c0,,-1000.0,1000.0,C2H3O2,-1,c0
cpd00029_c0,rxn12206,Acetate,cpd00067_c0 + cpd00308_c0 --> cpd00011_c0 + cpd00029_c0,,0.0,1000.0,C2H3O2,-1,c0
cpd11514_c0,rxn05437,12-methyl-trans-tetra-dec-2-enoyl-ACP,cpd00004_c0 + cpd00067_c0 + cpd11514_c0 --> cpd00003_c0 + cpd11515_c0,,0.0,1000.0,C26H47N2O8PRS,-1,c0
cpd11514_c0,rxn05377,12-methyl-trans-tetra-dec-2-enoyl-ACP,cpd11513_c0 --> cpd00001_c0 + cpd11514_c0,,0.0,1000.0,C26H47N2O8PRS,-1,c0
cpd00971_e0,rxn05209,Na+,cpd00067_c0 + cpd00971_e0 <=> cpd00067_e0 + cpd00971_c0,,-1000.0,1000.0,Na,1,e0
cpd00971_e0,rxn05208,Na+,cpd00067_c0 + cpd00130_c0 + cpd00221_e0 + cpd00971_e0 <=> cpd00067_e0 + cpd00130_e0 + cpd00221_c0 + cpd00971_c0,,-1000.0,1000.0,Na,1,e0
cpd00971_e0,rxn05207,Na+,cpd00130_e0 + cpd00971_e0 <=> cpd00130_c0 + cpd00971_c0,,-1000.0,1000.0,Na,1,e0
cpd00971_e0,rxn05313,Na+,cpd00009_e0 + 3.0 cpd00971_e0 <=> cpd00009_c0 + 3.0 cpd00971_c0,,-1000.0,1000.0,Na,1,e0
cpd00971_e0,rxn12432,Na+,cpd00308_e0 + cpd00971_e0 <=> cpd00308_c0 + cpd00971_c0,,-1000.0,1000.0,Na,1,e0
cpd00971_e0,rxn05221,Na+,cpd00129_e0 + cpd00971_e0 <=> cpd00129_c0 + cpd00971_c0,,-1000.0,1000.0,Na,1,e0
cpd00971_e0,EXpd00971,Na+,cpd00971_e0 <=> ,,-1000.0,1000.0,Na,1,e0
cpd00971_e0,rxn05604,Na+,2.0 cpd00067_e0 + cpd00130_e0 + cpd00159_c0 + cpd00971_c0 --> 2.0 cpd00067_c0 + cpd00130_c0 + cpd00159_e0 + cpd00971_e0,,0.0,1000.0,Na,1,e0
cpd00971_e0,rxn05298,Na+,cpd00023_e0 + cpd00971_e0 <=> cpd00023_c0 + cpd00971_c0,,-1000.0,1000.0,Na,1,e0
cpd01150_c0,rxn03839,Acrylamide,cpd00001_c0 + cpd01150_c0 --> cpd00013_c0 + cpd00400_c0,,0.0,1000.0,C3H5NO,0,c0
cpd11533_c0,rxn05397,11-methyl-3-oxo-dodecanoyl-ACP,cpd00005_c0 + cpd00067_c0 + cpd11533_c0 <=> cpd00006_c0 + cpd11534_c0,,-1000.0,1000.0,C24H43N2O9PRS,-1,c0
cpd11533_c0,rxn05396,11-methyl-3-oxo-dodecanoyl-ACP,cpd11492_c0 + cpd11532_c0 --> cpd00011_c0 + cpd11493_c0 + cpd11533_c0,,0.0,1000.0,C24H43N2O9PRS,-1,c0
cpd15720_c0,rxn10263,Dianteisopentadecanoylphosphatidylglycerophosphate,cpd00080_c0 + cpd15687_c0 <=> cpd00046_c0 + cpd15720_c0,,-1000.0,1000.0,C36H70O13P2,-2,c0
cpd15720_c0,rxn10269,Dianteisopentadecanoylphosphatidylglycerophosphate,cpd00001_c0 + cpd15720_c0 --> cpd00009_c0 + cpd00067_c0 + cpd15726_c0,,0.0,1000.0,C36H70O13P2,-2,c0
cpd00100_e0,EXpd00100,Glycerol,cpd00100_e0 --> ,,0.0,1000.0,C3H8O3,0,e0
cpd00100_e0,rxn05581,Glycerol,cpd00100_c0 <=> cpd00100_e0,,-1000.0,1000.0,C3H8O3,0,e0
cpd32793_c0,rxn47419,"1,5-galactarolactone",cpd00003_c0 + cpd05262_c0 --> cpd00004_c0 + cpd00067_c0 + cpd32793_c0,,0.0,1000.0,C6H7O7,-1,c0
cpd32793_c0,rxn41414,"1,5-galactarolactone",cpd32793_c0 <=> cpd33909_c0,,-1000.0,1000.0,C6H7O7,-1,c0
cpd00037_c0,rxn00295,UDP-N-acetylglucosamine,cpd00037_c0 <=> cpd00175_c0,,-1000.0,1000.0,C17H25N3O17P2,-2,c0
cpd00037_c0,rxn06729,UDP-N-acetylglucosamine,cpd00037_c0 + cpd00067_c0 + cpd11484_c0 --> cpd02886_c0 + cpd11493_c0,,0.0,1000.0,C17H25N3O17P2,-2,c0
cpd00037_c0,rxn03408,UDP-N-acetylglucosamine,cpd00037_c0 + cpd03494_c0 <=> cpd00014_c0 + cpd03495_c0,,-1000.0,1000.0,C17H25N3O17P2,-2,c0
cpd00037_c0,rxn00293,UDP-N-acetylglucosamine,cpd00062_c0 + cpd02611_c0 <=> cpd00012_c0 + cpd00037_c0,,-1000.0,1000.0,C17H25N3O17P2,-2,c0
cpd00037_c0,rxn00461,UDP-N-acetylglucosamine,cpd00037_c0 + cpd00061_c0 <=> cpd00009_c0 + cpd02820_c0,,-1000.0,1000.0,C17H25N3O17P2,-2,c0
cpd00037_c0,rxn03933,UDP-N-acetylglucosamine,cpd00037_c0 + cpd02948_c0 <=> cpd00014_c0 + cpd03491_c0,,-1000.0,1000.0,C17H25N3O17P2,-2,c0
cpd00281_e0,EXpd00281,GABA,cpd00281_e0 --> ,,0.0,1000.0,C4H9NO2,0,e0
cpd00281_e0,ADD_GABA2,GABA,cpd00281_e0 --> cpd00281_c0,,0.0,1000.0,C4H9NO2,0,e0
cpd10516_e0,EXpd10516,Fe+3,cpd10516_e0 <=> ,,-1000.0,1000.0,Fe,3,e0
cpd10516_e0,rxn05195,Fe+3,cpd00001_c0 + cpd00002_c0 + cpd10516_e0 --> cpd00008_c0 + cpd00009_c0 + cpd00067_c0 + cpd10516_c0,,0.0,1000.0,Fe,3,e0
cpd02678_c0,rxn04783,N-Formyl-GAR,cpd00002_c0 + cpd00047_c0 + cpd02394_c0 --> cpd00008_c0 + cpd00009_c0 + cpd00067_c0 + cpd02678_c0,,0.0,1000.0,C8H13N2O9P,-2,c0
cpd02678_c0,rxn03004,N-Formyl-GAR,cpd00201_c0 + cpd02394_c0 <=> cpd00067_c0 + cpd00087_c0 + cpd02678_c0,,-1000.0,1000.0,C8H13N2O9P,-2,c0
cpd02678_c0,rxn03084,N-Formyl-GAR,cpd00001_c0 + cpd00002_c0 + cpd00053_c0 + cpd02678_c0 --> cpd00008_c0 + cpd00009_c0 + cpd00023_c0 + cpd00067_c0 + cpd02826_c0,,0.0,1000.0,C8H13N2O9P,-2,c0
cpd15330_c0,rxn08548,1-tetradec-7-enoyl-sn-glycerol 3-phosphate,cpd00080_c0 + cpd15294_c0 --> cpd11493_c0 + cpd15330_c0,,0.0,1000.0,C17H32O7P,-1,c0
cpd15330_c0,rxn08798,1-tetradec-7-enoyl-sn-glycerol 3-phosphate,cpd00001_c0 + cpd15330_c0 --> 2.0 cpd00067_c0 + cpd00080_c0 + cpd15298_c0,,0.0,1000.0,C17H32O7P,-1,c0
cpd15330_c0,rxn08085,1-tetradec-7-enoyl-sn-glycerol 3-phosphate,cpd00067_c0 + cpd15294_c0 + cpd15330_c0 --> cpd11493_c0 + cpd15523_c0,,0.0,1000.0,C17H32O7P,-1,c0
cpd15671_c0,rxn10214,1-isoheptadecanoyl-sn-glycerol 3-phosphate,cpd11432_c0 + cpd15671_c0 --> cpd00010_c0 + cpd00067_c0 + cpd15677_c0,,0.0,1000.0,C20H40O7P,-1,c0
cpd15671_c0,rxn10205,1-isoheptadecanoyl-sn-glycerol 3-phosphate,cpd00080_c0 + cpd11432_c0 --> cpd00010_c0 + cpd15671_c0,,0.0,1000.0,C20H40O7P,-1,c0
cpd00155_c0,biomass0,Glycogen,0.169975 cpd00002_c0 + 0.00215 cpd00003_c0 + 5e-05 cpd00004_c0 + 0.0004 cpd00005_c0 + 0.00013 cpd00006_c0 + 6e-06 cpd00010_c0 + 1e-05 cpd00015_c0 + 5e-05 cpd00022_c0 + 0.25 cpd00023_c0 + 0.003 cpd00026_c0 + 1e-06 cpd00028_c0 + 0.496 cpd00033_c0 + 0.499 cpd00035_c0 + 0.203 cpd00038_c0 + 0.431 cpd00039_c0 + 0.245 cpd00041_c0 + 0.121 cpd00051_c0 + 0.126 cpd00052_c0 + 0.25 cpd00053_c0 + 0.29 cpd00054_c0 + 0.116 cpd00060_c0 + 0.136 cpd00062_c0 + 0.054 cpd00065_c0 + 0.199 cpd00066_c0 + 0.138 cpd00069_c0 + 3e-06 cpd00078_c0 + 0.087 cpd00084_c0 + 0.428 cpd00107_c0 + 0.01814 cpd00115_c0 + 0.035 cpd00118_c0 + 0.145 cpd00119_c0 + 0.541 cpd00129_c0 + 0.245 cpd00132_c0 + 0.154 cpd00155_c0 + 0.42 cpd00156_c0 + 0.436 cpd00161_c0 + 0.000223 cpd00201_c0 + 0.0254 cpd00241_c0 + 0.0089 cpd00264_c0 + 0.213 cpd00322_c0 + 0.000223 cpd00345_c0 + 0.0254 cpd00356_c0 + 0.01814 cpd00357_c0 + 0.000142 cpd11652_c0 + 0.000216 cpd12801_c0 + 0.000701 cpd15432_c0 + 0.00276 cpd15665_c0 + 0.00192 cpd16083_c0 + 4.3e-05 cpd16093_c0 --> biomass_c0 + 5.604 cpd00001_c0 + 0.08708 cpd00009_c0 + 0.634975 cpd00012_c0,,0.0,1000.0,C30H51O26,-1,c0
cpd00155_c0,rxn05740,Glycogen,cpd00009_c0 + cpd00155_c0 <=> cpd00089_c0,,-1000.0,1000.0,C30H51O26,-1,c0
cpd00155_c0,rxn08615,Glycogen,cpd00387_c0 <=> cpd00008_c0 + cpd00155_c0,,-1000.0,1000.0,C30H51O26,-1,c0
cpd15325_c0,rxn08083,1-dodecanoyl-sn-glycerol 3-phosphate,cpd00067_c0 + cpd11468_c0 + cpd15325_c0 --> cpd11493_c0 + cpd15521_c0,,0.0,1000.0,C15H29O7P,-2,c0
cpd15325_c0,rxn08796,1-dodecanoyl-sn-glycerol 3-phosphate,cpd00001_c0 + cpd15325_c0 <=> cpd00067_c0 + cpd00080_c0 + cpd01741_c0,,-1000.0,1000.0,C15H29O7P,-2,c0
cpd15325_c0,rxn08546,1-dodecanoyl-sn-glycerol 3-phosphate,cpd00080_c0 + cpd11468_c0 --> cpd11493_c0 + cpd15325_c0,,0.0,1000.0,C15H29O7P,-2,c0
cpd00062_c0,biomass0,UTP,0.169975 cpd00002_c0 + 0.00215 cpd00003_c0 + 5e-05 cpd00004_c0 + 0.0004 cpd00005_c0 + 0.00013 cpd00006_c0 + 6e-06 cpd00010_c0 + 1e-05 cpd00015_c0 + 5e-05 cpd00022_c0 + 0.25 cpd00023_c0 + 0.003 cpd00026_c0 + 1e-06 cpd00028_c0 + 0.496 cpd00033_c0 + 0.499 cpd00035_c0 + 0.203 cpd00038_c0 + 0.431 cpd00039_c0 + 0.245 cpd00041_c0 + 0.121 cpd00051_c0 + 0.126 cpd00052_c0 + 0.25 cpd00053_c0 + 0.29 cpd00054_c0 + 0.116 cpd00060_c0 + 0.136 cpd00062_c0 + 0.054 cpd00065_c0 + 0.199 cpd00066_c0 + 0.138 cpd00069_c0 + 3e-06 cpd00078_c0 + 0.087 cpd00084_c0 + 0.428 cpd00107_c0 + 0.01814 cpd00115_c0 + 0.035 cpd00118_c0 + 0.145 cpd00119_c0 + 0.541 cpd00129_c0 + 0.245 cpd00132_c0 + 0.154 cpd00155_c0 + 0.42 cpd00156_c0 + 0.436 cpd00161_c0 + 0.000223 cpd00201_c0 + 0.0254 cpd00241_c0 + 0.0089 cpd00264_c0 + 0.213 cpd00322_c0 + 0.000223 cpd00345_c0 + 0.0254 cpd00356_c0 + 0.01814 cpd00357_c0 + 0.000142 cpd11652_c0 + 0.000216 cpd12801_c0 + 0.000701 cpd15432_c0 + 0.00276 cpd15665_c0 + 0.00192 cpd16083_c0 + 4.3e-05 cpd16093_c0 --> biomass_c0 + 5.604 cpd00001_c0 + 0.08708 cpd00009_c0 + 0.634975 cpd00012_c0,,0.0,1000.0,C9H12N2O15P3,-3,c0
cpd00062_c0,rxn00412,UTP,cpd00001_c0 + cpd00002_c0 + cpd00053_c0 + cpd00062_c0 --> cpd00008_c0 + cpd00009_c0 + cpd00023_c0 + cpd00052_c0 + 2.0 cpd00067_c0,,0.0,1000.0,C9H12N2O15P3,-3,c0
cpd00062_c0,rxn00120,UTP,cpd00001_c0 + cpd00062_c0 --> cpd00009_c0 + cpd00014_c0 + cpd00067_c0,,0.0,1000.0,C9H12N2O15P3,-3,c0
cpd00062_c0,rxn05236,UTP,cpd00062_c0 + cpd11421_c0 --> cpd00001_c0 + cpd00358_c0 + cpd11420_c0,,0.0,1000.0,C9H12N2O15P3,-3,c0
cpd00062_c0,rxn00117,UTP,cpd00002_c0 + cpd00014_c0 --> cpd00008_c0 + cpd00062_c0,,0.0,1000.0,C9H12N2O15P3,-3,c0
cpd00062_c0,rxn00355,UTP,cpd00062_c0 + cpd00348_c0 <=> cpd00012_c0 + cpd00043_c0,,-1000.0,1000.0,C9H12N2O15P3,-3,c0
cpd00062_c0,rxn00410,UTP,cpd00002_c0 + cpd00013_c0 + cpd00062_c0 <=> cpd00008_c0 + cpd00009_c0 + cpd00052_c0 + 2.0 cpd00067_c0,,-1000.0,1000.0,C9H12N2O15P3,-3,c0
cpd00062_c0,rxn00293,UTP,cpd00062_c0 + cpd02611_c0 <=> cpd00012_c0 + cpd00037_c0,,-1000.0,1000.0,C9H12N2O15P3,-3,c0
cpd00062_c0,rxn00213,UTP,cpd00062_c0 + cpd00089_c0 <=> cpd00012_c0 + cpd00026_c0,,-1000.0,1000.0,C9H12N2O15P3,-3,c0
cpd00062_c0,rxn00407,UTP,cpd00001_c0 + cpd00052_c0 + cpd00067_c0 --> cpd00013_c0 + cpd00062_c0,,0.0,1000.0,C9H12N2O15P3,-3,c0
cpd00062_c0,rxn00714,UTP,cpd00001_c0 + cpd03706_c0 --> cpd00062_c0 + cpd00067_c0 + cpd00091_c0,,0.0,1000.0,C9H12N2O15P3,-3,c0
cpd15688_c0,rxn10264,"CDP-1,2-diisohexadecanoylglycerol",cpd00080_c0 + cpd15688_c0 <=> cpd00046_c0 + cpd15721_c0,,-1000.0,1000.0,C44H79N3O15P2,-2,c0
cpd15688_c0,rxn10225,"CDP-1,2-diisohexadecanoylglycerol",cpd00052_c0 + cpd15682_c0 <=> cpd00012_c0 + cpd00067_c0 + cpd15688_c0,,-1000.0,1000.0,C44H79N3O15P2,-2,c0
cpd15688_c0,rxn10231,"CDP-1,2-diisohexadecanoylglycerol",cpd00054_c0 + cpd15688_c0 --> cpd00046_c0 + 2.0 cpd00067_c0 + cpd15694_c0,,0.0,1000.0,C44H79N3O15P2,-2,c0
cpd15560_c0,rxn08975,Ubiquinone-8,cpd00004_c0 + cpd00067_c0 + cpd15560_c0 --> cpd00003_c0 + cpd15561_c0,,0.0,1000.0,C49H74O4,0,c0
cpd15560_c0,rxn10113,Ubiquinone-8,0.5 cpd00007_c0 + 2.0 cpd00067_c0 + cpd15561_c0 --> cpd00001_c0 + 2.0 cpd00067_e0 + cpd15560_c0,,0.0,1000.0,C49H74O4,0,c0
cpd15560_c0,rxn08783,Ubiquinone-8,cpd00221_c0 + cpd15560_c0 --> cpd00020_c0 + cpd15561_c0,,0.0,1000.0,C49H74O4,0,c0
cpd15560_c0,rxn09272,Ubiquinone-8,cpd00036_c0 + cpd15560_c0 <=> cpd00106_c0 + cpd15561_c0,,-1000.0,1000.0,C49H74O4,0,c0
cpd15560_c0,rxn10116,Ubiquinone-8,cpd00001_e0 + cpd00027_e0 + cpd15560_c0 --> cpd00067_e0 + cpd00222_e0 + cpd15561_c0,,0.0,1000.0,C49H74O4,0,c0
cpd15560_c0,rxn10120,Ubiquinone-8,cpd00067_c0 + cpd00209_c0 + cpd15561_c0 --> cpd00001_c0 + cpd00075_c0 + cpd15560_c0,,0.0,1000.0,C49H74O4,0,c0
cpd15560_c0,rxn08655,Ubiquinone-8,cpd00139_c0 + cpd15560_c0 --> cpd00040_c0 + cpd15561_c0,,0.0,0.0,C49H74O4,0,c0
cpd15560_c0,rxn08335,Ubiquinone-8,cpd00282_c0 + cpd15560_c0 --> cpd00247_c0 + cpd15561_c0,,0.0,1000.0,C49H74O4,0,c0
cpd15560_c0,rxn10126,Ubiquinone-8,cpd00982_c0 + cpd15560_c0 --> cpd00015_c0 + cpd15561_c0,,0.0,1000.0,C49H74O4,0,c0
cpd15560_c0,rxn10114,Ubiquinone-8,cpd00047_c0 + 3.0 cpd00067_c0 + cpd15560_c0 --> cpd00011_c0 + 2.0 cpd00067_e0 + cpd15561_c0,,0.0,0.0,C49H74O4,0,c0
cpd15560_c0,rxn06106,Ubiquinone-8,2.0 cpd00109_c0 + cpd15561_c0 --> 2.0 cpd00067_e0 + 2.0 cpd00110_c0 + cpd15560_c0,,0.0,1000.0,C49H74O4,0,c0
cpd15560_c0,rxn11946,Ubiquinone-8,cpd00017_c0 + cpd03449_c0 <=> cpd00019_c0 + cpd15560_c0,,-1000.0,1000.0,C49H74O4,0,c0
cpd15560_c0,rxn08900,Ubiquinone-8,cpd00130_c0 + cpd15560_c0 --> cpd00032_c0 + cpd15561_c0,,0.0,1000.0,C49H74O4,0,c0
cpd15560_c0,rxn08556,Ubiquinone-8,cpd00080_c0 + cpd15560_c0 --> cpd00095_c0 + cpd15561_c0,,0.0,1000.0,C49H74O4,0,c0
cpd15560_c0,rxn10122,Ubiquinone-8,cpd00004_c0 + 4.0 cpd00067_c0 + cpd15560_c0 --> cpd00003_c0 + 3.0 cpd00067_e0 + cpd15561_c0,,0.0,1000.0,C49H74O4,0,c0
cpd00067_e0,rxn05722,H+,cpd00067_e0 + cpd00793_e0 --> cpd00067_c0 + cpd00793_c0,,0.0,1000.0,H,1,e0
cpd00067_e0,rxn05312,H+,cpd00009_c0 + cpd00067_c0 --> cpd00009_e0 + cpd00067_e0,,0.0,1000.0,H,1,e0
cpd00067_e0,rxn05625,H+,cpd00067_e0 + cpd00075_e0 <=> cpd00067_c0 + cpd00075_c0,,-1000.0,1000.0,H,1,e0
cpd00067_e0,EXpd00067,H+,cpd00067_e0 --> ,,0.0,1000.0,H,1,e0
cpd00067_e0,rxn05514,H+,cpd00063_e0 + cpd00067_c0 --> cpd00063_c0 + cpd00067_e0,,0.0,1000.0,H,1,e0
cpd00067_e0,rxn05527,H+,cpd00067_e0 + cpd00307_e0 <=> cpd00067_c0 + cpd00307_c0,,-1000.0,1000.0,H,1,e0
cpd00067_e0,rxn11268,H+,cpd00012_c0 + cpd00067_c0 --> cpd00012_e0 + cpd00067_e0,,0.0,1000.0,H,1,e0
cpd00067_e0,rxn05651,H+,cpd00048_e0 + cpd00067_e0 <=> cpd00048_c0 + cpd00067_c0,,-1000.0,1000.0,H,1,e0
cpd00067_e0,rxn05627,H+,cpd00067_e0 + cpd00209_e0 <=> cpd00067_c0 + cpd00209_c0,,-1000.0,1000.0,H,1,e0
cpd00067_e0,rxn05551,H+,cpd00067_e0 + cpd00162_e0 <=> cpd00067_c0 + cpd00162_c0,,-1000.0,1000.0,H,1,e0
cpd00067_e0,rxn05315,H+,cpd00034_c0 + cpd00067_e0 + cpd00205_e0 <=> cpd00034_e0 + cpd00067_c0 + cpd00205_c0,,-1000.0,1000.0,H,1,e0
cpd00067_e0,rxn05305,H+,cpd00039_c0 + cpd00067_e0 <=> cpd00039_e0 + cpd00067_c0,,-1000.0,1000.0,H,1,e0
cpd00067_e0,rxn10113,H+,0.5 cpd00007_c0 + 2.0 cpd00067_c0 + cpd15561_c0 --> cpd00001_c0 + 2.0 cpd00067_e0 + cpd15560_c0,,0.0,1000.0,H,1,e0
cpd00067_e0,ADDitrate,H+,cpd00067_e0 + cpd00137_e0 <=> cpd00067_c0 + cpd00137_c0,,-1000.0,1000.0,H,1,e0
cpd00067_e0,rxn05663,H+,cpd00065_e0 + cpd00067_e0 <=> cpd00065_c0 + cpd00067_c0,,-1000.0,1000.0,H,1,e0
cpd00067_e0,rxn10043,H+,0.5 cpd00007_c0 + 4.0 cpd00067_c0 + 2.0 cpd00110_c0 --> cpd00001_c0 + 2.0 cpd00067_e0 + 2.0 cpd00109_c0,,0.0,1000.0,H,1,e0
cpd00067_e0,rxn05244,H+,cpd00067_e0 + cpd00322_e0 <=> cpd00067_c0 + cpd00322_c0,,-1000.0,1000.0,H,1,e0
cpd00067_e0,rxn10162,H+,cpd00067_e0 + cpd00214_e0 <=> cpd00067_c0 + cpd00214_c0,,-1000.0,1000.0,H,1,e0
cpd00067_e0,rxn05683,H+,cpd00067_e0 + cpd00211_e0 <=> cpd00067_c0 + cpd00211_c0,,-1000.0,1000.0,H,1,e0
cpd00067_e0,rxn05197,H+,cpd00067_e0 + cpd00092_e0 <=> cpd00067_c0 + cpd00092_c0,,-1000.0,1000.0,H,1,e0
cpd00067_e0,rxn10114,H+,cpd00047_c0 + 3.0 cpd00067_c0 + cpd15560_c0 --> cpd00011_c0 + 2.0 cpd00067_e0 + cpd15561_c0,,0.0,0.0,H,1,e0
cpd00067_e0,rxn05602,H+,cpd00067_e0 + cpd00159_e0 <=> cpd00067_c0 + cpd00159_c0,,-1000.0,1000.0,H,1,e0
cpd00067_e0,ADD_acetate,H+,cpd00029_e0 + cpd00067_e0 <=> cpd00029_c0 + cpd00067_c0,,-1000.0,1000.0,H,1,e0
cpd00067_e0,rxn05604,H+,2.0 cpd00067_e0 + cpd00130_e0 + cpd00159_c0 + cpd00971_c0 --> 2.0 cpd00067_c0 + cpd00130_c0 + cpd00159_e0 + cpd00971_e0,,0.0,1000.0,H,1,e0
cpd00067_e0,rxn10122,H+,cpd00004_c0 + 4.0 cpd00067_c0 + cpd15560_c0 --> cpd00003_c0 + 3.0 cpd00067_e0 + cpd15561_c0,,0.0,1000.0,H,1,e0
cpd00067_e0,ADD_propionate,H+,cpd00067_e0 + cpd00141_e0 <=> cpd00067_c0 + cpd00141_c0,,-1000.0,1000.0,H,1,e0
cpd00067_e0,rxn10161,H+,cpd00067_e0 + cpd01080_e0 <=> cpd00067_c0 + cpd01080_c0,,-1000.0,1000.0,H,1,e0
cpd00067_e0,rxn05209,H+,cpd00067_c0 + cpd00971_e0 <=> cpd00067_e0 + cpd00971_c0,,-1000.0,1000.0,H,1,e0
cpd00067_e0,rxn05297,H+,cpd00023_e0 + cpd00067_e0 <=> cpd00023_c0 + cpd00067_c0,,-1000.0,1000.0,H,1,e0
cpd00067_e0,rxn05301,H+,cpd00067_e0 + cpd00069_e0 <=> cpd00067_c0 + cpd00069_c0,,-1000.0,1000.0,H,1,e0
cpd00067_e0,rxn05596,H+,cpd00067_e0 + cpd00205_c0 --> cpd00067_c0 + cpd00205_e0,,0.0,1000.0,H,1,e0
cpd00067_e0,rxn05306,H+,cpd00066_e0 + cpd00067_e0 <=> cpd00066_c0 + cpd00067_c0,,-1000.0,1000.0,H,1,e0
cpd00067_e0,ADD_2_Oxoglutarate,H+,cpd00024_e0 + cpd00067_e0 <=> cpd00024_c0 + cpd00067_c0,,-1000.0,1000.0,H,1,e0
cpd00067_e0,ADD_transport_cpd00117,H+,cpd00067_e0 + cpd00117_e0 --> cpd00067_c0 + cpd00117_c0,,0.0,1000.0,H,1,e0
cpd00067_e0,rxn10125,H+,cpd00004_c0 + cpd00006_c0 + 2.0 cpd00067_e0 --> cpd00003_c0 + cpd00005_c0 + 2.0 cpd00067_c0,,0.0,1000.0,H,1,e0
cpd00067_e0,ADD_gluconate,H+,cpd00067_e0 + cpd00222_e0 --> cpd00067_c0 + cpd00222_c0,,0.0,1000.0,H,1,e0
cpd00067_e0,rxn10806,H+,0.5 cpd00007_c0 + 2.0 cpd00067_c0 + cpd15499_c0 --> cpd00001_c0 + 2.0 cpd00067_e0 + cpd15500_c0,,0.0,0.0,H,1,e0
cpd00067_e0,rxn05561,H+,cpd00067_e0 + cpd00106_e0 <=> cpd00067_c0 + cpd00106_c0,,-1000.0,1000.0,H,1,e0
cpd00067_e0,rxn05255,H+,cpd00067_e0 + cpd00393_e0 --> cpd00067_c0 + cpd00393_c0,,0.0,1000.0,H,1,e0
cpd00067_e0,ADD_formate,H+,cpd00047_e0 + cpd00067_e0 <=> cpd00047_c0 + cpd00067_c0,,-1000.0,1000.0,H,1,e0
cpd00067_e0,rxn05638,H+,cpd00067_e0 + cpd00129_e0 <=> cpd00067_c0 + cpd00129_c0,,-1000.0,1000.0,H,1,e0
cpd00067_e0,rxn10116,H+,cpd00001_e0 + cpd00027_e0 + cpd15560_c0 --> cpd00067_e0 + cpd00222_e0 + cpd15561_c0,,0.0,1000.0,H,1,e0
cpd00067_e0,rxn10042,H+,cpd00008_c0 + cpd00009_c0 + 4.0 cpd00067_e0 --> cpd00001_c0 + cpd00002_c0 + 3.0 cpd00067_c0,,0.0,1000.0,H,1,e0
cpd00067_e0,rxn05208,H+,cpd00067_c0 + cpd00130_c0 + cpd00221_e0 + cpd00971_e0 <=> cpd00067_e0 + cpd00130_e0 + cpd00221_c0 + cpd00971_c0,,-1000.0,1000.0,H,1,e0
cpd00067_e0,ADD_D_Malate,H+,cpd00067_e0 + cpd00386_e0 <=> cpd00067_c0 + cpd00386_c0,,-1000.0,1000.0,H,1,e0
cpd00067_e0,rxn05669,H+,cpd00067_e0 + cpd00156_e0 <=> cpd00067_c0 + cpd00156_c0,,-1000.0,1000.0,H,1,e0
cpd00067_e0,rxn09692,H+,cpd00067_e0 + cpd00098_e0 <=> cpd00067_c0 + cpd00098_c0,,-1000.0,1000.0,H,1,e0
cpd00067_e0,rxn05654,H+,cpd00036_e0 + cpd00067_e0 <=> cpd00036_c0 + cpd00067_c0,,-1000.0,1000.0,H,1,e0
cpd00067_e0,rxn06106,H+,2.0 cpd00109_c0 + cpd15561_c0 --> 2.0 cpd00067_e0 + 2.0 cpd00110_c0 + cpd15560_c0,,0.0,1000.0,H,1,e0
cpd00067_e0,rxn05517,H+,cpd00067_e0 + cpd00205_e0 + cpd01012_c0 <=> cpd00067_c0 + cpd00205_c0 + cpd01012_e0,,-1000.0,1000.0,H,1,e0
cpd00067_e0,rxn05201,H+,cpd00067_e0 + cpd00226_e0 <=> cpd00067_c0 + cpd00226_c0,,-1000.0,1000.0,H,1,e0
cpd00067_e0,rxn10163,H+,cpd00067_e0 + cpd03847_e0 <=> cpd00067_c0 + cpd03847_c0,,-1000.0,1000.0,H,1,e0
cpd00067_e0,rxn08653,H+,cpd00067_e0 + cpd00139_e0 <=> cpd00067_c0 + cpd00139_c0,,-1000.0,1000.0,H,1,e0
cpd00067_e0,rxn05243,H+,cpd00067_e0 + cpd00107_e0 <=> cpd00067_c0 + cpd00107_c0,,-1000.0,1000.0,H,1,e0
cpd00067_e0,rxn05618,H+,cpd00030_e0 + cpd00067_e0 --> cpd00030_c0 + cpd00067_c0,,0.0,1000.0,H,1,e0
cpd00067_e0,rxn10855,H+,cpd00067_e0 + cpd16062_e0 <=> cpd00067_c0 + cpd16062_c0,,-1000.0,1000.0,H,1,e0
cpd00067_e0,rxn05484,H+,cpd00067_e0 + cpd00142_e0 <-- cpd00067_c0 + cpd00142_c0,,-1000.0,0.0,H,1,e0
cpd00121_e0,EXpd00121,L-Inositol,cpd00121_e0 --> ,,0.0,1000.0,C6H12O6,0,e0
cpd00121_e0,ADD_L_Ino2,L-Inositol,cpd00121_e0 --> cpd00121_c0,,0.0,1000.0,C6H12O6,0,e0
cpd00085_c0,rxn01791,beta-Alanine,cpd00002_c0 + cpd00085_c0 + cpd00408_c0 --> cpd00012_c0 + cpd00018_c0 + 2.0 cpd00067_c0 + cpd00644_c0,,0.0,1000.0,C3H7NO2,0,c0
cpd00085_c0,rxn00346,beta-Alanine,cpd00041_c0 + cpd00067_c0 --> cpd00011_c0 + cpd00085_c0,,0.0,1000.0,C3H7NO2,0,c0
cpd00085_c0,rxn00656,beta-Alanine,cpd00035_c0 + cpd00191_c0 <=> cpd00020_c0 + cpd00085_c0,,-1000.0,1000.0,C3H7NO2,0,c0
cpd00221_e0,EXpd00221,D-Lactate,cpd00221_e0 --> ,,0.0,1000.0,C3H5O3,-1,e0
cpd00221_e0,rxn05208,D-Lactate,cpd00067_c0 + cpd00130_c0 + cpd00221_e0 + cpd00971_e0 <=> cpd00067_e0 + cpd00130_e0 + cpd00221_c0 + cpd00971_c0,,-1000.0,1000.0,C3H5O3,-1,e0
cpd16083_c0,biomass0,Phosphatidylethanolamine (Saureus),0.169975 cpd00002_c0 + 0.00215 cpd00003_c0 + 5e-05 cpd00004_c0 + 0.0004 cpd00005_c0 + 0.00013 cpd00006_c0 + 6e-06 cpd00010_c0 + 1e-05 cpd00015_c0 + 5e-05 cpd00022_c0 + 0.25 cpd00023_c0 + 0.003 cpd00026_c0 + 1e-06 cpd00028_c0 + 0.496 cpd00033_c0 + 0.499 cpd00035_c0 + 0.203 cpd00038_c0 + 0.431 cpd00039_c0 + 0.245 cpd00041_c0 + 0.121 cpd00051_c0 + 0.126 cpd00052_c0 + 0.25 cpd00053_c0 + 0.29 cpd00054_c0 + 0.116 cpd00060_c0 + 0.136 cpd00062_c0 + 0.054 cpd00065_c0 + 0.199 cpd00066_c0 + 0.138 cpd00069_c0 + 3e-06 cpd00078_c0 + 0.087 cpd00084_c0 + 0.428 cpd00107_c0 + 0.01814 cpd00115_c0 + 0.035 cpd00118_c0 + 0.145 cpd00119_c0 + 0.541 cpd00129_c0 + 0.245 cpd00132_c0 + 0.154 cpd00155_c0 + 0.42 cpd00156_c0 + 0.436 cpd00161_c0 + 0.000223 cpd00201_c0 + 0.0254 cpd00241_c0 + 0.0089 cpd00264_c0 + 0.213 cpd00322_c0 + 0.000223 cpd00345_c0 + 0.0254 cpd00356_c0 + 0.01814 cpd00357_c0 + 0.000142 cpd11652_c0 + 0.000216 cpd12801_c0 + 0.000701 cpd15432_c0 + 0.00276 cpd15665_c0 + 0.00192 cpd16083_c0 + 4.3e-05 cpd16093_c0 --> biomass_c0 + 5.604 cpd00001_c0 + 0.08708 cpd00009_c0 + 0.634975 cpd00012_c0,,0.0,1000.0,X,0,c0
cpd16083_c0,rxn10879,Phosphatidylethanolamine (Saureus),cpd16093_c0 --> 50.0 cpd00011_c0 + cpd16083_c0,,0.0,1000.0,X,0,c0
cpd00388_c0,rxn01746,Allantoate,cpd00001_c0 + cpd00388_c0 <=> cpd00073_c0 + cpd00465_c0,,-1000.0,1000.0,C4H7N4O4,-1,c0
cpd15494_c0,rxn08129,Maltoheptaose,cpd00179_c0 + cpd01329_c0 <=> cpd00027_c0 + cpd15494_c0,,-1000.0,1000.0,C42H72O36,0,c0
cpd00540_c0,rxn01868,BET,cpd00001_c0 + cpd00006_c0 + cpd00447_c0 --> cpd00005_c0 + 2.0 cpd00067_c0 + cpd00540_c0,,0.0,1000.0,C5H11NO2,0,c0
cpd00540_c0,rxn01867,BET,cpd00001_c0 + cpd00003_c0 + cpd00447_c0 --> cpd00004_c0 + 2.0 cpd00067_c0 + cpd00540_c0,,0.0,1000.0,C5H11NO2,0,c0
cpd15700_c0,rxn10237,Diisohexadecanoylphosphatidylethanolamine,2.0 cpd00067_c0 + cpd15694_c0 <=> cpd00011_c0 + cpd15700_c0,,-1000.0,1000.0,C37H74NO8P,0,c0
cpd15691_c0,rxn10228,Diisotetradecanoylphosphatidylserine,cpd00054_c0 + cpd15685_c0 --> cpd00046_c0 + 2.0 cpd00067_c0 + cpd15691_c0,,0.0,1000.0,C34H64NO10P,-2,c0
cpd15691_c0,rxn10234,Diisotetradecanoylphosphatidylserine,2.0 cpd00067_c0 + cpd15691_c0 <=> cpd00011_c0 + cpd15697_c0,,-1000.0,1000.0,C34H64NO10P,-2,c0
cpd02143_e0,EXpd02143,"D-Galactono-1,4-lactone",cpd02143_e0 --> ,,0.0,1000.0,C6H10O6,0,e0
cpd02143_e0,ADD_D_Gal14_lac2,"D-Galactono-1,4-lactone",cpd02143_e0 --> cpd02143_c0,,0.0,1000.0,C6H10O6,0,e0
cpd00795_e0,R11337,(R)-2-Hydroxyglutarate,cpd00003_c0 + cpd00795_e0 <=> cpd00004_c0 + cpd00024_c0 + cpd00067_c0,,-1000.0,1000.0,C5H6O5,-2,e0
cpd00288_c0,rxn00552,D-Glucosamine phosphate,cpd00001_c0 + cpd00288_c0 --> cpd00013_c0 + cpd00072_c0,,0.0,1000.0,C6H13NO8P,-1,c0
cpd00288_c0,rxn01484,D-Glucosamine phosphate,cpd00001_c0 + cpd00293_c0 --> cpd00029_c0 + cpd00288_c0,,0.0,1000.0,C6H13NO8P,-1,c0
cpd00288_c0,rxn05569,D-Glucosamine phosphate,cpd00061_c0 + cpd00276_e0 <=> cpd00020_c0 + cpd00288_c0,,-1000.0,1000.0,C6H13NO8P,-1,c0
cpd00288_c0,rxn01485,D-Glucosamine phosphate,cpd03671_c0 <=> cpd00288_c0,,-1000.0,1000.0,C6H13NO8P,-1,c0
cpd00288_c0,rxn00555,D-Glucosamine phosphate,cpd00053_c0 + cpd00072_c0 <=> cpd00023_c0 + cpd00288_c0,,-1000.0,1000.0,C6H13NO8P,-1,c0
cpd00971_c0,rxn05209,Na+,cpd00067_c0 + cpd00971_e0 <=> cpd00067_e0 + cpd00971_c0,,-1000.0,1000.0,Na,1,c0
cpd00971_c0,rxn05208,Na+,cpd00067_c0 + cpd00130_c0 + cpd00221_e0 + cpd00971_e0 <=> cpd00067_e0 + cpd00130_e0 + cpd00221_c0 + cpd00971_c0,,-1000.0,1000.0,Na,1,c0
cpd00971_c0,rxn05207,Na+,cpd00130_e0 + cpd00971_e0 <=> cpd00130_c0 + cpd00971_c0,,-1000.0,1000.0,Na,1,c0
cpd00971_c0,rxn05313,Na+,cpd00009_e0 + 3.0 cpd00971_e0 <=> cpd00009_c0 + 3.0 cpd00971_c0,,-1000.0,1000.0,Na,1,c0
cpd00971_c0,rxn12432,Na+,cpd00308_e0 + cpd00971_e0 <=> cpd00308_c0 + cpd00971_c0,,-1000.0,1000.0,Na,1,c0
cpd00971_c0,rxn05221,Na+,cpd00129_e0 + cpd00971_e0 <=> cpd00129_c0 + cpd00971_c0,,-1000.0,1000.0,Na,1,c0
cpd00971_c0,rxn05604,Na+,2.0 cpd00067_e0 + cpd00130_e0 + cpd00159_c0 + cpd00971_c0 --> 2.0 cpd00067_c0 + cpd00130_c0 + cpd00159_e0 + cpd00971_e0,,0.0,1000.0,Na,1,c0
cpd00971_c0,rxn05298,Na+,cpd00023_e0 + cpd00971_e0 <=> cpd00023_c0 + cpd00971_c0,,-1000.0,1000.0,Na,1,c0
cpd11534_c0,rxn05398,11-methyl-3-hydroxy-dodecanoyl-ACP,cpd11534_c0 --> cpd00001_c0 + cpd11535_c0,,0.0,1000.0,C24H45N2O9PRS,-1,c0
cpd11534_c0,rxn05397,11-methyl-3-hydroxy-dodecanoyl-ACP,cpd00005_c0 + cpd00067_c0 + cpd11533_c0 <=> cpd00006_c0 + cpd11534_c0,,-1000.0,1000.0,C24H45N2O9PRS,-1,c0
cpd15346_c0,rxn08848,2-Acyl-sn-glycero-3-phosphoglycerol hexadecanoyl,cpd00001_c0 + cpd15346_c0 <=> cpd00067_c0 + cpd00214_c0 + cpd02090_c0,,-1000.0,1000.0,C22H44O9P,-1,c0
cpd03471_c0,rxn02400,Nicotinate D-ribonucleoside,cpd00001_c0 + cpd00873_c0 --> cpd00009_c0 + cpd03471_c0,,0.0,1000.0,C11H13NO6,0,c0
cpd15418_c0,rxn09112,"CDP-1,2-dihexadec-9-enoylglycerol",cpd00080_c0 + cpd15418_c0 <=> cpd00046_c0 + cpd15546_c0,,-1000.0,1000.0,C44H75N3O15P2,-2,c0
cpd15418_c0,rxn08310,"CDP-1,2-dihexadec-9-enoylglycerol",cpd00052_c0 + cpd15525_c0 <=> cpd00012_c0 + cpd00067_c0 + cpd15418_c0,,-1000.0,1000.0,C44H75N3O15P2,-2,c0
cpd15418_c0,rxn09209,"CDP-1,2-dihexadec-9-enoylglycerol",cpd00054_c0 + cpd15418_c0 --> cpd00046_c0 + 2.0 cpd00067_c0 + cpd15556_c0,,0.0,1000.0,C44H75N3O15P2,-2,c0
cpd02295_c0,rxn05267,1-4-Dihydroxy-2-naphthoate,cpd00004_c0 + cpd00011_c0 + cpd00012_c0 + cpd11425_c0 --> cpd00003_c0 + cpd02295_c0 + cpd02590_c0,,0.0,1000.0,C11H7O4,-1,c0
cpd02295_c0,rxn08333,1-4-Dihydroxy-2-naphthoate,cpd02295_c0 + cpd02557_c0 --> cpd00011_c0 + cpd00012_c0 + cpd15353_c0,,0.0,1000.0,C11H7O4,-1,c0
cpd00297_c0,rxn10060,dTDP,cpd00003_c0 + cpd00357_c0 <=> cpd00006_c0 + cpd00067_c0 + cpd00297_c0,,-1000.0,1000.0,C10H14N2O11P2,-2,c0
cpd00297_c0,rxn01513,dTDP,cpd00002_c0 + cpd00067_c0 + cpd00298_c0 <=> cpd00008_c0 + cpd00297_c0,,-1000.0,1000.0,C10H14N2O11P2,-2,c0
cpd00297_c0,rxn09225,dTDP,4.0 cpd00067_c0 + cpd02113_c0 + cpd15492_c0 --> cpd00297_c0 + cpd15489_c0,,0.0,1000.0,C10H14N2O11P2,-2,c0
cpd00297_c0,rxn01512,dTDP,cpd00002_c0 + cpd00297_c0 <=> cpd00008_c0 + cpd00357_c0,,-1000.0,1000.0,C10H14N2O11P2,-2,c0
cpd11525_c0,rxn05388,7-methyl-3-oxo-octanoyl-ACP,cpd11492_c0 + cpd11524_c0 --> cpd00011_c0 + cpd11493_c0 + cpd11525_c0,,0.0,1000.0,C20H35N2O9PRS,-1,c0
cpd11525_c0,rxn05389,7-methyl-3-oxo-octanoyl-ACP,cpd00005_c0 + cpd00067_c0 + cpd11525_c0 <=> cpd00006_c0 + cpd11526_c0,,-1000.0,1000.0,C20H35N2O9PRS,-1,c0
cpd02775_c0,rxn02484,4-Amino-5-phosphomethyl-2-methylpyrimidine,cpd00002_c0 + cpd00939_c0 --> cpd00008_c0 + cpd00067_c0 + cpd02775_c0,,0.0,1000.0,C6H9N3O4P,-1,c0
cpd18071_c0,rxn14250,Ethylnitronate,cpd00007_c0 + cpd00067_c0 + cpd01270_c0 + cpd18071_c0 --> cpd00001_c0 + cpd00050_c0 + cpd00071_c0 + cpd00075_c0,,0.0,1000.0,C2H4NO2,-1,c0
cpd01242_e0,rxn05549,Thyminose,cpd00001_c0 + cpd00002_c0 + cpd01242_e0 --> cpd00008_c0 + cpd00009_c0 + cpd00067_c0 + cpd01242_c0,,0.0,1000.0,C5H10O4,0,e0
cpd01242_e0,EXpd01242,Thyminose,cpd01242_e0 --> ,,0.0,1000.0,C5H10O4,0,e0
cpd00957_c0,rxn00300,"2,5-Diamino-6-(5'-phosphoribosylamino)-4-pyrimidineone",3.0 cpd00001_c0 + cpd00038_c0 --> cpd00012_c0 + cpd00047_c0 + 3.0 cpd00067_c0 + cpd00957_c0,,0.0,1000.0,C9H14N5O8P,-2,c0
cpd00957_c0,rxn02475,"2,5-Diamino-6-(5'-phosphoribosylamino)-4-pyrimidineone",cpd00001_c0 + cpd00067_c0 + cpd00957_c0 --> cpd00013_c0 + cpd00931_c0,,0.0,1000.0,C9H14N5O8P,-2,c0
cpd15672_c0,rxn10206,1-anteisoheptadecanoyl-sn-glycerol 3-phosphate,cpd00080_c0 + cpd11434_c0 --> cpd00010_c0 + cpd15672_c0,,0.0,1000.0,C20H40O7P,-1,c0
cpd15672_c0,rxn10215,1-anteisoheptadecanoyl-sn-glycerol 3-phosphate,cpd11434_c0 + cpd15672_c0 --> cpd00010_c0 + cpd00067_c0 + cpd15678_c0,,0.0,1000.0,C20H40O7P,-1,c0
cpd00533_c0,rxn06076,dCDP,cpd00096_c0 + cpd11421_c0 --> cpd00001_c0 + cpd00533_c0 + cpd11420_c0,,0.0,1000.0,C9H13N3O10P2,-2,c0
cpd00533_c0,rxn01219,dCDP,cpd00002_c0 + cpd00067_c0 + cpd00206_c0 <=> cpd00008_c0 + cpd00533_c0,,-1000.0,1000.0,C9H13N3O10P2,-2,c0
cpd00533_c0,rxn01673,dCDP,cpd00002_c0 + cpd00533_c0 <=> cpd00008_c0 + cpd00356_c0,,-1000.0,1000.0,C9H13N3O10P2,-2,c0
cpd00282_c0,rxn08335,S-Dihydroorotate,cpd00282_c0 + cpd15560_c0 --> cpd00247_c0 + cpd15561_c0,,0.0,1000.0,C5H5N2O4,-1,c0
cpd00282_c0,rxn01360,S-Dihydroorotate,cpd00007_c0 + cpd00282_c0 --> cpd00025_c0 + cpd00247_c0,,0.0,1000.0,C5H5N2O4,-1,c0
cpd00282_c0,rxn08336,S-Dihydroorotate,cpd00282_c0 + cpd15500_c0 --> cpd00247_c0 + cpd15499_c0,,0.0,1000.0,C5H5N2O4,-1,c0
cpd00282_c0,rxn01465,S-Dihydroorotate,cpd00001_c0 + cpd00282_c0 <=> cpd00067_c0 + cpd00343_c0,,-1000.0,1000.0,C5H5N2O4,-1,c0
cpd02666_c0,rxn12512,(R)-4'-Phosphopantothenoyl-L-cysteine,cpd00002_c0 + cpd00084_c0 + cpd02201_c0 --> cpd00012_c0 + cpd00018_c0 + 2.0 cpd00067_c0 + cpd02666_c0,,0.0,1000.0,C12H20N2O9PS,-3,c0
cpd02666_c0,rxn09177,(R)-4'-Phosphopantothenoyl-L-cysteine,cpd00052_c0 + cpd00084_c0 + cpd02201_c0 --> cpd00012_c0 + cpd00046_c0 + 2.0 cpd00067_c0 + cpd02666_c0,,0.0,1000.0,C12H20N2O9PS,-3,c0
cpd02666_c0,rxn02341,(R)-4'-Phosphopantothenoyl-L-cysteine,cpd00067_c0 + cpd02666_c0 --> cpd00011_c0 + cpd00834_c0,,0.0,1000.0,C12H20N2O9PS,-3,c0
cpd00042_c0,R00274,GSH,cpd00025_c0 + 2.0 cpd00042_c0 --> 2.0 cpd00001_c0 + cpd00111_c0,,0.0,1000.0,C10H16N3O6S,-1,c0
cpd00042_c0,rxn00086,GSH,cpd00006_c0 + 2.0 cpd00042_c0 <=> cpd00005_c0 + cpd00067_c0 + cpd00111_c0,,-1000.0,1000.0,C10H16N3O6S,-1,c0
cpd00042_c0,rxn00350,GSH,cpd00001_c0 + cpd00042_c0 <=> cpd00023_c0 + cpd01017_c0,,-1000.0,1000.0,C10H16N3O6S,-1,c0
cpd00042_c0,rxn00351,GSH,cpd00002_c0 + cpd00033_c0 + cpd00506_c0 --> cpd00008_c0 + cpd00009_c0 + cpd00042_c0 + cpd00067_c0,,0.0,1000.0,C10H16N3O6S,-1,c0
cpd00042_c0,rxn01274,GSH,cpd00001_c0 + cpd02182_c0 --> cpd00042_c0 + cpd00067_c0 + cpd00221_c0,,0.0,1000.0,C10H16N3O6S,-1,c0
cpd00042_c0,rxn01834,GSH,cpd02182_c0 <=> cpd00042_c0 + cpd00428_c0,,-1000.0,1000.0,C10H16N3O6S,-1,c0
cpd03727_c0,rxn04788,Ectoine,cpd03862_c0 --> cpd00001_c0 + cpd03727_c0,,0.0,1000.0,C6H10N2O2,0,c0
cpd03727_c0,rxn07840,Ectoine,cpd00007_c0 + cpd00024_c0 + cpd03727_c0 --> cpd00011_c0 + cpd00036_c0 + cpd15137_c0,,0.0,1000.0,C6H10N2O2,0,c0
cpd11587_c0,rxn05540,Ala-Gln,cpd00001_c0 + cpd00002_c0 + cpd11587_e0 --> cpd00008_c0 + cpd00009_c0 + cpd00067_c0 + cpd11587_c0,,0.0,1000.0,C8H15N3O4,0,c0
cpd11587_c0,rxn12639,Ala-Gln,cpd00001_c0 + cpd11587_c0 <=> cpd00035_c0 + cpd00053_c0,,-1000.0,1000.0,C8H15N3O4,0,c0
cpd15331_c0,rxn08547,1-tetradecanoyl-sn-glycerol 3-phosphate,cpd00080_c0 + cpd11466_c0 --> cpd11493_c0 + cpd15331_c0,,0.0,1000.0,C17H33O7P,-2,c0
cpd15331_c0,rxn08797,1-tetradecanoyl-sn-glycerol 3-phosphate,cpd00001_c0 + cpd15331_c0 <=> cpd00067_c0 + cpd00080_c0 + cpd03847_c0,,-1000.0,1000.0,C17H33O7P,-2,c0
cpd15331_c0,rxn10212,1-tetradecanoyl-sn-glycerol 3-phosphate,cpd00067_c0 + cpd01695_c0 + cpd15331_c0 --> cpd00010_c0 + cpd15522_c0,,0.0,1000.0,C17H33O7P,-2,c0
cpd15331_c0,rxn10203,1-tetradecanoyl-sn-glycerol 3-phosphate,cpd00080_c0 + cpd01695_c0 --> cpd00010_c0 + cpd15331_c0,,0.0,1000.0,C17H33O7P,-2,c0
cpd15331_c0,rxn08084,1-tetradecanoyl-sn-glycerol 3-phosphate,cpd00067_c0 + cpd11466_c0 + cpd15331_c0 --> cpd11493_c0 + cpd15522_c0,,0.0,1000.0,C17H33O7P,-2,c0
cpd00763_c0,rxn01825,4-Maleylacetoacetate,cpd00007_c0 + cpd00426_c0 --> cpd00067_c0 + cpd00763_c0,,0.0,1000.0,C8H6O6,-2,c0
cpd00763_c0,rxn02276,4-Maleylacetoacetate,cpd00763_c0 <=> cpd00780_c0,,-1000.0,1000.0,C8H6O6,-2,c0
cpd00355_c0,rxn10181,Nicotinamide ribonucleotide,cpd00355_e0 <=> cpd00355_c0,,-1000.0,1000.0,C11H14N2O8P,-1,c0
cpd00355_c0,rxn01670,Nicotinamide ribonucleotide,cpd00001_c0 + cpd00355_c0 --> cpd00009_c0 + cpd02016_c0,,0.0,1000.0,C11H14N2O8P,-1,c0
cpd00355_c0,R00103,Nicotinamide ribonucleotide,cpd00001_c0 + cpd00003_c0 --> cpd00018_c0 + 2.0 cpd00067_c0 + cpd00355_c0,,0.0,1000.0,C11H14N2O8P,-1,c0
cpd00355_c0,rxn01671,Nicotinamide ribonucleotide,cpd00002_c0 + cpd02016_c0 <=> cpd00008_c0 + cpd00067_c0 + cpd00355_c0,,-1000.0,1000.0,C11H14N2O8P,-1,c0
cpd11487_c0,rxn05338,3-oxodecanoyl-acp,cpd00006_c0 + cpd11482_c0 <=> cpd00005_c0 + cpd00067_c0 + cpd11487_c0,,-1000.0,1000.0,C21H38N2O9PRS,-2,c0
cpd11487_c0,rxn05343,3-oxodecanoyl-acp,cpd11470_c0 + cpd11492_c0 --> cpd00011_c0 + cpd11487_c0 + cpd11493_c0,,0.0,1000.0,C21H38N2O9PRS,-2,c0
cpd11523_c0,rxn05386,5-methyl-trans-hex-2-enoyl-ACP,cpd11522_c0 --> cpd00001_c0 + cpd11523_c0,,0.0,1000.0,C18H31N2O8PRS,-1,c0
cpd11523_c0,rxn05439,5-methyl-trans-hex-2-enoyl-ACP,cpd00004_c0 + cpd00067_c0 + cpd11523_c0 --> cpd00003_c0 + cpd11524_c0,,0.0,1000.0,C18H31N2O8PRS,-1,c0
cpd15792_c0,rxn10335,Myristoylcardiolipin (B. subtilis),2.0 cpd15536_c0 <=> cpd00100_c0 + cpd15792_c0,,-1000.0,1000.0,C65H124O17P2,-2,c0
cpd11225_c0,rxn05040,3-4-dihydroxy-2-butanone4-phosphate,cpd00171_c0 --> cpd00047_c0 + cpd00067_c0 + cpd11225_c0,,0.0,1000.0,C4H7O6P,-2,c0
cpd11225_c0,rxn03080,3-4-dihydroxy-2-butanone4-phosphate,cpd02882_c0 + cpd11225_c0 <=> 2.0 cpd00001_c0 + cpd00009_c0 + cpd00067_c0 + cpd02656_c0,,-1000.0,1000.0,C4H7O6P,-2,c0
cpd00274_c0,rxn01434,Citrulline,cpd00002_c0 + cpd00041_c0 + cpd00274_c0 <=> cpd00012_c0 + cpd00018_c0 + 2.0 cpd00067_c0 + cpd02152_c0,,-1000.0,1000.0,C6H13N3O3,0,c0
cpd00274_c0,rxn01019,Citrulline,cpd00064_c0 + cpd00146_c0 <=> cpd00009_c0 + cpd00067_c0 + cpd00274_c0,,-1000.0,1000.0,C6H13N3O3,0,c0
cpd00274_c0,rxn00395,Citrulline,cpd00001_c0 + cpd00051_c0 --> cpd00013_c0 + cpd00274_c0,,0.0,1000.0,C6H13N3O3,0,c0
cpd15558_c0,rxn09211,phosphatidylserine dioctadec-11-enoyl,cpd00054_c0 + cpd15420_c0 --> cpd00046_c0 + 2.0 cpd00067_c0 + cpd15558_c0,,0.0,1000.0,C42H76NO10P,-2,c0
cpd15558_c0,rxn09203,phosphatidylserine dioctadec-11-enoyl,2.0 cpd00067_c0 + cpd15558_c0 <=> cpd00011_c0 + cpd15534_c0,,-1000.0,1000.0,C42H76NO10P,-2,c0
cpd02799_c0,rxn03061,Methylisocitrate,cpd02799_c0 <=> cpd00001_c0 + cpd02597_c0,,-1000.0,1000.0,C7H7O7,-3,c0
cpd02799_c0,rxn00289,Methylisocitrate,cpd02799_c0 <=> cpd00020_c0 + cpd00036_c0,,-1000.0,1000.0,C7H7O7,-3,c0
cpd11515_c0,rxn05437,12-methyl-tetra-decanoyl-ACP,cpd00004_c0 + cpd00067_c0 + cpd11514_c0 --> cpd00003_c0 + cpd11515_c0,,0.0,1000.0,C26H49N2O8PRS,-2,c0
cpd11515_c0,rxn05451,12-methyl-tetra-decanoyl-ACP,cpd00010_c0 + cpd11515_c0 <=> cpd11439_c0 + cpd11493_c0,,-1000.0,1000.0,C26H49N2O8PRS,-2,c0
cpd11515_c0,rxn05379,12-methyl-tetra-decanoyl-ACP,cpd00067_c0 + cpd11492_c0 + cpd11515_c0 --> cpd00011_c0 + cpd11493_c0 + cpd11516_c0,,0.0,1000.0,C26H49N2O8PRS,-2,c0
cpd00005_c0,rxn01643,NADPH,cpd00005_c0 + cpd00067_c0 + cpd01977_c0 --> cpd00006_c0 + cpd00009_c0 + cpd00346_c0,,0.0,1000.0,C21H26N7O17P3,-4,c0
cpd00005_c0,rxn03068,NADPH,cpd00006_c0 + cpd02498_c0 <=> cpd00005_c0 + cpd00067_c0 + cpd02569_c0,,-1000.0,1000.0,C21H26N7O17P3,-4,c0
cpd00005_c0,rxn05289,NADPH,cpd00005_c0 + cpd00067_c0 + cpd11420_c0 <=> cpd00006_c0 + cpd11421_c0,,-1000.0,1000.0,C21H26N7O17P3,-4,c0
cpd00005_c0,rxn00623,NADPH,3.0 cpd00001_c0 + 3.0 cpd00006_c0 + cpd00239_c0 <=> 3.0 cpd00005_c0 + 3.0 cpd00067_c0 + cpd00081_c0,,-1000.0,1000.0,C21H26N7O17P3,-4,c0
cpd00005_c0,rxn03394,NADPH,cpd00005_c0 + cpd00007_c0 + cpd00067_c0 + cpd03444_c0 --> cpd00001_c0 + cpd00006_c0 + cpd03445_c0,,0.0,1000.0,C21H26N7O17P3,-4,c0
cpd00005_c0,rxn01392,NADPH,cpd00005_c0 + cpd00067_c0 + cpd00261_c0 <=> cpd00006_c0 + cpd00306_c0,,-1000.0,1000.0,C21H26N7O17P3,-4,c0
cpd00005_c0,rxn00161,NADPH,cpd00006_c0 + cpd00130_c0 --> cpd00005_c0 + cpd00011_c0 + cpd00020_c0,,0.0,1000.0,C21H26N7O17P3,-4,c0
cpd00005_c0,rxn01387,NADPH,cpd00006_c0 + cpd00260_c0 <=> cpd00005_c0 + cpd00067_c0 + cpd03187_c0,,-1000.0,1000.0,C21H26N7O17P3,-4,c0
cpd00005_c0,rxn01302,NADPH,cpd00006_c0 + cpd00227_c0 <=> cpd00005_c0 + cpd00067_c0 + cpd00346_c0,,-1000.0,1000.0,C21H26N7O17P3,-4,c0
cpd00005_c0,rxn05426,NADPH,cpd00005_c0 + cpd00067_c0 + cpd11562_c0 <=> cpd00006_c0 + cpd11563_c0,,-1000.0,1000.0,C21H26N7O17P3,-4,c0
cpd00005_c0,rxn02285,NADPH,cpd00006_c0 + cpd00773_c0 <=> cpd00005_c0 + cpd00067_c0 + cpd02820_c0,,-1000.0,1000.0,C21H26N7O17P3,-4,c0
cpd00005_c0,rxn05422,NADPH,cpd00005_c0 + cpd00067_c0 + cpd11558_c0 <=> cpd00006_c0 + cpd11559_c0,,-1000.0,1000.0,C21H26N7O17P3,-4,c0
cpd00005_c0,rxn03435,NADPH,cpd00006_c0 + cpd02535_c0 <=> cpd00005_c0 + cpd00067_c0 + cpd10162_c0,,-1000.0,1000.0,C21H26N7O17P3,-4,c0
cpd00005_c0,rxn05385,NADPH,cpd00005_c0 + cpd00067_c0 + cpd11521_c0 <=> cpd00006_c0 + cpd11522_c0,,-1000.0,1000.0,C21H26N7O17P3,-4,c0
cpd00005_c0,rxn05393,NADPH,cpd00005_c0 + cpd00067_c0 + cpd11529_c0 <=> cpd00006_c0 + cpd11530_c0,,-1000.0,1000.0,C21H26N7O17P3,-4,c0
cpd00005_c0,rxn01281,NADPH,cpd00006_c0 + cpd00223_c0 <=> cpd00005_c0 + cpd00067_c0 + cpd00843_c0,,-1000.0,1000.0,C21H26N7O17P3,-4,c0
cpd00005_c0,rxn05339,NADPH,cpd00006_c0 + cpd11478_c0 <=> cpd00005_c0 + cpd11488_c0,,-1000.0,1000.0,C21H26N7O17P3,-4,c0
cpd00005_c0,biomass0,NADPH,0.169975 cpd00002_c0 + 0.00215 cpd00003_c0 + 5e-05 cpd00004_c0 + 0.0004 cpd00005_c0 + 0.00013 cpd00006_c0 + 6e-06 cpd00010_c0 + 1e-05 cpd00015_c0 + 5e-05 cpd00022_c0 + 0.25 cpd00023_c0 + 0.003 cpd00026_c0 + 1e-06 cpd00028_c0 + 0.496 cpd00033_c0 + 0.499 cpd00035_c0 + 0.203 cpd00038_c0 + 0.431 cpd00039_c0 + 0.245 cpd00041_c0 + 0.121 cpd00051_c0 + 0.126 cpd00052_c0 + 0.25 cpd00053_c0 + 0.29 cpd00054_c0 + 0.116 cpd00060_c0 + 0.136 cpd00062_c0 + 0.054 cpd00065_c0 + 0.199 cpd00066_c0 + 0.138 cpd00069_c0 + 3e-06 cpd00078_c0 + 0.087 cpd00084_c0 + 0.428 cpd00107_c0 + 0.01814 cpd00115_c0 + 0.035 cpd00118_c0 + 0.145 cpd00119_c0 + 0.541 cpd00129_c0 + 0.245 cpd00132_c0 + 0.154 cpd00155_c0 + 0.42 cpd00156_c0 + 0.436 cpd00161_c0 + 0.000223 cpd00201_c0 + 0.0254 cpd00241_c0 + 0.0089 cpd00264_c0 + 0.213 cpd00322_c0 + 0.000223 cpd00345_c0 + 0.0254 cpd00356_c0 + 0.01814 cpd00357_c0 + 0.000142 cpd11652_c0 + 0.000216 cpd12801_c0 + 0.000701 cpd15432_c0 + 0.00276 cpd15665_c0 + 0.00192 cpd16083_c0 + 4.3e-05 cpd16093_c0 --> biomass_c0 + 5.604 cpd00001_c0 + 0.08708 cpd00009_c0 + 0.634975 cpd00012_c0,,0.0,1000.0,C21H26N7O17P3,-4,c0
cpd00005_c0,rxn05401,NADPH,cpd00005_c0 + cpd00067_c0 + cpd11537_c0 <=> cpd00006_c0 + cpd11538_c0,,-1000.0,1000.0,C21H26N7O17P3,-4,c0
cpd00005_c0,rxn05336,NADPH,cpd00006_c0 + cpd11481_c0 <=> cpd00005_c0 + cpd00067_c0 + cpd11485_c0,,-1000.0,1000.0,C21H26N7O17P3,-4,c0
cpd00005_c0,rxn03898,NADPH,cpd00005_c0 + cpd00007_c0 + cpd00067_c0 + cpd00153_c0 --> cpd00006_c0 + cpd03762_c0,,0.0,1000.0,C21H26N7O17P3,-4,c0
cpd00005_c0,rxn00910,NADPH,cpd00006_c0 + cpd00345_c0 <=> cpd00005_c0 + cpd00067_c0 + cpd00125_c0,,-1000.0,1000.0,C21H26N7O17P3,-4,c0
cpd00005_c0,rxn03991,NADPH,cpd00005_c0 + 2.0 cpd00007_c0 + 2.0 cpd00418_c0 --> cpd00006_c0 + cpd00067_c0 + 2.0 cpd00209_c0,,0.0,1000.0,C21H26N7O17P3,-4,c0
cpd00005_c0,rxn05380,NADPH,cpd00005_c0 + cpd00067_c0 + cpd11516_c0 <=> cpd00006_c0 + cpd11517_c0,,-1000.0,1000.0,C21H26N7O17P3,-4,c0
cpd00005_c0,rxn06591,NADPH,cpd00005_c0 + cpd00067_c0 + cpd12227_c0 <=> cpd00006_c0 + cpd02345_c0 + cpd11912_c0,,-1000.0,1000.0,C21H26N7O17P3,-4,c0
cpd00005_c0,rxn05405,NADPH,cpd00005_c0 + cpd00067_c0 + cpd11541_c0 <=> cpd00006_c0 + cpd11542_c0,,-1000.0,1000.0,C21H26N7O17P3,-4,c0
cpd00005_c0,rxn05360,NADPH,cpd00005_c0 + cpd00067_c0 + cpd11496_c0 <=> cpd00006_c0 + cpd11497_c0,,-1000.0,1000.0,C21H26N7O17P3,-4,c0
cpd00005_c0,rxn00569,NADPH,3.0 cpd00005_c0 + 4.0 cpd00067_c0 + cpd00075_c0 --> 2.0 cpd00001_c0 + 3.0 cpd00006_c0 + cpd00013_c0,,0.0,1000.0,C21H26N7O17P3,-4,c0
cpd00005_c0,rxn01109,NADPH,cpd00006_c0 + cpd00190_c0 <=> cpd00005_c0 + cpd00067_c0 + cpd00170_c0,,-1000.0,1000.0,C21H26N7O17P3,-4,c0
cpd00005_c0,rxn05341,NADPH,cpd00006_c0 + cpd11483_c0 <=> cpd00005_c0 + cpd00067_c0 + cpd11490_c0,,-1000.0,1000.0,C21H26N7O17P3,-4,c0
cpd00005_c0,rxn01602,NADPH,cpd00006_c0 + cpd00330_c0 <=> cpd00005_c0 + cpd00067_c0 + cpd00393_c0,,-1000.0,1000.0,C21H26N7O17P3,-4,c0
cpd00005_c0,rxn01740,NADPH,cpd00006_c0 + cpd00383_c0 <=> cpd00005_c0 + cpd00067_c0 + cpd01716_c0,,-1000.0,1000.0,C21H26N7O17P3,-4,c0
cpd00005_c0,rxn00782,NADPH,cpd00005_c0 + cpd00067_c0 + cpd00203_c0 --> cpd00006_c0 + cpd00009_c0 + cpd00102_c0,,0.0,1000.0,C21H26N7O17P3,-4,c0
cpd00005_c0,rxn05372,NADPH,cpd00005_c0 + cpd00067_c0 + cpd11508_c0 <=> cpd00006_c0 + cpd11509_c0,,-1000.0,1000.0,C21H26N7O17P3,-4,c0
cpd00005_c0,rxn05364,NADPH,cpd00005_c0 + cpd00067_c0 + cpd11500_c0 <=> cpd00006_c0 + cpd11501_c0,,-1000.0,1000.0,C21H26N7O17P3,-4,c0
cpd00005_c0,rxn05337,NADPH,cpd00006_c0 + cpd11479_c0 <=> cpd00005_c0 + cpd00067_c0 + cpd11486_c0,,-1000.0,1000.0,C21H26N7O17P3,-4,c0
cpd00005_c0,Cis9_hex_syn,NADPH,3.0 cpd00004_c0 + 3.0 cpd00005_c0 + 8.0 cpd00067_c0 + cpd11482_c0 + 3.0 cpd11492_c0 --> cis9_hexadecenoyl_acp_c0 + 4.0 cpd00001_c0 + 3.0 cpd00003_c0 + 3.0 cpd00006_c0 + 3.0 cpd00011_c0 + 3.0 cpd11493_c0,,0.0,1000.0,C21H26N7O17P3,-4,c0
cpd00005_c0,Cis11_oct_syn,NADPH,cis9_hexadecenoyl_acp_c0 + cpd00004_c0 + cpd00005_c0 + 3.0 cpd00067_c0 + cpd11492_c0 --> cis11_octadecenoyl_acp_c0 + cpd00001_c0 + cpd00003_c0 + cpd00006_c0 + cpd00011_c0 + cpd11493_c0,,0.0,1000.0,C21H26N7O17P3,-4,c0
cpd00005_c0,rxn00907,NADPH,cpd00006_c0 + cpd00125_c0 <=> cpd00005_c0 + cpd00347_c0,,-1000.0,1000.0,C21H26N7O17P3,-4,c0
cpd00005_c0,rxn00604,NADPH,cpd00006_c0 + cpd00079_c0 <=> cpd00005_c0 + cpd00067_c0 + cpd00911_c0,,-1000.0,1000.0,C21H26N7O17P3,-4,c0
cpd00005_c0,rxn00612,NADPH,cpd00006_c0 + cpd00080_c0 <=> cpd00005_c0 + cpd00067_c0 + cpd00095_c0,,-1000.0,1000.0,C21H26N7O17P3,-4,c0
cpd00005_c0,rxn05410,NADPH,cpd00005_c0 + cpd00067_c0 + cpd11546_c0 <=> cpd00006_c0 + cpd11547_c0,,-1000.0,1000.0,C21H26N7O17P3,-4,c0
cpd00005_c0,rxn05937,NADPH,cpd00006_c0 + cpd00067_c0 + cpd11620_c0 <=> cpd00005_c0 + cpd11621_c0,,-1000.0,1000.0,C21H26N7O17P3,-4,c0
cpd00005_c0,rxn05418,NADPH,cpd00005_c0 + cpd00067_c0 + cpd11554_c0 <=> cpd00006_c0 + cpd11555_c0,,-1000.0,1000.0,C21H26N7O17P3,-4,c0
cpd00005_c0,rxn05342,NADPH,cpd00006_c0 + cpd11484_c0 <=> cpd00005_c0 + cpd11491_c0,,-1000.0,1000.0,C21H26N7O17P3,-4,c0
cpd00005_c0,rxn01453,NADPH,cpd00006_c0 + cpd02234_c0 <=> cpd00005_c0 + cpd00067_c0 + cpd00279_c0,,-1000.0,1000.0,C21H26N7O17P3,-4,c0
cpd00005_c0,rxn01269,NADPH,cpd00006_c0 + cpd00219_c0 --> cpd00005_c0 + cpd00011_c0 + cpd00868_c0,,0.0,1000.0,C21H26N7O17P3,-4,c0
cpd00005_c0,rxn00931,NADPH,cpd00006_c0 + cpd00129_c0 <=> cpd00005_c0 + 2.0 cpd00067_c0 + cpd02431_c0,,-1000.0,1000.0,C21H26N7O17P3,-4,c0
cpd00005_c0,rxn03958,NADPH,cpd00006_c0 + cpd08286_c0 <=> cpd00005_c0 + cpd00067_c0 + cpd08289_c0,,-1000.0,1000.0,C21H26N7O17P3,-4,c0
cpd00005_c0,rxn01459,NADPH,cpd00001_c0 + cpd00006_c0 + cpd00434_c0 --> cpd00005_c0 + 2.0 cpd00067_c0 + cpd00281_c0,,0.0,1000.0,C21H26N7O17P3,-4,c0
cpd00005_c0,rxn00686,NADPH,cpd00006_c0 + cpd00087_c0 <=> cpd00005_c0 + cpd00067_c0 + cpd00330_c0,,-1000.0,1000.0,C21H26N7O17P3,-4,c0
cpd00005_c0,rxn05376,NADPH,cpd00005_c0 + cpd00067_c0 + cpd11512_c0 <=> cpd00006_c0 + cpd11513_c0,,-1000.0,1000.0,C21H26N7O17P3,-4,c0
cpd00005_c0,rxn01790,NADPH,cpd00006_c0 + cpd00408_c0 <=> cpd00005_c0 + cpd00067_c0 + cpd00712_c0,,-1000.0,1000.0,C21H26N7O17P3,-4,c0
cpd00005_c0,ADD_TPP3,NADPH,IscS_with_bound_sulfur_c0 + cpd00002_c0 + cpd00005_c0 + cpd08289_c0 + cpd14545_c0 --> IscS_sulfur_acceptor_protein_c0 + 2.0 cpd00001_c0 + cpd00006_c0 + cpd00011_c0 + cpd00012_c0 + cpd00018_c0 + cpd00067_c0 + cpd02654_c0,,0.0,1000.0,C21H26N7O17P3,-4,c0
cpd00005_c0,rxn04996,NADPH,cpd00005_c0 + cpd00067_c0 + cpd08615_c0 --> cpd00001_c0 + cpd00006_c0 + cpd00202_c0,,0.0,1000.0,C21H26N7O17P3,-4,c0
cpd00005_c0,rxn00083,NADPH,cpd00003_c0 + cpd00005_c0 --> cpd00004_c0 + cpd00006_c0,,0.0,1000.0,C21H26N7O17P3,-4,c0
cpd00005_c0,rxn05368,NADPH,cpd00005_c0 + cpd00067_c0 + cpd11504_c0 <=> cpd00006_c0 + cpd11505_c0,,-1000.0,1000.0,C21H26N7O17P3,-4,c0
cpd00005_c0,rxn02465,NADPH,cpd00005_c0 + cpd00067_c0 + cpd02552_c0 --> cpd00006_c0 + cpd00009_c0 + cpd00918_c0,,0.0,1000.0,C21H26N7O17P3,-4,c0
cpd00005_c0,rxn02003,NADPH,cpd00006_c0 + cpd02113_c0 <=> cpd00005_c0 + cpd00067_c0 + cpd00522_c0,,-1000.0,1000.0,C21H26N7O17P3,-4,c0
cpd00005_c0,rxn01868,NADPH,cpd00001_c0 + cpd00006_c0 + cpd00447_c0 --> cpd00005_c0 + 2.0 cpd00067_c0 + cpd00540_c0,,0.0,1000.0,C21H26N7O17P3,-4,c0
cpd00005_c0,rxn00184,NADPH,cpd00001_c0 + cpd00006_c0 + cpd00023_c0 <=> cpd00005_c0 + cpd00013_c0 + cpd00024_c0 + cpd00067_c0,,-1000.0,1000.0,C21H26N7O17P3,-4,c0
cpd00005_c0,rxn04113,NADPH,cpd00005_c0 + cpd00067_c0 + cpd08615_c0 --> cpd00001_c0 + cpd00006_c0 + cpd00113_c0,,0.0,1000.0,C21H26N7O17P3,-4,c0
cpd00005_c0,ADD_GALA7,NADPH,cpd00001_c0 + cpd00006_c0 + cpd00340_c0 <=> cpd00005_c0 + cpd00024_c0 + 2.0 cpd00067_c0,,-1000.0,1000.0,C21H26N7O17P3,-4,c0
cpd00005_c0,rxn00085,NADPH,cpd00006_c0 + 2.0 cpd00023_c0 <-- cpd00005_c0 + cpd00024_c0 + cpd00053_c0 + cpd00067_c0,,-1000.0,0.0,C21H26N7O17P3,-4,c0
cpd00005_c0,rxn42709,NADPH,cpd00005_c0 + cpd00017_c0 + cpd00069_c0 --> cpd00006_c0 + cpd00060_c0 + cpd01042_c0 + cpd03091_c0 + cpd14545_c0,,0.0,1000.0,C21H26N7O17P3,-4,c0
cpd00005_c0,rxn10125,NADPH,cpd00004_c0 + cpd00006_c0 + 2.0 cpd00067_e0 --> cpd00003_c0 + cpd00005_c0 + 2.0 cpd00067_c0,,0.0,1000.0,C21H26N7O17P3,-4,c0
cpd00005_c0,rxn05397,NADPH,cpd00005_c0 + cpd00067_c0 + cpd11533_c0 <=> cpd00006_c0 + cpd11534_c0,,-1000.0,1000.0,C21H26N7O17P3,-4,c0
cpd00005_c0,rxn05338,NADPH,cpd00006_c0 + cpd11482_c0 <=> cpd00005_c0 + cpd00067_c0 + cpd11487_c0,,-1000.0,1000.0,C21H26N7O17P3,-4,c0
cpd00005_c0,rxn05389,NADPH,cpd00005_c0 + cpd00067_c0 + cpd11525_c0 <=> cpd00006_c0 + cpd11526_c0,,-1000.0,1000.0,C21H26N7O17P3,-4,c0
cpd00005_c0,rxn05461,NADPH,cpd00005_c0 + cpd00067_c0 + cpd11570_c0 <=> cpd00006_c0 + cpd11571_c0,,-1000.0,1000.0,C21H26N7O17P3,-4,c0
cpd00005_c0,rxn01314,NADPH,cpd00005_c0 + cpd00067_c0 + cpd00231_c0 <=> cpd00006_c0 + cpd00233_c0,,-1000.0,1000.0,C21H26N7O17P3,-4,c0
cpd00005_c0,rxn04139,NADPH,cpd00005_c0 + cpd00007_c0 + cpd03448_c0 --> cpd00001_c0 + cpd00006_c0 + cpd03449_c0,,0.0,1000.0,C21H26N7O17P3,-4,c0
cpd00005_c0,rxn02373,NADPH,cpd00005_c0 + cpd00067_c0 + cpd02097_c0 --> cpd00006_c0 + cpd00009_c0 + cpd00858_c0,,0.0,1000.0,C21H26N7O17P3,-4,c0
cpd00005_c0,rxn00962,NADPH,cpd00005_c0 + cpd00007_c0 + cpd00067_c0 + cpd00136_c0 --> cpd00001_c0 + cpd00006_c0 + cpd00197_c0,,0.0,1000.0,C21H26N7O17P3,-4,c0
cpd00005_c0,rxn02474,NADPH,cpd00006_c0 + cpd02720_c0 <=> cpd00005_c0 + cpd00067_c0 + cpd00931_c0,,-1000.0,1000.0,C21H26N7O17P3,-4,c0
cpd00005_c0,rxn02440,NADPH,cpd00006_c0 + cpd01999_c0 <=> cpd00005_c0 + cpd00067_c0 + cpd00900_c0,,-1000.0,1000.0,C21H26N7O17P3,-4,c0
cpd00005_c0,rxn05414,NADPH,cpd00005_c0 + cpd00067_c0 + cpd11550_c0 <=> cpd00006_c0 + cpd11551_c0,,-1000.0,1000.0,C21H26N7O17P3,-4,c0
cpd00005_c0,rxn06526,NADPH,cpd00006_c0 + cpd12072_c0 <=> cpd00005_c0 + cpd00067_c0 + cpd12139_c0,,-1000.0,1000.0,C21H26N7O17P3,-4,c0
cpd00005_c0,rxn01975,NADPH,cpd00006_c0 + cpd00863_c0 <=> cpd00005_c0 + cpd00067_c0 + cpd00911_c0,,-1000.0,1000.0,C21H26N7O17P3,-4,c0
cpd00005_c0,rxn05340,NADPH,cpd00006_c0 + cpd11480_c0 <=> cpd00005_c0 + cpd00067_c0 + cpd11489_c0,,-1000.0,1000.0,C21H26N7O17P3,-4,c0
cpd00005_c0,rxn02186,NADPH,cpd00005_c0 + cpd00067_c0 + cpd00668_c0 <=> cpd00006_c0 + cpd02498_c0,,-1000.0,1000.0,C21H26N7O17P3,-4,c0
cpd00005_c0,rxn00086,NADPH,cpd00006_c0 + 2.0 cpd00042_c0 <=> cpd00005_c0 + cpd00067_c0 + cpd00111_c0,,-1000.0,1000.0,C21H26N7O17P3,-4,c0
cpd00005_c0,ADD_D_Glucopyranuronate4,NADPH,cpd00005_c0 + cpd00067_c0 + cpd19178_c0 <=> cpd00006_c0 + cpd00594_c0,,-1000.0,1000.0,C21H26N7O17P3,-4,c0
cpd00005_c0,rxn05430,NADPH,cpd00005_c0 + cpd00067_c0 + cpd11566_c0 <=> cpd00006_c0 + cpd11567_c0,,-1000.0,1000.0,C21H26N7O17P3,-4,c0
cpd00246_c0,rxn00831,Inosine,cpd00001_c0 + cpd00114_c0 --> cpd00009_c0 + cpd00246_c0,,0.0,1000.0,C10H12N4O5,0,c0
cpd00246_c0,rxn01358,Inosine,cpd00009_c0 + cpd00246_c0 <=> cpd00226_c0 + cpd00475_c0,,-1000.0,1000.0,C10H12N4O5,0,c0
cpd00246_c0,rxn01137,Inosine,cpd00001_c0 + cpd00067_c0 + cpd00182_c0 --> cpd00013_c0 + cpd00246_c0,,0.0,1000.0,C10H12N4O5,0,c0
cpd00246_c0,ADD_Inosine2,Inosine,cpd00246_e0 --> cpd00246_c0,,0.0,1000.0,C10H12N4O5,0,c0
cpd00956_c0,rxn02507,1-(2-carboxyphenylamino)-1-deoxyribulose 5-phosphate,cpd00067_c0 + cpd00956_c0 --> cpd00001_c0 + cpd00011_c0 + cpd02210_c0,,0.0,1000.0,C12H13NO9P,-3,c0
cpd00956_c0,rxn02508,1-(2-carboxyphenylamino)-1-deoxyribulose 5-phosphate,cpd02642_c0 <=> cpd00956_c0,,-1000.0,1000.0,C12H13NO9P,-3,c0
cpd00231_c0,rxn01314,Dihydrobiopterin,cpd00005_c0 + cpd00067_c0 + cpd00231_c0 <=> cpd00006_c0 + cpd00233_c0,,-1000.0,1000.0,C9H13N5O3,0,c0
cpd00231_c0,rxn01313,Dihydrobiopterin,cpd00004_c0 + cpd00067_c0 + cpd00231_c0 <=> cpd00003_c0 + cpd00233_c0,,-1000.0,1000.0,C9H13N5O3,0,c0
cpd00231_c0,rxn01315,Dihydrobiopterin,cpd00007_c0 + cpd00066_c0 + cpd00233_c0 --> cpd00001_c0 + cpd00069_c0 + cpd00231_c0,,0.0,1000.0,C9H13N5O3,0,c0
cpd00231_c0,rxn03236,Dihydrobiopterin,cpd03897_c0 <=> cpd00001_c0 + cpd00231_c0,,-1000.0,1000.0,C9H13N5O3,0,c0
cpd00423_c0,rxn05515,Vitamin B12r,cpd00001_c0 + cpd00002_c0 + cpd00423_e0 --> cpd00008_c0 + cpd00009_c0 + cpd00067_c0 + cpd00423_c0,,0.0,1000.0,C62H88CoN13O14P,0,c0
cpd00939_e0,ADD_TPP1,Toxopyrimidine,cpd00016_c0 + cpd00119_c0 --> cpd00939_e0,,0.0,1000.0,C6H10N3O,1,e0
cpd00423_e0,EXpd00423,Vitamin B12r,cpd00423_e0 --> ,,0.0,1000.0,C62H88CoN13O14P,0,e0
cpd00423_e0,rxn05515,Vitamin B12r,cpd00001_c0 + cpd00002_c0 + cpd00423_e0 --> cpd00008_c0 + cpd00009_c0 + cpd00067_c0 + cpd00423_c0,,0.0,1000.0,C62H88CoN13O14P,0,e0
cpd00465_c0,rxn01746,Ureidoglycolate,cpd00001_c0 + cpd00388_c0 <=> cpd00073_c0 + cpd00465_c0,,-1000.0,1000.0,C3H5N2O4,-1,c0
cpd00465_c0,rxn00327,Ureidoglycolate,cpd00001_c0 + 2.0 cpd00067_c0 + cpd00465_c0 --> cpd00011_c0 + 2.0 cpd00013_c0 + cpd00040_c0,,0.0,1000.0,C3H5N2O4,-1,c0
cpd00126_c0,rxn00917,GMP,cpd00001_c0 + cpd00002_c0 + cpd00053_c0 + cpd00497_c0 --> cpd00012_c0 + cpd00018_c0 + cpd00023_c0 + 3.0 cpd00067_c0 + cpd00126_c0,,0.0,1000.0,C10H12N5O8P,-2,c0
cpd00126_c0,rxn03538,GMP,cpd03423_c0 + cpd03920_c0 --> cpd00067_c0 + cpd00126_c0 + cpd00166_c0,,0.0,1000.0,C10H12N5O8P,-2,c0
cpd00126_c0,rxn00239,GMP,cpd00002_c0 + cpd00067_c0 + cpd00126_c0 <=> cpd00008_c0 + cpd00031_c0,,-1000.0,1000.0,C10H12N5O8P,-2,c0
cpd00126_c0,rxn09562,GMP,cpd00067_c0 + cpd00115_c0 + cpd00126_c0 <=> cpd00031_c0 + cpd00177_c0,,-1000.0,1000.0,C10H12N5O8P,-2,c0
cpd00126_c0,rxn00915,GMP,cpd00103_c0 + cpd00207_c0 --> cpd00012_c0 + cpd00067_c0 + cpd00126_c0,,0.0,1000.0,C10H12N5O8P,-2,c0
cpd00126_c0,rxn00913,GMP,cpd00001_c0 + cpd00126_c0 --> cpd00009_c0 + cpd00311_c0,,0.0,1000.0,C10H12N5O8P,-2,c0
cpd15718_c0,rxn10261,Diisotetradecanoylphosphatidylglycerophosphate,cpd00080_c0 + cpd15685_c0 <=> cpd00046_c0 + cpd15718_c0,,-1000.0,1000.0,C34H66O13P2,-2,c0
cpd15718_c0,rxn10267,Diisotetradecanoylphosphatidylglycerophosphate,cpd00001_c0 + cpd15718_c0 --> cpd00009_c0 + cpd00067_c0 + cpd15724_c0,,0.0,1000.0,C34H66O13P2,-2,c0
cpd00837_c0,rxn00127,S-Adenosylmethioninamine,cpd00017_c0 + cpd00067_c0 --> cpd00011_c0 + cpd00837_c0,,0.0,1000.0,C14H24N6O3S,2,c0
cpd00837_c0,rxn01406,S-Adenosylmethioninamine,cpd00118_c0 + cpd00837_c0 --> cpd00067_c0 + cpd00147_c0 + cpd00264_c0,,0.0,1000.0,C14H24N6O3S,2,c0
cpd00048_c0,rxn00383,Sulfate,cpd00001_c0 + cpd00007_c0 + cpd00081_c0 --> cpd00025_c0 + cpd00048_c0 + cpd00067_c0,,0.0,1000.0,O4S,-2,c0
cpd00048_c0,rxn05651,Sulfate,cpd00048_e0 + cpd00067_e0 <=> cpd00048_c0 + cpd00067_c0,,-1000.0,1000.0,O4S,-2,c0
cpd00048_c0,rxn05153,Sulfate,cpd00001_c0 + cpd00002_c0 + cpd00048_e0 --> cpd00008_c0 + cpd00009_c0 + cpd00048_c0 + cpd00067_c0,,0.0,1000.0,O4S,-2,c0
cpd00048_c0,rxn09240,Sulfate,cpd00001_c0 + cpd00002_c0 + cpd00038_c0 + cpd00048_c0 --> cpd00009_c0 + cpd00012_c0 + cpd00031_c0 + cpd00067_c0 + cpd00193_c0,,0.0,1000.0,O4S,-2,c0
cpd00048_c0,rxn00379,Sulfate,cpd00002_c0 + cpd00048_c0 <=> cpd00012_c0 + cpd00193_c0,,-1000.0,1000.0,O4S,-2,c0
cpd20885_c0,ADD_Tur2,Turanose,cpd00001_c0 + cpd00002_c0 + cpd20885_e0 --> cpd00008_c0 + cpd00009_c0 + cpd00067_c0 + cpd20885_c0,,0.0,1000.0,C12H22O11,0,c0
cpd20885_c0,ADD_Tur3,Turanose,cpd00001_c0 + cpd20885_c0 --> cpd00027_c0 + cpd00082_c0,,0.0,1000.0,C12H22O11,0,c0
cpd15326_c0,rxn08087,1-hexadec-9-enoyl-sn-glycerol 3-phosphate,cpd00067_c0 + cpd15239_c0 + cpd15326_c0 --> cpd11493_c0 + cpd15525_c0,,0.0,1000.0,C19H36O7P,-1,c0
cpd15326_c0,rxn08550,1-hexadec-9-enoyl-sn-glycerol 3-phosphate,cpd00080_c0 + cpd15239_c0 --> cpd11493_c0 + cpd15326_c0,,0.0,1000.0,C19H36O7P,-1,c0
cpd15326_c0,rxn08800,1-hexadec-9-enoyl-sn-glycerol 3-phosphate,cpd00001_c0 + cpd15326_c0 <=> 2.0 cpd00067_c0 + cpd00080_c0 + cpd15237_c0,,-1000.0,1000.0,C19H36O7P,-1,c0
cpd00348_c0,rxn15121,D-Galactose 1-phosphate,cpd00002_c0 + cpd00724_c0 --> cpd00008_c0 + cpd00067_c0 + cpd00348_c0,,0.0,1000.0,C6H11O9P,-2,c0
cpd00348_c0,rxn00355,D-Galactose 1-phosphate,cpd00062_c0 + cpd00348_c0 <=> cpd00012_c0 + cpd00043_c0,,-1000.0,1000.0,C6H11O9P,-2,c0
cpd11495_c0,rxn05358,2-methylbutyryl-ACP,cpd00760_c0 + cpd11493_c0 <=> cpd00010_c0 + cpd11495_c0,,-1000.0,1000.0,C16H29N2O8PRS,-2,c0
cpd11495_c0,rxn05359,2-methylbutyryl-ACP,cpd00067_c0 + cpd11492_c0 + cpd11495_c0 --> cpd00011_c0 + cpd11493_c0 + cpd11496_c0,,0.0,1000.0,C16H29N2O8PRS,-2,c0
cpd00211_c0,rxn05683,Butyrate,cpd00067_e0 + cpd00211_e0 <=> cpd00067_c0 + cpd00211_c0,,-1000.0,1000.0,C4H7O2,-1,c0
cpd00117_c0,rxn00851,D-Alanine,cpd00002_c0 + 2.0 cpd00117_c0 --> cpd00008_c0 + cpd00009_c0 + cpd00067_c0 + cpd00731_c0,,0.0,1000.0,C3H7NO2,0,c0
cpd00117_c0,rxn00849,D-Alanine,cpd00024_c0 + cpd00117_c0 --> cpd00020_c0 + cpd00186_c0,,0.0,1000.0,C3H7NO2,0,c0
cpd00117_c0,rxn00283,D-Alanine,cpd00035_c0 <=> cpd00117_c0,,-1000.0,1000.0,C3H7NO2,0,c0
cpd00117_c0,ADD_transport_cpd00117,D-Alanine,cpd00067_e0 + cpd00117_e0 --> cpd00067_c0 + cpd00117_c0,,0.0,1000.0,C3H7NO2,0,c0
cpd00117_c0,rxn08291,D-Alanine,cpd00001_c0 + cpd00015_c0 + cpd00117_c0 <=> cpd00013_c0 + cpd00020_c0 + cpd00982_c0,,-1000.0,1000.0,C3H7NO2,0,c0
cpd01293_e0,EXpd01293,5-Oxoproline,cpd01293_e0 --> ,,0.0,1000.0,C5H6NO3,-1,e0
cpd01293_e0,ADD_5oxpro2,5-Oxoproline,cpd01293_e0 --> cpd01293_c0,,0.0,1000.0,C5H6NO3,-1,e0
cpd15475_c0,rxn08620,glucosyl-galactosyl-glucosyl-inner core oligosaccharide lipid A,cpd00026_c0 + cpd15475_c0 --> cpd00014_c0 + cpd15477_c0,,0.0,1000.0,C163H281N2O89P4,-11,c0
cpd15475_c0,rxn08619,glucosyl-galactosyl-glucosyl-inner core oligosaccharide lipid A,cpd00026_c0 + cpd15469_c0 --> cpd00014_c0 + cpd15475_c0,,0.0,1000.0,C163H281N2O89P4,-11,c0
cpd03560_c0,rxn00675,Propionyladenylate,cpd00010_c0 + cpd03560_c0 --> cpd00018_c0 + cpd00067_c0 + cpd00086_c0,,0.0,1000.0,C13H17N5O8P,-1,c0
cpd03560_c0,rxn00986,Propionyladenylate,cpd00012_c0 + cpd03560_c0 --> cpd00002_c0 + cpd00141_c0,,0.0,1000.0,C13H17N5O8P,-1,c0
cpd00099_e0,EXpd00099,Cl-,cpd00099_e0 <=> ,,-1000.0,1000.0,Cl,-1,e0
cpd00099_e0,rxn10473,Cl-,cpd00099_e0 <=> cpd00099_c0,,-1000.0,1000.0,Cl,-1,e0
cpd00446_c0,rxn00065,cAMP,cpd00002_c0 --> cpd00012_c0 + cpd00067_c0 + cpd00446_c0,,0.0,1000.0,C10H11N5O6P,-1,c0
cpd00008_c0,rxn05147,ADP,cpd00001_c0 + cpd00002_c0 + cpd00027_e0 --> cpd00008_c0 + cpd00009_c0 + cpd00027_c0 + cpd00067_c0,,0.0,1000.0,C10H13N5O10P2,-2,c0
cpd00008_c0,rxn10052,ADP,cpd00018_c0 + cpd00067_c0 + cpd00421_c0 <=> cpd00008_c0 + cpd00012_c0,,-1000.0,1000.0,C10H13N5O10P2,-2,c0
cpd00008_c0,rxn10481,ADP,cpd00001_c0 + cpd00002_c0 + cpd00058_e0 --> cpd00008_c0 + cpd00009_c0 + cpd00058_c0 + cpd00067_c0,,0.0,1000.0,C10H13N5O10P2,-2,c0
cpd00008_c0,rxn00615,ADP,cpd00002_c0 + cpd00100_c0 <=> cpd00008_c0 + cpd00067_c0 + cpd00080_c0,,-1000.0,1000.0,C10H13N5O10P2,-2,c0
cpd00008_c0,rxn08298,ADP,cpd00002_c0 + cpd15310_c0 <=> cpd00008_c0 + cpd15525_c0,,-1000.0,1000.0,C10H13N5O10P2,-2,c0
cpd00008_c0,rxn08299,ADP,cpd00002_c0 + cpd15311_c0 <=> cpd00008_c0 + cpd15526_c0,,-1000.0,1000.0,C10H13N5O10P2,-2,c0
cpd00008_c0,rxn01210,ADP,cpd00002_c0 + cpd00023_c0 + cpd00201_c0 --> cpd00008_c0 + cpd00009_c0 + cpd00067_c0 + cpd03524_c0,,0.0,1000.0,C10H13N5O10P2,-2,c0
cpd00008_c0,rxn02895,ADP,cpd00002_c0 + cpd00033_c0 + cpd01982_c0 --> cpd00008_c0 + cpd00009_c0 + cpd00067_c0 + cpd02394_c0,,0.0,1000.0,C10H13N5O10P2,-2,c0
cpd00008_c0,rxn12510,ADP,cpd00002_c0 + cpd00644_c0 --> cpd00008_c0 + cpd00067_c0 + cpd02201_c0,,0.0,1000.0,C10H13N5O10P2,-2,c0
cpd00008_c0,rxn05540,ADP,cpd00001_c0 + cpd00002_c0 + cpd11587_e0 --> cpd00008_c0 + cpd00009_c0 + cpd00067_c0 + cpd11587_c0,,0.0,1000.0,C10H13N5O10P2,-2,c0
cpd00008_c0,rxn05541,ADP,cpd00001_c0 + cpd00002_c0 + cpd11586_e0 --> cpd00008_c0 + cpd00009_c0 + cpd00067_c0 + cpd11586_c0,,0.0,1000.0,C10H13N5O10P2,-2,c0
cpd00008_c0,rxn03536,ADP,cpd00002_c0 + cpd03918_c0 <=> cpd00008_c0 + cpd00067_c0 + cpd03919_c0,,-1000.0,1000.0,C10H13N5O10P2,-2,c0
cpd00008_c0,rxn02889,ADP,cpd00002_c0 + cpd00242_c0 + cpd01966_c0 <=> cpd00008_c0 + cpd00009_c0 + cpd00067_c0 + cpd02068_c0,,-1000.0,1000.0,C10H13N5O10P2,-2,c0
cpd00008_c0,rxn10174,ADP,cpd00001_c0 + cpd00002_c0 + cpd01329_e0 --> cpd00008_c0 + cpd00009_c0 + cpd00067_c0 + cpd01329_c0,,0.0,1000.0,C10H13N5O10P2,-2,c0
cpd00008_c0,rxn02286,ADP,cpd00002_c0 + cpd00035_c0 + cpd00773_c0 --> cpd00008_c0 + cpd00009_c0 + cpd00067_c0 + cpd00890_c0,,0.0,1000.0,C10H13N5O10P2,-2,c0
cpd00008_c0,rxn08300,ADP,cpd00002_c0 + cpd15312_c0 <=> cpd00008_c0 + cpd15527_c0,,-1000.0,1000.0,C10H13N5O10P2,-2,c0
cpd00008_c0,rxn01492,ADP,cpd00002_c0 + cpd00802_c0 <=> cpd00008_c0 + cpd00067_c0 + cpd00290_c0,,-1000.0,1000.0,C10H13N5O10P2,-2,c0
cpd00008_c0,rxn05543,ADP,cpd00001_c0 + cpd00002_c0 + cpd11584_e0 --> cpd00008_c0 + cpd00009_c0 + cpd00067_c0 + cpd11584_c0,,0.0,1000.0,C10H13N5O10P2,-2,c0
cpd00008_c0,rxn01512,ADP,cpd00002_c0 + cpd00297_c0 <=> cpd00008_c0 + cpd00357_c0,,-1000.0,1000.0,C10H13N5O10P2,-2,c0
cpd00008_c0,rxn05555,ADP,cpd00001_c0 + cpd00002_c0 + cpd10515_e0 --> cpd00008_c0 + cpd00009_c0 + cpd00067_c0 + cpd10515_c0,,0.0,1000.0,C10H13N5O10P2,-2,c0
cpd00008_c0,rxn00412,ADP,cpd00001_c0 + cpd00002_c0 + cpd00053_c0 + cpd00062_c0 --> cpd00008_c0 + cpd00009_c0 + cpd00023_c0 + cpd00052_c0 + 2.0 cpd00067_c0,,0.0,1000.0,C10H13N5O10P2,-2,c0
cpd00008_c0,rxn00851,ADP,cpd00002_c0 + 2.0 cpd00117_c0 --> cpd00008_c0 + cpd00009_c0 + cpd00067_c0 + cpd00731_c0,,0.0,1000.0,C10H13N5O10P2,-2,c0
cpd00008_c0,rxn03407,ADP,cpd00002_c0 + cpd00013_c0 + cpd03491_c0 --> cpd00008_c0 + cpd00009_c0 + cpd00067_c0 + cpd03492_c0,,0.0,1000.0,C10H13N5O10P2,-2,c0
cpd00008_c0,rxn05161,ADP,cpd00001_c0 + cpd00002_c0 + cpd00107_e0 --> cpd00008_c0 + cpd00009_c0 + cpd00067_c0 + cpd00107_c0,,0.0,1000.0,C10H13N5O10P2,-2,c0
cpd00008_c0,rxn10254,ADP,cpd00002_c0 + cpd15702_c0 <=> cpd00008_c0 + cpd15678_c0,,-1000.0,1000.0,C10H13N5O10P2,-2,c0
cpd00008_c0,biomass1,ADP,10000.0 biomass_c0 + 1050000.0 cpd00001_c0 + 1050000.0 cpd00002_c0 --> 10000.0 biomass_e0 + 1050000.0 cpd00008_c0 + 1050000.0 cpd00009_c0 + 1050000.0 cpd00067_c0,,0.0,1000.0,C10H13N5O10P2,-2,c0
cpd00008_c0,rxn05613,ADP,cpd00001_c0 + cpd00002_c0 + cpd01914_e0 --> cpd00008_c0 + cpd00009_c0 + cpd00067_c0 + cpd01914_c0,,0.0,1000.0,C10H13N5O10P2,-2,c0
cpd00008_c0,rxn03164,ADP,cpd00002_c0 + cpd00731_c0 + cpd02964_c0 --> cpd00008_c0 + cpd00009_c0 + cpd00067_c0 + cpd02968_c0,,0.0,1000.0,C10H13N5O10P2,-2,c0
cpd00008_c0,rxn00097,ADP,cpd00002_c0 + cpd00018_c0 + cpd00067_c0 <=> 2.0 cpd00008_c0,,-1000.0,1000.0,C10H13N5O10P2,-2,c0
cpd00008_c0,rxn00438,ADP,cpd00002_c0 + cpd00793_c0 <=> cpd00008_c0 + cpd00056_c0,,-1000.0,1000.0,C10H13N5O10P2,-2,c0
cpd00008_c0,rxn05545,ADP,cpd00001_c0 + cpd00002_c0 + cpd11582_e0 --> cpd00008_c0 + cpd00009_c0 + cpd00067_c0 + cpd11582_c0,,0.0,1000.0,C10H13N5O10P2,-2,c0
cpd00008_c0,rxn02319,ADP,cpd00002_c0 + cpd01186_c0 --> cpd00008_c0 + cpd00067_c0 + cpd00806_c0,,0.0,1000.0,C10H13N5O10P2,-2,c0
cpd00008_c0,rxn05535,ADP,cpd00001_c0 + cpd00002_c0 + cpd11591_e0 --> cpd00008_c0 + cpd00009_c0 + cpd00067_c0 + cpd11591_c0,,0.0,1000.0,C10H13N5O10P2,-2,c0
cpd00008_c0,rxn01127,ADP,cpd00002_c0 + cpd00067_c0 + cpd00294_c0 <=> cpd00008_c0 + cpd00177_c0,,-1000.0,1000.0,C10H13N5O10P2,-2,c0
cpd00008_c0,rxn03406,ADP,cpd00002_c0 + cpd00013_c0 + cpd03487_c0 --> cpd00008_c0 + cpd00009_c0 + cpd00067_c0 + cpd03488_c0,,0.0,1000.0,C10H13N5O10P2,-2,c0
cpd00008_c0,rxn08712,ADP,cpd03831_c0 + cpd15549_c0 --> cpd00008_c0 + cpd15488_c0,,0.0,1000.0,C10H13N5O10P2,-2,c0
cpd00008_c0,rxn05179,ADP,cpd00001_c0 + cpd00002_c0 + cpd00322_e0 --> cpd00008_c0 + cpd00009_c0 + cpd00067_c0 + cpd00322_c0,,0.0,1000.0,C10H13N5O10P2,-2,c0
cpd00008_c0,rxn05229,ADP,cpd00002_c0 + cpd00242_c0 + cpd02140_c0 --> cpd00008_c0 + cpd00009_c0 + cpd00067_c0 + cpd02893_c0,,0.0,1000.0,C10H13N5O10P2,-2,c0
cpd00008_c0,rxn00225,ADP,cpd00002_c0 + cpd00029_c0 <=> cpd00008_c0 + cpd00196_c0,,-1000.0,1000.0,C10H13N5O10P2,-2,c0
cpd00008_c0,rxn00414,ADP,cpd00001_c0 + 2.0 cpd00002_c0 + cpd00053_c0 + cpd00242_c0 --> 2.0 cpd00008_c0 + cpd00009_c0 + cpd00023_c0 + 2.0 cpd00067_c0 + cpd00146_c0,,0.0,1000.0,C10H13N5O10P2,-2,c0
cpd00008_c0,rxn00216,ADP,cpd00002_c0 + cpd00027_c0 --> cpd00008_c0 + cpd00067_c0 + cpd00079_c0,,0.0,1000.0,C10H13N5O10P2,-2,c0
cpd00008_c0,rxn01199,ADP,cpd00002_c0 + cpd00259_c0 <=> cpd00008_c0 + cpd00067_c0 + cpd00198_c0,,-1000.0,1000.0,C10H13N5O10P2,-2,c0
cpd00008_c0,rxn00148,ADP,cpd00008_c0 + cpd00061_c0 + cpd00067_c0 --> cpd00002_c0 + cpd00020_c0,,0.0,1000.0,C10H13N5O10P2,-2,c0
cpd00008_c0,rxn05547,ADP,cpd00001_c0 + cpd00002_c0 + cpd11580_e0 --> cpd00008_c0 + cpd00009_c0 + cpd00067_c0 + cpd11580_c0,,0.0,1000.0,C10H13N5O10P2,-2,c0
cpd00008_c0,rxn05145,ADP,cpd00001_c0 + cpd00002_c0 + cpd00009_e0 --> cpd00008_c0 + 2.0 cpd00009_c0 + cpd00067_c0,,0.0,1000.0,C10H13N5O10P2,-2,c0
cpd00008_c0,rxn05151,ADP,cpd00001_c0 + cpd00002_c0 + cpd00039_e0 --> cpd00008_c0 + cpd00009_c0 + cpd00039_c0 + cpd00067_c0,,0.0,1000.0,C10H13N5O10P2,-2,c0
cpd00008_c0,rxn13782,ADP,10412.0 cpd00001_c0 + 6730.0 cpd00002_c0 + 496.0 cpd00033_c0 + 1370.0 cpd00035_c0 + 10162.0 cpd00038_c0 + 431.0 cpd00039_c0 + 250.0 cpd00041_c0 + 121.0 cpd00051_c0 + 500.0 cpd00053_c0 + 290.0 cpd00054_c0 + 116.0 cpd00060_c0 + 54.0 cpd00065_c0 + 199.0 cpd00066_c0 + 138.0 cpd00069_c0 + 87.0 cpd00084_c0 + 428.0 cpd00107_c0 + 145.0 cpd00119_c0 + 541.0 cpd00129_c0 + 420.0 cpd00156_c0 + 436.0 cpd00161_c0 + 14.0 cpd00201_c0 + 213.0 cpd00322_c0 --> Protein_c0 + 250.0 cpd00008_c0 + 10412.0 cpd00009_c0 + 6480.0 cpd00012_c0 + 6480.0 cpd00018_c0 + 10162.0 cpd00031_c0 + 14.0 cpd00047_c0 + 15493.0 cpd00067_c0 + 14.0 cpd00087_c0,,0.0,1000.0,C10H13N5O10P2,-2,c0
cpd00008_c0,rxn08615,ADP,cpd00387_c0 <=> cpd00008_c0 + cpd00155_c0,,-1000.0,1000.0,C10H13N5O10P2,-2,c0
cpd00008_c0,rxn10255,ADP,cpd00002_c0 + cpd15703_c0 <=> cpd00008_c0 + cpd15679_c0,,-1000.0,1000.0,C10H13N5O10P2,-2,c0
cpd00008_c0,rxn00361,ADP,cpd00002_c0 + cpd00193_c0 <=> cpd00008_c0 + cpd00044_c0 + cpd00067_c0,,-1000.0,1000.0,C10H13N5O10P2,-2,c0
cpd00008_c0,rxn10344,ADP,cpd00001_c0 + cpd00002_c0 + cpd04097_c0 --> cpd00008_c0 + cpd00009_c0 + cpd00067_c0 + cpd04097_e0,,0.0,1000.0,C10H13N5O10P2,-2,c0
cpd00008_c0,rxn02937,ADP,cpd00002_c0 + cpd02826_c0 <=> cpd00008_c0 + cpd00009_c0 + cpd00067_c0 + cpd02140_c0,,-1000.0,1000.0,C10H13N5O10P2,-2,c0
cpd00008_c0,rxn08297,ADP,cpd00002_c0 + cpd15309_c0 <=> cpd00008_c0 + cpd15524_c0,,-1000.0,1000.0,C10H13N5O10P2,-2,c0
cpd00008_c0,rxn05187,ADP,cpd00001_c0 + cpd00002_c0 + cpd03424_e0 --> cpd00008_c0 + cpd00009_c0 + cpd00067_c0 + cpd03424_c0,,0.0,1000.0,C10H13N5O10P2,-2,c0
cpd00008_c0,rxn00117,ADP,cpd00002_c0 + cpd00014_c0 --> cpd00008_c0 + cpd00062_c0,,0.0,1000.0,C10H13N5O10P2,-2,c0
cpd00008_c0,rxn05183,ADP,cpd00001_c0 + cpd00002_c0 + cpd00637_e0 --> cpd00008_c0 + cpd00009_c0 + cpd00067_c0 + cpd00637_c0,,0.0,1000.0,C10H13N5O10P2,-2,c0
cpd00008_c0,rxn01300,ADP,cpd00002_c0 + cpd00227_c0 <=> cpd00008_c0 + cpd00067_c0 + cpd00809_c0,,-1000.0,1000.0,C10H13N5O10P2,-2,c0
cpd00008_c0,rxn05537,ADP,cpd00001_c0 + cpd00002_c0 + cpd11589_e0 --> cpd00008_c0 + cpd00009_c0 + cpd00067_c0 + cpd11589_c0,,0.0,1000.0,C10H13N5O10P2,-2,c0
cpd00008_c0,rxn01169,ADP,cpd00002_c0 + cpd00190_c0 --> cpd00008_c0 + cpd00067_c0 + cpd00863_c0,,0.0,1000.0,C10H13N5O10P2,-2,c0
cpd00008_c0,rxn05542,ADP,cpd00001_c0 + cpd00002_c0 + cpd11585_e0 --> cpd00008_c0 + cpd00009_c0 + cpd00067_c0 + cpd11585_c0,,0.0,1000.0,C10H13N5O10P2,-2,c0
cpd00008_c0,rxn08296,ADP,cpd00002_c0 + cpd15308_c0 <=> cpd00008_c0 + cpd15523_c0,,-1000.0,1000.0,C10H13N5O10P2,-2,c0
cpd00008_c0,rxn05546,ADP,cpd00001_c0 + cpd00002_c0 + cpd11581_e0 --> cpd00008_c0 + cpd00009_c0 + cpd00067_c0 + cpd11581_c0,,0.0,1000.0,C10H13N5O10P2,-2,c0
cpd00008_c0,rxn05528,ADP,cpd00001_c0 + cpd00002_c0 + cpd00058_c0 --> cpd00008_c0 + cpd00009_c0 + cpd00058_e0 + cpd00067_c0,,0.0,1000.0,C10H13N5O10P2,-2,c0
cpd00008_c0,rxn03932,ADP,cpd00002_c0 + cpd04242_c0 --> cpd00008_c0 + cpd00067_c0 + cpd02721_c0,,0.0,1000.0,C10H13N5O10P2,-2,c0
cpd00008_c0,rxn01102,ADP,cpd00002_c0 + cpd00223_c0 <=> cpd00008_c0 + cpd00067_c0 + cpd00169_c0,,-1000.0,1000.0,C10H13N5O10P2,-2,c0
cpd00008_c0,rxn00669,ADP,cpd00002_c0 + cpd00010_c0 + cpd00141_c0 --> cpd00008_c0 + cpd00009_c0 + cpd00086_c0,,0.0,1000.0,C10H13N5O10P2,-2,c0
cpd00008_c0,rxn01219,ADP,cpd00002_c0 + cpd00067_c0 + cpd00206_c0 <=> cpd00008_c0 + cpd00533_c0,,-1000.0,1000.0,C10H13N5O10P2,-2,c0
cpd00008_c0,rxn03181,ADP,cpd00002_c0 + cpd03002_c0 <=> cpd00008_c0 + cpd00067_c0 + cpd02993_c0,,-1000.0,1000.0,C10H13N5O10P2,-2,c0
cpd00008_c0,rxn08713,ADP,cpd03831_c0 + cpd15477_c0 --> cpd00008_c0 + cpd15432_c0,,0.0,1000.0,C10H13N5O10P2,-2,c0
cpd00008_c0,rxn10042,ADP,cpd00008_c0 + cpd00009_c0 + 4.0 cpd00067_e0 --> cpd00001_c0 + cpd00002_c0 + 3.0 cpd00067_c0,,0.0,1000.0,C10H13N5O10P2,-2,c0
cpd00008_c0,rxn05219,ADP,cpd00001_c0 + cpd00002_c0 + cpd00060_e0 --> cpd00008_c0 + cpd00009_c0 + cpd00060_c0 + cpd00067_c0,,0.0,1000.0,C10H13N5O10P2,-2,c0
cpd00008_c0,rxn05176,ADP,cpd00001_c0 + cpd00002_c0 + cpd00268_e0 --> cpd00008_c0 + cpd00009_c0 + cpd00067_c0 + cpd00268_c0,,0.0,1000.0,C10H13N5O10P2,-2,c0
cpd00008_c0,rxn05538,ADP,cpd00001_c0 + cpd00002_c0 + cpd11588_e0 --> cpd00008_c0 + cpd00009_c0 + cpd00067_c0 + cpd11588_c0,,0.0,1000.0,C10H13N5O10P2,-2,c0
cpd00008_c0,rxn05536,ADP,cpd00001_c0 + cpd00002_c0 + cpd11590_e0 --> cpd00008_c0 + cpd00009_c0 + cpd00067_c0 + cpd11590_c0,,0.0,1000.0,C10H13N5O10P2,-2,c0
cpd00008_c0,rxn10258,ADP,cpd00002_c0 + cpd15706_c0 <=> cpd00008_c0 + cpd15682_c0,,-1000.0,1000.0,C10H13N5O10P2,-2,c0
cpd00008_c0,rxn01673,ADP,cpd00002_c0 + cpd00533_c0 <=> cpd00008_c0 + cpd00356_c0,,-1000.0,1000.0,C10H13N5O10P2,-2,c0
cpd00008_c0,rxn00187,ADP,cpd00002_c0 + cpd00013_c0 + cpd00023_c0 --> cpd00008_c0 + cpd00009_c0 + cpd00053_c0 + cpd00067_c0,,0.0,1000.0,C10H13N5O10P2,-2,c0
cpd00008_c0,rxn06979,ADP,2.0 cpd00001_c0 + 2.0 cpd00002_c0 + 2.0 cpd00053_c0 + cpd03421_c0 <=> 2.0 cpd00008_c0 + 2.0 cpd00009_c0 + 2.0 cpd00023_c0 + 2.0 cpd00067_c0 + cpd03914_c0,,-1000.0,1000.0,C10H13N5O10P2,-2,c0
cpd00008_c0,rxn05170,ADP,cpd00001_c0 + cpd00002_c0 + cpd00179_e0 --> cpd00008_c0 + cpd00009_c0 + cpd00067_c0 + cpd00179_c0,,0.0,1000.0,C10H13N5O10P2,-2,c0
cpd00008_c0,rxn10571,ADP,cpd00001_c0 + cpd00002_c0 + cpd00254_e0 --> cpd00008_c0 + cpd00009_c0 + cpd00067_c0 + cpd00254_c0,,0.0,1000.0,C10H13N5O10P2,-2,c0
cpd00008_c0,rxn02008,ADP,cpd00002_c0 + cpd00186_c0 + cpd00890_c0 --> cpd00008_c0 + cpd00009_c0 + cpd00067_c0 + cpd00525_c0,,0.0,1000.0,C10H13N5O10P2,-2,c0
cpd00008_c0,rxn00392,ADP,cpd00002_c0 + cpd00220_c0 <=> cpd00008_c0 + cpd00050_c0,,-1000.0,1000.0,C10H13N5O10P2,-2,c0
cpd00008_c0,rxn05153,ADP,cpd00001_c0 + cpd00002_c0 + cpd00048_e0 --> cpd00008_c0 + cpd00009_c0 + cpd00048_c0 + cpd00067_c0,,0.0,1000.0,C10H13N5O10P2,-2,c0
cpd00008_c0,rxn03084,ADP,cpd00001_c0 + cpd00002_c0 + cpd00053_c0 + cpd02678_c0 --> cpd00008_c0 + cpd00009_c0 + cpd00023_c0 + cpd00067_c0 + cpd02826_c0,,0.0,1000.0,C10H13N5O10P2,-2,c0
cpd00008_c0,rxn00285,ADP,cpd00002_c0 + cpd00010_c0 + cpd00036_c0 <=> cpd00008_c0 + cpd00009_c0 + cpd00078_c0,,-1000.0,1000.0,C10H13N5O10P2,-2,c0
cpd00008_c0,rxn05195,ADP,cpd00001_c0 + cpd00002_c0 + cpd10516_e0 --> cpd00008_c0 + cpd00009_c0 + cpd00067_c0 + cpd10516_c0,,0.0,1000.0,C10H13N5O10P2,-2,c0
cpd00008_c0,rxn05516,ADP,cpd00001_c0 + cpd00002_c0 + cpd01012_c0 --> cpd00008_c0 + cpd00009_c0 + cpd00067_c0 + cpd01012_e0,,0.0,1000.0,C10H13N5O10P2,-2,c0
cpd00008_c0,rxn01275,ADP,cpd00002_c0 + cpd00222_c0 <=> cpd00008_c0 + cpd00067_c0 + cpd00284_c0,,-1000.0,1000.0,C10H13N5O10P2,-2,c0
cpd00008_c0,rxn00547,ADP,cpd00002_c0 + cpd00082_c0 <=> cpd00008_c0 + cpd00067_c0 + cpd00072_c0,,-1000.0,1000.0,C10H13N5O10P2,-2,c0
cpd00008_c0,rxn12850,ADP,cpd00001_c0 + cpd00002_c0 + cpd15605_e0 --> cpd00008_c0 + cpd00009_c0 + cpd00067_c0 + cpd15605_c0,,0.0,1000.0,C10H13N5O10P2,-2,c0
cpd00008_c0,rxn00062,ADP,cpd00001_c0 + cpd00002_c0 --> cpd00008_c0 + cpd00009_c0 + cpd00067_c0,,4.98,1000.0,C10H13N5O10P2,-2,c0
cpd00008_c0,rxn08294,ADP,cpd00002_c0 + cpd15306_c0 <=> cpd00008_c0 + cpd15521_c0,,-1000.0,1000.0,C10H13N5O10P2,-2,c0
cpd00008_c0,rxn05608,ADP,cpd00001_c0 + cpd00002_c0 + cpd01262_e0 --> cpd00008_c0 + cpd00009_c0 + cpd00067_c0 + cpd01262_c0,,0.0,1000.0,C10H13N5O10P2,-2,c0
cpd00008_c0,rxn10257,ADP,cpd00002_c0 + cpd15705_c0 <=> cpd00008_c0 + cpd15681_c0,,-1000.0,1000.0,C10H13N5O10P2,-2,c0
cpd00008_c0,ADD_5oxpro3,ADP,2.0 cpd00001_c0 + cpd00002_c0 + cpd01293_c0 --> cpd00008_c0 + cpd00009_c0 + cpd00023_c0 + cpd00067_c0,,0.0,1000.0,C10H13N5O10P2,-2,c0
cpd00008_c0,rxn00409,ADP,cpd00002_c0 + cpd00096_c0 <=> cpd00008_c0 + cpd00052_c0,,-1000.0,1000.0,C10H13N5O10P2,-2,c0
cpd00008_c0,rxn12849,ADP,cpd00001_c0 + cpd00002_c0 + cpd15604_e0 --> cpd00008_c0 + cpd00009_c0 + cpd00067_c0 + cpd15604_c0,,0.0,1000.0,C10H13N5O10P2,-2,c0
cpd00008_c0,rxn05533,ADP,cpd00001_c0 + cpd00002_c0 + cpd11593_e0 --> cpd00008_c0 + cpd00009_c0 + cpd00067_c0 + cpd11593_c0,,0.0,1000.0,C10H13N5O10P2,-2,c0
cpd00008_c0,rxn03147,ADP,cpd00002_c0 + cpd00041_c0 + cpd02893_c0 --> cpd00008_c0 + cpd00009_c0 + 2.0 cpd00067_c0 + cpd02921_c0,,0.0,1000.0,C10H13N5O10P2,-2,c0
cpd00008_c0,ADD_Tur2,ADP,cpd00001_c0 + cpd00002_c0 + cpd20885_e0 --> cpd00008_c0 + cpd00009_c0 + cpd00067_c0 + cpd20885_c0,,0.0,1000.0,C10H13N5O10P2,-2,c0
cpd00008_c0,rxn05168,ADP,cpd00001_c0 + cpd00002_c0 + cpd00156_e0 --> cpd00008_c0 + cpd00009_c0 + cpd00067_c0 + cpd00156_c0,,0.0,1000.0,C10H13N5O10P2,-2,c0
cpd00008_c0,rxn00095,ADP,cpd00001_c0 + cpd00924_c0 --> 2.0 cpd00008_c0,,0.0,1000.0,C10H13N5O10P2,-2,c0
cpd00008_c0,rxn00250,ADP,cpd00002_c0 + cpd00020_c0 + cpd00242_c0 --> cpd00008_c0 + cpd00009_c0 + cpd00032_c0 + cpd00067_c0,,0.0,1000.0,C10H13N5O10P2,-2,c0
cpd00008_c0,rxn10343,ADP,cpd00001_c0 + cpd00002_c0 + cpd00531_c0 --> cpd00008_c0 + cpd00009_c0 + cpd00067_c0 + cpd00531_e0,,0.0,1000.0,C10H13N5O10P2,-2,c0
cpd00008_c0,rxn06672,ADP,cpd00002_c0 + cpd00242_c0 + cpd12848_c0 <=> cpd00008_c0 + cpd00009_c0 + cpd00067_c0 + cpd12543_c0,,-1000.0,1000.0,C10H13N5O10P2,-2,c0
cpd00008_c0,rxn05164,ADP,cpd00001_c0 + cpd00002_c0 + cpd00119_e0 --> cpd00008_c0 + cpd00009_c0 + cpd00067_c0 + cpd00119_c0,,0.0,1000.0,C10H13N5O10P2,-2,c0
cpd00008_c0,rxn11544,ADP,cpd00001_c0 + 2.0 cpd00002_c0 + 2.0 cpd00053_c0 + cpd03832_c0 <=> 2.0 cpd00008_c0 + cpd00012_c0 + 2.0 cpd00023_c0 + cpd00067_c0 + cpd03913_c0,,-1000.0,1000.0,C10H13N5O10P2,-2,c0
cpd00008_c0,rxn01653,ADP,cpd00002_c0 + cpd02197_c0 --> cpd00008_c0 + cpd00009_c0 + cpd00347_c0,,0.0,1000.0,C10H13N5O10P2,-2,c0
cpd00008_c0,rxn08710,ADP,cpd03587_c0 + cpd03831_c0 <=> cpd00008_c0 + cpd15485_c0,,-1000.0,1000.0,C10H13N5O10P2,-2,c0
cpd00008_c0,rxn05544,ADP,cpd00001_c0 + cpd00002_c0 + cpd11583_e0 --> cpd00008_c0 + cpd00009_c0 + cpd00067_c0 + cpd11583_c0,,0.0,1000.0,C10H13N5O10P2,-2,c0
cpd00008_c0,rxn05154,ADP,cpd00001_c0 + cpd00002_c0 + cpd00051_e0 --> cpd00008_c0 + cpd00009_c0 + cpd00051_c0 + cpd00067_c0,,0.0,1000.0,C10H13N5O10P2,-2,c0
cpd00008_c0,rxn05231,ADP,cpd00008_c0 + cpd11421_c0 --> cpd00001_c0 + cpd00177_c0 + cpd11420_c0,,0.0,1000.0,C10H13N5O10P2,-2,c0
cpd00008_c0,rxn02314,ADP,cpd00002_c0 + cpd00805_c0 <=> cpd00008_c0 + cpd00067_c0 + cpd02371_c0,,-1000.0,1000.0,C10H13N5O10P2,-2,c0
cpd00008_c0,rxn05146,ADP,cpd00001_c0 + cpd00002_c0 + cpd00023_e0 --> cpd00008_c0 + cpd00009_c0 + cpd00023_c0 + cpd00067_c0,,0.0,1000.0,C10H13N5O10P2,-2,c0
cpd00008_c0,rxn08709,ADP,cpd00002_c0 + cpd15488_c0 --> cpd00008_c0 + cpd00067_c0 + cpd15550_c0,,0.0,1000.0,C10H13N5O10P2,-2,c0
cpd00008_c0,rxn12851,ADP,cpd00001_c0 + cpd00002_c0 + cpd15606_e0 --> cpd00008_c0 + cpd00009_c0 + cpd00067_c0 + cpd15606_c0,,0.0,1000.0,C10H13N5O10P2,-2,c0
cpd00008_c0,rxn01678,ADP,cpd00002_c0 + cpd00978_c0 <=> cpd00008_c0 + cpd00358_c0,,-1000.0,1000.0,C10H13N5O10P2,-2,c0
cpd00008_c0,rxn00410,ADP,cpd00002_c0 + cpd00013_c0 + cpd00062_c0 <=> cpd00008_c0 + cpd00009_c0 + cpd00052_c0 + 2.0 cpd00067_c0,,-1000.0,1000.0,C10H13N5O10P2,-2,c0
cpd00008_c0,rxn00179,ADP,cpd00002_c0 + cpd00023_c0 <=> cpd00008_c0 + cpd02097_c0,,-1000.0,1000.0,C10H13N5O10P2,-2,c0
cpd00008_c0,rxn05644,ADP,cpd00001_c0 + cpd00002_c0 + cpd00105_c0 --> cpd00008_c0 + cpd00009_c0 + cpd00067_c0 + cpd00105_e0,,0.0,1000.0,C10H13N5O10P2,-2,c0
cpd00008_c0,rxn02277,ADP,cpd00002_c0 + cpd00011_c0 + cpd00764_c0 --> cpd00008_c0 + cpd00009_c0 + 3.0 cpd00067_c0 + cpd01311_c0,,0.0,1000.0,C10H13N5O10P2,-2,c0
cpd00008_c0,rxn05549,ADP,cpd00001_c0 + cpd00002_c0 + cpd01242_e0 --> cpd00008_c0 + cpd00009_c0 + cpd00067_c0 + cpd01242_c0,,0.0,1000.0,C10H13N5O10P2,-2,c0
cpd00008_c0,rxn01513,ADP,cpd00002_c0 + cpd00067_c0 + cpd00298_c0 <=> cpd00008_c0 + cpd00297_c0,,-1000.0,1000.0,C10H13N5O10P2,-2,c0
cpd00008_c0,rxn01353,ADP,cpd00002_c0 + cpd00295_c0 <=> cpd00008_c0 + cpd00241_c0,,-1000.0,1000.0,C10H13N5O10P2,-2,c0
cpd00008_c0,rxn00560,ADP,cpd00002_c0 + cpd00073_c0 + cpd00242_c0 --> cpd00008_c0 + cpd00009_c0 + cpd00067_c0 + cpd00742_c0,,0.0,1000.0,C10H13N5O10P2,-2,c0
cpd00008_c0,rxn00689,ADP,cpd00002_c0 + cpd00023_c0 + cpd00087_c0 --> cpd00008_c0 + cpd00009_c0 + cpd00067_c0 + cpd06227_c0,,0.0,1000.0,C10H13N5O10P2,-2,c0
cpd00008_c0,rxn05160,ADP,cpd00001_c0 + cpd00002_c0 + cpd00105_e0 --> cpd00008_c0 + cpd00009_c0 + cpd00067_c0 + cpd00105_c0,,0.0,1000.0,C10H13N5O10P2,-2,c0
cpd00008_c0,rxn05150,ADP,cpd00001_c0 + cpd00002_c0 + cpd00034_e0 --> cpd00008_c0 + cpd00009_c0 + cpd00034_c0 + cpd00067_c0,,0.0,1000.0,C10H13N5O10P2,-2,c0
cpd00008_c0,rxn10147,ADP,cpd00001_c0 + cpd00002_c0 + cpd00635_e0 --> cpd00008_c0 + cpd00009_c0 + cpd00067_c0 + cpd00635_c0,,0.0,1000.0,C10H13N5O10P2,-2,c0
cpd00008_c0,rxn00077,ADP,cpd00002_c0 + cpd00003_c0 <=> cpd00006_c0 + cpd00008_c0 + cpd00067_c0,,-1000.0,1000.0,C10H13N5O10P2,-2,c0
cpd00008_c0,rxn05152,ADP,cpd00001_c0 + cpd00002_c0 + cpd00041_e0 --> cpd00008_c0 + cpd00009_c0 + cpd00041_c0 + cpd00067_c0,,0.0,1000.0,C10H13N5O10P2,-2,c0
cpd00008_c0,rxn01671,ADP,cpd00002_c0 + cpd02016_c0 <=> cpd00008_c0 + cpd00067_c0 + cpd00355_c0,,-1000.0,1000.0,C10H13N5O10P2,-2,c0
cpd00008_c0,rxn00237,ADP,cpd00002_c0 + cpd00031_c0 --> cpd00008_c0 + cpd00038_c0,,0.0,1000.0,C10H13N5O10P2,-2,c0
cpd00008_c0,rxn00247,ADP,cpd00002_c0 + cpd00032_c0 --> cpd00008_c0 + cpd00011_c0 + cpd00061_c0,,0.0,1000.0,C10H13N5O10P2,-2,c0
cpd00008_c0,rxn08295,ADP,cpd00002_c0 + cpd15307_c0 <=> cpd00008_c0 + cpd15522_c0,,-1000.0,1000.0,C10H13N5O10P2,-2,c0
cpd00008_c0,rxn15121,ADP,cpd00002_c0 + cpd00724_c0 --> cpd00008_c0 + cpd00067_c0 + cpd00348_c0,,0.0,1000.0,C10H13N5O10P2,-2,c0
cpd00008_c0,rxn00239,ADP,cpd00002_c0 + cpd00067_c0 + cpd00126_c0 <=> cpd00008_c0 + cpd00031_c0,,-1000.0,1000.0,C10H13N5O10P2,-2,c0
cpd00008_c0,rxn00114,ADP,cpd00002_c0 + cpd00011_c0 + cpd00013_c0 <=> cpd00008_c0 + 2.0 cpd00067_c0 + cpd00146_c0,,-1000.0,1000.0,C10H13N5O10P2,-2,c0
cpd00008_c0,rxn12848,ADP,cpd00001_c0 + cpd00002_c0 + cpd15603_e0 --> cpd00008_c0 + cpd00009_c0 + cpd00067_c0 + cpd15603_c0,,0.0,1000.0,C10H13N5O10P2,-2,c0
cpd00008_c0,rxn12158,ADP,cpd00008_c0 + cpd00089_c0 <=> cpd00009_c0 + cpd00387_c0,,-1000.0,1000.0,C10H13N5O10P2,-2,c0
cpd00008_c0,rxn05534,ADP,cpd00001_c0 + cpd00002_c0 + cpd11592_e0 --> cpd00008_c0 + cpd00009_c0 + cpd00067_c0 + cpd11592_c0,,0.0,1000.0,C10H13N5O10P2,-2,c0
cpd00008_c0,rxn10253,ADP,cpd00002_c0 + cpd15701_c0 <=> cpd00008_c0 + cpd15677_c0,,-1000.0,1000.0,C10H13N5O10P2,-2,c0
cpd00008_c0,rxn03918,ADP,cpd00002_c0 + cpd04918_c0 <=> cpd00008_c0 + cpd00067_c0 + cpd08316_c0,,-1000.0,1000.0,C10H13N5O10P2,-2,c0
cpd00008_c0,rxn00100,ADP,cpd00002_c0 + cpd00655_c0 --> cpd00008_c0 + cpd00010_c0 + cpd00067_c0,,0.0,1000.0,C10H13N5O10P2,-2,c0
cpd00008_c0,rxn02484,ADP,cpd00002_c0 + cpd00939_c0 --> cpd00008_c0 + cpd00067_c0 + cpd02775_c0,,0.0,1000.0,C10H13N5O10P2,-2,c0
cpd00008_c0,rxn01917,ADP,cpd00002_c0 + cpd00477_c0 <=> cpd00008_c0 + cpd02552_c0,,-1000.0,1000.0,C10H13N5O10P2,-2,c0
cpd00008_c0,rxn13990,ADP,cpd00002_c0 + cpd00122_c0 --> cpd00008_c0 + cpd00067_c0 + cpd02611_c0,,0.0,1000.0,C10H13N5O10P2,-2,c0
cpd00008_c0,rxn03409,ADP,cpd00002_c0 + cpd00013_c0 + cpd03495_c0 --> cpd00008_c0 + cpd00009_c0 + cpd00067_c0 + cpd03496_c0,,0.0,1000.0,C10H13N5O10P2,-2,c0
cpd00008_c0,rxn10256,ADP,cpd00002_c0 + cpd15704_c0 <=> cpd00008_c0 + cpd15680_c0,,-1000.0,1000.0,C10H13N5O10P2,-2,c0
cpd00008_c0,rxn00646,ADP,cpd00002_c0 + cpd00023_c0 + cpd00084_c0 --> cpd00008_c0 + cpd00009_c0 + cpd00067_c0 + cpd00506_c0,,0.0,1000.0,C10H13N5O10P2,-2,c0
cpd00008_c0,rxn04783,ADP,cpd00002_c0 + cpd00047_c0 + cpd02394_c0 --> cpd00008_c0 + cpd00009_c0 + cpd00067_c0 + cpd02678_c0,,0.0,1000.0,C10H13N5O10P2,-2,c0
cpd00008_c0,rxn01100,ADP,cpd00002_c0 + cpd00169_c0 <=> cpd00008_c0 + cpd00203_c0,,-1000.0,1000.0,C10H13N5O10P2,-2,c0
cpd00008_c0,rxn08708,ADP,cpd00002_c0 + cpd15484_c0 <=> cpd00008_c0 + cpd00067_c0 + cpd15549_c0,,-1000.0,1000.0,C10H13N5O10P2,-2,c0
cpd00008_c0,rxn00839,ADP,cpd00002_c0 + cpd00177_c0 <=> cpd00008_c0 + cpd00115_c0,,-1000.0,1000.0,C10H13N5O10P2,-2,c0
cpd00008_c0,rxn00364,ADP,cpd00002_c0 + cpd00046_c0 + cpd00067_c0 <=> cpd00008_c0 + cpd00096_c0,,-1000.0,1000.0,C10H13N5O10P2,-2,c0
cpd00008_c0,rxn01951,ADP,cpd00002_c0 + cpd00492_c0 --> cpd00008_c0 + cpd00067_c0 + cpd02612_c0,,0.0,1000.0,C10H13N5O10P2,-2,c0
cpd00008_c0,rxn05539,ADP,cpd00001_c0 + cpd00002_c0 + cpd01017_e0 --> cpd00008_c0 + cpd00009_c0 + cpd00067_c0 + cpd01017_c0,,0.0,1000.0,C10H13N5O10P2,-2,c0
cpd00008_c0,rxn00533,ADP,cpd00002_c0 + cpd00022_c0 + cpd00242_c0 <=> cpd00008_c0 + cpd00009_c0 + cpd00067_c0 + cpd00070_c0,,-1000.0,1000.0,C10H13N5O10P2,-2,c0
cpd00008_c0,rxn00515,ADP,cpd00002_c0 + cpd00090_c0 <=> cpd00008_c0 + cpd00068_c0,,-1000.0,1000.0,C10H13N5O10P2,-2,c0
cpd00008_c0,rxn01509,ADP,cpd00002_c0 + cpd00067_c0 + cpd00296_c0 <=> cpd00008_c0 + cpd00295_c0,,-1000.0,1000.0,C10H13N5O10P2,-2,c0
cpd00008_c0,rxn05614,ADP,cpd00001_c0 + cpd00002_c0 + cpd11576_e0 --> cpd00008_c0 + cpd00009_c0 + cpd00067_c0 + cpd11576_c0,,0.0,1000.0,C10H13N5O10P2,-2,c0
cpd00008_c0,rxn01739,ADP,cpd00002_c0 + cpd00383_c0 <=> cpd00008_c0 + cpd00067_c0 + cpd02030_c0,,-1000.0,1000.0,C10H13N5O10P2,-2,c0
cpd00008_c0,rxn05163,ADP,cpd00001_c0 + cpd00002_c0 + cpd00118_e0 --> cpd00008_c0 + cpd00009_c0 + cpd00067_c0 + cpd00118_c0,,0.0,1000.0,C10H13N5O10P2,-2,c0
cpd00008_c0,rxn00119,ADP,cpd00002_c0 + cpd00067_c0 + cpd00091_c0 --> cpd00008_c0 + cpd00014_c0,,0.0,1000.0,C10H13N5O10P2,-2,c0
cpd00008_c0,rxn08711,ADP,cpd03831_c0 + cpd15485_c0 <=> cpd00008_c0 + cpd15484_c0,,-1000.0,1000.0,C10H13N5O10P2,-2,c0
cpd00008_c0,rxn03908,ADP,cpd00002_c0 + cpd08287_c0 <=> cpd00008_c0 + cpd00067_c0 + cpd08288_c0,,-1000.0,1000.0,C10H13N5O10P2,-2,c0
cpd00008_c0,rxn02011,ADP,cpd00002_c0 + cpd00516_c0 + cpd00525_c0 --> cpd00008_c0 + cpd00009_c0 + cpd00067_c0 + cpd02964_c0,,0.0,1000.0,C10H13N5O10P2,-2,c0
cpd00008_c0,rxn01603,ADP,cpd00002_c0 + cpd00023_c0 + cpd00683_c0 --> cpd00008_c0 + cpd00009_c0 + cpd00067_c0 + cpd00330_c0,,0.0,1000.0,C10H13N5O10P2,-2,c0
cpd00008_c0,rxn05175,ADP,cpd00001_c0 + cpd00002_c0 + cpd00264_e0 --> cpd00008_c0 + cpd00009_c0 + cpd00067_c0 + cpd00264_c0,,0.0,1000.0,C10H13N5O10P2,-2,c0
cpd00008_c0,rxn05156,ADP,cpd00001_c0 + cpd00002_c0 + cpd00064_e0 --> cpd00008_c0 + cpd00009_c0 + cpd00064_c0 + cpd00067_c0,,0.0,1000.0,C10H13N5O10P2,-2,c0
cpd00008_c0,rxn00351,ADP,cpd00002_c0 + cpd00033_c0 + cpd00506_c0 --> cpd00008_c0 + cpd00009_c0 + cpd00042_c0 + cpd00067_c0,,0.0,1000.0,C10H13N5O10P2,-2,c0
cpd00008_c0,rxn00337,ADP,cpd00002_c0 + cpd00041_c0 <=> cpd00008_c0 + cpd01977_c0,,-1000.0,1000.0,C10H13N5O10P2,-2,c0
cpd00008_c0,rxn05515,ADP,cpd00001_c0 + cpd00002_c0 + cpd00423_e0 --> cpd00008_c0 + cpd00009_c0 + cpd00067_c0 + cpd00423_c0,,0.0,1000.0,C10H13N5O10P2,-2,c0
cpd00008_c0,rxn00985,ADP,cpd00002_c0 + cpd00141_c0 <=> cpd00008_c0 + cpd01844_c0,,-1000.0,1000.0,C10H13N5O10P2,-2,c0
cpd03698_c0,rxn05647,Salicin-6P,cpd00061_c0 + cpd01030_e0 <=> cpd00020_c0 + cpd03698_c0,,-1000.0,1000.0,C13H17O10P,-2,c0
cpd00009_c0,rxn05147,Phosphate,cpd00001_c0 + cpd00002_c0 + cpd00027_e0 --> cpd00008_c0 + cpd00009_c0 + cpd00027_c0 + cpd00067_c0,,0.0,1000.0,HO4P,-2,c0
cpd00009_c0,rxn00883,Phosphate,cpd00001_c0 + cpd02484_c0 --> cpd00009_c0 + cpd00121_c0,,0.0,1000.0,HO4P,-2,c0
cpd00009_c0,rxn01445,Phosphate,cpd00001_c0 + cpd00296_c0 --> cpd00009_c0 + cpd00277_c0,,0.0,1000.0,HO4P,-2,c0
cpd00009_c0,rxn10481,Phosphate,cpd00001_c0 + cpd00002_c0 + cpd00058_e0 --> cpd00008_c0 + cpd00009_c0 + cpd00058_c0 + cpd00067_c0,,0.0,1000.0,HO4P,-2,c0
cpd00009_c0,rxn01210,Phosphate,cpd00002_c0 + cpd00023_c0 + cpd00201_c0 --> cpd00008_c0 + cpd00009_c0 + cpd00067_c0 + cpd03524_c0,,0.0,1000.0,HO4P,-2,c0
cpd00009_c0,rxn02895,Phosphate,cpd00002_c0 + cpd00033_c0 + cpd01982_c0 --> cpd00008_c0 + cpd00009_c0 + cpd00067_c0 + cpd02394_c0,,0.0,1000.0,HO4P,-2,c0
cpd00009_c0,rxn05540,Phosphate,cpd00001_c0 + cpd00002_c0 + cpd11587_e0 --> cpd00008_c0 + cpd00009_c0 + cpd00067_c0 + cpd11587_c0,,0.0,1000.0,HO4P,-2,c0
cpd00009_c0,rxn05541,Phosphate,cpd00001_c0 + cpd00002_c0 + cpd11586_e0 --> cpd00008_c0 + cpd00009_c0 + cpd00067_c0 + cpd11586_c0,,0.0,1000.0,HO4P,-2,c0
cpd00009_c0,rxn02889,Phosphate,cpd00002_c0 + cpd00242_c0 + cpd01966_c0 <=> cpd00008_c0 + cpd00009_c0 + cpd00067_c0 + cpd02068_c0,,-1000.0,1000.0,HO4P,-2,c0
cpd00009_c0,rxn10174,Phosphate,cpd00001_c0 + cpd00002_c0 + cpd01329_e0 --> cpd00008_c0 + cpd00009_c0 + cpd00067_c0 + cpd01329_c0,,0.0,1000.0,HO4P,-2,c0
cpd00009_c0,rxn00363,Phosphate,cpd00001_c0 + cpd00046_c0 --> cpd00009_c0 + cpd00367_c0,,0.0,1000.0,HO4P,-2,c0
cpd00009_c0,rxn02046,Phosphate,cpd00001_c0 + cpd01665_c0 --> cpd00009_c0 + cpd00550_c0,,0.0,1000.0,HO4P,-2,c0
cpd00009_c0,rxn02286,Phosphate,cpd00002_c0 + cpd00035_c0 + cpd00773_c0 --> cpd00008_c0 + cpd00009_c0 + cpd00067_c0 + cpd00890_c0,,0.0,1000.0,HO4P,-2,c0
cpd00009_c0,rxn02449,Phosphate,cpd00001_c0 + cpd02740_c0 --> cpd00009_c0 + cpd00067_c0 + cpd00905_c0,,0.0,1000.0,HO4P,-2,c0
cpd00009_c0,rxn01019,Phosphate,cpd00064_c0 + cpd00146_c0 <=> cpd00009_c0 + cpd00067_c0 + cpd00274_c0,,-1000.0,1000.0,HO4P,-2,c0
cpd00009_c0,rxn05543,Phosphate,cpd00001_c0 + cpd00002_c0 + cpd11584_e0 --> cpd00008_c0 + cpd00009_c0 + cpd00067_c0 + cpd11584_c0,,0.0,1000.0,HO4P,-2,c0
cpd00009_c0,rxn01218,Phosphate,cpd00001_c0 + cpd00206_c0 --> cpd00009_c0 + cpd00654_c0,,0.0,1000.0,HO4P,-2,c0
cpd00009_c0,biomass0,Phosphate,0.169975 cpd00002_c0 + 0.00215 cpd00003_c0 + 5e-05 cpd00004_c0 + 0.0004 cpd00005_c0 + 0.00013 cpd00006_c0 + 6e-06 cpd00010_c0 + 1e-05 cpd00015_c0 + 5e-05 cpd00022_c0 + 0.25 cpd00023_c0 + 0.003 cpd00026_c0 + 1e-06 cpd00028_c0 + 0.496 cpd00033_c0 + 0.499 cpd00035_c0 + 0.203 cpd00038_c0 + 0.431 cpd00039_c0 + 0.245 cpd00041_c0 + 0.121 cpd00051_c0 + 0.126 cpd00052_c0 + 0.25 cpd00053_c0 + 0.29 cpd00054_c0 + 0.116 cpd00060_c0 + 0.136 cpd00062_c0 + 0.054 cpd00065_c0 + 0.199 cpd00066_c0 + 0.138 cpd00069_c0 + 3e-06 cpd00078_c0 + 0.087 cpd00084_c0 + 0.428 cpd00107_c0 + 0.01814 cpd00115_c0 + 0.035 cpd00118_c0 + 0.145 cpd00119_c0 + 0.541 cpd00129_c0 + 0.245 cpd00132_c0 + 0.154 cpd00155_c0 + 0.42 cpd00156_c0 + 0.436 cpd00161_c0 + 0.000223 cpd00201_c0 + 0.0254 cpd00241_c0 + 0.0089 cpd00264_c0 + 0.213 cpd00322_c0 + 0.000223 cpd00345_c0 + 0.0254 cpd00356_c0 + 0.01814 cpd00357_c0 + 0.000142 cpd11652_c0 + 0.000216 cpd12801_c0 + 0.000701 cpd15432_c0 + 0.00276 cpd15665_c0 + 0.00192 cpd16083_c0 + 4.3e-05 cpd16093_c0 --> biomass_c0 + 5.604 cpd00001_c0 + 0.08708 cpd00009_c0 + 0.634975 cpd00012_c0,,0.0,1000.0,HO4P,-2,c0
cpd00009_c0,rxn05555,Phosphate,cpd00001_c0 + cpd00002_c0 + cpd10515_e0 --> cpd00008_c0 + cpd00009_c0 + cpd00067_c0 + cpd10515_c0,,0.0,1000.0,HO4P,-2,c0
cpd00009_c0,rxn00412,Phosphate,cpd00001_c0 + cpd00002_c0 + cpd00053_c0 + cpd00062_c0 --> cpd00008_c0 + cpd00009_c0 + cpd00023_c0 + cpd00052_c0 + 2.0 cpd00067_c0,,0.0,1000.0,HO4P,-2,c0
cpd00009_c0,rxn00851,Phosphate,cpd00002_c0 + 2.0 cpd00117_c0 --> cpd00008_c0 + cpd00009_c0 + cpd00067_c0 + cpd00731_c0,,0.0,1000.0,HO4P,-2,c0
cpd00009_c0,rxn03407,Phosphate,cpd00002_c0 + cpd00013_c0 + cpd03491_c0 --> cpd00008_c0 + cpd00009_c0 + cpd00067_c0 + cpd03492_c0,,0.0,1000.0,HO4P,-2,c0
cpd00009_c0,rxn05161,Phosphate,cpd00001_c0 + cpd00002_c0 + cpd00107_e0 --> cpd00008_c0 + cpd00009_c0 + cpd00067_c0 + cpd00107_c0,,0.0,1000.0,HO4P,-2,c0
cpd00009_c0,rxn01521,Phosphate,cpd00001_c0 + cpd00299_c0 --> cpd00009_c0 + cpd00412_c0,,0.0,1000.0,HO4P,-2,c0
cpd00009_c0,biomass1,Phosphate,10000.0 biomass_c0 + 1050000.0 cpd00001_c0 + 1050000.0 cpd00002_c0 --> 10000.0 biomass_e0 + 1050000.0 cpd00008_c0 + 1050000.0 cpd00009_c0 + 1050000.0 cpd00067_c0,,0.0,1000.0,HO4P,-2,c0
cpd00009_c0,rxn05613,Phosphate,cpd00001_c0 + cpd00002_c0 + cpd01914_e0 --> cpd00008_c0 + cpd00009_c0 + cpd00067_c0 + cpd01914_c0,,0.0,1000.0,HO4P,-2,c0
cpd00009_c0,rxn03164,Phosphate,cpd00002_c0 + cpd00731_c0 + cpd02964_c0 --> cpd00008_c0 + cpd00009_c0 + cpd00067_c0 + cpd02968_c0,,0.0,1000.0,HO4P,-2,c0
cpd00009_c0,rxn00251,Phosphate,cpd00001_c0 + cpd00011_c0 + cpd00061_c0 --> cpd00009_c0 + cpd00032_c0 + cpd00067_c0,,0.0,1000.0,HO4P,-2,c0
cpd00009_c0,rxn05545,Phosphate,cpd00001_c0 + cpd00002_c0 + cpd11582_e0 --> cpd00008_c0 + cpd00009_c0 + cpd00067_c0 + cpd11582_c0,,0.0,1000.0,HO4P,-2,c0
cpd00009_c0,rxn05535,Phosphate,cpd00001_c0 + cpd00002_c0 + cpd11591_e0 --> cpd00008_c0 + cpd00009_c0 + cpd00067_c0 + cpd11591_c0,,0.0,1000.0,HO4P,-2,c0
cpd00009_c0,rxn09103,Phosphate,cpd00001_c0 + cpd15544_c0 --> cpd00009_c0 + cpd00067_c0 + cpd15537_c0,,0.0,1000.0,HO4P,-2,c0
cpd00009_c0,rxn03406,Phosphate,cpd00002_c0 + cpd00013_c0 + cpd03487_c0 --> cpd00008_c0 + cpd00009_c0 + cpd00067_c0 + cpd03488_c0,,0.0,1000.0,HO4P,-2,c0
cpd00009_c0,rxn05179,Phosphate,cpd00001_c0 + cpd00002_c0 + cpd00322_e0 --> cpd00008_c0 + cpd00009_c0 + cpd00067_c0 + cpd00322_c0,,0.0,1000.0,HO4P,-2,c0
cpd00009_c0,rxn00831,Phosphate,cpd00001_c0 + cpd00114_c0 --> cpd00009_c0 + cpd00246_c0,,0.0,1000.0,HO4P,-2,c0
cpd00009_c0,rxn05229,Phosphate,cpd00002_c0 + cpd00242_c0 + cpd02140_c0 --> cpd00008_c0 + cpd00009_c0 + cpd00067_c0 + cpd02893_c0,,0.0,1000.0,HO4P,-2,c0
cpd00009_c0,rxn02569,Phosphate,cpd00001_c0 + cpd00002_c0 + cpd01078_c0 <=> cpd00009_c0 + cpd00018_c0 + cpd00067_c0 + cpd03078_c0,,-1000.0,1000.0,HO4P,-2,c0
cpd00009_c0,rxn00126,Phosphate,cpd00001_c0 + cpd00002_c0 + cpd00060_c0 --> cpd00009_c0 + cpd00012_c0 + cpd00017_c0 + cpd00067_c0,,0.0,1000.0,HO4P,-2,c0
cpd00009_c0,rxn01961,Phosphate,cpd00001_c0 + cpd00497_c0 --> cpd00009_c0 + cpd01217_c0,,0.0,1000.0,HO4P,-2,c0
cpd00009_c0,rxn01358,Phosphate,cpd00009_c0 + cpd00246_c0 <=> cpd00226_c0 + cpd00475_c0,,-1000.0,1000.0,HO4P,-2,c0
cpd00009_c0,rxn01255,Phosphate,cpd00932_c0 --> cpd00009_c0 + cpd00216_c0,,0.0,1000.0,HO4P,-2,c0
cpd00009_c0,rxn00414,Phosphate,cpd00001_c0 + 2.0 cpd00002_c0 + cpd00053_c0 + cpd00242_c0 --> 2.0 cpd00008_c0 + cpd00009_c0 + cpd00023_c0 + 2.0 cpd00067_c0 + cpd00146_c0,,0.0,1000.0,HO4P,-2,c0
cpd00009_c0,rxn09104,Phosphate,cpd00001_c0 + cpd15545_c0 --> cpd00009_c0 + cpd00067_c0 + cpd15538_c0,,0.0,1000.0,HO4P,-2,c0
cpd00009_c0,rxn05547,Phosphate,cpd00001_c0 + cpd00002_c0 + cpd11580_e0 --> cpd00008_c0 + cpd00009_c0 + cpd00067_c0 + cpd11580_c0,,0.0,1000.0,HO4P,-2,c0
cpd00009_c0,rxn05145,Phosphate,cpd00001_c0 + cpd00002_c0 + cpd00009_e0 --> cpd00008_c0 + 2.0 cpd00009_c0 + cpd00067_c0,,0.0,1000.0,HO4P,-2,c0
cpd00009_c0,rxn05151,Phosphate,cpd00001_c0 + cpd00002_c0 + cpd00039_e0 --> cpd00008_c0 + cpd00009_c0 + cpd00039_c0 + cpd00067_c0,,0.0,1000.0,HO4P,-2,c0
cpd00009_c0,rxn13782,Phosphate,10412.0 cpd00001_c0 + 6730.0 cpd00002_c0 + 496.0 cpd00033_c0 + 1370.0 cpd00035_c0 + 10162.0 cpd00038_c0 + 431.0 cpd00039_c0 + 250.0 cpd00041_c0 + 121.0 cpd00051_c0 + 500.0 cpd00053_c0 + 290.0 cpd00054_c0 + 116.0 cpd00060_c0 + 54.0 cpd00065_c0 + 199.0 cpd00066_c0 + 138.0 cpd00069_c0 + 87.0 cpd00084_c0 + 428.0 cpd00107_c0 + 145.0 cpd00119_c0 + 541.0 cpd00129_c0 + 420.0 cpd00156_c0 + 436.0 cpd00161_c0 + 14.0 cpd00201_c0 + 213.0 cpd00322_c0 --> Protein_c0 + 250.0 cpd00008_c0 + 10412.0 cpd00009_c0 + 6480.0 cpd00012_c0 + 6480.0 cpd00018_c0 + 10162.0 cpd00031_c0 + 14.0 cpd00047_c0 + 15493.0 cpd00067_c0 + 14.0 cpd00087_c0,,0.0,1000.0,HO4P,-2,c0
cpd00009_c0,rxn00913,Phosphate,cpd00001_c0 + cpd00126_c0 --> cpd00009_c0 + cpd00311_c0,,0.0,1000.0,HO4P,-2,c0
cpd00009_c0,rxn10344,Phosphate,cpd00001_c0 + cpd00002_c0 + cpd04097_c0 --> cpd00008_c0 + cpd00009_c0 + cpd00067_c0 + cpd04097_e0,,0.0,1000.0,HO4P,-2,c0
cpd00009_c0,rxn02937,Phosphate,cpd00002_c0 + cpd02826_c0 <=> cpd00008_c0 + cpd00009_c0 + cpd00067_c0 + cpd02140_c0,,-1000.0,1000.0,HO4P,-2,c0
cpd00009_c0,rxn01018,Phosphate,cpd00041_c0 + cpd00146_c0 --> cpd00009_c0 + cpd00067_c0 + cpd00343_c0,,0.0,1000.0,HO4P,-2,c0
cpd00009_c0,rxn10266,Phosphate,cpd00001_c0 + cpd15717_c0 --> cpd00009_c0 + cpd00067_c0 + cpd15723_c0,,0.0,1000.0,HO4P,-2,c0
cpd00009_c0,rxn00980,Phosphate,cpd00001_c0 + cpd00727_c0 --> cpd00009_c0 + cpd00139_c0,,0.0,1000.0,HO4P,-2,c0
cpd00009_c0,rxn00132,Phosphate,cpd00001_c0 + cpd00018_c0 <=> cpd00009_c0 + cpd00182_c0,,-1000.0,1000.0,HO4P,-2,c0
cpd00009_c0,rxn09542,Phosphate,50.0 cpd00001_c0 + cpd11454_c0 --> 50.0 cpd00009_c0 + cpd11652_c0,,0.0,1000.0,HO4P,-2,c0
cpd00009_c0,rxn05187,Phosphate,cpd00001_c0 + cpd00002_c0 + cpd03424_e0 --> cpd00008_c0 + cpd00009_c0 + cpd00067_c0 + cpd03424_c0,,0.0,1000.0,HO4P,-2,c0
cpd00009_c0,rxn05183,Phosphate,cpd00001_c0 + cpd00002_c0 + cpd00637_e0 --> cpd00008_c0 + cpd00009_c0 + cpd00067_c0 + cpd00637_c0,,0.0,1000.0,HO4P,-2,c0
cpd00009_c0,rxn00137,Phosphate,cpd00001_c0 + cpd00045_c0 --> cpd00009_c0 + cpd00018_c0,,0.0,1000.0,HO4P,-2,c0
cpd00009_c0,rxn05313,Phosphate,cpd00009_e0 + 3.0 cpd00971_e0 <=> cpd00009_c0 + 3.0 cpd00971_c0,,-1000.0,1000.0,HO4P,-2,c0
cpd00009_c0,rxn10267,Phosphate,cpd00001_c0 + cpd15718_c0 --> cpd00009_c0 + cpd00067_c0 + cpd15724_c0,,0.0,1000.0,HO4P,-2,c0
cpd00009_c0,rxn05537,Phosphate,cpd00001_c0 + cpd00002_c0 + cpd11589_e0 --> cpd00008_c0 + cpd00009_c0 + cpd00067_c0 + cpd11589_c0,,0.0,1000.0,HO4P,-2,c0
cpd00009_c0,rxn02404,Phosphate,cpd00001_c0 + cpd02730_c0 --> cpd00009_c0 + cpd00875_c0,,0.0,1000.0,HO4P,-2,c0
cpd00009_c0,rxn05542,Phosphate,cpd00001_c0 + cpd00002_c0 + cpd11585_e0 --> cpd00008_c0 + cpd00009_c0 + cpd00067_c0 + cpd11585_c0,,0.0,1000.0,HO4P,-2,c0
cpd00009_c0,rxn05546,Phosphate,cpd00001_c0 + cpd00002_c0 + cpd11581_e0 --> cpd00008_c0 + cpd00009_c0 + cpd00067_c0 + cpd11581_c0,,0.0,1000.0,HO4P,-2,c0
cpd00009_c0,rxn05528,Phosphate,cpd00001_c0 + cpd00002_c0 + cpd00058_c0 --> cpd00008_c0 + cpd00009_c0 + cpd00058_e0 + cpd00067_c0,,0.0,1000.0,HO4P,-2,c0
cpd00009_c0,rxn05039,Phosphate,cpd00001_c0 + cpd02720_c0 --> cpd00009_c0 + cpd02882_c0,,0.0,1000.0,HO4P,-2,c0
cpd00009_c0,rxn05740,Phosphate,cpd00009_c0 + cpd00155_c0 <=> cpd00089_c0,,-1000.0,1000.0,HO4P,-2,c0
cpd00009_c0,rxn00669,Phosphate,cpd00002_c0 + cpd00010_c0 + cpd00141_c0 --> cpd00008_c0 + cpd00009_c0 + cpd00086_c0,,0.0,1000.0,HO4P,-2,c0
cpd00009_c0,rxn02373,Phosphate,cpd00005_c0 + cpd00067_c0 + cpd02097_c0 --> cpd00006_c0 + cpd00009_c0 + cpd00858_c0,,0.0,1000.0,HO4P,-2,c0
cpd00009_c0,rxn01069,Phosphate,cpd00001_c0 + cpd00809_c0 --> cpd00009_c0 + cpd00161_c0,,0.0,1000.0,HO4P,-2,c0
cpd00009_c0,rxn10042,Phosphate,cpd00008_c0 + cpd00009_c0 + 4.0 cpd00067_e0 --> cpd00001_c0 + cpd00002_c0 + 3.0 cpd00067_c0,,0.0,1000.0,HO4P,-2,c0
cpd00009_c0,rxn09101,Phosphate,cpd00001_c0 + cpd15542_c0 --> cpd00009_c0 + cpd00067_c0 + cpd15535_c0,,0.0,1000.0,HO4P,-2,c0
cpd00009_c0,rxn01332,Phosphate,cpd00001_c0 + cpd00061_c0 + cpd00236_c0 --> cpd00009_c0 + cpd02857_c0,,0.0,1000.0,HO4P,-2,c0
cpd00009_c0,rxn05219,Phosphate,cpd00001_c0 + cpd00002_c0 + cpd00060_e0 --> cpd00008_c0 + cpd00009_c0 + cpd00060_c0 + cpd00067_c0,,0.0,1000.0,HO4P,-2,c0
cpd00009_c0,rxn05176,Phosphate,cpd00001_c0 + cpd00002_c0 + cpd00268_e0 --> cpd00008_c0 + cpd00009_c0 + cpd00067_c0 + cpd00268_c0,,0.0,1000.0,HO4P,-2,c0
cpd00009_c0,rxn05538,Phosphate,cpd00001_c0 + cpd00002_c0 + cpd11588_e0 --> cpd00008_c0 + cpd00009_c0 + cpd00067_c0 + cpd11588_c0,,0.0,1000.0,HO4P,-2,c0
cpd00009_c0,rxn05536,Phosphate,cpd00001_c0 + cpd00002_c0 + cpd11590_e0 --> cpd00008_c0 + cpd00009_c0 + cpd00067_c0 + cpd11590_c0,,0.0,1000.0,HO4P,-2,c0
cpd00009_c0,rxn01316,Phosphate,cpd00001_c0 + cpd00061_c0 + cpd00492_c0 --> cpd00009_c0 + cpd00232_c0,,0.0,1000.0,HO4P,-2,c0
cpd00009_c0,rxn00187,Phosphate,cpd00002_c0 + cpd00013_c0 + cpd00023_c0 --> cpd00008_c0 + cpd00009_c0 + cpd00053_c0 + cpd00067_c0,,0.0,1000.0,HO4P,-2,c0
cpd00009_c0,rxn06979,Phosphate,2.0 cpd00001_c0 + 2.0 cpd00002_c0 + 2.0 cpd00053_c0 + cpd03421_c0 <=> 2.0 cpd00008_c0 + 2.0 cpd00009_c0 + 2.0 cpd00023_c0 + 2.0 cpd00067_c0 + cpd03914_c0,,-1000.0,1000.0,HO4P,-2,c0
cpd00009_c0,rxn05170,Phosphate,cpd00001_c0 + cpd00002_c0 + cpd00179_e0 --> cpd00008_c0 + cpd00009_c0 + cpd00067_c0 + cpd00179_c0,,0.0,1000.0,HO4P,-2,c0
cpd00009_c0,rxn10571,Phosphate,cpd00001_c0 + cpd00002_c0 + cpd00254_e0 --> cpd00008_c0 + cpd00009_c0 + cpd00067_c0 + cpd00254_c0,,0.0,1000.0,HO4P,-2,c0
cpd00009_c0,rxn02008,Phosphate,cpd00002_c0 + cpd00186_c0 + cpd00890_c0 --> cpd00008_c0 + cpd00009_c0 + cpd00067_c0 + cpd00525_c0,,0.0,1000.0,HO4P,-2,c0
cpd00009_c0,rxn01643,Phosphate,cpd00005_c0 + cpd00067_c0 + cpd01977_c0 --> cpd00006_c0 + cpd00009_c0 + cpd00346_c0,,0.0,1000.0,HO4P,-2,c0
cpd00009_c0,rxn05153,Phosphate,cpd00001_c0 + cpd00002_c0 + cpd00048_e0 --> cpd00008_c0 + cpd00009_c0 + cpd00048_c0 + cpd00067_c0,,0.0,1000.0,HO4P,-2,c0
cpd00009_c0,rxn03084,Phosphate,cpd00001_c0 + cpd00002_c0 + cpd00053_c0 + cpd02678_c0 --> cpd00008_c0 + cpd00009_c0 + cpd00023_c0 + cpd00067_c0 + cpd02826_c0,,0.0,1000.0,HO4P,-2,c0
cpd00009_c0,rxn01146,Phosphate,cpd00009_c0 + cpd00184_c0 <=> cpd00151_c0 + cpd00509_c0,,-1000.0,1000.0,HO4P,-2,c0
cpd00009_c0,rxn00285,Phosphate,cpd00002_c0 + cpd00010_c0 + cpd00036_c0 <=> cpd00008_c0 + cpd00009_c0 + cpd00078_c0,,-1000.0,1000.0,HO4P,-2,c0
cpd00009_c0,rxn05195,Phosphate,cpd00001_c0 + cpd00002_c0 + cpd10516_e0 --> cpd00008_c0 + cpd00009_c0 + cpd00067_c0 + cpd10516_c0,,0.0,1000.0,HO4P,-2,c0
cpd00009_c0,R00993,Phosphate,cpd00007_c0 + cpd00009_c0 + cpd00067_c0 + cpd00094_c0 --> cpd00011_c0 + cpd00025_c0 + cpd01844_c0,,0.0,1000.0,HO4P,-2,c0
cpd00009_c0,rxn02400,Phosphate,cpd00001_c0 + cpd00873_c0 --> cpd00009_c0 + cpd03471_c0,,0.0,1000.0,HO4P,-2,c0
cpd00009_c0,rxn05516,Phosphate,cpd00001_c0 + cpd00002_c0 + cpd01012_c0 --> cpd00008_c0 + cpd00009_c0 + cpd00067_c0 + cpd01012_e0,,0.0,1000.0,HO4P,-2,c0
cpd00009_c0,rxn04070,Phosphate,cpd08289_c0 + cpd08449_c0 --> 2.0 cpd00001_c0 + cpd00009_c0 + cpd00067_c0 + cpd00478_c0,,0.0,1000.0,HO4P,-2,c0
cpd00009_c0,rxn00882,Phosphate,cpd00001_c0 + cpd02230_c0 --> cpd00009_c0 + cpd00121_c0,,0.0,1000.0,HO4P,-2,c0
cpd00009_c0,rxn12850,Phosphate,cpd00001_c0 + cpd00002_c0 + cpd15605_e0 --> cpd00008_c0 + cpd00009_c0 + cpd00067_c0 + cpd15605_c0,,0.0,1000.0,HO4P,-2,c0
cpd00009_c0,rxn00062,Phosphate,cpd00001_c0 + cpd00002_c0 --> cpd00008_c0 + cpd00009_c0 + cpd00067_c0,,4.98,1000.0,HO4P,-2,c0
cpd00009_c0,rxn05026,Phosphate,cpd00009_c0 + cpd00794_c0 --> cpd00027_c0 + cpd00089_c0,,0.0,1000.0,HO4P,-2,c0
cpd00009_c0,rxn05608,Phosphate,cpd00001_c0 + cpd00002_c0 + cpd01262_e0 --> cpd00008_c0 + cpd00009_c0 + cpd00067_c0 + cpd01262_c0,,0.0,1000.0,HO4P,-2,c0
cpd00009_c0,rxn02004,Phosphate,cpd00001_c0 + cpd00523_c0 --> cpd00009_c0 + cpd00794_c0,,0.0,1000.0,HO4P,-2,c0
cpd00009_c0,ADD_5oxpro3,Phosphate,2.0 cpd00001_c0 + cpd00002_c0 + cpd01293_c0 --> cpd00008_c0 + cpd00009_c0 + cpd00023_c0 + cpd00067_c0,,0.0,1000.0,HO4P,-2,c0
cpd00009_c0,rxn12849,Phosphate,cpd00001_c0 + cpd00002_c0 + cpd15604_e0 --> cpd00008_c0 + cpd00009_c0 + cpd00067_c0 + cpd15604_c0,,0.0,1000.0,HO4P,-2,c0
cpd00009_c0,rxn05533,Phosphate,cpd00001_c0 + cpd00002_c0 + cpd11593_e0 --> cpd00008_c0 + cpd00009_c0 + cpd00067_c0 + cpd11593_c0,,0.0,1000.0,HO4P,-2,c0
cpd00009_c0,rxn03147,Phosphate,cpd00002_c0 + cpd00041_c0 + cpd02893_c0 --> cpd00008_c0 + cpd00009_c0 + 2.0 cpd00067_c0 + cpd02921_c0,,0.0,1000.0,HO4P,-2,c0
cpd00009_c0,rxn00881,Phosphate,cpd00001_c0 + cpd00867_c0 --> cpd00009_c0 + cpd00121_c0,,0.0,1000.0,HO4P,-2,c0
cpd00009_c0,ADD_Tur2,Phosphate,cpd00001_c0 + cpd00002_c0 + cpd20885_e0 --> cpd00008_c0 + cpd00009_c0 + cpd00067_c0 + cpd20885_c0,,0.0,1000.0,HO4P,-2,c0
cpd00009_c0,rxn01507,Phosphate,cpd00001_c0 + cpd00294_c0 --> cpd00009_c0 + cpd00438_c0,,0.0,1000.0,HO4P,-2,c0
cpd00009_c0,rxn05168,Phosphate,cpd00001_c0 + cpd00002_c0 + cpd00156_e0 --> cpd00008_c0 + cpd00009_c0 + cpd00067_c0 + cpd00156_c0,,0.0,1000.0,HO4P,-2,c0
cpd00009_c0,rxn00250,Phosphate,cpd00002_c0 + cpd00020_c0 + cpd00242_c0 --> cpd00008_c0 + cpd00009_c0 + cpd00032_c0 + cpd00067_c0,,0.0,1000.0,HO4P,-2,c0
cpd00009_c0,rxn10343,Phosphate,cpd00001_c0 + cpd00002_c0 + cpd00531_c0 --> cpd00008_c0 + cpd00009_c0 + cpd00067_c0 + cpd00531_e0,,0.0,1000.0,HO4P,-2,c0
cpd00009_c0,rxn06672,Phosphate,cpd00002_c0 + cpd00242_c0 + cpd12848_c0 <=> cpd00008_c0 + cpd00009_c0 + cpd00067_c0 + cpd12543_c0,,-1000.0,1000.0,HO4P,-2,c0
cpd00009_c0,rxn05164,Phosphate,cpd00001_c0 + cpd00002_c0 + cpd00119_e0 --> cpd00008_c0 + cpd00009_c0 + cpd00067_c0 + cpd00119_c0,,0.0,1000.0,HO4P,-2,c0
cpd00009_c0,rxn01653,Phosphate,cpd00002_c0 + cpd02197_c0 --> cpd00008_c0 + cpd00009_c0 + cpd00347_c0,,0.0,1000.0,HO4P,-2,c0
cpd00009_c0,rxn03919,Phosphate,cpd00001_c0 + cpd08316_c0 --> cpd00009_c0 + cpd04920_c0,,0.0,1000.0,HO4P,-2,c0
cpd00009_c0,rxn05544,Phosphate,cpd00001_c0 + cpd00002_c0 + cpd11583_e0 --> cpd00008_c0 + cpd00009_c0 + cpd00067_c0 + cpd11583_c0,,0.0,1000.0,HO4P,-2,c0
cpd00009_c0,rxn05154,Phosphate,cpd00001_c0 + cpd00002_c0 + cpd00051_e0 --> cpd00008_c0 + cpd00009_c0 + cpd00051_c0 + cpd00067_c0,,0.0,1000.0,HO4P,-2,c0
cpd00009_c0,rxn01670,Phosphate,cpd00001_c0 + cpd00355_c0 --> cpd00009_c0 + cpd02016_c0,,0.0,1000.0,HO4P,-2,c0
cpd00009_c0,rxn10268,Phosphate,cpd00001_c0 + cpd15719_c0 --> cpd00009_c0 + cpd00067_c0 + cpd15725_c0,,0.0,1000.0,HO4P,-2,c0
cpd00009_c0,rxn05146,Phosphate,cpd00001_c0 + cpd00002_c0 + cpd00023_e0 --> cpd00008_c0 + cpd00009_c0 + cpd00023_c0 + cpd00067_c0,,0.0,1000.0,HO4P,-2,c0
cpd00009_c0,rxn12851,Phosphate,cpd00001_c0 + cpd00002_c0 + cpd15606_e0 --> cpd00008_c0 + cpd00009_c0 + cpd00067_c0 + cpd15606_c0,,0.0,1000.0,HO4P,-2,c0
cpd00009_c0,rxn00708,Phosphate,cpd00001_c0 + cpd00091_c0 --> cpd00009_c0 + cpd00249_c0,,0.0,1000.0,HO4P,-2,c0
cpd00009_c0,rxn00410,Phosphate,cpd00002_c0 + cpd00013_c0 + cpd00062_c0 <=> cpd00008_c0 + cpd00009_c0 + cpd00052_c0 + 2.0 cpd00067_c0,,-1000.0,1000.0,HO4P,-2,c0
cpd00009_c0,rxn03080,Phosphate,cpd02882_c0 + cpd11225_c0 <=> 2.0 cpd00001_c0 + cpd00009_c0 + cpd00067_c0 + cpd02656_c0,,-1000.0,1000.0,HO4P,-2,c0
cpd00009_c0,rxn05644,Phosphate,cpd00001_c0 + cpd00002_c0 + cpd00105_c0 --> cpd00008_c0 + cpd00009_c0 + cpd00067_c0 + cpd00105_e0,,0.0,1000.0,HO4P,-2,c0
cpd00009_c0,rxn02277,Phosphate,cpd00002_c0 + cpd00011_c0 + cpd00764_c0 --> cpd00008_c0 + cpd00009_c0 + 3.0 cpd00067_c0 + cpd01311_c0,,0.0,1000.0,HO4P,-2,c0
cpd00009_c0,rxn05549,Phosphate,cpd00001_c0 + cpd00002_c0 + cpd01242_e0 --> cpd00008_c0 + cpd00009_c0 + cpd00067_c0 + cpd01242_c0,,0.0,1000.0,HO4P,-2,c0
cpd00009_c0,rxn00560,Phosphate,cpd00002_c0 + cpd00073_c0 + cpd00242_c0 --> cpd00008_c0 + cpd00009_c0 + cpd00067_c0 + cpd00742_c0,,0.0,1000.0,HO4P,-2,c0
cpd00009_c0,rxn00689,Phosphate,cpd00002_c0 + cpd00023_c0 + cpd00087_c0 --> cpd00008_c0 + cpd00009_c0 + cpd00067_c0 + cpd06227_c0,,0.0,1000.0,HO4P,-2,c0
cpd00009_c0,rxn05160,Phosphate,cpd00001_c0 + cpd00002_c0 + cpd00105_e0 --> cpd00008_c0 + cpd00009_c0 + cpd00067_c0 + cpd00105_c0,,0.0,1000.0,HO4P,-2,c0
cpd00009_c0,rxn05150,Phosphate,cpd00001_c0 + cpd00002_c0 + cpd00034_e0 --> cpd00008_c0 + cpd00009_c0 + cpd00034_c0 + cpd00067_c0,,0.0,1000.0,HO4P,-2,c0
cpd00009_c0,rxn10147,Phosphate,cpd00001_c0 + cpd00002_c0 + cpd00635_e0 --> cpd00008_c0 + cpd00009_c0 + cpd00067_c0 + cpd00635_c0,,0.0,1000.0,HO4P,-2,c0
cpd00009_c0,rxn05782,Phosphate,3.0 cpd00001_c0 + cpd02978_c0 --> 3.0 cpd00009_c0 + 2.0 cpd00067_c0 + cpd02961_c0,,0.0,1000.0,HO4P,-2,c0
cpd00009_c0,rxn02988,Phosphate,cpd00095_c0 + cpd03470_c0 --> 2.0 cpd00001_c0 + cpd00009_c0 + cpd00067_c0 + cpd02333_c0,,0.0,1000.0,HO4P,-2,c0
cpd00009_c0,rxn02476,Phosphate,cpd00061_c0 + cpd02030_c0 <=> cpd00009_c0 + cpd00932_c0,,-1000.0,1000.0,HO4P,-2,c0
cpd00009_c0,rxn00120,Phosphate,cpd00001_c0 + cpd00062_c0 --> cpd00009_c0 + cpd00014_c0 + cpd00067_c0,,0.0,1000.0,HO4P,-2,c0
cpd00009_c0,rxn05152,Phosphate,cpd00001_c0 + cpd00002_c0 + cpd00041_e0 --> cpd00008_c0 + cpd00009_c0 + cpd00041_c0 + cpd00067_c0,,0.0,1000.0,HO4P,-2,c0
cpd00009_c0,rxn03901,Phosphate,cpd00001_c0 + cpd02229_c0 --> cpd00009_c0 + 2.0 cpd00067_c0 + cpd00286_c0,,0.0,1000.0,HO4P,-2,c0
cpd00009_c0,rxn03446,Phosphate,cpd00001_c0 + cpd03607_c0 --> cpd00009_c0 + cpd03608_c0,,0.0,1000.0,HO4P,-2,c0
cpd00009_c0,rxn00838,Phosphate,cpd00038_c0 + cpd00041_c0 + cpd00114_c0 --> cpd00009_c0 + cpd00031_c0 + 2.0 cpd00067_c0 + cpd02375_c0,,0.0,1000.0,HO4P,-2,c0
cpd00009_c0,rxn00782,Phosphate,cpd00005_c0 + cpd00067_c0 + cpd00203_c0 --> cpd00006_c0 + cpd00009_c0 + cpd00102_c0,,0.0,1000.0,HO4P,-2,c0
cpd00009_c0,rxn00670,Phosphate,cpd00009_c0 + cpd00086_c0 <=> cpd00010_c0 + cpd01844_c0,,-1000.0,1000.0,HO4P,-2,c0
cpd00009_c0,rxn10265,Phosphate,cpd00001_c0 + cpd15716_c0 --> cpd00009_c0 + cpd00067_c0 + cpd15722_c0,,0.0,1000.0,HO4P,-2,c0
cpd00009_c0,rxn10269,Phosphate,cpd00001_c0 + cpd15720_c0 --> cpd00009_c0 + cpd00067_c0 + cpd15726_c0,,0.0,1000.0,HO4P,-2,c0
cpd00009_c0,rxn00147,Phosphate,cpd00001_c0 + cpd00002_c0 + cpd00020_c0 --> cpd00009_c0 + cpd00018_c0 + cpd00061_c0 + 3.0 cpd00067_c0,,0.0,1000.0,HO4P,-2,c0
cpd00009_c0,rxn00548,Phosphate,cpd00009_c0 + cpd00072_c0 --> cpd00001_c0 + cpd00196_c0 + cpd00236_c0,,0.0,1000.0,HO4P,-2,c0
cpd00009_c0,rxn05312,Phosphate,cpd00009_c0 + cpd00067_c0 --> cpd00009_e0 + cpd00067_e0,,0.0,1000.0,HO4P,-2,c0
cpd00009_c0,rxn09106,Phosphate,cpd00001_c0 + cpd15547_c0 --> cpd00009_c0 + cpd00067_c0 + cpd15540_c0,,0.0,1000.0,HO4P,-2,c0
cpd00009_c0,rxn00640,Phosphate,cpd00031_c0 + cpd00485_c0 <=> cpd00009_c0 + cpd00083_c0,,-1000.0,1000.0,HO4P,-2,c0
cpd00009_c0,rxn10270,Phosphate,cpd00001_c0 + cpd15721_c0 --> cpd00009_c0 + cpd00067_c0 + cpd15727_c0,,0.0,1000.0,HO4P,-2,c0
cpd00009_c0,rxn00420,Phosphate,cpd00001_c0 + cpd00738_c0 --> cpd00009_c0 + cpd00054_c0,,0.0,1000.0,HO4P,-2,c0
cpd00009_c0,ADD_12dia,Phosphate,cpd00001_c0 + cpd15521_c0 --> cpd00009_c0 + cpd15311_c0,,0.0,1000.0,HO4P,-2,c0
cpd00009_c0,rxn12848,Phosphate,cpd00001_c0 + cpd00002_c0 + cpd15603_e0 --> cpd00008_c0 + cpd00009_c0 + cpd00067_c0 + cpd15603_c0,,0.0,1000.0,HO4P,-2,c0
cpd00009_c0,rxn12158,Phosphate,cpd00008_c0 + cpd00089_c0 <=> cpd00009_c0 + cpd00387_c0,,-1000.0,1000.0,HO4P,-2,c0
cpd00009_c0,rxn05534,Phosphate,cpd00001_c0 + cpd00002_c0 + cpd11592_e0 --> cpd00008_c0 + cpd00009_c0 + cpd00067_c0 + cpd11592_c0,,0.0,1000.0,HO4P,-2,c0
cpd00009_c0,rxn03150,Phosphate,cpd00001_c0 + cpd02904_c0 --> cpd00009_c0 + cpd03423_c0,,0.0,1000.0,HO4P,-2,c0
cpd00009_c0,rxn00001,Phosphate,cpd00001_c0 + cpd00012_c0 --> 2.0 cpd00009_c0 + cpd00067_c0,,0.0,1000.0,HO4P,-2,c0
cpd00009_c0,rxn02212,Phosphate,cpd02857_c0 --> cpd00009_c0 + cpd00699_c0,,0.0,1000.0,HO4P,-2,c0
cpd00009_c0,rxn09105,Phosphate,cpd00001_c0 + cpd15546_c0 --> cpd00009_c0 + cpd00067_c0 + cpd15539_c0,,0.0,1000.0,HO4P,-2,c0
cpd00009_c0,rxn00781,Phosphate,cpd00003_c0 + cpd00009_c0 + cpd00102_c0 <=> cpd00004_c0 + cpd00067_c0 + cpd00203_c0,,-1000.0,1000.0,HO4P,-2,c0
cpd00009_c0,rxn01145,Phosphate,cpd00001_c0 + cpd00298_c0 --> cpd00009_c0 + cpd00184_c0,,0.0,1000.0,HO4P,-2,c0
cpd00009_c0,rxn09102,Phosphate,cpd00001_c0 + cpd15543_c0 --> cpd00009_c0 + cpd00067_c0 + cpd15536_c0,,0.0,1000.0,HO4P,-2,c0
cpd00009_c0,rxn03409,Phosphate,cpd00002_c0 + cpd00013_c0 + cpd03495_c0 --> cpd00008_c0 + cpd00009_c0 + cpd00067_c0 + cpd03496_c0,,0.0,1000.0,HO4P,-2,c0
cpd00009_c0,rxn00646,Phosphate,cpd00002_c0 + cpd00023_c0 + cpd00084_c0 --> cpd00008_c0 + cpd00009_c0 + cpd00067_c0 + cpd00506_c0,,0.0,1000.0,HO4P,-2,c0
cpd00009_c0,rxn00461,Phosphate,cpd00037_c0 + cpd00061_c0 <=> cpd00009_c0 + cpd02820_c0,,-1000.0,1000.0,HO4P,-2,c0
cpd00009_c0,rxn04783,Phosphate,cpd00002_c0 + cpd00047_c0 + cpd02394_c0 --> cpd00008_c0 + cpd00009_c0 + cpd00067_c0 + cpd02678_c0,,0.0,1000.0,HO4P,-2,c0
cpd00009_c0,rxn00173,Phosphate,cpd00009_c0 + cpd00022_c0 <=> cpd00010_c0 + cpd00196_c0,,-1000.0,1000.0,HO4P,-2,c0
cpd00009_c0,rxn02465,Phosphate,cpd00005_c0 + cpd00067_c0 + cpd02552_c0 --> cpd00006_c0 + cpd00009_c0 + cpd00918_c0,,0.0,1000.0,HO4P,-2,c0
cpd00009_c0,rxn02160,Phosphate,cpd00001_c0 + cpd00807_c0 --> cpd00009_c0 + cpd00641_c0,,0.0,1000.0,HO4P,-2,c0
cpd00009_c0,rxn05539,Phosphate,cpd00001_c0 + cpd00002_c0 + cpd01017_e0 --> cpd00008_c0 + cpd00009_c0 + cpd00067_c0 + cpd01017_c0,,0.0,1000.0,HO4P,-2,c0
cpd00009_c0,rxn09240,Phosphate,cpd00001_c0 + cpd00002_c0 + cpd00038_c0 + cpd00048_c0 --> cpd00009_c0 + cpd00012_c0 + cpd00031_c0 + cpd00067_c0 + cpd00193_c0,,0.0,1000.0,HO4P,-2,c0
cpd00009_c0,rxn00533,Phosphate,cpd00002_c0 + cpd00022_c0 + cpd00242_c0 <=> cpd00008_c0 + cpd00009_c0 + cpd00067_c0 + cpd00070_c0,,-1000.0,1000.0,HO4P,-2,c0
cpd00009_c0,rxn02331,Phosphate,cpd00001_c0 + cpd00061_c0 + cpd00817_c0 --> cpd00009_c0 + cpd02730_c0,,0.0,1000.0,HO4P,-2,c0
cpd00009_c0,rxn05614,Phosphate,cpd00001_c0 + cpd00002_c0 + cpd11576_e0 --> cpd00008_c0 + cpd00009_c0 + cpd00067_c0 + cpd11576_c0,,0.0,1000.0,HO4P,-2,c0
cpd00009_c0,rxn05163,Phosphate,cpd00001_c0 + cpd00002_c0 + cpd00118_e0 --> cpd00008_c0 + cpd00009_c0 + cpd00067_c0 + cpd00118_c0,,0.0,1000.0,HO4P,-2,c0
cpd00009_c0,rxn01022,Phosphate,cpd00009_c0 + cpd00147_c0 <=> cpd00128_c0 + cpd02574_c0,,-1000.0,1000.0,HO4P,-2,c0
cpd00009_c0,rxn02011,Phosphate,cpd00002_c0 + cpd00516_c0 + cpd00525_c0 --> cpd00008_c0 + cpd00009_c0 + cpd00067_c0 + cpd02964_c0,,0.0,1000.0,HO4P,-2,c0
cpd00009_c0,rxn01603,Phosphate,cpd00002_c0 + cpd00023_c0 + cpd00683_c0 --> cpd00008_c0 + cpd00009_c0 + cpd00067_c0 + cpd00330_c0,,0.0,1000.0,HO4P,-2,c0
cpd00009_c0,rxn05175,Phosphate,cpd00001_c0 + cpd00002_c0 + cpd00264_e0 --> cpd00008_c0 + cpd00009_c0 + cpd00067_c0 + cpd00264_c0,,0.0,1000.0,HO4P,-2,c0
cpd00009_c0,rxn05156,Phosphate,cpd00001_c0 + cpd00002_c0 + cpd00064_e0 --> cpd00008_c0 + cpd00009_c0 + cpd00064_c0 + cpd00067_c0,,0.0,1000.0,HO4P,-2,c0
cpd00009_c0,rxn00351,Phosphate,cpd00002_c0 + cpd00033_c0 + cpd00506_c0 --> cpd00008_c0 + cpd00009_c0 + cpd00042_c0 + cpd00067_c0,,0.0,1000.0,HO4P,-2,c0
cpd00009_c0,ADD_TPP8,Phosphate,cpd00001_c0 + cpd00012_c0 --> 2.0 cpd00009_c0 + cpd00067_c0,,0.0,1000.0,HO4P,-2,c0
cpd00009_c0,rxn05515,Phosphate,cpd00001_c0 + cpd00002_c0 + cpd00423_e0 --> cpd00008_c0 + cpd00009_c0 + cpd00067_c0 + cpd00423_c0,,0.0,1000.0,HO4P,-2,c0
cpd00009_c0,rxn09107,Phosphate,cpd00001_c0 + cpd15548_c0 --> cpd00009_c0 + cpd00067_c0 + cpd15541_c0,,0.0,1000.0,HO4P,-2,c0
cpd00009_c0,rxn00549,Phosphate,cpd00001_c0 + cpd00290_c0 --> cpd00009_c0 + cpd00072_c0,,0.0,1000.0,HO4P,-2,c0
cpd00009_c0,rxn01187,Phosphate,cpd00009_c0 + cpd00198_c0 --> cpd00001_c0 + cpd00102_c0 + cpd00196_c0,,0.0,1000.0,HO4P,-2,c0
cpd15542_c0,rxn09108,Phosphatidylglycerophosphate didodecanoyl,cpd00080_c0 + cpd15417_c0 <=> cpd00046_c0 + cpd15542_c0,,-1000.0,1000.0,C30H58O13P2,-2,c0
cpd15542_c0,rxn09101,Phosphatidylglycerophosphate didodecanoyl,cpd00001_c0 + cpd15542_c0 --> cpd00009_c0 + cpd00067_c0 + cpd15535_c0,,0.0,1000.0,C30H58O13P2,-2,c0
cpd12848_c0,rxn06673,Holo-[carboxylase],cpd00022_c0 + cpd12543_c0 --> cpd00070_c0 + cpd12848_c0,,0.0,1000.0,C17H27N5O4R2S,0,c0
cpd12848_c0,rxn06672,Holo-[carboxylase],cpd00002_c0 + cpd00242_c0 + cpd12848_c0 <=> cpd00008_c0 + cpd00009_c0 + cpd00067_c0 + cpd12543_c0,,-1000.0,1000.0,C17H27N5O4R2S,0,c0
cpd00277_c0,rxn01445,Deoxyguanosine,cpd00001_c0 + cpd00296_c0 --> cpd00009_c0 + cpd00277_c0,,0.0,1000.0,C10H13N5O4,0,c0
cpd15704_c0,rxn10256,"1,2-Diisopentadecanoyl-sn-glycerol",cpd00002_c0 + cpd15704_c0 <=> cpd00008_c0 + cpd15680_c0,,-1000.0,1000.0,C33H64O5,0,c0
cpd02961_c0,rxn02504,Dihydroneopterin,cpd02961_c0 <=> cpd00229_c0 + cpd00954_c0,,-1000.0,1000.0,C9H13N5O4,0,c0
cpd02961_c0,rxn05782,Dihydroneopterin,3.0 cpd00001_c0 + cpd02978_c0 --> 3.0 cpd00009_c0 + 2.0 cpd00067_c0 + cpd02961_c0,,0.0,1000.0,C9H13N5O4,0,c0
cpd00220_c0,rxn00392,Riboflavin,cpd00002_c0 + cpd00220_c0 <=> cpd00008_c0 + cpd00050_c0,,-1000.0,1000.0,C17H19N4O6,-1,c0
cpd00220_c0,rxn00048,Riboflavin,cpd00067_c0 + 2.0 cpd02656_c0 --> cpd00220_c0 + cpd02882_c0,,0.0,1000.0,C17H19N4O6,-1,c0
cpd00295_c0,rxn05233,dGDP,cpd00031_c0 + cpd11421_c0 --> cpd00001_c0 + cpd00295_c0 + cpd11420_c0,,0.0,1000.0,C10H13N5O10P2,-2,c0
cpd00295_c0,rxn01353,dGDP,cpd00002_c0 + cpd00295_c0 <=> cpd00008_c0 + cpd00241_c0,,-1000.0,1000.0,C10H13N5O10P2,-2,c0
cpd00295_c0,rxn01509,dGDP,cpd00002_c0 + cpd00067_c0 + cpd00296_c0 <=> cpd00008_c0 + cpd00295_c0,,-1000.0,1000.0,C10H13N5O10P2,-2,c0
cpd00104_c0,rxn08180,BIOT,cpd00017_c0 + cpd00074_c0 + cpd01311_c0 --> cpd00060_c0 + cpd00067_c0 + cpd00104_c0 + cpd03091_c0,,0.0,1000.0,C10H15N2O3S,-1,c0
cpd00349_c0,rxn01334,"Sedoheptulose 1,7-bisphosphate",cpd00349_c0 <=> cpd00095_c0 + cpd00236_c0,,-1000.0,1000.0,C7H12O13P2,-4,c0
cpd00141_e0,ADD_propionate,Propionate,cpd00067_e0 + cpd00141_e0 <=> cpd00067_c0 + cpd00141_c0,,-1000.0,1000.0,C3H5O2,-1,e0
cpd00141_e0,EXpd00141,Propionate,cpd00141_e0 --> ,,0.0,1000.0,C3H5O2,-1,e0
cpd00809_c0,rxn01069,O-Phospho-L-homoserine,cpd00001_c0 + cpd00809_c0 --> cpd00009_c0 + cpd00161_c0,,0.0,1000.0,C4H8NO6P,-2,c0
cpd00809_c0,rxn01300,O-Phospho-L-homoserine,cpd00002_c0 + cpd00227_c0 <=> cpd00008_c0 + cpd00067_c0 + cpd00809_c0,,-1000.0,1000.0,C4H8NO6P,-2,c0
cpd11477_c0,rxn05328,(2E)-Hexadecenoyl-[acp],cpd00004_c0 + cpd00067_c0 + cpd11477_c0 --> cpd00003_c0 + cpd11476_c0,,0.0,1000.0,C27H49N2O8PRS,-2,c0
cpd11477_c0,rxn05332,(2E)-Hexadecenoyl-[acp],cpd11481_c0 --> cpd00001_c0 + cpd11477_c0,,0.0,1000.0,C27H49N2O8PRS,-2,c0
cpd11477_c0,rxn08392,(2E)-Hexadecenoyl-[acp],cpd00004_c0 + cpd00067_c0 + cpd11477_c0 --> cpd00003_c0 + cpd15277_c0,,0.0,1000.0,C27H49N2O8PRS,-2,c0
cpd11511_c0,rxn05436,10-methyl-dodecanoyl-ACP,cpd00004_c0 + cpd00067_c0 + cpd11510_c0 --> cpd00003_c0 + cpd11511_c0,,0.0,1000.0,C24H45N2O8PRS,-1,c0
cpd11511_c0,rxn05375,10-methyl-dodecanoyl-ACP,cpd11492_c0 + cpd11511_c0 --> cpd00011_c0 + cpd11493_c0 + cpd11512_c0,,0.0,1000.0,C24H45N2O8PRS,-1,c0
cpd02835_c0,rxn03130,"UDP-2,3-bis(3-hydroxytetradecanoyl)glucosamine",cpd00001_c0 + cpd02835_c0 --> 2.0 cpd00067_c0 + cpd00091_c0 + cpd02930_c0,,0.0,1000.0,C43H75N3O20P2,-2,c0
cpd02835_c0,rxn06723,"UDP-2,3-bis(3-hydroxytetradecanoyl)glucosamine",cpd03584_c0 + cpd11484_c0 --> cpd02835_c0 + cpd11493_c0,,0.0,1000.0,C43H75N3O20P2,-2,c0
cpd02835_c0,rxn03159,"UDP-2,3-bis(3-hydroxytetradecanoyl)glucosamine",cpd02835_c0 + cpd02930_c0 <=> cpd00014_c0 + cpd03002_c0,,-1000.0,1000.0,C43H75N3O20P2,-2,c0
cpd03129_c0,rxn10012,(2E)-Decenoyl-CoA,cpd00004_c0 + cpd00067_c0 + cpd03129_c0 --> cpd00003_c0 + cpd03128_c0,,0.0,1000.0,C31H48N7O17P3S,-4,c0
cpd03129_c0,rxn03245,(2E)-Decenoyl-CoA,cpd03118_c0 <=> cpd00001_c0 + cpd03129_c0,,-1000.0,1000.0,C31H48N7O17P3S,-4,c0
cpd00314_c0,rxn00629,D-Mannitol,cpd00003_c0 + cpd00314_c0 <=> cpd00004_c0 + cpd00067_c0 + cpd00082_c0,,-1000.0,1000.0,C6H14O6,0,c0
cpd11436_c0,rxn05249,fa3,cpd00002_c0 + cpd00010_c0 + cpd11436_c0 --> cpd00012_c0 + cpd00018_c0 + cpd11437_c0,,0.0,1000.0,C15H29O2,-1,c0
cpd00683_c0,rxn02200,Dihydropteroate,cpd00443_c0 + cpd00954_c0 <=> cpd00001_c0 + cpd00683_c0,,-1000.0,1000.0,C14H13N6O3,-1,c0
cpd00683_c0,rxn01603,Dihydropteroate,cpd00002_c0 + cpd00023_c0 + cpd00683_c0 --> cpd00008_c0 + cpd00009_c0 + cpd00067_c0 + cpd00330_c0,,0.0,1000.0,C14H13N6O3,-1,c0
cpd00683_c0,rxn02201,Dihydropteroate,cpd00443_c0 + cpd02920_c0 --> cpd00012_c0 + cpd00683_c0,,0.0,1000.0,C14H13N6O3,-1,c0
cpd00284_c0,rxn01477,6-Phospho-D-gluconate,cpd00284_c0 --> cpd00001_c0 + cpd02711_c0,,0.0,1000.0,C6H10O10P,-3,c0
cpd00284_c0,rxn01275,6-Phospho-D-gluconate,cpd00002_c0 + cpd00222_c0 <=> cpd00008_c0 + cpd00067_c0 + cpd00284_c0,,-1000.0,1000.0,C6H10O10P,-3,c0
cpd00284_c0,rxn01476,6-Phospho-D-gluconate,cpd00001_c0 + cpd00911_c0 --> cpd00067_c0 + cpd00284_c0,,0.0,1000.0,C6H10O10P,-3,c0
cpd15337_c0,rxn08839,2-Acyl-sn-glycero-3-phosphoethanolamine tetradecanoyl,cpd00001_c0 + cpd15337_c0 <=> cpd00067_c0 + cpd00908_c0 + cpd03847_c0,,-1000.0,1000.0,C19H40NO7P,0,c0
cpd00491_c0,rxn05617,D-glucitol 6-phosphate,cpd00061_c0 + cpd00314_e0 <=> cpd00020_c0 + cpd00491_c0,,-1000.0,1000.0,C6H13O9P,-2,c0
cpd00322_e0,rxn05244,L-Isoleucine,cpd00067_e0 + cpd00322_e0 <=> cpd00067_c0 + cpd00322_c0,,-1000.0,1000.0,C6H13NO2,0,e0
cpd00322_e0,EXpd00322,L-Isoleucine,cpd00322_e0 --> ,,0.0,1000.0,C6H13NO2,0,e0
cpd00322_e0,rxn05179,L-Isoleucine,cpd00001_c0 + cpd00002_c0 + cpd00322_e0 --> cpd00008_c0 + cpd00009_c0 + cpd00067_c0 + cpd00322_c0,,0.0,1000.0,C6H13NO2,0,e0
cpd11591_c0,rxn12635,Gly-Met,cpd00001_c0 + cpd11591_c0 <=> cpd00033_c0 + cpd00060_c0,,-1000.0,1000.0,C7H14N2O3S,0,c0
cpd11591_c0,rxn05535,Gly-Met,cpd00001_c0 + cpd00002_c0 + cpd11591_e0 --> cpd00008_c0 + cpd00009_c0 + cpd00067_c0 + cpd11591_c0,,0.0,1000.0,C7H14N2O3S,0,c0
cpd00080_c0,rxn10206,Glycerol-3-phosphate,cpd00080_c0 + cpd11434_c0 --> cpd00010_c0 + cpd15672_c0,,0.0,1000.0,C3H7O6P,-2,c0
cpd00080_c0,rxn10263,Glycerol-3-phosphate,cpd00080_c0 + cpd15687_c0 <=> cpd00046_c0 + cpd15720_c0,,-1000.0,1000.0,C3H7O6P,-2,c0
cpd00080_c0,rxn08796,Glycerol-3-phosphate,cpd00001_c0 + cpd15325_c0 <=> cpd00067_c0 + cpd00080_c0 + cpd01741_c0,,-1000.0,1000.0,C3H7O6P,-2,c0
cpd00080_c0,rxn08799,Glycerol-3-phosphate,cpd00001_c0 + cpd15327_c0 <=> 2.0 cpd00067_c0 + cpd00080_c0 + cpd00214_c0,,-1000.0,1000.0,C3H7O6P,-2,c0
cpd00080_c0,rxn08546,Glycerol-3-phosphate,cpd00080_c0 + cpd11468_c0 --> cpd11493_c0 + cpd15325_c0,,0.0,1000.0,C3H7O6P,-2,c0
cpd00080_c0,rxn08800,Glycerol-3-phosphate,cpd00001_c0 + cpd15326_c0 <=> 2.0 cpd00067_c0 + cpd00080_c0 + cpd15237_c0,,-1000.0,1000.0,C3H7O6P,-2,c0
cpd00080_c0,rxn00615,Glycerol-3-phosphate,cpd00002_c0 + cpd00100_c0 <=> cpd00008_c0 + cpd00067_c0 + cpd00080_c0,,-1000.0,1000.0,C3H7O6P,-2,c0
cpd00080_c0,rxn10203,Glycerol-3-phosphate,cpd00080_c0 + cpd01695_c0 --> cpd00010_c0 + cpd15331_c0,,0.0,1000.0,C3H7O6P,-2,c0
cpd00080_c0,rxn08817,Glycerol-3-phosphate,cpd00001_c0 + cpd15350_c0 <=> 2.0 cpd00067_c0 + cpd00080_c0 + cpd01741_c0,,-1000.0,1000.0,C3H7O6P,-2,c0
cpd00080_c0,rxn00612,Glycerol-3-phosphate,cpd00006_c0 + cpd00080_c0 <=> cpd00005_c0 + cpd00067_c0 + cpd00095_c0,,-1000.0,1000.0,C3H7O6P,-2,c0
cpd00080_c0,rxn08552,Glycerol-3-phosphate,cpd00080_c0 + cpd11825_c0 --> cpd11493_c0 + cpd15328_c0,,0.0,1000.0,C3H7O6P,-2,c0
cpd00080_c0,rxn10262,Glycerol-3-phosphate,cpd00080_c0 + cpd15686_c0 <=> cpd00046_c0 + cpd15719_c0,,-1000.0,1000.0,C3H7O6P,-2,c0
cpd00080_c0,rxn09113,Glycerol-3-phosphate,cpd00080_c0 + cpd15421_c0 <=> cpd00046_c0 + cpd15547_c0,,-1000.0,1000.0,C3H7O6P,-2,c0
cpd00080_c0,rxn10207,Glycerol-3-phosphate,cpd00080_c0 + cpd11435_c0 --> cpd00010_c0 + cpd15673_c0,,0.0,1000.0,C3H7O6P,-2,c0
cpd00080_c0,rxn00758,Glycerol-3-phosphate,cpd00001_c0 + cpd00507_c0 --> cpd00067_c0 + cpd00080_c0 + cpd00098_c0,,0.0,1000.0,C3H7O6P,-2,c0
cpd00080_c0,rxn08557,Glycerol-3-phosphate,cpd00080_c0 + cpd15500_c0 --> cpd00095_c0 + cpd15499_c0,,0.0,1000.0,C3H7O6P,-2,c0
cpd00080_c0,rxn08822,Glycerol-3-phosphate,cpd00001_c0 + cpd15358_c0 <=> 2.0 cpd00067_c0 + cpd00080_c0 + cpd01080_c0,,-1000.0,1000.0,C3H7O6P,-2,c0
cpd00080_c0,rxn08823,Glycerol-3-phosphate,cpd00001_c0 + cpd15357_c0 <=> 2.0 cpd00067_c0 + cpd00080_c0 + cpd15269_c0,,-1000.0,1000.0,C3H7O6P,-2,c0
cpd00080_c0,rxn10260,Glycerol-3-phosphate,cpd00080_c0 + cpd15684_c0 <=> cpd00046_c0 + cpd15717_c0,,-1000.0,1000.0,C3H7O6P,-2,c0
cpd00080_c0,rxn10259,Glycerol-3-phosphate,cpd00080_c0 + cpd15683_c0 <=> cpd00046_c0 + cpd15716_c0,,-1000.0,1000.0,C3H7O6P,-2,c0
cpd00080_c0,rxn08558,Glycerol-3-phosphate,cpd00080_c0 + cpd15352_c0 --> cpd00095_c0 + cpd15353_c0,,0.0,1000.0,C3H7O6P,-2,c0
cpd00080_c0,rxn10875,Glycerol-3-phosphate,50.0 cpd00080_c0 + cpd16067_c0 --> 50.0 cpd00046_c0 + 50.0 cpd00067_c0 + cpd11652_c0,,0.0,1000.0,C3H7O6P,-2,c0
cpd00080_c0,rxn09111,Glycerol-3-phosphate,cpd00080_c0 + cpd15419_c0 <=> cpd00046_c0 + cpd15545_c0,,-1000.0,1000.0,C3H7O6P,-2,c0
cpd00080_c0,rxn00616,Glycerol-3-phosphate,cpd00015_c0 + cpd00080_c0 <=> cpd00095_c0 + cpd00982_c0,,-1000.0,1000.0,C3H7O6P,-2,c0
cpd00080_c0,rxn09114,Glycerol-3-phosphate,cpd00080_c0 + cpd15420_c0 <=> cpd00046_c0 + cpd15548_c0,,-1000.0,1000.0,C3H7O6P,-2,c0
cpd00080_c0,rxn08818,Glycerol-3-phosphate,cpd00001_c0 + cpd15363_c0 <=> 2.0 cpd00067_c0 + cpd00080_c0 + cpd03847_c0,,-1000.0,1000.0,C3H7O6P,-2,c0
cpd00080_c0,rxn08556,Glycerol-3-phosphate,cpd00080_c0 + cpd15560_c0 --> cpd00095_c0 + cpd15561_c0,,0.0,1000.0,C3H7O6P,-2,c0
cpd00080_c0,rxn10210,Glycerol-3-phosphate,cpd00080_c0 + cpd11441_c0 --> cpd00010_c0 + cpd15676_c0,,0.0,1000.0,C3H7O6P,-2,c0
cpd00080_c0,rxn08549,Glycerol-3-phosphate,cpd00080_c0 + cpd15277_c0 --> cpd11493_c0 + cpd15327_c0,,0.0,1000.0,C3H7O6P,-2,c0
cpd00080_c0,rxn08798,Glycerol-3-phosphate,cpd00001_c0 + cpd15330_c0 --> 2.0 cpd00067_c0 + cpd00080_c0 + cpd15298_c0,,0.0,1000.0,C3H7O6P,-2,c0
cpd00080_c0,PA_syn,Glycerol-3-phosphate,17.0 cis11_octadecenoyl_acp_c0 + 32.0 cis9_hexadecenoyl_acp_c0 + 50.0 cpd00080_c0 + 9.0 cpd11468_c0 + 6.0 cpd11480_c0 + 7.0 cpd11482_c0 + 29.0 cpd15277_c0 --> 100.0 cpd11493_c0 + cpd16080_c0,,0.0,1000.0,C3H7O6P,-2,c0
cpd00080_c0,rxn08797,Glycerol-3-phosphate,cpd00001_c0 + cpd15331_c0 <=> cpd00067_c0 + cpd00080_c0 + cpd03847_c0,,-1000.0,1000.0,C3H7O6P,-2,c0
cpd00080_c0,rxn10209,Glycerol-3-phosphate,cpd00080_c0 + cpd11439_c0 --> cpd00010_c0 + cpd15675_c0,,0.0,1000.0,C3H7O6P,-2,c0
cpd00080_c0,rxn08669,Glycerol-3-phosphate,cpd00001_c0 + cpd02090_c0 --> cpd00067_c0 + cpd00080_c0 + cpd00100_c0,,0.0,1000.0,C3H7O6P,-2,c0
cpd00080_c0,rxn10204,Glycerol-3-phosphate,cpd00080_c0 + cpd00327_c0 --> cpd00010_c0 + cpd15329_c0,,0.0,1000.0,C3H7O6P,-2,c0
cpd00080_c0,rxn10264,Glycerol-3-phosphate,cpd00080_c0 + cpd15688_c0 <=> cpd00046_c0 + cpd15721_c0,,-1000.0,1000.0,C3H7O6P,-2,c0
cpd00080_c0,rxn09110,Glycerol-3-phosphate,cpd00080_c0 + cpd15422_c0 <=> cpd00046_c0 + cpd15544_c0,,-1000.0,1000.0,C3H7O6P,-2,c0
cpd00080_c0,rxn10208,Glycerol-3-phosphate,cpd00080_c0 + cpd11437_c0 --> cpd00010_c0 + cpd15674_c0,,0.0,1000.0,C3H7O6P,-2,c0
cpd00080_c0,rxn09109,Glycerol-3-phosphate,cpd00080_c0 + cpd15423_c0 <=> cpd00046_c0 + cpd15543_c0,,-1000.0,1000.0,C3H7O6P,-2,c0
cpd00080_c0,rxn10261,Glycerol-3-phosphate,cpd00080_c0 + cpd15685_c0 <=> cpd00046_c0 + cpd15718_c0,,-1000.0,1000.0,C3H7O6P,-2,c0
cpd00080_c0,rxn08802,Glycerol-3-phosphate,cpd00001_c0 + cpd15328_c0 <=> 2.0 cpd00067_c0 + cpd00080_c0 + cpd15269_c0,,-1000.0,1000.0,C3H7O6P,-2,c0
cpd00080_c0,rxn08819,Glycerol-3-phosphate,cpd00001_c0 + cpd15362_c0 --> 2.0 cpd00067_c0 + cpd00080_c0 + cpd15298_c0,,0.0,1000.0,C3H7O6P,-2,c0
cpd00080_c0,rxn08550,Glycerol-3-phosphate,cpd00080_c0 + cpd15239_c0 --> cpd11493_c0 + cpd15326_c0,,0.0,1000.0,C3H7O6P,-2,c0
cpd00080_c0,rxn10202,Glycerol-3-phosphate,cpd00067_c0 + cpd00080_c0 + cpd00134_c0 --> cpd00010_c0 + cpd15327_c0,,0.0,1000.0,C3H7O6P,-2,c0
cpd00080_c0,rxn08547,Glycerol-3-phosphate,cpd00080_c0 + cpd11466_c0 --> cpd11493_c0 + cpd15331_c0,,0.0,1000.0,C3H7O6P,-2,c0
cpd00080_c0,rxn08801,Glycerol-3-phosphate,cpd00001_c0 + cpd15329_c0 <=> cpd00067_c0 + cpd00080_c0 + cpd01080_c0,,-1000.0,1000.0,C3H7O6P,-2,c0
cpd00080_c0,rxn09108,Glycerol-3-phosphate,cpd00080_c0 + cpd15417_c0 <=> cpd00046_c0 + cpd15542_c0,,-1000.0,1000.0,C3H7O6P,-2,c0
cpd00080_c0,rxn08821,Glycerol-3-phosphate,cpd00001_c0 + cpd15354_c0 <=> 2.0 cpd00067_c0 + cpd00080_c0 + cpd15237_c0,,-1000.0,1000.0,C3H7O6P,-2,c0
cpd00080_c0,rxn09112,Glycerol-3-phosphate,cpd00080_c0 + cpd15418_c0 <=> cpd00046_c0 + cpd15546_c0,,-1000.0,1000.0,C3H7O6P,-2,c0
cpd00080_c0,rxn01073,Glycerol-3-phosphate,cpd00001_c0 + cpd00908_c0 --> cpd00067_c0 + cpd00080_c0 + cpd00162_c0,,0.0,1000.0,C3H7O6P,-2,c0
cpd00080_c0,rxn08551,Glycerol-3-phosphate,cpd00080_c0 + cpd15268_c0 --> cpd11493_c0 + cpd15329_c0,,0.0,1000.0,C3H7O6P,-2,c0
cpd00080_c0,rxn00611,Glycerol-3-phosphate,cpd00003_c0 + cpd00080_c0 <=> cpd00004_c0 + cpd00067_c0 + cpd00095_c0,,-1000.0,1000.0,C3H7O6P,-2,c0
cpd00080_c0,rxn08548,Glycerol-3-phosphate,cpd00080_c0 + cpd15294_c0 --> cpd11493_c0 + cpd15330_c0,,0.0,1000.0,C3H7O6P,-2,c0
cpd00080_c0,rxn10205,Glycerol-3-phosphate,cpd00080_c0 + cpd11432_c0 --> cpd00010_c0 + cpd15671_c0,,0.0,1000.0,C3H7O6P,-2,c0
cpd00080_c0,rxn08820,Glycerol-3-phosphate,cpd00001_c0 + cpd15355_c0 <=> 2.0 cpd00067_c0 + cpd00080_c0 + cpd00214_c0,,-1000.0,1000.0,C3H7O6P,-2,c0
cpd11588_e0,EXpd11588,gly-pro-L,cpd11588_e0 --> ,,0.0,1000.0,C7H12N2O3,0,e0
cpd11588_e0,rxn05538,gly-pro-L,cpd00001_c0 + cpd00002_c0 + cpd11588_e0 --> cpd00008_c0 + cpd00009_c0 + cpd00067_c0 + cpd11588_c0,,0.0,1000.0,C7H12N2O3,0,e0
cpd11476_c0,rxn05460,hexadecanoyl-acp,cpd00067_c0 + cpd11476_c0 + cpd11492_c0 --> cpd00011_c0 + cpd11493_c0 + cpd11570_c0,,0.0,1000.0,C27H51N2O8PRS,-2,c0
cpd11476_c0,rxn05458,hexadecanoyl-acp,cpd00010_c0 + cpd11476_c0 <=> cpd00134_c0 + cpd11493_c0,,-1000.0,1000.0,C27H51N2O8PRS,-2,c0
cpd11476_c0,rxn05328,hexadecanoyl-acp,cpd00004_c0 + cpd00067_c0 + cpd11477_c0 --> cpd00003_c0 + cpd11476_c0,,0.0,1000.0,C27H51N2O8PRS,-2,c0
cpd01329_c0,rxn08128,Maltohexaose,cpd00179_c0 + cpd15495_c0 <=> cpd00027_c0 + cpd01329_c0,,-1000.0,1000.0,C36H62O31,0,c0
cpd01329_c0,rxn10174,Maltohexaose,cpd00001_c0 + cpd00002_c0 + cpd01329_e0 --> cpd00008_c0 + cpd00009_c0 + cpd00067_c0 + cpd01329_c0,,0.0,1000.0,C36H62O31,0,c0
cpd01329_c0,rxn08129,Maltohexaose,cpd00179_c0 + cpd01329_c0 <=> cpd00027_c0 + cpd15494_c0,,-1000.0,1000.0,C36H62O31,0,c0
cpd00058_e0,EXpd00058,Cu2+,cpd00058_e0 <=> ,,-1000.0,1000.0,Cu,2,e0
cpd00058_e0,rxn05528,Cu2+,cpd00001_c0 + cpd00002_c0 + cpd00058_c0 --> cpd00008_c0 + cpd00009_c0 + cpd00058_e0 + cpd00067_c0,,0.0,1000.0,Cu,2,e0
cpd00058_e0,rxn10481,Cu2+,cpd00001_c0 + cpd00002_c0 + cpd00058_e0 --> cpd00008_c0 + cpd00009_c0 + cpd00058_c0 + cpd00067_c0,,0.0,1000.0,Cu,2,e0
cis11_octadecenoyl_acp_c0,Cis11_oct_syn,cis11_octadecenoyl_acp_c0,cis9_hexadecenoyl_acp_c0 + cpd00004_c0 + cpd00005_c0 + 3.0 cpd00067_c0 + cpd11492_c0 --> cis11_octadecenoyl_acp_c0 + cpd00001_c0 + cpd00003_c0 + cpd00006_c0 + cpd00011_c0 + cpd11493_c0,,0.0,1000.0,X,0,c0
cis11_octadecenoyl_acp_c0,PA_syn,cis11_octadecenoyl_acp_c0,17.0 cis11_octadecenoyl_acp_c0 + 32.0 cis9_hexadecenoyl_acp_c0 + 50.0 cpd00080_c0 + 9.0 cpd11468_c0 + 6.0 cpd11480_c0 + 7.0 cpd11482_c0 + 29.0 cpd15277_c0 --> 100.0 cpd11493_c0 + cpd16080_c0,,0.0,1000.0,X,0,c0
cpd00261_c0,rxn01393,L-Lyxulose,cpd00067_c0 + cpd00473_c0 <=> cpd00011_c0 + cpd00261_c0,,-1000.0,1000.0,C5H10O5,0,c0
cpd00261_c0,rxn01392,L-Lyxulose,cpd00005_c0 + cpd00067_c0 + cpd00261_c0 <=> cpd00006_c0 + cpd00306_c0,,-1000.0,1000.0,C5H10O5,0,c0
cpd11530_c0,rxn05394,9-methyl-3-hydroxy-decanoyl-ACP,cpd11530_c0 --> cpd00001_c0 + cpd11531_c0,,0.0,1000.0,C22H41N2O9PRS,-1,c0
cpd11530_c0,rxn05393,9-methyl-3-hydroxy-decanoyl-ACP,cpd00005_c0 + cpd00067_c0 + cpd11529_c0 <=> cpd00006_c0 + cpd11530_c0,,-1000.0,1000.0,C22H41N2O9PRS,-1,c0
cpd15687_c0,rxn10263,"CDP-1,2-dianteisopentadecanoylglycerol",cpd00080_c0 + cpd15687_c0 <=> cpd00046_c0 + cpd15720_c0,,-1000.0,1000.0,C42H75N3O15P2,-2,c0
cpd15687_c0,rxn10230,"CDP-1,2-dianteisopentadecanoylglycerol",cpd00054_c0 + cpd15687_c0 --> cpd00046_c0 + 2.0 cpd00067_c0 + cpd15693_c0,,0.0,1000.0,C42H75N3O15P2,-2,c0
cpd15687_c0,rxn10224,"CDP-1,2-dianteisopentadecanoylglycerol",cpd00052_c0 + cpd15681_c0 <=> cpd00012_c0 + cpd00067_c0 + cpd15687_c0,,-1000.0,1000.0,C42H75N3O15P2,-2,c0
cpd11437_c0,rxn05453,fa3coa,cpd00010_c0 + cpd11540_c0 <=> cpd11437_c0 + cpd11493_c0,,-1000.0,1000.0,C36H61N7O17P3S,-3,c0
cpd11437_c0,rxn05249,fa3coa,cpd00002_c0 + cpd00010_c0 + cpd11436_c0 --> cpd00012_c0 + cpd00018_c0 + cpd11437_c0,,0.0,1000.0,C36H61N7O17P3S,-3,c0
cpd11437_c0,rxn10208,fa3coa,cpd00080_c0 + cpd11437_c0 --> cpd00010_c0 + cpd15674_c0,,0.0,1000.0,C36H61N7O17P3S,-3,c0
cpd11437_c0,rxn10217,fa3coa,cpd11437_c0 + cpd15674_c0 --> cpd00010_c0 + cpd00067_c0 + cpd15680_c0,,0.0,1000.0,C36H61N7O17P3S,-3,c0
cpd01844_c0,rxn00985,Propionyl phosphate,cpd00002_c0 + cpd00141_c0 <=> cpd00008_c0 + cpd01844_c0,,-1000.0,1000.0,C3H5O5P,-2,c0
cpd01844_c0,rxn00670,Propionyl phosphate,cpd00009_c0 + cpd00086_c0 <=> cpd00010_c0 + cpd01844_c0,,-1000.0,1000.0,C3H5O5P,-2,c0
cpd01844_c0,R00993,Propionyl phosphate,cpd00007_c0 + cpd00009_c0 + cpd00067_c0 + cpd00094_c0 --> cpd00011_c0 + cpd00025_c0 + cpd01844_c0,,0.0,1000.0,C3H5O5P,-2,c0
cpd15357_c0,rxn08823,2-octadec-11-enoyl-sn-glycerol 3-phosphate,cpd00001_c0 + cpd15357_c0 <=> 2.0 cpd00067_c0 + cpd00080_c0 + cpd15269_c0,,-1000.0,1000.0,C21H40O7P,-1,c0
cpd00906_c0,rxn03891,all-trans-Hexaprenyl diphosphate,cpd00113_c0 + cpd00906_c0 --> cpd00012_c0 + cpd00067_c0 + cpd02590_c0,,0.0,1000.0,C30H50O7P2,-2,c0
cpd00906_c0,rxn03892,all-trans-Hexaprenyl diphosphate,cpd00113_c0 + cpd02591_c0 --> cpd00012_c0 + cpd00067_c0 + cpd00906_c0,,0.0,1000.0,C30H50O7P2,-2,c0
cpd00158_c0,rxn00020,CELB,cpd00001_c0 + cpd00158_c0 --> 2.0 cpd00190_c0,,0.0,1000.0,C12H22O11,0,c0
cpd11464_c0,rxn05346,Butyryl-ACP,cpd11464_c0 + cpd11492_c0 --> cpd00011_c0 + cpd11486_c0 + cpd11493_c0,,0.0,1000.0,C15H28N2O8PRS,-2,c0
cpd11464_c0,rxn05322,Butyryl-ACP,cpd00004_c0 + 2.0 cpd00067_c0 + cpd11465_c0 --> cpd00003_c0 + cpd11464_c0,,0.0,1000.0,C15H28N2O8PRS,-2,c0
cpd00356_c0,biomass0,dCTP,0.169975 cpd00002_c0 + 0.00215 cpd00003_c0 + 5e-05 cpd00004_c0 + 0.0004 cpd00005_c0 + 0.00013 cpd00006_c0 + 6e-06 cpd00010_c0 + 1e-05 cpd00015_c0 + 5e-05 cpd00022_c0 + 0.25 cpd00023_c0 + 0.003 cpd00026_c0 + 1e-06 cpd00028_c0 + 0.496 cpd00033_c0 + 0.499 cpd00035_c0 + 0.203 cpd00038_c0 + 0.431 cpd00039_c0 + 0.245 cpd00041_c0 + 0.121 cpd00051_c0 + 0.126 cpd00052_c0 + 0.25 cpd00053_c0 + 0.29 cpd00054_c0 + 0.116 cpd00060_c0 + 0.136 cpd00062_c0 + 0.054 cpd00065_c0 + 0.199 cpd00066_c0 + 0.138 cpd00069_c0 + 3e-06 cpd00078_c0 + 0.087 cpd00084_c0 + 0.428 cpd00107_c0 + 0.01814 cpd00115_c0 + 0.035 cpd00118_c0 + 0.145 cpd00119_c0 + 0.541 cpd00129_c0 + 0.245 cpd00132_c0 + 0.154 cpd00155_c0 + 0.42 cpd00156_c0 + 0.436 cpd00161_c0 + 0.000223 cpd00201_c0 + 0.0254 cpd00241_c0 + 0.0089 cpd00264_c0 + 0.213 cpd00322_c0 + 0.000223 cpd00345_c0 + 0.0254 cpd00356_c0 + 0.01814 cpd00357_c0 + 0.000142 cpd11652_c0 + 0.000216 cpd12801_c0 + 0.000701 cpd15432_c0 + 0.00276 cpd15665_c0 + 0.00192 cpd16083_c0 + 4.3e-05 cpd16093_c0 --> biomass_c0 + 5.604 cpd00001_c0 + 0.08708 cpd00009_c0 + 0.634975 cpd00012_c0,,0.0,1000.0,C9H13N3O13P3,-3,c0
cpd00356_c0,R01668,dCTP,cpd00001_c0 + cpd00356_c0 --> cpd00012_c0 + 2.0 cpd00067_c0 + cpd00206_c0,,0.0,1000.0,C9H13N3O13P3,-3,c0
cpd00356_c0,rxn01673,dCTP,cpd00002_c0 + cpd00533_c0 <=> cpd00008_c0 + cpd00356_c0,,-1000.0,1000.0,C9H13N3O13P3,-3,c0
cpd00356_c0,rxn01672,dCTP,cpd00001_c0 + cpd00067_c0 + cpd00356_c0 --> cpd00013_c0 + cpd00358_c0,,0.0,1000.0,C9H13N3O13P3,-3,c0
cpd00356_c0,rxn05235,dCTP,cpd00052_c0 + cpd11421_c0 --> cpd00001_c0 + cpd00356_c0 + cpd11420_c0,,0.0,1000.0,C9H13N3O13P3,-3,c0
cpd15469_c0,rxn08619,galactosyl-glucosyl-inner core oligosaccharide lipid A,cpd00026_c0 + cpd15469_c0 --> cpd00014_c0 + cpd15475_c0,,0.0,1000.0,C157H271N2O84P4,-11,c0
cpd15469_c0,rxn08583,galactosyl-glucosyl-inner core oligosaccharide lipid A,cpd00026_c0 + cpd15479_c0 --> cpd00014_c0 + cpd15469_c0,,0.0,1000.0,C157H271N2O84P4,-11,c0
cpd15798_c0,rxn10341,Anteisopentadecanoylcardiolipin (B. subtilis),2.0 cpd15726_c0 <=> cpd00100_c0 + cpd15798_c0,,-1000.0,1000.0,C69H132O17P2,-2,c0
cpd03423_c0,rxn03150,alpha-Ribazole,cpd00001_c0 + cpd02904_c0 --> cpd00009_c0 + cpd03423_c0,,0.0,1000.0,C14H18N2O4,0,c0
cpd03423_c0,rxn03538,alpha-Ribazole,cpd03423_c0 + cpd03920_c0 --> cpd00067_c0 + cpd00126_c0 + cpd00166_c0,,0.0,1000.0,C14H18N2O4,0,c0
cpd01646_c0,rxn02789,2-Isopropylmalate,cpd01646_c0 <=> cpd00001_c0 + cpd01710_c0,,-1000.0,1000.0,C7H10O5,-2,c0
cpd01646_c0,rxn00902,2-Isopropylmalate,cpd00001_c0 + cpd00022_c0 + cpd00123_c0 --> cpd00010_c0 + cpd00067_c0 + cpd01646_c0,,0.0,1000.0,C7H10O5,-2,c0
cpd01260_c0,rxn06510,Lauroyl-CoA,cpd00022_c0 + cpd01260_c0 <=> cpd00010_c0 + cpd12689_c0,,-1000.0,1000.0,C33H54N7O17P3S,-4,c0
cpd01260_c0,rxn12933,Lauroyl-CoA,cpd01260_c0 + cpd11493_c0 --> cpd00010_c0 + cpd11468_c0,,0.0,1000.0,C33H54N7O17P3S,-4,c0
cpd01260_c0,rxn10013,Lauroyl-CoA,cpd00004_c0 + cpd00067_c0 + cpd02060_c0 --> cpd00003_c0 + cpd01260_c0,,0.0,1000.0,C33H54N7O17P3S,-4,c0
cpd00751_c0,ADD_L_Fuc2,L-Fucose,cpd00751_e0 --> cpd00751_c0,,0.0,1000.0,C6H12O5,0,c0
cpd00751_c0,rxn02263,L-Fucose,cpd00751_c0 <=> cpd01186_c0,,-1000.0,1000.0,C6H12O5,0,c0
cpd15277_c0,rxn08392,Palmitoyl-ACP,cpd00004_c0 + cpd00067_c0 + cpd11477_c0 --> cpd00003_c0 + cpd15277_c0,,0.0,1000.0,C27H51N2O8PRS,-2,c0
cpd15277_c0,rxn08549,Palmitoyl-ACP,cpd00080_c0 + cpd15277_c0 --> cpd11493_c0 + cpd15327_c0,,0.0,1000.0,C27H51N2O8PRS,-2,c0
cpd15277_c0,rxn08086,Palmitoyl-ACP,cpd15277_c0 + cpd15327_c0 --> cpd11493_c0 + cpd15524_c0,,0.0,1000.0,C27H51N2O8PRS,-2,c0
cpd15277_c0,PA_syn,Palmitoyl-ACP,17.0 cis11_octadecenoyl_acp_c0 + 32.0 cis9_hexadecenoyl_acp_c0 + 50.0 cpd00080_c0 + 9.0 cpd11468_c0 + 6.0 cpd11480_c0 + 7.0 cpd11482_c0 + 29.0 cpd15277_c0 --> 100.0 cpd11493_c0 + cpd16080_c0,,0.0,1000.0,C27H51N2O8PRS,-2,c0
cpd00107_c0,biomass0,L-Leucine,0.169975 cpd00002_c0 + 0.00215 cpd00003_c0 + 5e-05 cpd00004_c0 + 0.0004 cpd00005_c0 + 0.00013 cpd00006_c0 + 6e-06 cpd00010_c0 + 1e-05 cpd00015_c0 + 5e-05 cpd00022_c0 + 0.25 cpd00023_c0 + 0.003 cpd00026_c0 + 1e-06 cpd00028_c0 + 0.496 cpd00033_c0 + 0.499 cpd00035_c0 + 0.203 cpd00038_c0 + 0.431 cpd00039_c0 + 0.245 cpd00041_c0 + 0.121 cpd00051_c0 + 0.126 cpd00052_c0 + 0.25 cpd00053_c0 + 0.29 cpd00054_c0 + 0.116 cpd00060_c0 + 0.136 cpd00062_c0 + 0.054 cpd00065_c0 + 0.199 cpd00066_c0 + 0.138 cpd00069_c0 + 3e-06 cpd00078_c0 + 0.087 cpd00084_c0 + 0.428 cpd00107_c0 + 0.01814 cpd00115_c0 + 0.035 cpd00118_c0 + 0.145 cpd00119_c0 + 0.541 cpd00129_c0 + 0.245 cpd00132_c0 + 0.154 cpd00155_c0 + 0.42 cpd00156_c0 + 0.436 cpd00161_c0 + 0.000223 cpd00201_c0 + 0.0254 cpd00241_c0 + 0.0089 cpd00264_c0 + 0.213 cpd00322_c0 + 0.000223 cpd00345_c0 + 0.0254 cpd00356_c0 + 0.01814 cpd00357_c0 + 0.000142 cpd11652_c0 + 0.000216 cpd12801_c0 + 0.000701 cpd15432_c0 + 0.00276 cpd15665_c0 + 0.00192 cpd16083_c0 + 4.3e-05 cpd16093_c0 --> biomass_c0 + 5.604 cpd00001_c0 + 0.08708 cpd00009_c0 + 0.634975 cpd00012_c0,,0.0,1000.0,C6H13NO2,0,c0
cpd00107_c0,rxn05161,L-Leucine,cpd00001_c0 + cpd00002_c0 + cpd00107_e0 --> cpd00008_c0 + cpd00009_c0 + cpd00067_c0 + cpd00107_c0,,0.0,1000.0,C6H13NO2,0,c0
cpd00107_c0,rxn13782,L-Leucine,10412.0 cpd00001_c0 + 6730.0 cpd00002_c0 + 496.0 cpd00033_c0 + 1370.0 cpd00035_c0 + 10162.0 cpd00038_c0 + 431.0 cpd00039_c0 + 250.0 cpd00041_c0 + 121.0 cpd00051_c0 + 500.0 cpd00053_c0 + 290.0 cpd00054_c0 + 116.0 cpd00060_c0 + 54.0 cpd00065_c0 + 199.0 cpd00066_c0 + 138.0 cpd00069_c0 + 87.0 cpd00084_c0 + 428.0 cpd00107_c0 + 145.0 cpd00119_c0 + 541.0 cpd00129_c0 + 420.0 cpd00156_c0 + 436.0 cpd00161_c0 + 14.0 cpd00201_c0 + 213.0 cpd00322_c0 --> Protein_c0 + 250.0 cpd00008_c0 + 10412.0 cpd00009_c0 + 6480.0 cpd00012_c0 + 6480.0 cpd00018_c0 + 10162.0 cpd00031_c0 + 14.0 cpd00047_c0 + 15493.0 cpd00067_c0 + 14.0 cpd00087_c0,,0.0,1000.0,C6H13NO2,0,c0
cpd00107_c0,rxn00804,L-Leucine,cpd00001_c0 + cpd00003_c0 + cpd00107_c0 <=> cpd00004_c0 + cpd00013_c0 + cpd00067_c0 + cpd00200_c0,,-1000.0,1000.0,C6H13NO2,0,c0
cpd00107_c0,rxn12643,L-Leucine,cpd00001_c0 + cpd11583_c0 --> cpd00035_c0 + cpd00107_c0,,0.0,1000.0,C6H13NO2,0,c0
cpd00107_c0,rxn12845,L-Leucine,cpd00001_c0 + cpd15604_c0 <=> cpd00033_c0 + cpd00107_c0,,-1000.0,1000.0,C6H13NO2,0,c0
cpd00107_c0,rxn05243,L-Leucine,cpd00067_e0 + cpd00107_e0 <=> cpd00067_c0 + cpd00107_c0,,-1000.0,1000.0,C6H13NO2,0,c0
cpd00107_c0,rxn00806,L-Leucine,cpd00024_c0 + cpd00107_c0 <=> cpd00023_c0 + cpd00200_c0,,-1000.0,1000.0,C6H13NO2,0,c0
cpd00190_c0,rxn01169,beta-D-Glucose,cpd00002_c0 + cpd00190_c0 --> cpd00008_c0 + cpd00067_c0 + cpd00863_c0,,0.0,1000.0,C6H12O6,0,c0
cpd00190_c0,rxn01109,beta-D-Glucose,cpd00006_c0 + cpd00190_c0 <=> cpd00005_c0 + cpd00067_c0 + cpd00170_c0,,-1000.0,1000.0,C6H12O6,0,c0
cpd00190_c0,rxn00020,beta-D-Glucose,cpd00001_c0 + cpd00158_c0 --> 2.0 cpd00190_c0,,0.0,1000.0,C6H12O6,0,c0
cpd00190_c0,rxn01108,beta-D-Glucose,cpd00003_c0 + cpd00190_c0 <=> cpd00004_c0 + cpd00067_c0 + cpd00170_c0,,-1000.0,1000.0,C6H12O6,0,c0
cpd11471_c0,rxn05334,(2E)-Octenoyl-[acp],cpd11483_c0 --> cpd00001_c0 + cpd11471_c0,,0.0,1000.0,C19H34N2O8PRS,-2,c0
cpd11471_c0,rxn05325,(2E)-Octenoyl-[acp],cpd00004_c0 + cpd00067_c0 + cpd11471_c0 --> cpd00003_c0 + cpd11470_c0,,0.0,1000.0,C19H34N2O8PRS,-2,c0
cpd00343_c0,rxn01018,N-Carbamoyl-L-aspartate,cpd00041_c0 + cpd00146_c0 --> cpd00009_c0 + cpd00067_c0 + cpd00343_c0,,0.0,1000.0,C5H6N2O5,-2,c0
cpd00343_c0,rxn01465,N-Carbamoyl-L-aspartate,cpd00001_c0 + cpd00282_c0 <=> cpd00067_c0 + cpd00343_c0,,-1000.0,1000.0,C5H6N2O5,-2,c0
cpd00191_c0,rxn00501,3-Oxopropanoate,cpd00003_c0 + cpd00010_c0 + cpd00191_c0 <=> cpd00004_c0 + cpd00011_c0 + cpd00022_c0,,-1000.0,1000.0,C3H3O3,-1,c0
cpd00191_c0,rxn01176,3-Oxopropanoate,cpd02721_c0 --> cpd00095_c0 + cpd00191_c0,,0.0,1000.0,C3H3O3,-1,c0
cpd00191_c0,rxn00656,3-Oxopropanoate,cpd00035_c0 + cpd00191_c0 <=> cpd00020_c0 + cpd00085_c0,,-1000.0,1000.0,C3H3O3,-1,c0
cpd01882_c0,rxn02866,Isovaleryl-CoA,cpd00982_c0 + cpd01966_c0 --> cpd00015_c0 + cpd01882_c0,,0.0,1000.0,C26H40N7O17P3S,-4,c0
cpd01882_c0,rxn05383,Isovaleryl-CoA,cpd01882_c0 + cpd11493_c0 <=> cpd00010_c0 + cpd11520_c0,,-1000.0,1000.0,C26H40N7O17P3S,-4,c0
cpd00074_c0,rxn08180,S,cpd00017_c0 + cpd00074_c0 + cpd01311_c0 --> cpd00060_c0 + cpd00067_c0 + cpd00104_c0 + cpd03091_c0,,0.0,1000.0,S,0,c0
cpd02948_c0,rxn03903,MurAc(oyl-L-Ala-D-gamma-Glu-L-Lys-D-Ala-D-Ala)-diphospho- undecaprenol,cpd00286_c0 + cpd02862_c0 <=> cpd00091_c0 + cpd02948_c0,,-1000.0,1000.0,C86H140N7O21P2,-3,c0
cpd02948_c0,rxn03933,MurAc(oyl-L-Ala-D-gamma-Glu-L-Lys-D-Ala-D-Ala)-diphospho- undecaprenol,cpd00037_c0 + cpd02948_c0 <=> cpd00014_c0 + cpd03491_c0,,-1000.0,1000.0,C86H140N7O21P2,-3,c0
cpd15535_c0,rxn09101,Phosphatidylglycerol didodecanoyl,cpd00001_c0 + cpd15542_c0 --> cpd00009_c0 + cpd00067_c0 + cpd15535_c0,,0.0,1000.0,C30H58O10P,-1,c0
cpd02557_c0,rxn03893,Farnesylfarnesylgeraniol,cpd00136_c0 + cpd02557_c0 --> cpd00012_c0 + cpd00067_c0 + cpd03443_c0,,0.0,1000.0,C40H66O7P2,-2,c0
cpd02557_c0,rxn08333,Farnesylfarnesylgeraniol,cpd02295_c0 + cpd02557_c0 --> cpd00011_c0 + cpd00012_c0 + cpd15353_c0,,0.0,1000.0,C40H66O7P2,-2,c0
cpd02557_c0,rxn12008,Farnesylfarnesylgeraniol,cpd00113_c0 + cpd02590_c0 --> cpd00012_c0 + cpd00067_c0 + cpd02557_c0,,0.0,1000.0,C40H66O7P2,-2,c0
cpd12547_c0,rxn08809,L-2-Lysophosphatidylethanolamine,cpd00001_c0 + cpd12547_c0 <=> cpd00067_c0 + cpd00908_c0 + cpd15269_c0,,-1000.0,1000.0,C6H13NO7PR,0,c0
cpd12547_c0,rxn08808,L-2-Lysophosphatidylethanolamine,cpd00001_c0 + cpd00067_c0 + cpd12547_c0 --> cpd00908_c0 + cpd01080_c0,,0.0,1000.0,C6H13NO7PR,0,c0
cpd00102_c0,rxn00781,Glyceraldehyde3-phosphate,cpd00003_c0 + cpd00009_c0 + cpd00102_c0 <=> cpd00004_c0 + cpd00067_c0 + cpd00203_c0,,-1000.0,1000.0,C3H5O6P,-2,c0
cpd00102_c0,rxn03909,Glyceraldehyde3-phosphate,cpd00020_c0 + cpd00067_c0 + cpd00102_c0 --> cpd00011_c0 + cpd08289_c0,,0.0,1000.0,C3H5O6P,-2,c0
cpd00102_c0,rxn01187,Glyceraldehyde3-phosphate,cpd00009_c0 + cpd00198_c0 --> cpd00001_c0 + cpd00102_c0 + cpd00196_c0,,0.0,1000.0,C3H5O6P,-2,c0
cpd00102_c0,rxn00782,Glyceraldehyde3-phosphate,cpd00005_c0 + cpd00067_c0 + cpd00203_c0 --> cpd00006_c0 + cpd00009_c0 + cpd00102_c0,,0.0,1000.0,C3H5O6P,-2,c0
cpd00102_c0,rxn00785,Glyceraldehyde3-phosphate,cpd00072_c0 + cpd00102_c0 <=> cpd00198_c0 + cpd00236_c0,,-1000.0,1000.0,C3H5O6P,-2,c0
cpd00102_c0,rxn01200,Glyceraldehyde3-phosphate,cpd00102_c0 + cpd00238_c0 <=> cpd00101_c0 + cpd00198_c0,,-1000.0,1000.0,C3H5O6P,-2,c0
cpd00102_c0,rxn03884,Glyceraldehyde3-phosphate,cpd02711_c0 <=> cpd00020_c0 + cpd00102_c0,,-1000.0,1000.0,C3H5O6P,-2,c0
cpd00102_c0,rxn01964,Glyceraldehyde3-phosphate,cpd00054_c0 + cpd02210_c0 --> cpd00001_c0 + cpd00065_c0 + cpd00102_c0,,0.0,1000.0,C3H5O6P,-2,c0
cpd00102_c0,rxn00747,Glyceraldehyde3-phosphate,cpd00102_c0 <=> cpd00095_c0,,-1000.0,1000.0,C3H5O6P,-2,c0
cpd00102_c0,rxn01333,Glyceraldehyde3-phosphate,cpd00102_c0 + cpd00238_c0 <=> cpd00072_c0 + cpd00236_c0,,-1000.0,1000.0,C3H5O6P,-2,c0
cpd00102_c0,rxn00786,Glyceraldehyde3-phosphate,cpd00290_c0 <=> cpd00095_c0 + cpd00102_c0,,-1000.0,1000.0,C3H5O6P,-2,c0
cpd00102_c0,rxn01682,Glyceraldehyde3-phosphate,cpd02210_c0 <=> cpd00102_c0 + cpd00359_c0,,-1000.0,1000.0,C3H5O6P,-2,c0
cpd00498_c0,rxn03436,2-Aceto-2-hydroxybutanoate,cpd00498_c0 <=> cpd10162_c0,,-1000.0,1000.0,C6H9O4,-1,c0
cpd00498_c0,rxn03194,2-Aceto-2-hydroxybutanoate,cpd00094_c0 + cpd03049_c0 <=> cpd00056_c0 + cpd00498_c0,,-1000.0,1000.0,C6H9O4,-1,c0
cpd15308_c0,rxn08296,"1,2-Diacyl-sn-glycerol ditetradec-7-enoyl",cpd00002_c0 + cpd15308_c0 <=> cpd00008_c0 + cpd15523_c0,,-1000.0,1000.0,C31H56O5,0,c0
cpd00011_e0,rxn05467,CO2,cpd00011_e0 <=> cpd00011_c0,,-1000.0,1000.0,CO2,0,e0
cpd00011_e0,EXpd00011,CO2,cpd00011_e0 <=> ,,-1000.0,1000.0,CO2,0,e0
cpd03448_c0,rxn04139,"2-Octaprenyl-3-methyl-6-methoxy-1,4-benzoquinone",cpd00005_c0 + cpd00007_c0 + cpd03448_c0 --> cpd00001_c0 + cpd00006_c0 + cpd03449_c0,,0.0,1000.0,C48H72O3,0,c0
cpd03448_c0,rxn03397,"2-Octaprenyl-3-methyl-6-methoxy-1,4-benzoquinone",cpd00017_c0 + cpd03447_c0 --> cpd00019_c0 + cpd00067_c0 + cpd03448_c0,,0.0,1000.0,C48H72O3,0,c0
cpd11585_e0,rxn05542,L-alanylglycine,cpd00001_c0 + cpd00002_c0 + cpd11585_e0 --> cpd00008_c0 + cpd00009_c0 + cpd00067_c0 + cpd11585_c0,,0.0,1000.0,C5H10N2O3,0,e0
cpd11585_e0,EXpd11585,L-alanylglycine,cpd11585_e0 --> ,,0.0,1000.0,C5H10N2O3,0,e0
cpd00125_c0,rxn01520,5-10-Methylenetetrahydrofolate,cpd00125_c0 + cpd00299_c0 --> cpd00298_c0 + cpd00330_c0,,0.0,1000.0,C20H21N7O6,-2,c0
cpd00125_c0,rxn00912,5-10-Methylenetetrahydrofolate,cpd00001_c0 + cpd00123_c0 + cpd00125_c0 <=> cpd00087_c0 + cpd00712_c0,,-1000.0,1000.0,C20H21N7O6,-2,c0
cpd00125_c0,rxn00692,5-10-Methylenetetrahydrofolate,cpd00001_c0 + cpd00033_c0 + cpd00125_c0 <=> cpd00054_c0 + cpd00087_c0,,-1000.0,1000.0,C20H21N7O6,-2,c0
cpd00125_c0,rxn00907,5-10-Methylenetetrahydrofolate,cpd00006_c0 + cpd00125_c0 <=> cpd00005_c0 + cpd00347_c0,,-1000.0,1000.0,C20H21N7O6,-2,c0
cpd00125_c0,rxn04954,5-10-Methylenetetrahydrofolate,cpd00003_c0 + cpd00345_c0 <=> cpd00004_c0 + cpd00067_c0 + cpd00125_c0,,-1000.0,1000.0,C20H21N7O6,-2,c0
cpd00125_c0,rxn06600,5-10-Methylenetetrahydrofolate,cpd00087_c0 + cpd11830_c0 --> cpd00013_c0 + cpd00125_c0 + cpd12225_c0,,0.0,1000.0,C20H21N7O6,-2,c0
cpd00125_c0,rxn00910,5-10-Methylenetetrahydrofolate,cpd00006_c0 + cpd00345_c0 <=> cpd00005_c0 + cpd00067_c0 + cpd00125_c0,,-1000.0,1000.0,C20H21N7O6,-2,c0
cpd00125_c0,rxn00908,5-10-Methylenetetrahydrofolate,cpd00003_c0 + cpd00033_c0 + cpd00087_c0 --> cpd00004_c0 + cpd00011_c0 + cpd00013_c0 + cpd00125_c0,,0.0,1000.0,C20H21N7O6,-2,c0
cpd00044_c0,rxn00361,3-phosphoadenylylsulfate,cpd00002_c0 + cpd00193_c0 <=> cpd00008_c0 + cpd00044_c0 + cpd00067_c0,,-1000.0,1000.0,C10H11N5O13P2S,-4,c0
cpd00044_c0,rxn05239,3-phosphoadenylylsulfate,cpd00044_c0 + cpd11421_c0 --> cpd00045_c0 + cpd00067_c0 + cpd00081_c0 + cpd11420_c0,,0.0,1000.0,C10H11N5O13P2S,-4,c0
cpd11912_c0,rxn06937,tRNA-Glu,cpd00002_c0 + cpd00023_c0 + cpd00067_c0 + cpd11912_c0 --> cpd00012_c0 + cpd00018_c0 + cpd12227_c0,,0.0,1000.0,C10H12N5O3R,0,c0
cpd11912_c0,rxn06591,tRNA-Glu,cpd00005_c0 + cpd00067_c0 + cpd12227_c0 <=> cpd00006_c0 + cpd02345_c0 + cpd11912_c0,,-1000.0,1000.0,C10H12N5O3R,0,c0
cpd15556_c0,rxn09209,phosphatidylserine dihexadec-9-enoyl,cpd00054_c0 + cpd15418_c0 --> cpd00046_c0 + 2.0 cpd00067_c0 + cpd15556_c0,,0.0,1000.0,C38H68NO10P,-2,c0
cpd15556_c0,rxn09201,phosphatidylserine dihexadec-9-enoyl,2.0 cpd00067_c0 + cpd15556_c0 <=> cpd00011_c0 + cpd15532_c0,,-1000.0,1000.0,C38H68NO10P,-2,c0
cpd11581_c0,rxn05546,gly-asn-L,cpd00001_c0 + cpd00002_c0 + cpd11581_e0 --> cpd00008_c0 + cpd00009_c0 + cpd00067_c0 + cpd11581_c0,,0.0,1000.0,C6H11N3O4,0,c0
cpd11581_c0,rxn12645,gly-asn-L,cpd00001_c0 + cpd11581_c0 <=> cpd00033_c0 + cpd00132_c0,,-1000.0,1000.0,C6H11N3O4,0,c0
cpd00299_c0,rxn01520,dUMP,cpd00125_c0 + cpd00299_c0 --> cpd00298_c0 + cpd00330_c0,,0.0,1000.0,C9H11N2O8P,-2,c0
cpd00299_c0,rxn01519,dUMP,cpd00001_c0 + cpd00358_c0 --> cpd00012_c0 + 2.0 cpd00067_c0 + cpd00299_c0,,0.0,1000.0,C9H11N2O8P,-2,c0
cpd00299_c0,rxn01521,dUMP,cpd00001_c0 + cpd00299_c0 --> cpd00009_c0 + cpd00412_c0,,0.0,1000.0,C9H11N2O8P,-2,c0
cpd00045_c0,rxn05239,Adenosine 3-5-bisphosphate,cpd00044_c0 + cpd11421_c0 --> cpd00045_c0 + cpd00067_c0 + cpd00081_c0 + cpd11420_c0,,0.0,1000.0,C10H11N5O10P2,-4,c0
cpd00045_c0,rxn06023,Adenosine 3-5-bisphosphate,cpd00010_c0 + cpd12370_c0 <=> cpd00045_c0 + cpd11493_c0,,-1000.0,1000.0,C10H11N5O10P2,-4,c0
cpd00045_c0,rxn00137,Adenosine 3-5-bisphosphate,cpd00001_c0 + cpd00045_c0 --> cpd00009_c0 + cpd00018_c0,,0.0,1000.0,C10H11N5O10P2,-4,c0
cpd00177_c0,rxn00839,dADP,cpd00002_c0 + cpd00177_c0 <=> cpd00008_c0 + cpd00115_c0,,-1000.0,1000.0,C10H13N5O9P2,-2,c0
cpd00177_c0,rxn05231,dADP,cpd00008_c0 + cpd11421_c0 --> cpd00001_c0 + cpd00177_c0 + cpd11420_c0,,0.0,1000.0,C10H13N5O9P2,-2,c0
cpd00177_c0,rxn01127,dADP,cpd00002_c0 + cpd00067_c0 + cpd00294_c0 <=> cpd00008_c0 + cpd00177_c0,,-1000.0,1000.0,C10H13N5O9P2,-2,c0
cpd00177_c0,rxn09562,dADP,cpd00067_c0 + cpd00115_c0 + cpd00126_c0 <=> cpd00031_c0 + cpd00177_c0,,-1000.0,1000.0,C10H13N5O9P2,-2,c0
cpd00268_e0,rxn05176,H2S2O3,cpd00001_c0 + cpd00002_c0 + cpd00268_e0 --> cpd00008_c0 + cpd00009_c0 + cpd00067_c0 + cpd00268_c0,,0.0,1000.0,HO3S2,-1,e0
cpd00268_e0,EXpd00268,H2S2O3,cpd00268_e0 --> ,,0.0,1000.0,HO3S2,-1,e0
cpd01311_c0,rxn08180,Dethiobiotin,cpd00017_c0 + cpd00074_c0 + cpd01311_c0 --> cpd00060_c0 + cpd00067_c0 + cpd00104_c0 + cpd03091_c0,,0.0,1000.0,C10H17N2O3,-1,c0
cpd01311_c0,rxn02277,Dethiobiotin,cpd00002_c0 + cpd00011_c0 + cpd00764_c0 --> cpd00008_c0 + cpd00009_c0 + 3.0 cpd00067_c0 + cpd01311_c0,,0.0,1000.0,C10H17N2O3,-1,c0
cpd15554_c0,rxn09207,phosphatidylserine ditetradec-7-enoyl,cpd00054_c0 + cpd15422_c0 --> cpd00046_c0 + 2.0 cpd00067_c0 + cpd15554_c0,,0.0,1000.0,C34H60NO10P,-2,c0
cpd15554_c0,rxn09199,phosphatidylserine ditetradec-7-enoyl,2.0 cpd00067_c0 + cpd15554_c0 <=> cpd00011_c0 + cpd15530_c0,,-1000.0,1000.0,C34H60NO10P,-2,c0
cpd00016_c0,ADD_TPP1,Pyridoxal phosphate,cpd00016_c0 + cpd00119_c0 --> cpd00939_e0,,0.0,1000.0,C8H8NO6P,-2,c0
cpd00016_c0,rxn00209,Pyridoxal phosphate,cpd00007_c0 + cpd00478_c0 --> cpd00016_c0 + cpd00025_c0,,0.0,1000.0,C8H8NO6P,-2,c0
cpd00016_c0,rxn00208,Pyridoxal phosphate,cpd00001_c0 + cpd00007_c0 + cpd00493_c0 --> cpd00013_c0 + cpd00016_c0 + cpd00025_c0,,0.0,1000.0,C8H8NO6P,-2,c0
cpd00100_c0,Car_syn,Glycerol,2.0 cpd11652_c0 --> 50.0 cpd00100_c0 + cpd12801_c0,,0.0,1000.0,C3H8O3,0,c0
cpd00100_c0,rxn00763,Glycerol,cpd00003_c0 + cpd00100_c0 <=> cpd00004_c0 + cpd00067_c0 + cpd00448_c0,,-1000.0,1000.0,C3H8O3,0,c0
cpd00100_c0,rxn10340,Glycerol,2.0 cpd15725_c0 <=> cpd00100_c0 + cpd15797_c0,,-1000.0,1000.0,C3H8O3,0,c0
cpd00100_c0,rxn10338,Glycerol,2.0 cpd15723_c0 <=> cpd00100_c0 + cpd15795_c0,,-1000.0,1000.0,C3H8O3,0,c0
cpd00100_c0,rxn10335,Glycerol,2.0 cpd15536_c0 <=> cpd00100_c0 + cpd15792_c0,,-1000.0,1000.0,C3H8O3,0,c0
cpd00100_c0,rxn10342,Glycerol,2.0 cpd15727_c0 <=> cpd00100_c0 + cpd15799_c0,,-1000.0,1000.0,C3H8O3,0,c0
cpd00100_c0,rxn10341,Glycerol,2.0 cpd15726_c0 <=> cpd00100_c0 + cpd15798_c0,,-1000.0,1000.0,C3H8O3,0,c0
cpd00100_c0,rxn05581,Glycerol,cpd00100_c0 <=> cpd00100_e0,,-1000.0,1000.0,C3H8O3,0,c0
cpd00100_c0,rxn10339,Glycerol,2.0 cpd15724_c0 <=> cpd00100_c0 + cpd15796_c0,,-1000.0,1000.0,C3H8O3,0,c0
cpd00100_c0,rxn00615,Glycerol,cpd00002_c0 + cpd00100_c0 <=> cpd00008_c0 + cpd00067_c0 + cpd00080_c0,,-1000.0,1000.0,C3H8O3,0,c0
cpd00100_c0,rxn08669,Glycerol,cpd00001_c0 + cpd02090_c0 --> cpd00067_c0 + cpd00080_c0 + cpd00100_c0,,0.0,1000.0,C3H8O3,0,c0
cpd00100_c0,rxn10334,Glycerol,2.0 cpd15538_c0 <=> cpd00100_c0 + cpd15791_c0,,-1000.0,1000.0,C3H8O3,0,c0
cpd00100_c0,rxn10337,Glycerol,2.0 cpd15722_c0 <=> cpd00100_c0 + cpd15794_c0,,-1000.0,1000.0,C3H8O3,0,c0
cpd00100_c0,rxn10336,Glycerol,2.0 cpd15540_c0 <=> cpd00100_c0 + cpd15793_c0,,-1000.0,1000.0,C3H8O3,0,c0
cpd11519_c0,rxn05452,14-methyl-hexa-decanoyl-ACP,cpd00010_c0 + cpd11519_c0 <=> cpd11434_c0 + cpd11493_c0,,-1000.0,1000.0,C28H53N2O8PRS,-2,c0
cpd11519_c0,rxn05438,14-methyl-hexa-decanoyl-ACP,cpd00004_c0 + cpd00067_c0 + cpd11518_c0 --> cpd00003_c0 + cpd11519_c0,,0.0,1000.0,C28H53N2O8PRS,-2,c0
cpd00132_c0,biomass0,L-Asparagine,0.169975 cpd00002_c0 + 0.00215 cpd00003_c0 + 5e-05 cpd00004_c0 + 0.0004 cpd00005_c0 + 0.00013 cpd00006_c0 + 6e-06 cpd00010_c0 + 1e-05 cpd00015_c0 + 5e-05 cpd00022_c0 + 0.25 cpd00023_c0 + 0.003 cpd00026_c0 + 1e-06 cpd00028_c0 + 0.496 cpd00033_c0 + 0.499 cpd00035_c0 + 0.203 cpd00038_c0 + 0.431 cpd00039_c0 + 0.245 cpd00041_c0 + 0.121 cpd00051_c0 + 0.126 cpd00052_c0 + 0.25 cpd00053_c0 + 0.29 cpd00054_c0 + 0.116 cpd00060_c0 + 0.136 cpd00062_c0 + 0.054 cpd00065_c0 + 0.199 cpd00066_c0 + 0.138 cpd00069_c0 + 3e-06 cpd00078_c0 + 0.087 cpd00084_c0 + 0.428 cpd00107_c0 + 0.01814 cpd00115_c0 + 0.035 cpd00118_c0 + 0.145 cpd00119_c0 + 0.541 cpd00129_c0 + 0.245 cpd00132_c0 + 0.154 cpd00155_c0 + 0.42 cpd00156_c0 + 0.436 cpd00161_c0 + 0.000223 cpd00201_c0 + 0.0254 cpd00241_c0 + 0.0089 cpd00264_c0 + 0.213 cpd00322_c0 + 0.000223 cpd00345_c0 + 0.0254 cpd00356_c0 + 0.01814 cpd00357_c0 + 0.000142 cpd11652_c0 + 0.000216 cpd12801_c0 + 0.000701 cpd15432_c0 + 0.00276 cpd15665_c0 + 0.00192 cpd16083_c0 + 4.3e-05 cpd16093_c0 --> biomass_c0 + 5.604 cpd00001_c0 + 0.08708 cpd00009_c0 + 0.634975 cpd00012_c0,,0.0,1000.0,C4H8N2O3,0,c0
cpd00132_c0,rxn00342,L-Asparagine,cpd00001_c0 + cpd00132_c0 --> cpd00013_c0 + cpd00041_c0,,0.0,1000.0,C4H8N2O3,0,c0
cpd00132_c0,ADD_cpd00132,L-Asparagine,cpd00132_e0 <=> cpd00132_c0,,-1000.0,1000.0,C4H8N2O3,0,c0
cpd00132_c0,rxn12645,L-Asparagine,cpd00001_c0 + cpd11581_c0 <=> cpd00033_c0 + cpd00132_c0,,-1000.0,1000.0,C4H8N2O3,0,c0
cpd00132_c0,rxn00416,L-Asparagine,cpd00001_c0 + cpd00002_c0 + cpd00041_c0 + cpd00053_c0 --> cpd00012_c0 + cpd00018_c0 + cpd00023_c0 + 2.0 cpd00067_c0 + cpd00132_c0,,0.0,1000.0,C4H8N2O3,0,c0
cpd11555_c0,rxn05418,8-methyl-3-hydroxy-nonanoyl-ACP,cpd00005_c0 + cpd00067_c0 + cpd11554_c0 <=> cpd00006_c0 + cpd11555_c0,,-1000.0,1000.0,C21H39N2O9PRS,-1,c0
cpd03116_c0,rxn03242,(S)-3-Hydroxydodecanoyl-CoA,cpd00003_c0 + cpd03116_c0 <=> cpd00004_c0 + cpd00067_c0 + cpd03117_c0,,-1000.0,1000.0,C33H54N7O18P3S,-4,c0
cpd03116_c0,rxn02911,(S)-3-Hydroxydodecanoyl-CoA,cpd03116_c0 <=> cpd00001_c0 + cpd02060_c0,,-1000.0,1000.0,C33H54N7O18P3S,-4,c0
cpd01080_e0,EXpd01080,ocdca,cpd01080_e0 --> ,,0.0,1000.0,C18H35O2,-1,e0
cpd01080_e0,rxn10161,ocdca,cpd00067_e0 + cpd01080_e0 <=> cpd00067_c0 + cpd01080_c0,,-1000.0,1000.0,C18H35O2,-1,e0
cpd00330_c0,rxn01520,Dihydrofolate,cpd00125_c0 + cpd00299_c0 --> cpd00298_c0 + cpd00330_c0,,0.0,1000.0,C19H19N7O6,-2,c0
cpd00330_c0,rxn01602,Dihydrofolate,cpd00006_c0 + cpd00330_c0 <=> cpd00005_c0 + cpd00067_c0 + cpd00393_c0,,-1000.0,1000.0,C19H19N7O6,-2,c0
cpd00330_c0,rxn01603,Dihydrofolate,cpd00002_c0 + cpd00023_c0 + cpd00683_c0 --> cpd00008_c0 + cpd00009_c0 + cpd00067_c0 + cpd00330_c0,,0.0,1000.0,C19H19N7O6,-2,c0
cpd00330_c0,rxn00686,Dihydrofolate,cpd00006_c0 + cpd00087_c0 <=> cpd00005_c0 + cpd00067_c0 + cpd00330_c0,,-1000.0,1000.0,C19H19N7O6,-2,c0
cpd00836_c0,rxn01871,S-Acetyldihydrolipoamide,cpd00022_c0 + cpd00449_c0 --> cpd00010_c0 + cpd00836_c0,,0.0,0.0,C10H19NO2S2,0,c0
cpd00836_c0,rxn02342,S-Acetyldihydrolipoamide,cpd00213_c0 + cpd03049_c0 <=> cpd00056_c0 + cpd00836_c0,,-1000.0,1000.0,C10H19NO2S2,0,c0
cpd01587_c0,rxn01025,5-Methylcytosine,cpd00001_c0 + cpd00067_c0 + cpd01587_c0 --> cpd00013_c0 + cpd00151_c0,,0.0,1000.0,C5H7N3O,0,c0
cpd11547_c0,rxn05410,4-methyl-3-hydroxy-pentanoyl-ACP,cpd00005_c0 + cpd00067_c0 + cpd11546_c0 <=> cpd00006_c0 + cpd11547_c0,,-1000.0,1000.0,C17H31N2O9PRS,-1,c0
cpd00430_c0,rxn01843,PACT,cpd00001_c0 + cpd00067_c0 + cpd01647_c0 <=> cpd00013_c0 + cpd00430_c0,,-1000.0,1000.0,C8H8O2,0,c0
cpd00075_e0,rxn05625,Nitrite,cpd00067_e0 + cpd00075_e0 <=> cpd00067_c0 + cpd00075_c0,,-1000.0,1000.0,HNO2,0,e0
cpd02182_c0,rxn01274,(R)-S-Lactoylglutathione,cpd00001_c0 + cpd02182_c0 --> cpd00042_c0 + cpd00067_c0 + cpd00221_c0,,0.0,1000.0,C13H20N3O8S,-1,c0
cpd02182_c0,rxn01834,(R)-S-Lactoylglutathione,cpd02182_c0 <=> cpd00042_c0 + cpd00428_c0,,-1000.0,1000.0,C13H20N3O8S,-1,c0
cpd02255_c0,rxn02144,3-oxoadipate-enol-lactone,cpd00001_c0 + cpd02255_c0 --> cpd00067_c0 + cpd00630_c0,,0.0,1000.0,C6H5O4,-1,c0
cpd02255_c0,rxn02971,3-oxoadipate-enol-lactone,cpd02536_c0 <=> cpd02255_c0,,-1000.0,1000.0,C6H5O4,-1,c0
cpd02255_c0,rxn02483,3-oxoadipate-enol-lactone,cpd00067_c0 + cpd00938_c0 --> cpd00011_c0 + cpd02255_c0,,0.0,1000.0,C6H5O4,-1,c0
cpd00653_c0,rxn02174,D-Galactonate,cpd00001_c0 + cpd02143_c0 <=> cpd00067_c0 + cpd00653_c0,,-1000.0,1000.0,C6H11O7,-1,c0
cpd00653_c0,rxn02173,D-Galactonate,cpd00653_c0 --> cpd00001_c0 + cpd00894_c0,,0.0,1000.0,C6H11O7,-1,c0
cpd00473_c0,rxn01393,3-Dehydro-L-gulonate,cpd00067_c0 + cpd00473_c0 <=> cpd00011_c0 + cpd00261_c0,,-1000.0,1000.0,C6H9O7,-1,c0
cpd00473_c0,rxn01913,3-Dehydro-L-gulonate,cpd00003_c0 + cpd00594_c0 <=> cpd00004_c0 + cpd00067_c0 + cpd00473_c0,,-1000.0,1000.0,C6H9O7,-1,c0
cpd00911_c0,rxn01975,6-phospho-D-glucono-1-5-lactone,cpd00006_c0 + cpd00863_c0 <=> cpd00005_c0 + cpd00067_c0 + cpd00911_c0,,-1000.0,1000.0,C6H9O9P,-2,c0
cpd00911_c0,rxn00604,6-phospho-D-glucono-1-5-lactone,cpd00006_c0 + cpd00079_c0 <=> cpd00005_c0 + cpd00067_c0 + cpd00911_c0,,-1000.0,1000.0,C6H9O9P,-2,c0
cpd00911_c0,rxn01476,6-phospho-D-glucono-1-5-lactone,cpd00001_c0 + cpd00911_c0 --> cpd00067_c0 + cpd00284_c0,,0.0,1000.0,C6H9O9P,-2,c0
cpd00851_c0,rxn02359,trans-4-Hydroxy-L-proline,cpd00015_c0 + cpd00851_c0 <=> cpd00067_c0 + cpd00982_c0 + cpd02625_c0,,-1000.0,1000.0,C5H9NO3,0,c0
cpd15349_c0,rxn08851,2-Acyl-sn-glycero-3-phosphoglycerol octadec-11-enoyl,cpd00001_c0 + cpd15349_c0 <=> cpd00067_c0 + cpd02090_c0 + cpd15269_c0,,-1000.0,1000.0,C24H46O9P,-1,c0
cpd00201_c0,rxn00691,10-Formyltetrahydrofolate,cpd00001_c0 + cpd00201_c0 --> cpd00047_c0 + cpd00067_c0 + cpd00087_c0,,0.0,1000.0,C20H21N7O7,-2,c0
cpd00201_c0,biomass0,10-Formyltetrahydrofolate,0.169975 cpd00002_c0 + 0.00215 cpd00003_c0 + 5e-05 cpd00004_c0 + 0.0004 cpd00005_c0 + 0.00013 cpd00006_c0 + 6e-06 cpd00010_c0 + 1e-05 cpd00015_c0 + 5e-05 cpd00022_c0 + 0.25 cpd00023_c0 + 0.003 cpd00026_c0 + 1e-06 cpd00028_c0 + 0.496 cpd00033_c0 + 0.499 cpd00035_c0 + 0.203 cpd00038_c0 + 0.431 cpd00039_c0 + 0.245 cpd00041_c0 + 0.121 cpd00051_c0 + 0.126 cpd00052_c0 + 0.25 cpd00053_c0 + 0.29 cpd00054_c0 + 0.116 cpd00060_c0 + 0.136 cpd00062_c0 + 0.054 cpd00065_c0 + 0.199 cpd00066_c0 + 0.138 cpd00069_c0 + 3e-06 cpd00078_c0 + 0.087 cpd00084_c0 + 0.428 cpd00107_c0 + 0.01814 cpd00115_c0 + 0.035 cpd00118_c0 + 0.145 cpd00119_c0 + 0.541 cpd00129_c0 + 0.245 cpd00132_c0 + 0.154 cpd00155_c0 + 0.42 cpd00156_c0 + 0.436 cpd00161_c0 + 0.000223 cpd00201_c0 + 0.0254 cpd00241_c0 + 0.0089 cpd00264_c0 + 0.213 cpd00322_c0 + 0.000223 cpd00345_c0 + 0.0254 cpd00356_c0 + 0.01814 cpd00357_c0 + 0.000142 cpd11652_c0 + 0.000216 cpd12801_c0 + 0.000701 cpd15432_c0 + 0.00276 cpd15665_c0 + 0.00192 cpd16083_c0 + 4.3e-05 cpd16093_c0 --> biomass_c0 + 5.604 cpd00001_c0 + 0.08708 cpd00009_c0 + 0.634975 cpd00012_c0,,0.0,1000.0,C20H21N7O7,-2,c0
cpd00201_c0,rxn13782,10-Formyltetrahydrofolate,10412.0 cpd00001_c0 + 6730.0 cpd00002_c0 + 496.0 cpd00033_c0 + 1370.0 cpd00035_c0 + 10162.0 cpd00038_c0 + 431.0 cpd00039_c0 + 250.0 cpd00041_c0 + 121.0 cpd00051_c0 + 500.0 cpd00053_c0 + 290.0 cpd00054_c0 + 116.0 cpd00060_c0 + 54.0 cpd00065_c0 + 199.0 cpd00066_c0 + 138.0 cpd00069_c0 + 87.0 cpd00084_c0 + 428.0 cpd00107_c0 + 145.0 cpd00119_c0 + 541.0 cpd00129_c0 + 420.0 cpd00156_c0 + 436.0 cpd00161_c0 + 14.0 cpd00201_c0 + 213.0 cpd00322_c0 --> Protein_c0 + 250.0 cpd00008_c0 + 10412.0 cpd00009_c0 + 6480.0 cpd00012_c0 + 6480.0 cpd00018_c0 + 10162.0 cpd00031_c0 + 14.0 cpd00047_c0 + 15493.0 cpd00067_c0 + 14.0 cpd00087_c0,,0.0,1000.0,C20H21N7O7,-2,c0
cpd00201_c0,rxn03004,10-Formyltetrahydrofolate,cpd00201_c0 + cpd02394_c0 <=> cpd00067_c0 + cpd00087_c0 + cpd02678_c0,,-1000.0,1000.0,C20H21N7O7,-2,c0
cpd00201_c0,rxn03137,10-Formyltetrahydrofolate,cpd00201_c0 + cpd02851_c0 <=> cpd00087_c0 + cpd02884_c0,,-1000.0,1000.0,C20H21N7O7,-2,c0
cpd00201_c0,rxn01210,10-Formyltetrahydrofolate,cpd00002_c0 + cpd00023_c0 + cpd00201_c0 --> cpd00008_c0 + cpd00009_c0 + cpd00067_c0 + cpd03524_c0,,0.0,1000.0,C20H21N7O7,-2,c0
cpd00201_c0,rxn01211,10-Formyltetrahydrofolate,cpd00001_c0 + cpd00347_c0 <=> cpd00067_c0 + cpd00201_c0,,-1000.0,1000.0,C20H21N7O7,-2,c0
cpd01892_c0,rxn00965,4-Hydroxybenzoyl-CoA,cpd00001_c0 + cpd01892_c0 --> cpd00010_c0 + cpd00067_c0 + cpd00136_c0,,0.0,1000.0,C28H36N7O18P3S,-4,c0
cpd15316_c0,rxn08806,1-Acyl-sn-glycero-3-phosphoethanolamine hexadecanoyl,cpd00001_c0 + cpd15316_c0 <=> cpd00067_c0 + cpd00214_c0 + cpd00908_c0,,-1000.0,1000.0,C21H44NO7P,0,c0
cpd03920_c0,rxn03537,Adenosylcobinamide-GDP,cpd00038_c0 + cpd03919_c0 <=> cpd00012_c0 + cpd03920_c0,,-1000.0,1000.0,C68H95CoN21O21P2,-1,c0
cpd03920_c0,rxn03538,Adenosylcobinamide-GDP,cpd03423_c0 + cpd03920_c0 --> cpd00067_c0 + cpd00126_c0 + cpd00166_c0,,0.0,1000.0,C68H95CoN21O21P2,-1,c0
cpd00229_c0,rxn00979,Glycolaldehyde,cpd00001_c0 + cpd00003_c0 + cpd00229_c0 --> cpd00004_c0 + 2.0 cpd00067_c0 + cpd00139_c0,,0.0,1000.0,C2H4O2,0,c0
cpd00229_c0,rxn02504,Glycolaldehyde,cpd02961_c0 <=> cpd00229_c0 + cpd00954_c0,,-1000.0,1000.0,C2H4O2,0,c0
cpd11480_c0,rxn05340,D-3-Hydroxydodecanoyl-[acp],cpd00006_c0 + cpd11480_c0 <=> cpd00005_c0 + cpd00067_c0 + cpd11489_c0,,-1000.0,1000.0,C23H43N2O9PRS,-2,c0
cpd11480_c0,PA_syn,D-3-Hydroxydodecanoyl-[acp],17.0 cis11_octadecenoyl_acp_c0 + 32.0 cis9_hexadecenoyl_acp_c0 + 50.0 cpd00080_c0 + 9.0 cpd11468_c0 + 6.0 cpd11480_c0 + 7.0 cpd11482_c0 + 29.0 cpd15277_c0 --> 100.0 cpd11493_c0 + cpd16080_c0,,0.0,1000.0,C23H43N2O9PRS,-2,c0
cpd15488_c0,rxn08709,heptosyl-phospho-heptosyl-heptosyl-kdo2-lipidA,cpd00002_c0 + cpd15488_c0 --> cpd00008_c0 + cpd00067_c0 + cpd15550_c0,,0.0,1000.0,C131H231N2O60P3,-8,c0
cpd15488_c0,rxn08712,heptosyl-phospho-heptosyl-heptosyl-kdo2-lipidA,cpd03831_c0 + cpd15549_c0 --> cpd00008_c0 + cpd15488_c0,,0.0,1000.0,C131H231N2O60P3,-8,c0
cpd04918_c0,rxn03918,D-Glycero-D-manno-heptose7-phosphate,cpd00002_c0 + cpd04918_c0 <=> cpd00008_c0 + cpd00067_c0 + cpd08316_c0,,-1000.0,1000.0,C7H13O10P,-2,c0
cpd04918_c0,rxn03917,D-Glycero-D-manno-heptose7-phosphate,cpd00238_c0 <=> cpd04918_c0,,-1000.0,1000.0,C7H13O10P,-2,c0
cpd15237_c0,rxn08821,hexadecenoate,cpd00001_c0 + cpd15354_c0 <=> 2.0 cpd00067_c0 + cpd00080_c0 + cpd15237_c0,,-1000.0,1000.0,C16H29O2,-1,c0
cpd15237_c0,rxn08842,hexadecenoate,cpd00001_c0 + cpd15340_c0 <=> cpd00067_c0 + cpd00908_c0 + cpd15237_c0,,-1000.0,1000.0,C16H29O2,-1,c0
cpd15237_c0,rxn08849,hexadecenoate,cpd00001_c0 + cpd15347_c0 <=> cpd00067_c0 + cpd02090_c0 + cpd15237_c0,,-1000.0,1000.0,C16H29O2,-1,c0
cpd15237_c0,rxn08800,hexadecenoate,cpd00001_c0 + cpd15326_c0 <=> 2.0 cpd00067_c0 + cpd00080_c0 + cpd15237_c0,,-1000.0,1000.0,C16H29O2,-1,c0
cpd15237_c0,rxn09450,hexadecenoate,cpd00002_c0 + cpd00010_c0 + cpd15237_c0 --> cpd00012_c0 + cpd00018_c0 + cpd15238_c0,,0.0,1000.0,C16H29O2,-1,c0
cpd15237_c0,rxn08814,hexadecenoate,cpd00001_c0 + cpd15322_c0 <=> cpd00067_c0 + cpd02090_c0 + cpd15237_c0,,-1000.0,1000.0,C16H29O2,-1,c0
cpd15237_c0,rxn08807,hexadecenoate,cpd00001_c0 + cpd15317_c0 <=> cpd00067_c0 + cpd00908_c0 + cpd15237_c0,,-1000.0,1000.0,C16H29O2,-1,c0
cpd15536_c0,rxn10335,Phosphatidylglycerol ditetradecanoyl,2.0 cpd15536_c0 <=> cpd00100_c0 + cpd15792_c0,,-1000.0,1000.0,C34H66O10P,-1,c0
cpd15536_c0,rxn09102,Phosphatidylglycerol ditetradecanoyl,cpd00001_c0 + cpd15543_c0 --> cpd00009_c0 + cpd00067_c0 + cpd15536_c0,,0.0,1000.0,C34H66O10P,-1,c0
cpd00918_c0,rxn01637,2-Acetamido-5-oxopentanoate,cpd00023_c0 + cpd00918_c0 --> cpd00024_c0 + cpd00342_c0,,0.0,1000.0,C7H10NO4,-1,c0
cpd00918_c0,rxn02465,2-Acetamido-5-oxopentanoate,cpd00005_c0 + cpd00067_c0 + cpd02552_c0 --> cpd00006_c0 + cpd00009_c0 + cpd00918_c0,,0.0,1000.0,C7H10NO4,-1,c0
cpd16062_e0,EXpd16062,Citrate-Mg,cpd16062_e0 --> ,,0.0,1000.0,C6H5MgO7,-1,e0
cpd16062_e0,rxn10855,Citrate-Mg,cpd00067_e0 + cpd16062_e0 <=> cpd00067_c0 + cpd16062_c0,,-1000.0,1000.0,C6H5MgO7,-1,e0
cpd03752_c0,rxn05567,Galactitol 1-phosphate,cpd00061_c0 + cpd01171_e0 <=> cpd00020_c0 + cpd03752_c0,,-1000.0,1000.0,C6H13O9P,-2,c0
cpd01324_c0,rxn02159,L-Histidinal,cpd00003_c0 + cpd00641_c0 <=> cpd00004_c0 + cpd00067_c0 + cpd01324_c0,,-1000.0,1000.0,C6H10N3O,1,c0
cpd01324_c0,rxn00863,L-Histidinal,cpd00001_c0 + cpd00003_c0 + cpd01324_c0 --> cpd00004_c0 + 2.0 cpd00067_c0 + cpd00119_c0,,0.0,1000.0,C6H10N3O,1,c0
cpd02069_c0,rxn01101,3-Phosphonooxypyruvate,cpd00003_c0 + cpd00169_c0 <=> cpd00004_c0 + cpd00067_c0 + cpd02069_c0,,-1000.0,1000.0,C3H2O7P,-3,c0
cpd02069_c0,rxn02914,3-Phosphonooxypyruvate,cpd00024_c0 + cpd00738_c0 <=> cpd00023_c0 + cpd02069_c0,,-1000.0,1000.0,C3H2O7P,-3,c0
cpd15314_c0,rxn08804,1-Acyl-sn-glycero-3-phosphoethanolamine tetradecanoyl,cpd00001_c0 + cpd15314_c0 <=> cpd00067_c0 + cpd00908_c0 + cpd03847_c0,,-1000.0,1000.0,C19H40NO7P,0,c0
cpd00418_c0,rxn01806,NO,cpd00004_c0 + cpd00067_c0 + 2.0 cpd00418_c0 <=> cpd00001_c0 + cpd00003_c0 + cpd00659_c0,,-1000.0,1000.0,NO,0,c0
cpd00418_c0,rxn03991,NO,cpd00005_c0 + 2.0 cpd00007_c0 + 2.0 cpd00418_c0 --> cpd00006_c0 + cpd00067_c0 + 2.0 cpd00209_c0,,0.0,1000.0,NO,0,c0
cpd00418_c0,rxn00567,NO,cpd00001_c0 + cpd00109_c0 + cpd00418_c0 <=> cpd00067_c0 + cpd00075_c0 + cpd00110_c0,,-1000.0,1000.0,NO,0,c0
cpd00418_c0,rxn03990,NO,cpd00004_c0 + 2.0 cpd00007_c0 + 2.0 cpd00418_c0 --> cpd00003_c0 + cpd00067_c0 + 2.0 cpd00209_c0,,0.0,1000.0,NO,0,c0
cpd12139_c0,rxn06526,Protein disulfide,cpd00006_c0 + cpd12072_c0 <=> cpd00005_c0 + cpd00067_c0 + cpd12139_c0,,-1000.0,1000.0,C7H9N3O3R2S2,0,c0
cpd00118_e0,rxn05163,Putrescine,cpd00001_c0 + cpd00002_c0 + cpd00118_e0 --> cpd00008_c0 + cpd00009_c0 + cpd00067_c0 + cpd00118_c0,,0.0,1000.0,C4H14N2,2,e0
cpd00118_e0,EXpd00118,Putrescine,cpd00118_e0 --> ,,0.0,1000.0,C4H14N2,2,e0
cpd01999_c0,rxn03852,GDP-D-rhamnose,cpd00946_c0 + cpd01999_c0 <=> cpd00031_c0 + cpd00067_c0 + cpd02967_c0,,-1000.0,1000.0,C16H23N5O15P2,-2,c0
cpd01999_c0,rxn02440,GDP-D-rhamnose,cpd00006_c0 + cpd01999_c0 <=> cpd00005_c0 + cpd00067_c0 + cpd00900_c0,,-1000.0,1000.0,C16H23N5O15P2,-2,c0
cpd02631_c0,rxn02007,DKDI,cpd00524_c0 --> cpd00001_c0 + cpd02631_c0,,0.0,1000.0,C6H8O5,0,c0
cpd02631_c0,rxn12147,DKDI,cpd00001_c0 + cpd02631_c0 --> cpd00067_c0 + cpd16540_c0,,0.0,1000.0,C6H8O5,0,c0
cis9_hexadecenoyl_acp_c0,Cis11_oct_syn,cis9_hexadecenoyl_acp_c0,cis9_hexadecenoyl_acp_c0 + cpd00004_c0 + cpd00005_c0 + 3.0 cpd00067_c0 + cpd11492_c0 --> cis11_octadecenoyl_acp_c0 + cpd00001_c0 + cpd00003_c0 + cpd00006_c0 + cpd00011_c0 + cpd11493_c0,,0.0,1000.0,X,0,c0
cis9_hexadecenoyl_acp_c0,Cis9_hex_syn,cis9_hexadecenoyl_acp_c0,3.0 cpd00004_c0 + 3.0 cpd00005_c0 + 8.0 cpd00067_c0 + cpd11482_c0 + 3.0 cpd11492_c0 --> cis9_hexadecenoyl_acp_c0 + 4.0 cpd00001_c0 + 3.0 cpd00003_c0 + 3.0 cpd00006_c0 + 3.0 cpd00011_c0 + 3.0 cpd11493_c0,,0.0,1000.0,X,0,c0
cis9_hexadecenoyl_acp_c0,PA_syn,cis9_hexadecenoyl_acp_c0,17.0 cis11_octadecenoyl_acp_c0 + 32.0 cis9_hexadecenoyl_acp_c0 + 50.0 cpd00080_c0 + 9.0 cpd11468_c0 + 6.0 cpd11480_c0 + 7.0 cpd11482_c0 + 29.0 cpd15277_c0 --> 100.0 cpd11493_c0 + cpd16080_c0,,0.0,1000.0,X,0,c0
cpd00142_c0,rxn00991,Acetoacetate,cpd00292_c0 <=> cpd00022_c0 + cpd00142_c0,,-1000.0,1000.0,C4H5O3,-1,c0
cpd00142_c0,rxn00988,Acetoacetate,cpd00002_c0 + cpd00010_c0 + cpd00142_c0 --> cpd00012_c0 + cpd00018_c0 + cpd00067_c0 + cpd00279_c0,,0.0,1000.0,C4H5O3,-1,c0
cpd00142_c0,rxn05484,Acetoacetate,cpd00067_e0 + cpd00142_e0 <-- cpd00067_c0 + cpd00142_c0,,-1000.0,0.0,C4H5O3,-1,c0
cpd00142_c0,rxn00992,Acetoacetate,cpd00003_c0 + cpd00797_c0 <=> cpd00004_c0 + cpd00067_c0 + cpd00142_c0,,-1000.0,1000.0,C4H5O3,-1,c0
cpd00142_c0,rxn00290,Acetoacetate,cpd00078_c0 + cpd00142_c0 <=> cpd00036_c0 + cpd00279_c0,,-1000.0,1000.0,C4H5O3,-1,c0
cpd00142_c0,rxn00993,Acetoacetate,cpd00001_c0 + cpd00780_c0 --> cpd00067_c0 + cpd00106_c0 + cpd00142_c0,,0.0,1000.0,C4H5O3,-1,c0
cpd02590_c0,rxn05267,all-trans-Heptaprenyl diphosphate,cpd00004_c0 + cpd00011_c0 + cpd00012_c0 + cpd11425_c0 --> cpd00003_c0 + cpd02295_c0 + cpd02590_c0,,0.0,1000.0,C35H58O7P2,-2,c0
cpd02590_c0,rxn03891,all-trans-Heptaprenyl diphosphate,cpd00113_c0 + cpd00906_c0 --> cpd00012_c0 + cpd00067_c0 + cpd02590_c0,,0.0,1000.0,C35H58O7P2,-2,c0
cpd02590_c0,rxn12008,all-trans-Heptaprenyl diphosphate,cpd00113_c0 + cpd02590_c0 --> cpd00012_c0 + cpd00067_c0 + cpd02557_c0,,0.0,1000.0,C35H58O7P2,-2,c0
cpd00504_c0,rxn01973,"LL-2,6-Diaminopimelate",cpd00001_c0 + cpd02698_c0 <=> cpd00036_c0 + cpd00504_c0,,-1000.0,1000.0,C7H14N2O4,0,c0
cpd00504_c0,rxn01974,"LL-2,6-Diaminopimelate",cpd00504_c0 <=> cpd00516_c0,,-1000.0,1000.0,C7H14N2O4,0,c0
cpd00842_c0,rxn01451,(S)-3-Hydroxybutyryl-CoA,cpd00003_c0 + cpd00842_c0 <=> cpd00004_c0 + cpd00067_c0 + cpd00279_c0,,-1000.0,1000.0,C25H38N7O18P3S,-4,c0
cpd00842_c0,rxn02345,(S)-3-Hydroxybutyryl-CoA,cpd00842_c0 <=> cpd02234_c0,,-1000.0,1000.0,C25H38N7O18P3S,-4,c0
cpd00842_c0,rxn02167,(S)-3-Hydroxybutyryl-CoA,cpd00842_c0 <=> cpd00001_c0 + cpd00650_c0,,-1000.0,1000.0,C25H38N7O18P3S,-4,c0
cpd00119_c0,biomass0,L-Histidine,0.169975 cpd00002_c0 + 0.00215 cpd00003_c0 + 5e-05 cpd00004_c0 + 0.0004 cpd00005_c0 + 0.00013 cpd00006_c0 + 6e-06 cpd00010_c0 + 1e-05 cpd00015_c0 + 5e-05 cpd00022_c0 + 0.25 cpd00023_c0 + 0.003 cpd00026_c0 + 1e-06 cpd00028_c0 + 0.496 cpd00033_c0 + 0.499 cpd00035_c0 + 0.203 cpd00038_c0 + 0.431 cpd00039_c0 + 0.245 cpd00041_c0 + 0.121 cpd00051_c0 + 0.126 cpd00052_c0 + 0.25 cpd00053_c0 + 0.29 cpd00054_c0 + 0.116 cpd00060_c0 + 0.136 cpd00062_c0 + 0.054 cpd00065_c0 + 0.199 cpd00066_c0 + 0.138 cpd00069_c0 + 3e-06 cpd00078_c0 + 0.087 cpd00084_c0 + 0.428 cpd00107_c0 + 0.01814 cpd00115_c0 + 0.035 cpd00118_c0 + 0.145 cpd00119_c0 + 0.541 cpd00129_c0 + 0.245 cpd00132_c0 + 0.154 cpd00155_c0 + 0.42 cpd00156_c0 + 0.436 cpd00161_c0 + 0.000223 cpd00201_c0 + 0.0254 cpd00241_c0 + 0.0089 cpd00264_c0 + 0.213 cpd00322_c0 + 0.000223 cpd00345_c0 + 0.0254 cpd00356_c0 + 0.01814 cpd00357_c0 + 0.000142 cpd11652_c0 + 0.000216 cpd12801_c0 + 0.000701 cpd15432_c0 + 0.00276 cpd15665_c0 + 0.00192 cpd16083_c0 + 4.3e-05 cpd16093_c0 --> biomass_c0 + 5.604 cpd00001_c0 + 0.08708 cpd00009_c0 + 0.634975 cpd00012_c0,,0.0,1000.0,C6H9N3O2,0,c0
cpd00119_c0,ADD_TPP1,L-Histidine,cpd00016_c0 + cpd00119_c0 --> cpd00939_e0,,0.0,1000.0,C6H9N3O2,0,c0
cpd00119_c0,rxn12642,L-Histidine,cpd00001_c0 + cpd11584_c0 <=> cpd00035_c0 + cpd00119_c0,,-1000.0,1000.0,C6H9N3O2,0,c0
cpd00119_c0,rxn00863,L-Histidine,cpd00001_c0 + cpd00003_c0 + cpd01324_c0 --> cpd00004_c0 + 2.0 cpd00067_c0 + cpd00119_c0,,0.0,1000.0,C6H9N3O2,0,c0
cpd00119_c0,rxn05164,L-Histidine,cpd00001_c0 + cpd00002_c0 + cpd00119_e0 --> cpd00008_c0 + cpd00009_c0 + cpd00067_c0 + cpd00119_c0,,0.0,1000.0,C6H9N3O2,0,c0
cpd00119_c0,rxn13782,L-Histidine,10412.0 cpd00001_c0 + 6730.0 cpd00002_c0 + 496.0 cpd00033_c0 + 1370.0 cpd00035_c0 + 10162.0 cpd00038_c0 + 431.0 cpd00039_c0 + 250.0 cpd00041_c0 + 121.0 cpd00051_c0 + 500.0 cpd00053_c0 + 290.0 cpd00054_c0 + 116.0 cpd00060_c0 + 54.0 cpd00065_c0 + 199.0 cpd00066_c0 + 138.0 cpd00069_c0 + 87.0 cpd00084_c0 + 428.0 cpd00107_c0 + 145.0 cpd00119_c0 + 541.0 cpd00129_c0 + 420.0 cpd00156_c0 + 436.0 cpd00161_c0 + 14.0 cpd00201_c0 + 213.0 cpd00322_c0 --> Protein_c0 + 250.0 cpd00008_c0 + 10412.0 cpd00009_c0 + 6480.0 cpd00012_c0 + 6480.0 cpd00018_c0 + 10162.0 cpd00031_c0 + 14.0 cpd00047_c0 + 15493.0 cpd00067_c0 + 14.0 cpd00087_c0,,0.0,1000.0,C6H9N3O2,0,c0
cpd00051_c0,biomass0,L-Arginine,0.169975 cpd00002_c0 + 0.00215 cpd00003_c0 + 5e-05 cpd00004_c0 + 0.0004 cpd00005_c0 + 0.00013 cpd00006_c0 + 6e-06 cpd00010_c0 + 1e-05 cpd00015_c0 + 5e-05 cpd00022_c0 + 0.25 cpd00023_c0 + 0.003 cpd00026_c0 + 1e-06 cpd00028_c0 + 0.496 cpd00033_c0 + 0.499 cpd00035_c0 + 0.203 cpd00038_c0 + 0.431 cpd00039_c0 + 0.245 cpd00041_c0 + 0.121 cpd00051_c0 + 0.126 cpd00052_c0 + 0.25 cpd00053_c0 + 0.29 cpd00054_c0 + 0.116 cpd00060_c0 + 0.136 cpd00062_c0 + 0.054 cpd00065_c0 + 0.199 cpd00066_c0 + 0.138 cpd00069_c0 + 3e-06 cpd00078_c0 + 0.087 cpd00084_c0 + 0.428 cpd00107_c0 + 0.01814 cpd00115_c0 + 0.035 cpd00118_c0 + 0.145 cpd00119_c0 + 0.541 cpd00129_c0 + 0.245 cpd00132_c0 + 0.154 cpd00155_c0 + 0.42 cpd00156_c0 + 0.436 cpd00161_c0 + 0.000223 cpd00201_c0 + 0.0254 cpd00241_c0 + 0.0089 cpd00264_c0 + 0.213 cpd00322_c0 + 0.000223 cpd00345_c0 + 0.0254 cpd00356_c0 + 0.01814 cpd00357_c0 + 0.000142 cpd11652_c0 + 0.000216 cpd12801_c0 + 0.000701 cpd15432_c0 + 0.00276 cpd15665_c0 + 0.00192 cpd16083_c0 + 4.3e-05 cpd16093_c0 --> biomass_c0 + 5.604 cpd00001_c0 + 0.08708 cpd00009_c0 + 0.634975 cpd00012_c0,,0.0,1000.0,C6H15N4O2,1,c0
cpd00051_c0,rxn00405,L-Arginine,cpd00051_c0 + cpd00067_c0 --> cpd00011_c0 + cpd00152_c0,,0.0,1000.0,C6H15N4O2,1,c0
cpd00051_c0,rxn00802,L-Arginine,cpd02152_c0 <=> cpd00051_c0 + cpd00106_c0,,-1000.0,1000.0,C6H15N4O2,1,c0
cpd00051_c0,rxn10131,L-Arginine,cpd00051_e0 + cpd00064_c0 <=> cpd00051_c0 + cpd00064_e0,,-1000.0,1000.0,C6H15N4O2,1,c0
cpd00051_c0,rxn13782,L-Arginine,10412.0 cpd00001_c0 + 6730.0 cpd00002_c0 + 496.0 cpd00033_c0 + 1370.0 cpd00035_c0 + 10162.0 cpd00038_c0 + 431.0 cpd00039_c0 + 250.0 cpd00041_c0 + 121.0 cpd00051_c0 + 500.0 cpd00053_c0 + 290.0 cpd00054_c0 + 116.0 cpd00060_c0 + 54.0 cpd00065_c0 + 199.0 cpd00066_c0 + 138.0 cpd00069_c0 + 87.0 cpd00084_c0 + 428.0 cpd00107_c0 + 145.0 cpd00119_c0 + 541.0 cpd00129_c0 + 420.0 cpd00156_c0 + 436.0 cpd00161_c0 + 14.0 cpd00201_c0 + 213.0 cpd00322_c0 --> Protein_c0 + 250.0 cpd00008_c0 + 10412.0 cpd00009_c0 + 6480.0 cpd00012_c0 + 6480.0 cpd00018_c0 + 10162.0 cpd00031_c0 + 14.0 cpd00047_c0 + 15493.0 cpd00067_c0 + 14.0 cpd00087_c0,,0.0,1000.0,C6H15N4O2,1,c0
cpd00051_c0,rxn00395,L-Arginine,cpd00001_c0 + cpd00051_c0 --> cpd00013_c0 + cpd00274_c0,,0.0,1000.0,C6H15N4O2,1,c0
cpd00051_c0,rxn05154,L-Arginine,cpd00001_c0 + cpd00002_c0 + cpd00051_e0 --> cpd00008_c0 + cpd00009_c0 + cpd00051_c0 + cpd00067_c0,,0.0,1000.0,C6H15N4O2,1,c0
cpd15539_c0,rxn09105,Phosphatidylglycerol dihexadec-9-enoyl,cpd00001_c0 + cpd15546_c0 --> cpd00009_c0 + cpd00067_c0 + cpd15539_c0,,0.0,1000.0,C38H70O10P,-1,c0
cpd02414_c0,rxn03012,L-2-Amino-6-oxopimelate,cpd02414_c0 --> cpd00001_c0 + cpd00067_c0 + cpd02465_c0,,0.0,1000.0,C7H10NO5,-1,c0
cpd00659_c0,rxn22447,Nitrous oxide,cpd00001_c0 + 2.0 cpd00109_c0 + cpd00528_c0 <=> 2.0 cpd00067_c0 + 2.0 cpd00110_c0 + cpd00659_c0,,-1000.0,1000.0,N2O,0,c0
cpd00659_c0,rxn01806,Nitrous oxide,cpd00004_c0 + cpd00067_c0 + 2.0 cpd00418_c0 <=> cpd00001_c0 + cpd00003_c0 + cpd00659_c0,,-1000.0,1000.0,N2O,0,c0
cpd00659_c0,rxn11937,Nitrous oxide,cpd00004_c0 + cpd00067_c0 + cpd00659_c0 --> cpd00001_c0 + cpd00003_c0 + cpd00528_c0,,0.0,1000.0,N2O,0,c0
cpd15606_e0,rxn12851,Gly-Tyr,cpd00001_c0 + cpd00002_c0 + cpd15606_e0 --> cpd00008_c0 + cpd00009_c0 + cpd00067_c0 + cpd15606_c0,,0.0,1000.0,C11H14N2O4,0,e0
cpd15606_e0,EXpd15606,Gly-Tyr,cpd15606_e0 --> ,,0.0,1000.0,C11H14N2O4,0,e0
cpd00072_c0,rxn00552,D-fructose-6-phosphate,cpd00001_c0 + cpd00288_c0 --> cpd00013_c0 + cpd00072_c0,,0.0,1000.0,C6H11O9P,-2,c0
cpd00072_c0,rxn00558,D-fructose-6-phosphate,cpd00079_c0 <=> cpd00072_c0,,-1000.0,1000.0,C6H11O9P,-2,c0
cpd00072_c0,rxn02380,D-fructose-6-phosphate,cpd00863_c0 <=> cpd00072_c0,,-1000.0,1000.0,C6H11O9P,-2,c0
cpd00072_c0,rxn00785,D-fructose-6-phosphate,cpd00072_c0 + cpd00102_c0 <=> cpd00198_c0 + cpd00236_c0,,-1000.0,1000.0,C6H11O9P,-2,c0
cpd00072_c0,rxn00547,D-fructose-6-phosphate,cpd00002_c0 + cpd00082_c0 <=> cpd00008_c0 + cpd00067_c0 + cpd00072_c0,,-1000.0,1000.0,C6H11O9P,-2,c0
cpd00072_c0,rxn03886,D-fructose-6-phosphate,cpd00003_c0 + cpd00804_c0 <=> cpd00004_c0 + cpd00067_c0 + cpd00072_c0,,-1000.0,1000.0,C6H11O9P,-2,c0
cpd00072_c0,rxn00549,D-fructose-6-phosphate,cpd00001_c0 + cpd00290_c0 --> cpd00009_c0 + cpd00072_c0,,0.0,1000.0,C6H11O9P,-2,c0
cpd00072_c0,ADD_transport_cpd00072,D-fructose-6-phosphate,cpd00072_e0 <=> cpd00072_c0,,-1000.0,1000.0,C6H11O9P,-2,c0
cpd00072_c0,rxn00559,D-fructose-6-phosphate,cpd00235_c0 <=> cpd00072_c0,,-1000.0,1000.0,C6H11O9P,-2,c0
cpd00072_c0,rxn01333,D-fructose-6-phosphate,cpd00102_c0 + cpd00238_c0 <=> cpd00072_c0 + cpd00236_c0,,-1000.0,1000.0,C6H11O9P,-2,c0
cpd00072_c0,rxn00548,D-fructose-6-phosphate,cpd00009_c0 + cpd00072_c0 --> cpd00001_c0 + cpd00196_c0 + cpd00236_c0,,0.0,1000.0,C6H11O9P,-2,c0
cpd00072_c0,rxn00555,D-fructose-6-phosphate,cpd00053_c0 + cpd00072_c0 <=> cpd00023_c0 + cpd00288_c0,,-1000.0,1000.0,C6H11O9P,-2,c0
cpd00026_c0,biomass0,UDP-glucose,0.169975 cpd00002_c0 + 0.00215 cpd00003_c0 + 5e-05 cpd00004_c0 + 0.0004 cpd00005_c0 + 0.00013 cpd00006_c0 + 6e-06 cpd00010_c0 + 1e-05 cpd00015_c0 + 5e-05 cpd00022_c0 + 0.25 cpd00023_c0 + 0.003 cpd00026_c0 + 1e-06 cpd00028_c0 + 0.496 cpd00033_c0 + 0.499 cpd00035_c0 + 0.203 cpd00038_c0 + 0.431 cpd00039_c0 + 0.245 cpd00041_c0 + 0.121 cpd00051_c0 + 0.126 cpd00052_c0 + 0.25 cpd00053_c0 + 0.29 cpd00054_c0 + 0.116 cpd00060_c0 + 0.136 cpd00062_c0 + 0.054 cpd00065_c0 + 0.199 cpd00066_c0 + 0.138 cpd00069_c0 + 3e-06 cpd00078_c0 + 0.087 cpd00084_c0 + 0.428 cpd00107_c0 + 0.01814 cpd00115_c0 + 0.035 cpd00118_c0 + 0.145 cpd00119_c0 + 0.541 cpd00129_c0 + 0.245 cpd00132_c0 + 0.154 cpd00155_c0 + 0.42 cpd00156_c0 + 0.436 cpd00161_c0 + 0.000223 cpd00201_c0 + 0.0254 cpd00241_c0 + 0.0089 cpd00264_c0 + 0.213 cpd00322_c0 + 0.000223 cpd00345_c0 + 0.0254 cpd00356_c0 + 0.01814 cpd00357_c0 + 0.000142 cpd11652_c0 + 0.000216 cpd12801_c0 + 0.000701 cpd15432_c0 + 0.00276 cpd15665_c0 + 0.00192 cpd16083_c0 + 4.3e-05 cpd16093_c0 --> biomass_c0 + 5.604 cpd00001_c0 + 0.08708 cpd00009_c0 + 0.634975 cpd00012_c0,,0.0,1000.0,C15H22N2O17P2,-2,c0
cpd00026_c0,rxn08618,UDP-glucose,cpd00026_c0 + cpd15489_c0 <=> cpd00014_c0 + 4.0 cpd00067_c0 + cpd15479_c0,,-1000.0,1000.0,C15H22N2O17P2,-2,c0
cpd00026_c0,rxn08619,UDP-glucose,cpd00026_c0 + cpd15469_c0 --> cpd00014_c0 + cpd15475_c0,,0.0,1000.0,C15H22N2O17P2,-2,c0
cpd00026_c0,rxn00605,UDP-glucose,cpd00026_c0 + cpd00079_c0 <=> cpd00014_c0 + cpd00523_c0,,-1000.0,1000.0,C15H22N2O17P2,-2,c0
cpd00026_c0,rxn00213,UDP-glucose,cpd00062_c0 + cpd00089_c0 <=> cpd00012_c0 + cpd00026_c0,,-1000.0,1000.0,C15H22N2O17P2,-2,c0
cpd00026_c0,rxn08620,UDP-glucose,cpd00026_c0 + cpd15475_c0 --> cpd00014_c0 + cpd15477_c0,,0.0,1000.0,C15H22N2O17P2,-2,c0
cpd00026_c0,rxn00214,UDP-glucose,cpd00026_c0 <=> cpd00043_c0,,-1000.0,1000.0,C15H22N2O17P2,-2,c0
cpd00026_c0,rxn08583,UDP-glucose,cpd00026_c0 + cpd15479_c0 --> cpd00014_c0 + cpd15469_c0,,0.0,1000.0,C15H22N2O17P2,-2,c0
IscS_sulfur_acceptor_protein_c0,ADD_TPP4,IscS_sulfur_acceptor_protein_c0,IscS_sulfur_acceptor_protein_c0 + cpd00084_c0 --> IscS_with_bound_sulfur_c0 + cpd00035_c0,,0.0,1000.0,X,0,c0
IscS_sulfur_acceptor_protein_c0,ADD_TPP3,IscS_sulfur_acceptor_protein_c0,IscS_with_bound_sulfur_c0 + cpd00002_c0 + cpd00005_c0 + cpd08289_c0 + cpd14545_c0 --> IscS_sulfur_acceptor_protein_c0 + 2.0 cpd00001_c0 + cpd00006_c0 + cpd00011_c0 + cpd00012_c0 + cpd00018_c0 + cpd00067_c0 + cpd02654_c0,,0.0,1000.0,X,0,c0
cpd11564_c0,rxn05449,12-methyl-trans-tridec-2-enoyl-ACP,cpd00004_c0 + cpd00067_c0 + cpd11564_c0 --> cpd00003_c0 + cpd11565_c0,,0.0,1000.0,C25H45N2O8PRS,-1,c0
cpd00712_c0,rxn00912,2-Dehydropantoate,cpd00001_c0 + cpd00123_c0 + cpd00125_c0 <=> cpd00087_c0 + cpd00712_c0,,-1000.0,1000.0,C6H9O4,-1,c0
cpd00712_c0,rxn01790,2-Dehydropantoate,cpd00006_c0 + cpd00408_c0 <=> cpd00005_c0 + cpd00067_c0 + cpd00712_c0,,-1000.0,1000.0,C6H9O4,-1,c0
cpd15521_c0,rxn08294,"1,2-didodecanoyl-sn-glycerol 3-phosphate",cpd00002_c0 + cpd15306_c0 <=> cpd00008_c0 + cpd15521_c0,,-1000.0,1000.0,C27H52O8P,-1,c0
cpd15521_c0,rxn08083,"1,2-didodecanoyl-sn-glycerol 3-phosphate",cpd00067_c0 + cpd11468_c0 + cpd15325_c0 --> cpd11493_c0 + cpd15521_c0,,0.0,1000.0,C27H52O8P,-1,c0
cpd15521_c0,rxn08306,"1,2-didodecanoyl-sn-glycerol 3-phosphate",cpd00052_c0 + cpd15521_c0 <=> cpd00012_c0 + cpd00067_c0 + cpd15417_c0,,-1000.0,1000.0,C27H52O8P,-1,c0
cpd15521_c0,ADD_12dia,"1,2-didodecanoyl-sn-glycerol 3-phosphate",cpd00001_c0 + cpd15521_c0 --> cpd00009_c0 + cpd15311_c0,,0.0,1000.0,C27H52O8P,-1,c0
cpd11557_c0,rxn05447,8-methyl-nonanoyl-ACP,cpd00004_c0 + cpd00067_c0 + cpd11556_c0 --> cpd00003_c0 + cpd11557_c0,,0.0,1000.0,C21H39N2O8PRS,-1,c0
cpd11557_c0,rxn05421,8-methyl-nonanoyl-ACP,cpd11492_c0 + cpd11557_c0 --> cpd00011_c0 + cpd11493_c0 + cpd11558_c0,,0.0,1000.0,C21H39N2O8PRS,-1,c0
cpd08210_c0,rxn01257,ADC,cpd00053_c0 + cpd00216_c0 <=> cpd00023_c0 + cpd08210_c0,,-1000.0,1000.0,C10H10NO5,-1,c0
cpd08210_c0,rxn03841,ADC,cpd08210_c0 --> cpd00020_c0 + cpd00067_c0 + cpd00443_c0,,0.0,1000.0,C10H10NO5,-1,c0
cpd00859_c0,rxn00776,Pseudouridine 5'-phosphate,cpd00092_c0 + cpd00101_c0 --> cpd00001_c0 + cpd00859_c0,,0.0,1000.0,C9H11N2O9P,-2,c0
cpd03494_c0,rxn03904,Undecaprenyl-diphospho-N-acetylmuramoyl-L-alanyl-D-glutamyl-meso-2-6-diaminopimeloyl-D-alanyl-D-alanine,cpd00286_c0 + cpd02968_c0 <=> cpd00091_c0 + cpd03494_c0,,-1000.0,1000.0,C87H139N7O23P2,-4,c0
cpd03494_c0,rxn03408,Undecaprenyl-diphospho-N-acetylmuramoyl-L-alanyl-D-glutamyl-meso-2-6-diaminopimeloyl-D-alanyl-D-alanine,cpd00037_c0 + cpd03494_c0 <=> cpd00014_c0 + cpd03495_c0,,-1000.0,1000.0,C87H139N7O23P2,-4,c0
cpd03443_c0,rxn03893,3-Octaprenyl-4-hydroxybenzoate,cpd00136_c0 + cpd02557_c0 --> cpd00012_c0 + cpd00067_c0 + cpd03443_c0,,0.0,1000.0,C47H69O3,-1,c0
cpd03443_c0,rxn03393,3-Octaprenyl-4-hydroxybenzoate,cpd00067_c0 + cpd03443_c0 --> cpd00011_c0 + cpd03444_c0,,0.0,1000.0,C47H69O3,-1,c0
cpd02187_c0,rxn01923,Methacrylyl-CoA,cpd00007_c0 + 2.0 cpd00481_c0 --> 2.0 cpd00001_c0 + 2.0 cpd02187_c0,,0.0,1000.0,C25H36N7O17P3S,-4,c0
cpd02187_c0,rxn01924,Methacrylyl-CoA,cpd00982_c0 + cpd02187_c0 --> cpd00015_c0 + cpd00481_c0,,0.0,1000.0,C25H36N7O17P3S,-4,c0
cpd02187_c0,rxn02949,Methacrylyl-CoA,cpd00001_c0 + cpd02187_c0 <=> cpd03572_c0,,-1000.0,1000.0,C25H36N7O17P3S,-4,c0
cpd11592_c0,rxn05534,gly-glu-L,cpd00001_c0 + cpd00002_c0 + cpd11592_e0 --> cpd00008_c0 + cpd00009_c0 + cpd00067_c0 + cpd11592_c0,,0.0,1000.0,C7H11N2O5,-1,c0
cpd11592_c0,rxn12634,gly-glu-L,cpd00001_c0 + cpd11592_c0 <=> cpd00023_c0 + cpd00033_c0,,-1000.0,1000.0,C7H11N2O5,-1,c0
cpd00550_c0,rxn02046,D-Serine,cpd00001_c0 + cpd01665_c0 --> cpd00009_c0 + cpd00550_c0,,0.0,1000.0,C3H7NO3,0,c0
cpd00550_c0,ADD_D_Ser2,D-Serine,cpd00550_e0 --> cpd00550_c0,,0.0,1000.0,C3H7NO3,0,c0
cpd00550_c0,rxn00166,D-Serine,cpd00550_c0 <=> cpd00013_c0 + cpd00020_c0,,-1000.0,1000.0,C3H7NO3,0,c0
cpd01710_c0,rxn02789,2-Isopropylmaleate,cpd01646_c0 <=> cpd00001_c0 + cpd01710_c0,,-1000.0,1000.0,C7H8O4,-2,c0
cpd01710_c0,rxn02811,2-Isopropylmaleate,cpd02693_c0 <=> cpd00001_c0 + cpd01710_c0,,-1000.0,1000.0,C7H8O4,-2,c0
cpd03444_c0,rxn03393,2-Octaprenylphenol,cpd00067_c0 + cpd03443_c0 --> cpd00011_c0 + cpd03444_c0,,0.0,1000.0,C46H70O,0,c0
cpd03444_c0,rxn03394,2-Octaprenylphenol,cpd00005_c0 + cpd00007_c0 + cpd00067_c0 + cpd03444_c0 --> cpd00001_c0 + cpd00006_c0 + cpd03445_c0,,0.0,1000.0,C46H70O,0,c0
cpd26818_e0,ADD_Galactose2,D-Galactose,cpd26818_e0 --> cpd26818_c0,,0.0,1000.0,C6H12O6,0,e0
cpd26818_e0,EXpd26818,D-Galactose,cpd26818_e0 --> ,,0.0,1000.0,C6H12O6,0,e0
cpd00099_c0,rxn10473,Cl-,cpd00099_e0 <=> cpd00099_c0,,-1000.0,1000.0,Cl,-1,c0
cpd00020_c0,rxn00499,Pyruvate,cpd00003_c0 + cpd00159_c0 <=> cpd00004_c0 + cpd00020_c0 + cpd00067_c0,,-1000.0,1000.0,C3H3O3,-1,c0
cpd00020_c0,rxn08783,Pyruvate,cpd00221_c0 + cpd15560_c0 --> cpd00020_c0 + cpd15561_c0,,0.0,1000.0,C3H3O3,-1,c0
cpd00020_c0,rxn05485,Pyruvate,cpd00061_c0 + cpd00122_e0 <=> cpd00020_c0 + cpd00293_c0,,-1000.0,1000.0,C3H3O3,-1,c0
cpd00020_c0,rxn01644,Pyruvate,cpd00020_c0 + cpd00346_c0 --> 2.0 cpd00001_c0 + cpd00067_c0 + cpd02120_c0,,0.0,1000.0,C3H3O3,-1,c0
cpd00020_c0,rxn05647,Pyruvate,cpd00061_c0 + cpd01030_e0 <=> cpd00020_c0 + cpd03698_c0,,-1000.0,1000.0,C3H3O3,-1,c0
cpd00020_c0,rxn00904,Pyruvate,cpd00020_c0 + cpd00156_c0 <=> cpd00035_c0 + cpd00123_c0,,-1000.0,1000.0,C3H3O3,-1,c0
cpd00020_c0,rxn05655,Pyruvate,cpd00061_c0 + cpd00076_e0 <=> cpd00020_c0 + cpd01693_c0,,-1000.0,1000.0,C3H3O3,-1,c0
cpd00020_c0,rxn00154,Pyruvate,cpd00003_c0 + cpd00010_c0 + cpd00020_c0 --> cpd00004_c0 + cpd00011_c0 + cpd00022_c0,,0.0,1000.0,C3H3O3,-1,c0
cpd00020_c0,rxn05607,Pyruvate,cpd00061_c0 + cpd00179_e0 <=> cpd00020_c0 + cpd01919_c0,,-1000.0,1000.0,C3H3O3,-1,c0
cpd00020_c0,rxn02177,Pyruvate,cpd00001_c0 + cpd00658_c0 --> cpd00020_c0 + cpd02566_c0,,0.0,1000.0,C3H3O3,-1,c0
cpd00020_c0,rxn00011,Pyruvate,cpd00020_c0 + cpd00056_c0 + cpd00067_c0 --> cpd00011_c0 + cpd03049_c0,,0.0,1000.0,C3H3O3,-1,c0
cpd00020_c0,rxn00146,Pyruvate,2.0 cpd00109_c0 + cpd00221_c0 --> cpd00020_c0 + 2.0 cpd00067_c0 + 2.0 cpd00110_c0,,0.0,1000.0,C3H3O3,-1,c0
cpd00020_c0,rxn03841,Pyruvate,cpd08210_c0 --> cpd00020_c0 + cpd00067_c0 + cpd00443_c0,,0.0,1000.0,C3H3O3,-1,c0
cpd00020_c0,rxn10184,Pyruvate,cpd00061_c0 + cpd00588_e0 --> cpd00020_c0 + cpd00804_c0,,0.0,0.0,C3H3O3,-1,c0
cpd00020_c0,rxn00289,Pyruvate,cpd02799_c0 <=> cpd00020_c0 + cpd00036_c0,,-1000.0,1000.0,C3H3O3,-1,c0
cpd00020_c0,rxn00161,Pyruvate,cpd00006_c0 + cpd00130_c0 --> cpd00005_c0 + cpd00011_c0 + cpd00020_c0,,0.0,1000.0,C3H3O3,-1,c0
cpd00020_c0,rxn02210,Pyruvate,cpd03674_c0 --> cpd00020_c0 + cpd00693_c0,,0.0,1000.0,C3H3O3,-1,c0
cpd00020_c0,rxn05560,Pyruvate,cpd00061_c0 + cpd00082_e0 <=> cpd00020_c0 + cpd00802_c0,,-1000.0,1000.0,C3H3O3,-1,c0
cpd00020_c0,rxn00166,Pyruvate,cpd00550_c0 <=> cpd00013_c0 + cpd00020_c0,,-1000.0,1000.0,C3H3O3,-1,c0
cpd00020_c0,rxn05501,Pyruvate,cpd00061_c0 + cpd03696_e0 <=> cpd00020_c0 + cpd03697_c0,,-1000.0,1000.0,C3H3O3,-1,c0
cpd00020_c0,rxn03909,Pyruvate,cpd00020_c0 + cpd00067_c0 + cpd00102_c0 --> cpd00011_c0 + cpd08289_c0,,0.0,1000.0,C3H3O3,-1,c0
cpd00020_c0,rxn02005,Pyruvate,cpd00061_c0 + cpd00794_e0 <-- cpd00020_c0 + cpd00523_c0,,-1000.0,0.0,C3H3O3,-1,c0
cpd00020_c0,rxn05617,Pyruvate,cpd00061_c0 + cpd00314_e0 <=> cpd00020_c0 + cpd00491_c0,,-1000.0,1000.0,C3H3O3,-1,c0
cpd00020_c0,rxn00250,Pyruvate,cpd00002_c0 + cpd00020_c0 + cpd00242_c0 --> cpd00008_c0 + cpd00009_c0 + cpd00032_c0 + cpd00067_c0,,0.0,1000.0,C3H3O3,-1,c0
cpd00020_c0,rxn14077,Pyruvate,cpd00020_c0 + cpd00118_c0 --> cpd00035_c0 + cpd00434_c0,,0.0,1000.0,C3H3O3,-1,c0
cpd00020_c0,rxn00328,Pyruvate,cpd00830_c0 <=> cpd00020_c0 + cpd00040_c0,,-1000.0,1000.0,C3H3O3,-1,c0
cpd00020_c0,rxn00966,Pyruvate,cpd00216_c0 --> cpd00020_c0 + cpd00136_c0,,0.0,1000.0,C3H3O3,-1,c0
cpd00020_c0,rxn02925,Pyruvate,cpd00035_c0 + cpd00287_c0 <=> cpd00020_c0 + cpd02096_c0,,-1000.0,1000.0,C3H3O3,-1,c0
cpd00020_c0,rxn00191,Pyruvate,cpd00024_c0 + cpd00035_c0 <=> cpd00020_c0 + cpd00023_c0,,-1000.0,1000.0,C3H3O3,-1,c0
cpd00020_c0,rxn40366,Pyruvate,cpd00894_c0 --> cpd00020_c0 + cpd00448_c0,,0.0,1000.0,C3H3O3,-1,c0
cpd00020_c0,rxn02185,Pyruvate,cpd00056_c0 + cpd00668_c0 <=> cpd00020_c0 + cpd03049_c0,,-1000.0,1000.0,C3H3O3,-1,c0
cpd00020_c0,rxn03884,Pyruvate,cpd02711_c0 <=> cpd00020_c0 + cpd00102_c0,,-1000.0,1000.0,C3H3O3,-1,c0
cpd00020_c0,rxn00162,Pyruvate,cpd00032_c0 + cpd00067_c0 --> cpd00011_c0 + cpd00020_c0,,0.0,1000.0,C3H3O3,-1,c0
cpd00020_c0,rxn00656,Pyruvate,cpd00035_c0 + cpd00191_c0 <=> cpd00020_c0 + cpd00085_c0,,-1000.0,1000.0,C3H3O3,-1,c0
cpd00020_c0,rxn05569,Pyruvate,cpd00061_c0 + cpd00276_e0 <=> cpd00020_c0 + cpd00288_c0,,-1000.0,1000.0,C3H3O3,-1,c0
cpd00020_c0,rxn08291,Pyruvate,cpd00001_c0 + cpd00015_c0 + cpd00117_c0 <=> cpd00013_c0 + cpd00020_c0 + cpd00982_c0,,-1000.0,1000.0,C3H3O3,-1,c0
cpd00020_c0,rxn05567,Pyruvate,cpd00061_c0 + cpd01171_e0 <=> cpd00020_c0 + cpd03752_c0,,-1000.0,1000.0,C3H3O3,-1,c0
cpd00020_c0,rxn00727,Pyruvate,cpd00053_c0 + cpd00216_c0 --> cpd00020_c0 + cpd00023_c0 + cpd00067_c0 + cpd00093_c0,,0.0,1000.0,C3H3O3,-1,c0
cpd00020_c0,rxn00165,Pyruvate,cpd00054_c0 --> cpd00013_c0 + cpd00020_c0,,0.0,1000.0,C3H3O3,-1,c0
cpd00020_c0,rxn00500,Pyruvate,cpd00003_c0 + cpd00221_c0 <=> cpd00004_c0 + cpd00020_c0 + cpd00067_c0,,-1000.0,1000.0,C3H3O3,-1,c0
cpd00020_c0,rxn00726,Pyruvate,cpd00013_c0 + cpd00216_c0 --> cpd00001_c0 + cpd00020_c0 + cpd00067_c0 + cpd00093_c0,,0.0,1000.0,C3H3O3,-1,c0
cpd00020_c0,rxn00160,Pyruvate,cpd00003_c0 + cpd00386_c0 --> cpd00004_c0 + cpd00011_c0 + cpd00020_c0,,0.0,1000.0,C3H3O3,-1,c0
cpd00020_c0,rxn00849,Pyruvate,cpd00024_c0 + cpd00117_c0 --> cpd00020_c0 + cpd00186_c0,,0.0,1000.0,C3H3O3,-1,c0
cpd00020_c0,rxn00148,Pyruvate,cpd00008_c0 + cpd00061_c0 + cpd00067_c0 --> cpd00002_c0 + cpd00020_c0,,0.0,1000.0,C3H3O3,-1,c0
cpd00020_c0,rxn00147,Pyruvate,cpd00001_c0 + cpd00002_c0 + cpd00020_c0 --> cpd00009_c0 + cpd00018_c0 + cpd00061_c0 + 3.0 cpd00067_c0,,0.0,1000.0,C3H3O3,-1,c0
cpd03736_c0,rxn06865,Lauroyl-KDO2-lipid IV(A),cpd03586_c0 + cpd11468_c0 --> cpd03736_c0 + cpd11493_c0,,0.0,1000.0,C96H170N2O38P2,-6,c0
cpd03736_c0,rxn06848,Lauroyl-KDO2-lipid IV(A),cpd03736_c0 + cpd11466_c0 --> cpd03587_c0 + cpd11493_c0,,0.0,1000.0,C96H170N2O38P2,-6,c0
cpd00805_c0,rxn02314,D-Tagatose 6-phosphate,cpd00002_c0 + cpd00805_c0 <=> cpd00008_c0 + cpd00067_c0 + cpd02371_c0,,-1000.0,1000.0,C6H11O9P,-2,c0
cpd00588_e0,rxn10184,Sorbitol,cpd00061_c0 + cpd00588_e0 --> cpd00020_c0 + cpd00804_c0,,0.0,0.0,C6H14O6,0,e0
cpd00142_e0,EXpd00142,Acetoacetate,cpd00142_e0 --> ,,0.0,1000.0,C4H5O3,-1,e0
cpd00142_e0,rxn05484,Acetoacetate,cpd00067_e0 + cpd00142_e0 <-- cpd00067_c0 + cpd00142_c0,,-1000.0,0.0,C4H5O3,-1,e0
cpd15238_c0,rxn09450,Hexadecenoyl-CoA,cpd00002_c0 + cpd00010_c0 + cpd15237_c0 --> cpd00012_c0 + cpd00018_c0 + cpd15238_c0,,0.0,1000.0,C37H61N7O17P3S,-3,c0
cpd00492_e0,EXpd00492,N-Acetyl-D-mannosamine,cpd00492_e0 --> ,,0.0,1000.0,C8H15NO6,0,e0
cpd00492_e0,ADD_ManNAc2,N-Acetyl-D-mannosamine,cpd00492_e0 --> cpd00492_c0,,0.0,1000.0,C8H15NO6,0,e0
cpd03127_c0,rxn03241,(2E)-Tetradecenoyl-CoA,cpd03115_c0 <=> cpd00001_c0 + cpd03127_c0,,-1000.0,1000.0,C35H56N7O17P3S,-4,c0
cpd03127_c0,rxn10014,(2E)-Tetradecenoyl-CoA,cpd00004_c0 + cpd00067_c0 + cpd03127_c0 --> cpd00003_c0 + cpd01695_c0,,0.0,1000.0,C35H56N7O17P3S,-4,c0
cpd11546_c0,rxn05409,4-methyl-3-oxo-pentanoyl-ACP,cpd00067_c0 + cpd11492_c0 + cpd11545_c0 --> cpd00011_c0 + cpd11493_c0 + cpd11546_c0,,0.0,1000.0,C17H29N2O9PRS,-1,c0
cpd11546_c0,rxn05410,4-methyl-3-oxo-pentanoyl-ACP,cpd00005_c0 + cpd00067_c0 + cpd11546_c0 <=> cpd00006_c0 + cpd11547_c0,,-1000.0,1000.0,C17H29N2O9PRS,-1,c0
cpd00130_e0,rxn05208,L-Malate,cpd00067_c0 + cpd00130_c0 + cpd00221_e0 + cpd00971_e0 <=> cpd00067_e0 + cpd00130_e0 + cpd00221_c0 + cpd00971_c0,,-1000.0,1000.0,C4H4O5,-2,e0
cpd00130_e0,rxn05207,L-Malate,cpd00130_e0 + cpd00971_e0 <=> cpd00130_c0 + cpd00971_c0,,-1000.0,1000.0,C4H4O5,-2,e0
cpd00130_e0,rxn05604,L-Malate,2.0 cpd00067_e0 + cpd00130_e0 + cpd00159_c0 + cpd00971_c0 --> 2.0 cpd00067_c0 + cpd00130_c0 + cpd00159_e0 + cpd00971_e0,,0.0,1000.0,C4H4O5,-2,e0
cpd00130_e0,EXpd00130,L-Malate,cpd00130_e0 --> ,,0.0,1000.0,C4H4O5,-2,e0
cpd00222_c0,ADD_gluconate,GLCN,cpd00067_e0 + cpd00222_e0 --> cpd00067_c0 + cpd00222_c0,,0.0,1000.0,C6H11O7,-1,c0
cpd00222_c0,rxn01275,GLCN,cpd00002_c0 + cpd00222_c0 <=> cpd00008_c0 + cpd00067_c0 + cpd00284_c0,,-1000.0,1000.0,C6H11O7,-1,c0
cpd00222_c0,rxn01107,GLCN,cpd00001_c0 + cpd00170_c0 --> cpd00067_c0 + cpd00222_c0,,0.0,1000.0,C6H11O7,-1,c0
cpd03115_c0,rxn03241,(S)-3-Hydroxytetradecanoyl-CoA,cpd03115_c0 <=> cpd00001_c0 + cpd03127_c0,,-1000.0,1000.0,C35H58N7O18P3S,-4,c0
cpd03115_c0,rxn06777,(S)-3-Hydroxytetradecanoyl-CoA,cpd00003_c0 + cpd03115_c0 <=> cpd00004_c0 + cpd00067_c0 + cpd12689_c0,,-1000.0,1000.0,C35H58N7O18P3S,-4,c0
cpd00182_c0,rxn00141,Adenosine,cpd00001_c0 + cpd00019_c0 <=> cpd00135_c0 + cpd00182_c0,,-1000.0,1000.0,C10H13N5O4,0,c0
cpd00182_c0,rxn01137,Adenosine,cpd00001_c0 + cpd00067_c0 + cpd00182_c0 --> cpd00013_c0 + cpd00246_c0,,0.0,1000.0,C10H13N5O4,0,c0
cpd00182_c0,rxn00132,Adenosine,cpd00001_c0 + cpd00018_c0 <=> cpd00009_c0 + cpd00182_c0,,-1000.0,1000.0,C10H13N5O4,0,c0
cpd00039_c0,biomass0,L-Lysine,0.169975 cpd00002_c0 + 0.00215 cpd00003_c0 + 5e-05 cpd00004_c0 + 0.0004 cpd00005_c0 + 0.00013 cpd00006_c0 + 6e-06 cpd00010_c0 + 1e-05 cpd00015_c0 + 5e-05 cpd00022_c0 + 0.25 cpd00023_c0 + 0.003 cpd00026_c0 + 1e-06 cpd00028_c0 + 0.496 cpd00033_c0 + 0.499 cpd00035_c0 + 0.203 cpd00038_c0 + 0.431 cpd00039_c0 + 0.245 cpd00041_c0 + 0.121 cpd00051_c0 + 0.126 cpd00052_c0 + 0.25 cpd00053_c0 + 0.29 cpd00054_c0 + 0.116 cpd00060_c0 + 0.136 cpd00062_c0 + 0.054 cpd00065_c0 + 0.199 cpd00066_c0 + 0.138 cpd00069_c0 + 3e-06 cpd00078_c0 + 0.087 cpd00084_c0 + 0.428 cpd00107_c0 + 0.01814 cpd00115_c0 + 0.035 cpd00118_c0 + 0.145 cpd00119_c0 + 0.541 cpd00129_c0 + 0.245 cpd00132_c0 + 0.154 cpd00155_c0 + 0.42 cpd00156_c0 + 0.436 cpd00161_c0 + 0.000223 cpd00201_c0 + 0.0254 cpd00241_c0 + 0.0089 cpd00264_c0 + 0.213 cpd00322_c0 + 0.000223 cpd00345_c0 + 0.0254 cpd00356_c0 + 0.01814 cpd00357_c0 + 0.000142 cpd11652_c0 + 0.000216 cpd12801_c0 + 0.000701 cpd15432_c0 + 0.00276 cpd15665_c0 + 0.00192 cpd16083_c0 + 4.3e-05 cpd16093_c0 --> biomass_c0 + 5.604 cpd00001_c0 + 0.08708 cpd00009_c0 + 0.634975 cpd00012_c0,,0.0,1000.0,C6H15N2O2,1,c0
cpd00039_c0,rxn05151,L-Lysine,cpd00001_c0 + cpd00002_c0 + cpd00039_e0 --> cpd00008_c0 + cpd00009_c0 + cpd00039_c0 + cpd00067_c0,,0.0,1000.0,C6H15N2O2,1,c0
cpd00039_c0,rxn13782,L-Lysine,10412.0 cpd00001_c0 + 6730.0 cpd00002_c0 + 496.0 cpd00033_c0 + 1370.0 cpd00035_c0 + 10162.0 cpd00038_c0 + 431.0 cpd00039_c0 + 250.0 cpd00041_c0 + 121.0 cpd00051_c0 + 500.0 cpd00053_c0 + 290.0 cpd00054_c0 + 116.0 cpd00060_c0 + 54.0 cpd00065_c0 + 199.0 cpd00066_c0 + 138.0 cpd00069_c0 + 87.0 cpd00084_c0 + 428.0 cpd00107_c0 + 145.0 cpd00119_c0 + 541.0 cpd00129_c0 + 420.0 cpd00156_c0 + 436.0 cpd00161_c0 + 14.0 cpd00201_c0 + 213.0 cpd00322_c0 --> Protein_c0 + 250.0 cpd00008_c0 + 10412.0 cpd00009_c0 + 6480.0 cpd00012_c0 + 6480.0 cpd00018_c0 + 10162.0 cpd00031_c0 + 14.0 cpd00047_c0 + 15493.0 cpd00067_c0 + 14.0 cpd00087_c0,,0.0,1000.0,C6H15N2O2,1,c0
cpd00039_c0,rxn05305,L-Lysine,cpd00039_c0 + cpd00067_e0 <=> cpd00039_e0 + cpd00067_c0,,-1000.0,1000.0,C6H15N2O2,1,c0
cpd00039_c0,rxn00322,L-Lysine,cpd00039_c0 + cpd00067_c0 --> cpd00011_c0 + cpd01155_c0,,0.0,1000.0,C6H15N2O2,1,c0
cpd00039_c0,rxn00313,L-Lysine,cpd00067_c0 + cpd00516_c0 <=> cpd00011_c0 + cpd00039_c0,,-1000.0,1000.0,C6H15N2O2,1,c0
cpd15353_c0,rxn08528,2-Demethylmenaquinol 8,cpd00106_c0 + cpd15353_c0 <=> cpd00036_c0 + cpd15352_c0,,-1000.0,1000.0,C50H72O2,0,c0
cpd15353_c0,rxn08558,2-Demethylmenaquinol 8,cpd00080_c0 + cpd15352_c0 --> cpd00095_c0 + cpd15353_c0,,0.0,1000.0,C50H72O2,0,c0
cpd15353_c0,rxn08333,2-Demethylmenaquinol 8,cpd02295_c0 + cpd02557_c0 --> cpd00011_c0 + cpd00012_c0 + cpd15353_c0,,0.0,1000.0,C50H72O2,0,c0
cpd15353_c0,rxn08976,2-Demethylmenaquinol 8,cpd00004_c0 + cpd00067_c0 + cpd15352_c0 --> cpd00003_c0 + cpd15353_c0,,0.0,1000.0,C50H72O2,0,c0
cpd15353_c0,rxn08657,2-Demethylmenaquinol 8,cpd00139_c0 + cpd15352_c0 --> cpd00040_c0 + cpd15353_c0,,0.0,1000.0,C50H72O2,0,c0
cpd00035_c0,biomass0,L-Alanine,0.169975 cpd00002_c0 + 0.00215 cpd00003_c0 + 5e-05 cpd00004_c0 + 0.0004 cpd00005_c0 + 0.00013 cpd00006_c0 + 6e-06 cpd00010_c0 + 1e-05 cpd00015_c0 + 5e-05 cpd00022_c0 + 0.25 cpd00023_c0 + 0.003 cpd00026_c0 + 1e-06 cpd00028_c0 + 0.496 cpd00033_c0 + 0.499 cpd00035_c0 + 0.203 cpd00038_c0 + 0.431 cpd00039_c0 + 0.245 cpd00041_c0 + 0.121 cpd00051_c0 + 0.126 cpd00052_c0 + 0.25 cpd00053_c0 + 0.29 cpd00054_c0 + 0.116 cpd00060_c0 + 0.136 cpd00062_c0 + 0.054 cpd00065_c0 + 0.199 cpd00066_c0 + 0.138 cpd00069_c0 + 3e-06 cpd00078_c0 + 0.087 cpd00084_c0 + 0.428 cpd00107_c0 + 0.01814 cpd00115_c0 + 0.035 cpd00118_c0 + 0.145 cpd00119_c0 + 0.541 cpd00129_c0 + 0.245 cpd00132_c0 + 0.154 cpd00155_c0 + 0.42 cpd00156_c0 + 0.436 cpd00161_c0 + 0.000223 cpd00201_c0 + 0.0254 cpd00241_c0 + 0.0089 cpd00264_c0 + 0.213 cpd00322_c0 + 0.000223 cpd00345_c0 + 0.0254 cpd00356_c0 + 0.01814 cpd00357_c0 + 0.000142 cpd11652_c0 + 0.000216 cpd12801_c0 + 0.000701 cpd15432_c0 + 0.00276 cpd15665_c0 + 0.00192 cpd16083_c0 + 4.3e-05 cpd16093_c0 --> biomass_c0 + 5.604 cpd00001_c0 + 0.08708 cpd00009_c0 + 0.634975 cpd00012_c0,,0.0,1000.0,C3H7NO2,0,c0
cpd00035_c0,ADD_TPP4,L-Alanine,IscS_sulfur_acceptor_protein_c0 + cpd00084_c0 --> IscS_with_bound_sulfur_c0 + cpd00035_c0,,0.0,1000.0,C3H7NO2,0,c0
cpd00035_c0,rxn12639,L-Alanine,cpd00001_c0 + cpd11587_c0 <=> cpd00035_c0 + cpd00053_c0,,-1000.0,1000.0,C3H7NO2,0,c0
cpd00035_c0,rxn02925,L-Alanine,cpd00035_c0 + cpd00287_c0 <=> cpd00020_c0 + cpd02096_c0,,-1000.0,1000.0,C3H7NO2,0,c0
cpd00035_c0,rxn00191,L-Alanine,cpd00024_c0 + cpd00035_c0 <=> cpd00020_c0 + cpd00023_c0,,-1000.0,1000.0,C3H7NO2,0,c0
cpd00035_c0,rxn13782,L-Alanine,10412.0 cpd00001_c0 + 6730.0 cpd00002_c0 + 496.0 cpd00033_c0 + 1370.0 cpd00035_c0 + 10162.0 cpd00038_c0 + 431.0 cpd00039_c0 + 250.0 cpd00041_c0 + 121.0 cpd00051_c0 + 500.0 cpd00053_c0 + 290.0 cpd00054_c0 + 116.0 cpd00060_c0 + 54.0 cpd00065_c0 + 199.0 cpd00066_c0 + 138.0 cpd00069_c0 + 87.0 cpd00084_c0 + 428.0 cpd00107_c0 + 145.0 cpd00119_c0 + 541.0 cpd00129_c0 + 420.0 cpd00156_c0 + 436.0 cpd00161_c0 + 14.0 cpd00201_c0 + 213.0 cpd00322_c0 --> Protein_c0 + 250.0 cpd00008_c0 + 10412.0 cpd00009_c0 + 6480.0 cpd00012_c0 + 6480.0 cpd00018_c0 + 10162.0 cpd00031_c0 + 14.0 cpd00047_c0 + 15493.0 cpd00067_c0 + 14.0 cpd00087_c0,,0.0,1000.0,C3H7NO2,0,c0
cpd00035_c0,rxn00904,L-Alanine,cpd00020_c0 + cpd00156_c0 <=> cpd00035_c0 + cpd00123_c0,,-1000.0,1000.0,C3H7NO2,0,c0
cpd00035_c0,rxn12640,L-Alanine,cpd00001_c0 + cpd11586_c0 <=> cpd00023_c0 + cpd00035_c0,,-1000.0,1000.0,C3H7NO2,0,c0
cpd00035_c0,ADD_cpd00035,L-Alanine,cpd00035_e0 <=> cpd00035_c0,,-1000.0,1000.0,C3H7NO2,0,c0
cpd00035_c0,rxn12643,L-Alanine,cpd00001_c0 + cpd11583_c0 --> cpd00035_c0 + cpd00107_c0,,0.0,1000.0,C3H7NO2,0,c0
cpd00035_c0,rxn12642,L-Alanine,cpd00001_c0 + cpd11584_c0 <=> cpd00035_c0 + cpd00119_c0,,-1000.0,1000.0,C3H7NO2,0,c0
cpd00035_c0,rxn09310,L-Alanine,cpd00002_c0 + cpd00069_c0 + cpd00084_c0 + cpd08289_c0 --> cpd00001_c0 + cpd00011_c0 + cpd00012_c0 + cpd00018_c0 + cpd00035_c0 + 2.0 cpd00067_c0 + cpd02654_c0 + cpd15378_c0,,0.0,1000.0,C3H7NO2,0,c0
cpd00035_c0,rxn00656,L-Alanine,cpd00035_c0 + cpd00191_c0 <=> cpd00020_c0 + cpd00085_c0,,-1000.0,1000.0,C3H7NO2,0,c0
cpd00035_c0,rxn00283,L-Alanine,cpd00035_c0 <=> cpd00117_c0,,-1000.0,1000.0,C3H7NO2,0,c0
cpd00035_c0,rxn12641,L-Alanine,cpd00001_c0 + cpd11585_c0 <=> cpd00033_c0 + cpd00035_c0,,-1000.0,1000.0,C3H7NO2,0,c0
cpd00035_c0,rxn12636,L-Alanine,cpd00001_c0 + cpd00067_c0 + cpd11590_c0 <=> cpd00035_c0 + cpd00060_c0,,-1000.0,1000.0,C3H7NO2,0,c0
cpd00035_c0,rxn02297,L-Alanine,cpd00035_c0 + cpd00067_c0 + cpd00782_c0 --> cpd00010_c0 + cpd00011_c0 + cpd00800_c0,,0.0,1000.0,C3H7NO2,0,c0
cpd00035_c0,rxn12644,L-Alanine,cpd00001_c0 + cpd11582_c0 <=> cpd00035_c0 + cpd00161_c0,,-1000.0,1000.0,C3H7NO2,0,c0
cpd00035_c0,rxn02286,L-Alanine,cpd00002_c0 + cpd00035_c0 + cpd00773_c0 --> cpd00008_c0 + cpd00009_c0 + cpd00067_c0 + cpd00890_c0,,0.0,1000.0,C3H7NO2,0,c0
cpd00035_c0,rxn14077,L-Alanine,cpd00020_c0 + cpd00118_c0 --> cpd00035_c0 + cpd00434_c0,,0.0,1000.0,C3H7NO2,0,c0
cpd00035_c0,rxn12633,L-Alanine,cpd00001_c0 + cpd11593_c0 <=> cpd00035_c0 + cpd00041_c0,,-1000.0,1000.0,C3H7NO2,0,c0
cpd00982_c0,rxn00935,FADH2,cpd00015_c0 + cpd00130_c0 <=> cpd00032_c0 + cpd00982_c0,,-1000.0,1000.0,C27H33N9O15P2,-2,c0
cpd00982_c0,rxn02270,FADH2,cpd00982_c0 + cpd02125_c0 --> cpd00015_c0 + cpd00760_c0,,0.0,1000.0,C27H33N9O15P2,-2,c0
cpd00982_c0,rxn02866,FADH2,cpd00982_c0 + cpd01966_c0 --> cpd00015_c0 + cpd01882_c0,,0.0,1000.0,C27H33N9O15P2,-2,c0
cpd00982_c0,rxn09188,FADH2,cpd00015_c0 + cpd00129_c0 <=> cpd00067_c0 + cpd00982_c0 + cpd02431_c0,,-1000.0,1000.0,C27H33N9O15P2,-2,c0
cpd00982_c0,rxn00288,FADH2,cpd00106_c0 + cpd00982_c0 --> cpd00015_c0 + cpd00036_c0,,0.0,1000.0,C27H33N9O15P2,-2,c0
cpd00982_c0,rxn01924,FADH2,cpd00982_c0 + cpd02187_c0 --> cpd00015_c0 + cpd00481_c0,,0.0,1000.0,C27H33N9O15P2,-2,c0
cpd00982_c0,rxn10126,FADH2,cpd00982_c0 + cpd15560_c0 --> cpd00015_c0 + cpd15561_c0,,0.0,1000.0,C27H33N9O15P2,-2,c0
cpd00982_c0,rxn00872,FADH2,cpd00650_c0 + cpd00982_c0 --> cpd00015_c0 + cpd00120_c0,,0.0,1000.0,C27H33N9O15P2,-2,c0
cpd00982_c0,rxn00616,FADH2,cpd00015_c0 + cpd00080_c0 <=> cpd00095_c0 + cpd00982_c0,,-1000.0,1000.0,C27H33N9O15P2,-2,c0
cpd00982_c0,rxn02359,FADH2,cpd00015_c0 + cpd00851_c0 <=> cpd00067_c0 + cpd00982_c0 + cpd02625_c0,,-1000.0,1000.0,C27H33N9O15P2,-2,c0
cpd00982_c0,rxn08291,FADH2,cpd00001_c0 + cpd00015_c0 + cpd00117_c0 <=> cpd00013_c0 + cpd00020_c0 + cpd00982_c0,,-1000.0,1000.0,C27H33N9O15P2,-2,c0
cpd00703_c0,rxn02222,Indoleacetate,cpd00001_c0 + cpd01747_c0 --> cpd00013_c0 + cpd00703_c0,,0.0,1000.0,C10H8NO2,-1,c0
cpd03862_c0,rxn04788,N-gamma-Acetyldiaminobutyrate,cpd03862_c0 --> cpd00001_c0 + cpd03727_c0,,0.0,1000.0,C6H12N2O3,0,c0
cpd03862_c0,rxn04787,N-gamma-Acetyldiaminobutyrate,cpd00022_c0 + cpd02095_c0 --> cpd00010_c0 + cpd00067_c0 + cpd03862_c0,,0.0,1000.0,C6H12N2O3,0,c0
cpd11589_c0,rxn05537,gly-asp-L,cpd00001_c0 + cpd00002_c0 + cpd11589_e0 --> cpd00008_c0 + cpd00009_c0 + cpd00067_c0 + cpd11589_c0,,0.0,1000.0,C6H9N2O5,-1,c0
cpd11589_c0,rxn12637,gly-asp-L,cpd00001_c0 + cpd11589_c0 <=> cpd00033_c0 + cpd00041_c0,,-1000.0,1000.0,C6H9N2O5,-1,c0
cpd15552_c0,rxn09197,phosphatidylserine didodecanoyl,2.0 cpd00067_c0 + cpd15552_c0 <=> cpd00011_c0 + cpd15528_c0,,-1000.0,1000.0,C30H56NO10P,-2,c0
cpd15552_c0,rxn09205,phosphatidylserine didodecanoyl,cpd00054_c0 + cpd15417_c0 --> cpd00046_c0 + 2.0 cpd00067_c0 + cpd15552_c0,,0.0,1000.0,C30H56NO10P,-2,c0
cpd00268_c0,R00029,H2S2O3,2.0 cpd00109_c0 + 2.0 cpd00268_c0 --> 2.0 cpd00067_c0 + 2.0 cpd00110_c0 + cpd01414_c0,,0.0,1000.0,HO3S2,-1,c0
cpd00268_c0,rxn01416,H2S2O3,cpd00150_c0 + cpd00268_c0 <=> cpd00067_c0 + cpd00081_c0 + cpd01211_c0,,-1000.0,1000.0,HO3S2,-1,c0
cpd00268_c0,rxn06078,H2S2O3,cpd00268_c0 + cpd00790_c0 + cpd11421_c0 --> cpd00029_c0 + cpd00067_c0 + cpd00081_c0 + cpd00135_c0 + cpd11420_c0,,0.0,1000.0,HO3S2,-1,c0
cpd00268_c0,rxn05733,H2S2O3,cpd00268_c0 + cpd00722_c0 + cpd11421_c0 --> cpd00029_c0 + cpd00067_c0 + cpd00081_c0 + cpd00084_c0 + cpd11420_c0,,0.0,1000.0,HO3S2,-1,c0
cpd00268_c0,rxn05176,H2S2O3,cpd00001_c0 + cpd00002_c0 + cpd00268_e0 --> cpd00008_c0 + cpd00009_c0 + cpd00067_c0 + cpd00268_c0,,0.0,1000.0,HO3S2,-1,c0
cpd15479_c0,rxn08618,glucosyl-inner core oligosaccharide lipid A,cpd00026_c0 + cpd15489_c0 <=> cpd00014_c0 + 4.0 cpd00067_c0 + cpd15479_c0,,-1000.0,1000.0,C151H261N2O79P4,-11,c0
cpd15479_c0,rxn08583,glucosyl-inner core oligosaccharide lipid A,cpd00026_c0 + cpd15479_c0 --> cpd00014_c0 + cpd15469_c0,,0.0,1000.0,C151H261N2O79P4,-11,c0
cpd10516_c0,rxn05195,Fe+3,cpd00001_c0 + cpd00002_c0 + cpd10516_e0 --> cpd00008_c0 + cpd00009_c0 + cpd00067_c0 + cpd10516_c0,,0.0,1000.0,Fe,3,c0
cpd10516_c0,rxn00056,Fe+3,cpd00007_c0 + 4.0 cpd00067_c0 + 4.0 cpd10515_c0 <=> 2.0 cpd00001_c0 + 4.0 cpd10516_c0,,-1000.0,1000.0,Fe,3,c0
cpd02698_c0,rxn01973,"N-Succinyl-L-2,6-diaminopimelate",cpd00001_c0 + cpd02698_c0 <=> cpd00036_c0 + cpd00504_c0,,-1000.0,1000.0,C11H16N2O7,-2,c0
cpd02698_c0,rxn03087,"N-Succinyl-L-2,6-diaminopimelate",cpd00024_c0 + cpd02698_c0 <=> cpd00023_c0 + cpd02724_c0,,-1000.0,1000.0,C11H16N2O7,-2,c0
cpd11593_c0,rxn05533,ala-L-asp-L,cpd00001_c0 + cpd00002_c0 + cpd11593_e0 --> cpd00008_c0 + cpd00009_c0 + cpd00067_c0 + cpd11593_c0,,0.0,1000.0,C7H11N2O5,-1,c0
cpd11593_c0,rxn12633,ala-L-asp-L,cpd00001_c0 + cpd11593_c0 <=> cpd00035_c0 + cpd00041_c0,,-1000.0,1000.0,C7H11N2O5,-1,c0
cpd02068_c0,rxn01504,3-Methylglutaconyl-CoA,cpd00292_c0 <=> cpd00001_c0 + cpd02068_c0,,-1000.0,1000.0,C27H37N7O19P3S,-5,c0
cpd02068_c0,rxn02889,3-Methylglutaconyl-CoA,cpd00002_c0 + cpd00242_c0 + cpd01966_c0 <=> cpd00008_c0 + cpd00009_c0 + cpd00067_c0 + cpd02068_c0,,-1000.0,1000.0,C27H37N7O19P3S,-5,c0
cpd11573_c0,rxn05459,Octodecanoyl-ACP,cpd00010_c0 + cpd11573_c0 <=> cpd00327_c0 + cpd11493_c0,,-1000.0,1000.0,C29H55N2O8PRS,-2,c0
cpd11573_c0,rxn05464,Octodecanoyl-ACP,cpd00004_c0 + cpd00067_c0 + cpd11572_c0 --> cpd00003_c0 + cpd11573_c0,,0.0,1000.0,C29H55N2O8PRS,-2,c0
cpd03495_c0,rxn03409,Undecaprenyl-diphospho-N-acetylmuramoyl--N-acetylglucosamine-L-ala-D-glu-meso-2-6-diaminopimeloyl-D-ala-D-ala,cpd00002_c0 + cpd00013_c0 + cpd03495_c0 --> cpd00008_c0 + cpd00009_c0 + cpd00067_c0 + cpd03496_c0,,0.0,1000.0,C95H152N8O28P2,-4,c0
cpd03495_c0,rxn03408,Undecaprenyl-diphospho-N-acetylmuramoyl--N-acetylglucosamine-L-ala-D-glu-meso-2-6-diaminopimeloyl-D-ala-D-ala,cpd00037_c0 + cpd03494_c0 <=> cpd00014_c0 + cpd03495_c0,,-1000.0,1000.0,C95H152N8O28P2,-4,c0
cpd03495_c0,rxn10199,Undecaprenyl-diphospho-N-acetylmuramoyl--N-acetylglucosamine-L-ala-D-glu-meso-2-6-diaminopimeloyl-D-ala-D-ala,cpd03495_c0 <=> cpd02229_c0 + cpd15665_c0,,-1000.0,1000.0,C95H152N8O28P2,-4,c0
cpd03118_c0,rxn03245,(S)-Hydroxydecanoyl-CoA,cpd03118_c0 <=> cpd00001_c0 + cpd03129_c0,,-1000.0,1000.0,C31H50N7O18P3S,-4,c0
cpd03118_c0,rxn03244,(S)-Hydroxydecanoyl-CoA,cpd00003_c0 + cpd03118_c0 <=> cpd00004_c0 + cpd00067_c0 + cpd03119_c0,,-1000.0,1000.0,C31H50N7O18P3S,-4,c0
cpd11431_c0,rxn05252,fa11,cpd00002_c0 + cpd00010_c0 + cpd11431_c0 --> cpd00012_c0 + cpd00018_c0 + cpd11432_c0,,0.0,1000.0,C17H33O2,-1,c0
cpd02060_c0,rxn10013,(2E)-Dodecenoyl-CoA,cpd00004_c0 + cpd00067_c0 + cpd02060_c0 --> cpd00003_c0 + cpd01260_c0,,0.0,1000.0,C33H52N7O17P3S,-4,c0
cpd02060_c0,rxn02911,(2E)-Dodecenoyl-CoA,cpd03116_c0 <=> cpd00001_c0 + cpd02060_c0,,-1000.0,1000.0,C33H52N7O17P3S,-4,c0
cpd00227_c0,rxn01303,L-Homoserine,cpd00022_c0 + cpd00227_c0 --> cpd00010_c0 + cpd00790_c0,,0.0,1000.0,C4H9NO3,0,c0
cpd00227_c0,rxn01301,L-Homoserine,cpd00003_c0 + cpd00227_c0 <=> cpd00004_c0 + cpd00067_c0 + cpd00346_c0,,-1000.0,1000.0,C4H9NO3,0,c0
cpd00227_c0,rxn01302,L-Homoserine,cpd00006_c0 + cpd00227_c0 <=> cpd00005_c0 + cpd00067_c0 + cpd00346_c0,,-1000.0,1000.0,C4H9NO3,0,c0
cpd00227_c0,rxn01300,L-Homoserine,cpd00002_c0 + cpd00227_c0 <=> cpd00008_c0 + cpd00067_c0 + cpd00809_c0,,-1000.0,1000.0,C4H9NO3,0,c0
cpd03607_c0,rxn03446,4-(Phosphonooxy)-threonine,cpd00001_c0 + cpd03607_c0 --> cpd00009_c0 + cpd03608_c0,,0.0,1000.0,C4H8NO7P,-2,c0
cpd03607_c0,rxn03445,4-(Phosphonooxy)-threonine,cpd00024_c0 + cpd03607_c0 <=> cpd00023_c0 + cpd03606_c0,,-1000.0,1000.0,C4H8NO7P,-2,c0
cpd03607_c0,rxn03951,4-(Phosphonooxy)-threonine,cpd00003_c0 + cpd03607_c0 <=> cpd00004_c0 + cpd00067_c0 + cpd04539_c0,,-1000.0,1000.0,C4H8NO7P,-2,c0
cpd00175_c0,rxn00295,UDP-N-acetyl-D-galactosamine,cpd00037_c0 <=> cpd00175_c0,,-1000.0,1000.0,C17H25N3O17P2,-2,c0
cpd00149_c0,rxn10474,Co2+,cpd00149_c0 <=> cpd00149_e0,,-1000.0,1000.0,Co,2,c0
cpd03407_c0,rxn02791,gamma-Glutamyl-beta-cyanoalanine,cpd00023_c0 + cpd01651_c0 <=> cpd00001_c0 + cpd03407_c0,,-1000.0,1000.0,C9H12N3O5,-1,c0
cpd11588_c0,rxn12638,gly-pro-L,cpd00001_c0 + cpd11588_c0 --> cpd00033_c0 + cpd00129_c0,,0.0,1000.0,C7H12N2O3,0,c0
cpd11588_c0,rxn05538,gly-pro-L,cpd00001_c0 + cpd00002_c0 + cpd11588_e0 --> cpd00008_c0 + cpd00009_c0 + cpd00067_c0 + cpd11588_c0,,0.0,1000.0,C7H12N2O3,0,c0
cpd00012_e0,EXpd00012,PPi,cpd00012_e0 --> ,,0.0,1000.0,HO7P2,-3,e0
cpd00012_e0,rxn11268,PPi,cpd00012_c0 + cpd00067_c0 --> cpd00012_e0 + cpd00067_e0,,0.0,1000.0,HO7P2,-3,e0
cpd15665_c0,biomass0,Peptidoglycan polymer (n subunits),0.169975 cpd00002_c0 + 0.00215 cpd00003_c0 + 5e-05 cpd00004_c0 + 0.0004 cpd00005_c0 + 0.00013 cpd00006_c0 + 6e-06 cpd00010_c0 + 1e-05 cpd00015_c0 + 5e-05 cpd00022_c0 + 0.25 cpd00023_c0 + 0.003 cpd00026_c0 + 1e-06 cpd00028_c0 + 0.496 cpd00033_c0 + 0.499 cpd00035_c0 + 0.203 cpd00038_c0 + 0.431 cpd00039_c0 + 0.245 cpd00041_c0 + 0.121 cpd00051_c0 + 0.126 cpd00052_c0 + 0.25 cpd00053_c0 + 0.29 cpd00054_c0 + 0.116 cpd00060_c0 + 0.136 cpd00062_c0 + 0.054 cpd00065_c0 + 0.199 cpd00066_c0 + 0.138 cpd00069_c0 + 3e-06 cpd00078_c0 + 0.087 cpd00084_c0 + 0.428 cpd00107_c0 + 0.01814 cpd00115_c0 + 0.035 cpd00118_c0 + 0.145 cpd00119_c0 + 0.541 cpd00129_c0 + 0.245 cpd00132_c0 + 0.154 cpd00155_c0 + 0.42 cpd00156_c0 + 0.436 cpd00161_c0 + 0.000223 cpd00201_c0 + 0.0254 cpd00241_c0 + 0.0089 cpd00264_c0 + 0.213 cpd00322_c0 + 0.000223 cpd00345_c0 + 0.0254 cpd00356_c0 + 0.01814 cpd00357_c0 + 0.000142 cpd11652_c0 + 0.000216 cpd12801_c0 + 0.000701 cpd15432_c0 + 0.00276 cpd15665_c0 + 0.00192 cpd16083_c0 + 4.3e-05 cpd16093_c0 --> biomass_c0 + 5.604 cpd00001_c0 + 0.08708 cpd00009_c0 + 0.634975 cpd00012_c0,,0.0,1000.0,C80H125N16O42R,-4,c0
cpd15665_c0,rxn10199,Peptidoglycan polymer (n subunits),cpd03495_c0 <=> cpd02229_c0 + cpd15665_c0,,-1000.0,1000.0,C80H125N16O42R,-4,c0
cpd15603_e0,EXpd15603,Gly-Cys,cpd15603_e0 --> ,,0.0,1000.0,C5H10N2O3S,0,e0
cpd15603_e0,rxn12848,Gly-Cys,cpd00001_c0 + cpd00002_c0 + cpd15603_e0 --> cpd00008_c0 + cpd00009_c0 + cpd00067_c0 + cpd15603_c0,,0.0,1000.0,C5H10N2O3S,0,e0
cpd15339_c0,rxn08841,2-Acyl-sn-glycero-3-phosphoethanolamine (n-C16:0),cpd00001_c0 + cpd15339_c0 <=> cpd00067_c0 + cpd00214_c0 + cpd00908_c0,,-1000.0,1000.0,C21H44NO7P,0,c0
cpd14545_c0,rxn07295,Iminoglycine,cpd00033_c0 --> 3.0 cpd00067_c0 + cpd14545_c0,,0.0,1000.0,C2H3NO2,0,c0
cpd14545_c0,rxn42709,Iminoglycine,cpd00005_c0 + cpd00017_c0 + cpd00069_c0 --> cpd00006_c0 + cpd00060_c0 + cpd01042_c0 + cpd03091_c0 + cpd14545_c0,,0.0,1000.0,C2H3NO2,0,c0
cpd14545_c0,ADD_TPP3,Iminoglycine,IscS_with_bound_sulfur_c0 + cpd00002_c0 + cpd00005_c0 + cpd08289_c0 + cpd14545_c0 --> IscS_sulfur_acceptor_protein_c0 + 2.0 cpd00001_c0 + cpd00006_c0 + cpd00011_c0 + cpd00012_c0 + cpd00018_c0 + cpd00067_c0 + cpd02654_c0,,0.0,1000.0,C2H3NO2,0,c0
cpd00087_c0,rxn00912,Tetrahydrofolate,cpd00001_c0 + cpd00123_c0 + cpd00125_c0 <=> cpd00087_c0 + cpd00712_c0,,-1000.0,1000.0,C19H21N7O6,-2,c0
cpd00087_c0,rxn00692,Tetrahydrofolate,cpd00001_c0 + cpd00033_c0 + cpd00125_c0 <=> cpd00054_c0 + cpd00087_c0,,-1000.0,1000.0,C19H21N7O6,-2,c0
cpd00087_c0,rxn03137,Tetrahydrofolate,cpd00201_c0 + cpd02851_c0 <=> cpd00087_c0 + cpd02884_c0,,-1000.0,1000.0,C19H21N7O6,-2,c0
cpd00087_c0,rxn00693,Tetrahydrofolate,cpd00135_c0 + cpd00345_c0 <=> cpd00060_c0 + cpd00087_c0,,-1000.0,1000.0,C19H21N7O6,-2,c0
cpd00087_c0,rxn03004,Tetrahydrofolate,cpd00201_c0 + cpd02394_c0 <=> cpd00067_c0 + cpd00087_c0 + cpd02678_c0,,-1000.0,1000.0,C19H21N7O6,-2,c0
cpd00087_c0,rxn13782,Tetrahydrofolate,10412.0 cpd00001_c0 + 6730.0 cpd00002_c0 + 496.0 cpd00033_c0 + 1370.0 cpd00035_c0 + 10162.0 cpd00038_c0 + 431.0 cpd00039_c0 + 250.0 cpd00041_c0 + 121.0 cpd00051_c0 + 500.0 cpd00053_c0 + 290.0 cpd00054_c0 + 116.0 cpd00060_c0 + 54.0 cpd00065_c0 + 199.0 cpd00066_c0 + 138.0 cpd00069_c0 + 87.0 cpd00084_c0 + 428.0 cpd00107_c0 + 145.0 cpd00119_c0 + 541.0 cpd00129_c0 + 420.0 cpd00156_c0 + 436.0 cpd00161_c0 + 14.0 cpd00201_c0 + 213.0 cpd00322_c0 --> Protein_c0 + 250.0 cpd00008_c0 + 10412.0 cpd00009_c0 + 6480.0 cpd00012_c0 + 6480.0 cpd00018_c0 + 10162.0 cpd00031_c0 + 14.0 cpd00047_c0 + 15493.0 cpd00067_c0 + 14.0 cpd00087_c0,,0.0,1000.0,C19H21N7O6,-2,c0
cpd00087_c0,rxn00686,Tetrahydrofolate,cpd00006_c0 + cpd00087_c0 <=> cpd00005_c0 + cpd00067_c0 + cpd00330_c0,,-1000.0,1000.0,C19H21N7O6,-2,c0
cpd00087_c0,rxn00691,Tetrahydrofolate,cpd00001_c0 + cpd00201_c0 --> cpd00047_c0 + cpd00067_c0 + cpd00087_c0,,0.0,1000.0,C19H21N7O6,-2,c0
cpd00087_c0,rxn06600,Tetrahydrofolate,cpd00087_c0 + cpd11830_c0 --> cpd00013_c0 + cpd00125_c0 + cpd12225_c0,,0.0,1000.0,C19H21N7O6,-2,c0
cpd00087_c0,rxn00689,Tetrahydrofolate,cpd00002_c0 + cpd00023_c0 + cpd00087_c0 --> cpd00008_c0 + cpd00009_c0 + cpd00067_c0 + cpd06227_c0,,0.0,1000.0,C19H21N7O6,-2,c0
cpd00087_c0,rxn00908,Tetrahydrofolate,cpd00003_c0 + cpd00033_c0 + cpd00087_c0 --> cpd00004_c0 + cpd00011_c0 + cpd00013_c0 + cpd00125_c0,,0.0,1000.0,C19H21N7O6,-2,c0
cpd00087_c0,rxn00684,Tetrahydrofolate,2.0 cpd00004_c0 + 2.0 cpd00067_c0 + cpd00393_c0 --> 2.0 cpd00003_c0 + cpd00087_c0,,0.0,1000.0,C19H21N7O6,-2,c0
cpd00890_c0,rxn02286,UDP-N-acetylmuramoyl-L-alanine,cpd00002_c0 + cpd00035_c0 + cpd00773_c0 --> cpd00008_c0 + cpd00009_c0 + cpd00067_c0 + cpd00890_c0,,0.0,1000.0,C23H33N4O20P2,-3,c0
cpd00890_c0,rxn02008,UDP-N-acetylmuramoyl-L-alanine,cpd00002_c0 + cpd00186_c0 + cpd00890_c0 --> cpd00008_c0 + cpd00009_c0 + cpd00067_c0 + cpd00525_c0,,0.0,1000.0,C23H33N4O20P2,-3,c0
cpd11582_e0,rxn05545,ala-L-Thr-L,cpd00001_c0 + cpd00002_c0 + cpd11582_e0 --> cpd00008_c0 + cpd00009_c0 + cpd00067_c0 + cpd11582_c0,,0.0,1000.0,C7H14N2O4,0,e0
cpd11582_e0,EXpd11582,ala-L-Thr-L,cpd11582_e0 --> ,,0.0,1000.0,C7H14N2O4,0,e0
cpd03211_c0,rxn02945,15-cis-Phytoene,cpd02168_c0 --> cpd00012_c0 + cpd00067_c0 + cpd03211_c0,,0.0,1000.0,C40H64,0,c0
cpd08449_c0,rxn05116,3-Amino-2-oxopropyl phosphate,cpd00067_c0 + cpd04539_c0 --> cpd00011_c0 + cpd08449_c0,,0.0,1000.0,C3H7NO5P,-1,c0
cpd08449_c0,rxn04070,3-Amino-2-oxopropyl phosphate,cpd08289_c0 + cpd08449_c0 --> 2.0 cpd00001_c0 + cpd00009_c0 + cpd00067_c0 + cpd00478_c0,,0.0,1000.0,C3H7NO5P,-1,c0
cpd15269_c0,rxn08809,octadecenoate,cpd00001_c0 + cpd12547_c0 <=> cpd00067_c0 + cpd00908_c0 + cpd15269_c0,,-1000.0,1000.0,C18H33O2,-1,c0
cpd15269_c0,rxn08816,octadecenoate,cpd00001_c0 + cpd15324_c0 <=> cpd00067_c0 + cpd02090_c0 + cpd15269_c0,,-1000.0,1000.0,C18H33O2,-1,c0
cpd15269_c0,rxn08844,octadecenoate,cpd00001_c0 + cpd15342_c0 <=> cpd00067_c0 + cpd00908_c0 + cpd15269_c0,,-1000.0,1000.0,C18H33O2,-1,c0
cpd15269_c0,rxn08823,octadecenoate,cpd00001_c0 + cpd15357_c0 <=> 2.0 cpd00067_c0 + cpd00080_c0 + cpd15269_c0,,-1000.0,1000.0,C18H33O2,-1,c0
cpd15269_c0,rxn08802,octadecenoate,cpd00001_c0 + cpd15328_c0 <=> 2.0 cpd00067_c0 + cpd00080_c0 + cpd15269_c0,,-1000.0,1000.0,C18H33O2,-1,c0
cpd15269_c0,rxn09448,octadecenoate,cpd00002_c0 + cpd00010_c0 + cpd15269_c0 --> cpd00012_c0 + cpd00018_c0 + cpd15274_c0,,0.0,1000.0,C18H33O2,-1,c0
cpd15269_c0,rxn08851,octadecenoate,cpd00001_c0 + cpd15349_c0 <=> cpd00067_c0 + cpd02090_c0 + cpd15269_c0,,-1000.0,1000.0,C18H33O2,-1,c0
cpd00298_c0,rxn01520,dTMP,cpd00125_c0 + cpd00299_c0 --> cpd00298_c0 + cpd00330_c0,,0.0,1000.0,C10H13N2O8P,-2,c0
cpd00298_c0,rxn01145,dTMP,cpd00001_c0 + cpd00298_c0 --> cpd00009_c0 + cpd00184_c0,,0.0,1000.0,C10H13N2O8P,-2,c0
cpd00298_c0,rxn01513,dTMP,cpd00002_c0 + cpd00067_c0 + cpd00298_c0 <=> cpd00008_c0 + cpd00297_c0,,-1000.0,1000.0,C10H13N2O8P,-2,c0
cpd15526_c0,rxn08299,"1,2-dioctadecanoyl-sn-glycerol 3-phosphate",cpd00002_c0 + cpd15311_c0 <=> cpd00008_c0 + cpd15526_c0,,-1000.0,1000.0,C39H76O8P,-1,c0
cpd15526_c0,rxn08088,"1,2-dioctadecanoyl-sn-glycerol 3-phosphate",cpd15268_c0 + cpd15329_c0 --> cpd11493_c0 + cpd15526_c0,,0.0,1000.0,C39H76O8P,-1,c0
cpd15526_c0,rxn08311,"1,2-dioctadecanoyl-sn-glycerol 3-phosphate",cpd00052_c0 + cpd15526_c0 <=> cpd00012_c0 + cpd00067_c0 + cpd15421_c0,,-1000.0,1000.0,C39H76O8P,-1,c0
cpd15526_c0,rxn10213,"1,2-dioctadecanoyl-sn-glycerol 3-phosphate",cpd00067_c0 + cpd00327_c0 + cpd15329_c0 --> cpd00010_c0 + cpd15526_c0,,0.0,1000.0,C39H76O8P,-1,c0
biomass_c0,biomass0,biomass_c0,0.169975 cpd00002_c0 + 0.00215 cpd00003_c0 + 5e-05 cpd00004_c0 + 0.0004 cpd00005_c0 + 0.00013 cpd00006_c0 + 6e-06 cpd00010_c0 + 1e-05 cpd00015_c0 + 5e-05 cpd00022_c0 + 0.25 cpd00023_c0 + 0.003 cpd00026_c0 + 1e-06 cpd00028_c0 + 0.496 cpd00033_c0 + 0.499 cpd00035_c0 + 0.203 cpd00038_c0 + 0.431 cpd00039_c0 + 0.245 cpd00041_c0 + 0.121 cpd00051_c0 + 0.126 cpd00052_c0 + 0.25 cpd00053_c0 + 0.29 cpd00054_c0 + 0.116 cpd00060_c0 + 0.136 cpd00062_c0 + 0.054 cpd00065_c0 + 0.199 cpd00066_c0 + 0.138 cpd00069_c0 + 3e-06 cpd00078_c0 + 0.087 cpd00084_c0 + 0.428 cpd00107_c0 + 0.01814 cpd00115_c0 + 0.035 cpd00118_c0 + 0.145 cpd00119_c0 + 0.541 cpd00129_c0 + 0.245 cpd00132_c0 + 0.154 cpd00155_c0 + 0.42 cpd00156_c0 + 0.436 cpd00161_c0 + 0.000223 cpd00201_c0 + 0.0254 cpd00241_c0 + 0.0089 cpd00264_c0 + 0.213 cpd00322_c0 + 0.000223 cpd00345_c0 + 0.0254 cpd00356_c0 + 0.01814 cpd00357_c0 + 0.000142 cpd11652_c0 + 0.000216 cpd12801_c0 + 0.000701 cpd15432_c0 + 0.00276 cpd15665_c0 + 0.00192 cpd16083_c0 + 4.3e-05 cpd16093_c0 --> biomass_c0 + 5.604 cpd00001_c0 + 0.08708 cpd00009_c0 + 0.634975 cpd00012_c0,,0.0,1000.0,X,0,c0
biomass_c0,biomass1,biomass_c0,10000.0 biomass_c0 + 1050000.0 cpd00001_c0 + 1050000.0 cpd00002_c0 --> 10000.0 biomass_e0 + 1050000.0 cpd00008_c0 + 1050000.0 cpd00009_c0 + 1050000.0 cpd00067_c0,,0.0,1000.0,X,0,c0
cpd11576_e0,rxn05614,L-methionine R-oxide,cpd00001_c0 + cpd00002_c0 + cpd11576_e0 --> cpd00008_c0 + cpd00009_c0 + cpd00067_c0 + cpd11576_c0,,0.0,1000.0,C5H11NO3S,0,e0
cpd11576_e0,EXpd11576,L-methionine R-oxide,cpd11576_e0 --> ,,0.0,1000.0,C5H11NO3S,0,e0
cpd11524_c0,rxn05388,5-methyl-hexanoyl-ACP,cpd11492_c0 + cpd11524_c0 --> cpd00011_c0 + cpd11493_c0 + cpd11525_c0,,0.0,1000.0,C18H33N2O8PRS,-1,c0
cpd11524_c0,rxn05439,5-methyl-hexanoyl-ACP,cpd00004_c0 + cpd00067_c0 + cpd11523_c0 --> cpd00003_c0 + cpd11524_c0,,0.0,1000.0,C18H33N2O8PRS,-1,c0
cpd15673_c0,rxn10207,1-isotetradecanoyl-sn-glycerol 3-phosphate,cpd00080_c0 + cpd11435_c0 --> cpd00010_c0 + cpd15673_c0,,0.0,1000.0,C17H34O7P,-1,c0
cpd15673_c0,rxn10216,1-isotetradecanoyl-sn-glycerol 3-phosphate,cpd11435_c0 + cpd15673_c0 --> cpd00010_c0 + cpd00067_c0 + cpd15679_c0,,0.0,1000.0,C17H34O7P,-1,c0
cpd11580_c0,rxn12646,Gly-Gln,cpd00001_c0 + cpd11580_c0 <=> cpd00033_c0 + cpd00053_c0,,-1000.0,1000.0,C7H13N3O4,0,c0
cpd11580_c0,rxn05547,Gly-Gln,cpd00001_c0 + cpd00002_c0 + cpd11580_e0 --> cpd00008_c0 + cpd00009_c0 + cpd00067_c0 + cpd11580_c0,,0.0,1000.0,C7H13N3O4,0,c0
cpd11481_c0,rxn05332,R-3-hydroxypalmitoyl-acyl-carrierprotein-,cpd11481_c0 --> cpd00001_c0 + cpd11477_c0,,0.0,1000.0,C27H49N2O9PRS,-2,c0
cpd11481_c0,rxn05336,R-3-hydroxypalmitoyl-acyl-carrierprotein-,cpd00006_c0 + cpd11481_c0 <=> cpd00005_c0 + cpd00067_c0 + cpd11485_c0,,-1000.0,1000.0,C27H49N2O9PRS,-2,c0
cpd03587_c0,rxn08710,kdo2-lipid a,cpd03587_c0 + cpd03831_c0 <=> cpd00008_c0 + cpd15485_c0,,-1000.0,1000.0,C110H196N2O39P2,-6,c0
cpd03587_c0,rxn06848,kdo2-lipid a,cpd03736_c0 + cpd11466_c0 --> cpd03587_c0 + cpd11493_c0,,0.0,1000.0,C110H196N2O39P2,-6,c0
cpd01080_c0,rxn08815,ocdca,cpd00001_c0 + cpd15323_c0 <=> cpd00067_c0 + cpd01080_c0 + cpd02090_c0,,-1000.0,1000.0,C18H35O2,-1,c0
cpd01080_c0,rxn08822,ocdca,cpd00001_c0 + cpd15358_c0 <=> 2.0 cpd00067_c0 + cpd00080_c0 + cpd01080_c0,,-1000.0,1000.0,C18H35O2,-1,c0
cpd01080_c0,rxn08801,ocdca,cpd00001_c0 + cpd15329_c0 <=> cpd00067_c0 + cpd00080_c0 + cpd01080_c0,,-1000.0,1000.0,C18H35O2,-1,c0
cpd01080_c0,rxn09449,ocdca,cpd00002_c0 + cpd00010_c0 + cpd01080_c0 --> cpd00012_c0 + cpd00018_c0 + cpd00067_c0 + cpd00327_c0,,0.0,1000.0,C18H35O2,-1,c0
cpd01080_c0,rxn08808,ocdca,cpd00001_c0 + cpd00067_c0 + cpd12547_c0 --> cpd00908_c0 + cpd01080_c0,,0.0,1000.0,C18H35O2,-1,c0
cpd01080_c0,rxn08843,ocdca,cpd00001_c0 + cpd15341_c0 <=> cpd00067_c0 + cpd00908_c0 + cpd01080_c0,,-1000.0,1000.0,C18H35O2,-1,c0
cpd01080_c0,rxn10161,ocdca,cpd00067_e0 + cpd01080_e0 <=> cpd00067_c0 + cpd01080_c0,,-1000.0,1000.0,C18H35O2,-1,c0
cpd01080_c0,rxn08850,ocdca,cpd00001_c0 + cpd15348_c0 <=> cpd00067_c0 + cpd01080_c0 + cpd02090_c0,,-1000.0,1000.0,C18H35O2,-1,c0
cpd00528_c0,rxn22447,N2,cpd00001_c0 + 2.0 cpd00109_c0 + cpd00528_c0 <=> 2.0 cpd00067_c0 + 2.0 cpd00110_c0 + cpd00659_c0,,-1000.0,1000.0,N2,0,c0
cpd00528_c0,EXpd00075,N2,cpd00528_c0 --> ,,0.0,1000.0,N2,0,c0
cpd00528_c0,rxn11937,N2,cpd00004_c0 + cpd00067_c0 + cpd00659_c0 --> cpd00001_c0 + cpd00003_c0 + cpd00528_c0,,0.0,1000.0,N2,0,c0
cpd00064_c0,rxn01636,Ornithine,cpd00023_c0 + cpd00342_c0 <=> cpd00064_c0 + cpd00477_c0,,-1000.0,1000.0,C5H13N2O2,1,c0
cpd00064_c0,rxn00469,Ornithine,cpd00001_c0 + cpd00342_c0 <=> cpd00029_c0 + cpd00064_c0,,-1000.0,1000.0,C5H13N2O2,1,c0
cpd00064_c0,rxn01019,Ornithine,cpd00064_c0 + cpd00146_c0 <=> cpd00009_c0 + cpd00067_c0 + cpd00274_c0,,-1000.0,1000.0,C5H13N2O2,1,c0
cpd00064_c0,rxn10131,Ornithine,cpd00051_e0 + cpd00064_c0 <=> cpd00051_c0 + cpd00064_e0,,-1000.0,1000.0,C5H13N2O2,1,c0
cpd00064_c0,rxn05156,Ornithine,cpd00001_c0 + cpd00002_c0 + cpd00064_e0 --> cpd00008_c0 + cpd00009_c0 + cpd00064_c0 + cpd00067_c0,,0.0,1000.0,C5H13N2O2,1,c0
cpd00064_c0,rxn00470,Ornithine,cpd00064_c0 + cpd00067_c0 --> cpd00011_c0 + cpd00118_c0,,0.0,1000.0,C5H13N2O2,1,c0
cpd00806_c0,rxn02319,L-Fuculose1-phosphate,cpd00002_c0 + cpd01186_c0 --> cpd00008_c0 + cpd00067_c0 + cpd00806_c0,,0.0,1000.0,C6H11O8P,-2,c0
cpd00806_c0,rxn01620,L-Fuculose1-phosphate,cpd00806_c0 --> cpd00095_c0 + cpd00334_c0,,0.0,1000.0,C6H11O8P,-2,c0
cpd03608_c0,rxn03446,4-Hydroxy-L-threonine,cpd00001_c0 + cpd03607_c0 --> cpd00009_c0 + cpd03608_c0,,0.0,1000.0,C4H9NO4,0,c0
cpd03279_c0,rxn01858,Deoxyinosine,cpd00001_c0 + cpd00067_c0 + cpd00438_c0 --> cpd00013_c0 + cpd03279_c0,,0.0,1000.0,C10H12N4O4,0,c0
cpd11506_c0,rxn05435,8-methyl-trans-dec-2-enoyl-ACP,cpd00004_c0 + cpd00067_c0 + cpd11506_c0 --> cpd00003_c0 + cpd11507_c0,,0.0,1000.0,C22H39N2O8PRS,-1,c0
cpd11506_c0,rxn05369,8-methyl-trans-dec-2-enoyl-ACP,cpd11505_c0 --> cpd00001_c0 + cpd11506_c0,,0.0,1000.0,C22H39N2O8PRS,-1,c0
cpd15697_c0,rxn10234,Diisotetradecanoylphosphatidylethanolamine,2.0 cpd00067_c0 + cpd15691_c0 <=> cpd00011_c0 + cpd15697_c0,,-1000.0,1000.0,C33H66NO8P,0,c0
cpd15323_c0,rxn08815,1-Acyl-sn-glycero-3-phosphoglycerol octadecanoyl,cpd00001_c0 + cpd15323_c0 <=> cpd00067_c0 + cpd01080_c0 + cpd02090_c0,,-1000.0,1000.0,C24H48O9P,-1,c0
cpd00065_c0,biomass0,L-Tryptophan,0.169975 cpd00002_c0 + 0.00215 cpd00003_c0 + 5e-05 cpd00004_c0 + 0.0004 cpd00005_c0 + 0.00013 cpd00006_c0 + 6e-06 cpd00010_c0 + 1e-05 cpd00015_c0 + 5e-05 cpd00022_c0 + 0.25 cpd00023_c0 + 0.003 cpd00026_c0 + 1e-06 cpd00028_c0 + 0.496 cpd00033_c0 + 0.499 cpd00035_c0 + 0.203 cpd00038_c0 + 0.431 cpd00039_c0 + 0.245 cpd00041_c0 + 0.121 cpd00051_c0 + 0.126 cpd00052_c0 + 0.25 cpd00053_c0 + 0.29 cpd00054_c0 + 0.116 cpd00060_c0 + 0.136 cpd00062_c0 + 0.054 cpd00065_c0 + 0.199 cpd00066_c0 + 0.138 cpd00069_c0 + 3e-06 cpd00078_c0 + 0.087 cpd00084_c0 + 0.428 cpd00107_c0 + 0.01814 cpd00115_c0 + 0.035 cpd00118_c0 + 0.145 cpd00119_c0 + 0.541 cpd00129_c0 + 0.245 cpd00132_c0 + 0.154 cpd00155_c0 + 0.42 cpd00156_c0 + 0.436 cpd00161_c0 + 0.000223 cpd00201_c0 + 0.0254 cpd00241_c0 + 0.0089 cpd00264_c0 + 0.213 cpd00322_c0 + 0.000223 cpd00345_c0 + 0.0254 cpd00356_c0 + 0.01814 cpd00357_c0 + 0.000142 cpd11652_c0 + 0.000216 cpd12801_c0 + 0.000701 cpd15432_c0 + 0.00276 cpd15665_c0 + 0.00192 cpd16083_c0 + 4.3e-05 cpd16093_c0 --> biomass_c0 + 5.604 cpd00001_c0 + 0.08708 cpd00009_c0 + 0.634975 cpd00012_c0,,0.0,1000.0,C11H12N2O2,0,c0
cpd00065_c0,rxn01964,L-Tryptophan,cpd00054_c0 + cpd02210_c0 --> cpd00001_c0 + cpd00065_c0 + cpd00102_c0,,0.0,1000.0,C11H12N2O2,0,c0
cpd00065_c0,rxn05663,L-Tryptophan,cpd00065_e0 + cpd00067_e0 <=> cpd00065_c0 + cpd00067_c0,,-1000.0,1000.0,C11H12N2O2,0,c0
cpd00065_c0,rxn13782,L-Tryptophan,10412.0 cpd00001_c0 + 6730.0 cpd00002_c0 + 496.0 cpd00033_c0 + 1370.0 cpd00035_c0 + 10162.0 cpd00038_c0 + 431.0 cpd00039_c0 + 250.0 cpd00041_c0 + 121.0 cpd00051_c0 + 500.0 cpd00053_c0 + 290.0 cpd00054_c0 + 116.0 cpd00060_c0 + 54.0 cpd00065_c0 + 199.0 cpd00066_c0 + 138.0 cpd00069_c0 + 87.0 cpd00084_c0 + 428.0 cpd00107_c0 + 145.0 cpd00119_c0 + 541.0 cpd00129_c0 + 420.0 cpd00156_c0 + 436.0 cpd00161_c0 + 14.0 cpd00201_c0 + 213.0 cpd00322_c0 --> Protein_c0 + 250.0 cpd00008_c0 + 10412.0 cpd00009_c0 + 6480.0 cpd00012_c0 + 6480.0 cpd00018_c0 + 10162.0 cpd00031_c0 + 14.0 cpd00047_c0 + 15493.0 cpd00067_c0 + 14.0 cpd00087_c0,,0.0,1000.0,C11H12N2O2,0,c0
cpd00065_c0,rxn00474,L-Tryptophan,cpd00054_c0 + cpd00359_c0 --> cpd00001_c0 + cpd00065_c0,,0.0,1000.0,C11H12N2O2,0,c0
cpd15532_c0,rxn09201,phosphatidylethanolamine dihexadec-9enoyl,2.0 cpd00067_c0 + cpd15556_c0 <=> cpd00011_c0 + cpd15532_c0,,-1000.0,1000.0,C37H70NO8P,0,c0
cpd15699_c0,rxn10236,Dianteisopentadecanoylphosphatidylethanolamine,2.0 cpd00067_c0 + cpd15693_c0 <=> cpd00011_c0 + cpd15699_c0,,-1000.0,1000.0,C35H70NO8P,0,c0
cpd00307_c0,rxn05527,Cytosine,cpd00067_e0 + cpd00307_e0 <=> cpd00067_c0 + cpd00307_c0,,-1000.0,1000.0,C4H5N3O,0,c0
cpd00307_c0,rxn00717,Cytosine,cpd00001_c0 + cpd00067_c0 + cpd00307_c0 --> cpd00013_c0 + cpd00092_c0,,0.0,1000.0,C4H5N3O,0,c0
cpd00307_c0,rxn01541,Cytosine,cpd00105_c0 + cpd00307_c0 --> cpd00001_c0 + cpd00367_c0,,0.0,1000.0,C4H5N3O,0,c0
cpd11569_c0,rxn05456,14-methyl-pentadecanoyl-ACP,cpd00010_c0 + cpd11569_c0 <=> cpd11441_c0 + cpd11493_c0,,-1000.0,1000.0,C27H51N2O8PRS,-2,c0
cpd11569_c0,rxn05450,14-methyl-pentadecanoyl-ACP,cpd00004_c0 + cpd00067_c0 + cpd11568_c0 --> cpd00003_c0 + cpd11569_c0,,0.0,1000.0,C27H51N2O8PRS,-2,c0
cpd00939_c0,rxn02484,Toxopyrimidine,cpd00002_c0 + cpd00939_c0 --> cpd00008_c0 + cpd00067_c0 + cpd02775_c0,,0.0,1000.0,C6H10N3O,1,c0
cpd15538_c0,rxn10334,Phosphatidylglycerol dihexadecanoyl,2.0 cpd15538_c0 <=> cpd00100_c0 + cpd15791_c0,,-1000.0,1000.0,C38H74O10P,-1,c0
cpd15538_c0,rxn09104,Phosphatidylglycerol dihexadecanoyl,cpd00001_c0 + cpd15545_c0 --> cpd00009_c0 + cpd00067_c0 + cpd15538_c0,,0.0,1000.0,C38H74O10P,-1,c0
cpd00393_e0,EXpd00393,Folate,cpd00393_e0 --> ,,0.0,1000.0,C19H17N7O6,-2,e0
cpd00393_e0,rxn05255,Folate,cpd00067_e0 + cpd00393_e0 --> cpd00067_c0 + cpd00393_c0,,0.0,1000.0,C19H17N7O6,-2,e0
cpd00032_c0,rxn00935,Oxaloacetate,cpd00015_c0 + cpd00130_c0 <=> cpd00032_c0 + cpd00982_c0,,-1000.0,1000.0,C4H2O5,-2,c0
cpd00032_c0,rxn00262,Oxaloacetate,cpd00001_c0 + cpd00007_c0 + cpd00041_c0 --> cpd00013_c0 + cpd00025_c0 + cpd00032_c0,,0.0,1000.0,C4H2O5,-2,c0
cpd00032_c0,rxn01270,Oxaloacetate,cpd00032_c0 + cpd00616_c0 <=> cpd00041_c0 + cpd00219_c0,,-1000.0,1000.0,C4H2O5,-2,c0
cpd00032_c0,rxn00247,Oxaloacetate,cpd00002_c0 + cpd00032_c0 --> cpd00008_c0 + cpd00011_c0 + cpd00061_c0,,0.0,1000.0,C4H2O5,-2,c0
cpd00032_c0,rxn00256,Oxaloacetate,cpd00001_c0 + cpd00022_c0 + cpd00032_c0 --> cpd00010_c0 + cpd00067_c0 + cpd00137_c0,,0.0,1000.0,C4H2O5,-2,c0
cpd00032_c0,rxn00251,Oxaloacetate,cpd00001_c0 + cpd00011_c0 + cpd00061_c0 --> cpd00009_c0 + cpd00032_c0 + cpd00067_c0,,0.0,1000.0,C4H2O5,-2,c0
cpd00032_c0,rxn00250,Oxaloacetate,cpd00002_c0 + cpd00020_c0 + cpd00242_c0 --> cpd00008_c0 + cpd00009_c0 + cpd00032_c0 + cpd00067_c0,,0.0,1000.0,C4H2O5,-2,c0
cpd00032_c0,rxn08900,Oxaloacetate,cpd00130_c0 + cpd15560_c0 --> cpd00032_c0 + cpd15561_c0,,0.0,1000.0,C4H2O5,-2,c0
cpd00032_c0,rxn00265,Oxaloacetate,cpd00137_c0 <=> cpd00029_c0 + cpd00032_c0,,-1000.0,1000.0,C4H2O5,-2,c0
cpd00032_c0,rxn00162,Oxaloacetate,cpd00032_c0 + cpd00067_c0 --> cpd00011_c0 + cpd00020_c0,,0.0,1000.0,C4H2O5,-2,c0
cpd00032_c0,rxn00679,Oxaloacetate,cpd00010_c0 + cpd00067_c0 + cpd01501_c0 <=> cpd00001_c0 + cpd00032_c0 + cpd00086_c0,,-1000.0,1000.0,C4H2O5,-2,c0
cpd00032_c0,rxn08901,Oxaloacetate,cpd00130_c0 + cpd15500_c0 --> cpd00032_c0 + cpd15499_c0,,0.0,1000.0,C4H2O5,-2,c0
cpd00032_c0,rxn00260,Oxaloacetate,cpd00024_c0 + cpd00041_c0 <=> cpd00023_c0 + cpd00032_c0,,-1000.0,1000.0,C4H2O5,-2,c0
cpd00359_c0,rxn00474,indol,cpd00054_c0 + cpd00359_c0 --> cpd00001_c0 + cpd00065_c0,,0.0,1000.0,C8H7N,0,c0
cpd00359_c0,rxn01682,indol,cpd02210_c0 <=> cpd00102_c0 + cpd00359_c0,,-1000.0,1000.0,C8H7N,0,c0
cpd15553_c0,rxn09198,phosphatidylserine ditetradecanoyl,2.0 cpd00067_c0 + cpd15553_c0 <=> cpd00011_c0 + cpd15529_c0,,-1000.0,1000.0,C34H64NO10P,-2,c0
cpd15553_c0,rxn09206,phosphatidylserine ditetradecanoyl,cpd00054_c0 + cpd15423_c0 --> cpd00046_c0 + 2.0 cpd00067_c0 + cpd15553_c0,,0.0,1000.0,C34H64NO10P,-2,c0
cpd00129_c0,biomass0,L-Proline,0.169975 cpd00002_c0 + 0.00215 cpd00003_c0 + 5e-05 cpd00004_c0 + 0.0004 cpd00005_c0 + 0.00013 cpd00006_c0 + 6e-06 cpd00010_c0 + 1e-05 cpd00015_c0 + 5e-05 cpd00022_c0 + 0.25 cpd00023_c0 + 0.003 cpd00026_c0 + 1e-06 cpd00028_c0 + 0.496 cpd00033_c0 + 0.499 cpd00035_c0 + 0.203 cpd00038_c0 + 0.431 cpd00039_c0 + 0.245 cpd00041_c0 + 0.121 cpd00051_c0 + 0.126 cpd00052_c0 + 0.25 cpd00053_c0 + 0.29 cpd00054_c0 + 0.116 cpd00060_c0 + 0.136 cpd00062_c0 + 0.054 cpd00065_c0 + 0.199 cpd00066_c0 + 0.138 cpd00069_c0 + 3e-06 cpd00078_c0 + 0.087 cpd00084_c0 + 0.428 cpd00107_c0 + 0.01814 cpd00115_c0 + 0.035 cpd00118_c0 + 0.145 cpd00119_c0 + 0.541 cpd00129_c0 + 0.245 cpd00132_c0 + 0.154 cpd00155_c0 + 0.42 cpd00156_c0 + 0.436 cpd00161_c0 + 0.000223 cpd00201_c0 + 0.0254 cpd00241_c0 + 0.0089 cpd00264_c0 + 0.213 cpd00322_c0 + 0.000223 cpd00345_c0 + 0.0254 cpd00356_c0 + 0.01814 cpd00357_c0 + 0.000142 cpd11652_c0 + 0.000216 cpd12801_c0 + 0.000701 cpd15432_c0 + 0.00276 cpd15665_c0 + 0.00192 cpd16083_c0 + 4.3e-05 cpd16093_c0 --> biomass_c0 + 5.604 cpd00001_c0 + 0.08708 cpd00009_c0 + 0.634975 cpd00012_c0,,0.0,1000.0,C5H9NO2,0,c0
cpd00129_c0,rxn05638,L-Proline,cpd00067_e0 + cpd00129_e0 <=> cpd00067_c0 + cpd00129_c0,,-1000.0,1000.0,C5H9NO2,0,c0
cpd00129_c0,rxn00931,L-Proline,cpd00006_c0 + cpd00129_c0 <=> cpd00005_c0 + 2.0 cpd00067_c0 + cpd02431_c0,,-1000.0,1000.0,C5H9NO2,0,c0
cpd00129_c0,rxn13782,L-Proline,10412.0 cpd00001_c0 + 6730.0 cpd00002_c0 + 496.0 cpd00033_c0 + 1370.0 cpd00035_c0 + 10162.0 cpd00038_c0 + 431.0 cpd00039_c0 + 250.0 cpd00041_c0 + 121.0 cpd00051_c0 + 500.0 cpd00053_c0 + 290.0 cpd00054_c0 + 116.0 cpd00060_c0 + 54.0 cpd00065_c0 + 199.0 cpd00066_c0 + 138.0 cpd00069_c0 + 87.0 cpd00084_c0 + 428.0 cpd00107_c0 + 145.0 cpd00119_c0 + 541.0 cpd00129_c0 + 420.0 cpd00156_c0 + 436.0 cpd00161_c0 + 14.0 cpd00201_c0 + 213.0 cpd00322_c0 --> Protein_c0 + 250.0 cpd00008_c0 + 10412.0 cpd00009_c0 + 6480.0 cpd00012_c0 + 6480.0 cpd00018_c0 + 10162.0 cpd00031_c0 + 14.0 cpd00047_c0 + 15493.0 cpd00067_c0 + 14.0 cpd00087_c0,,0.0,1000.0,C5H9NO2,0,c0
cpd00129_c0,rxn09188,L-Proline,cpd00015_c0 + cpd00129_c0 <=> cpd00067_c0 + cpd00982_c0 + cpd02431_c0,,-1000.0,1000.0,C5H9NO2,0,c0
cpd00129_c0,rxn05221,L-Proline,cpd00129_e0 + cpd00971_e0 <=> cpd00129_c0 + cpd00971_c0,,-1000.0,1000.0,C5H9NO2,0,c0
cpd00129_c0,rxn12638,L-Proline,cpd00001_c0 + cpd11588_c0 --> cpd00033_c0 + cpd00129_c0,,0.0,1000.0,C5H9NO2,0,c0
cpd00129_c0,rxn00929,L-Proline,cpd00003_c0 + cpd00129_c0 <=> cpd00004_c0 + 2.0 cpd00067_c0 + cpd02431_c0,,-1000.0,1000.0,C5H9NO2,0,c0
cpd00129_c0,rxn10945,L-Proline,cpd00129_e0 --> cpd00129_c0,,0.0,0.0,C5H9NO2,0,c0
cpd00550_e0,EXpd00550,D-Serine,cpd00550_e0 --> ,,0.0,1000.0,C3H7NO3,0,e0
cpd00550_e0,ADD_D_Ser2,D-Serine,cpd00550_e0 --> cpd00550_c0,,0.0,1000.0,C3H7NO3,0,e0
cpd11621_c0,rxn05937,Oxidizedferredoxin,cpd00006_c0 + cpd00067_c0 + cpd11620_c0 <=> cpd00005_c0 + cpd11621_c0,,-1000.0,1000.0,Fe2R4S6,6,c0
cpd01775_c0,rxn02834,Phosphoribosyl-ATP,cpd00001_c0 + cpd01775_c0 --> cpd00012_c0 + 2.0 cpd00067_c0 + cpd01777_c0,,0.0,1000.0,C15H20N5O20P4,-5,c0
cpd01775_c0,rxn00789,Phosphoribosyl-ATP,cpd00002_c0 + cpd00103_c0 --> cpd00012_c0 + cpd00067_c0 + cpd01775_c0,,0.0,1000.0,C15H20N5O20P4,-5,c0
cpd15320_c0,rxn08812,1-Acyl-sn-glycero-3-phosphoglycerol tetradec-7-enoyl,cpd00001_c0 + cpd15320_c0 <=> cpd00067_c0 + cpd02090_c0 + cpd15298_c0,,-1000.0,1000.0,C20H38O9P,-1,c0
cpd11454_c0,rxn09542,Phosphatidylglycerophosphate,50.0 cpd00001_c0 + cpd11454_c0 --> 50.0 cpd00009_c0 + cpd11652_c0,,0.0,1000.0,C8H11O13P2R2,-3,c0
cpd00041_c0,biomass0,L-Aspartate,0.169975 cpd00002_c0 + 0.00215 cpd00003_c0 + 5e-05 cpd00004_c0 + 0.0004 cpd00005_c0 + 0.00013 cpd00006_c0 + 6e-06 cpd00010_c0 + 1e-05 cpd00015_c0 + 5e-05 cpd00022_c0 + 0.25 cpd00023_c0 + 0.003 cpd00026_c0 + 1e-06 cpd00028_c0 + 0.496 cpd00033_c0 + 0.499 cpd00035_c0 + 0.203 cpd00038_c0 + 0.431 cpd00039_c0 + 0.245 cpd00041_c0 + 0.121 cpd00051_c0 + 0.126 cpd00052_c0 + 0.25 cpd00053_c0 + 0.29 cpd00054_c0 + 0.116 cpd00060_c0 + 0.136 cpd00062_c0 + 0.054 cpd00065_c0 + 0.199 cpd00066_c0 + 0.138 cpd00069_c0 + 3e-06 cpd00078_c0 + 0.087 cpd00084_c0 + 0.428 cpd00107_c0 + 0.01814 cpd00115_c0 + 0.035 cpd00118_c0 + 0.145 cpd00119_c0 + 0.541 cpd00129_c0 + 0.245 cpd00132_c0 + 0.154 cpd00155_c0 + 0.42 cpd00156_c0 + 0.436 cpd00161_c0 + 0.000223 cpd00201_c0 + 0.0254 cpd00241_c0 + 0.0089 cpd00264_c0 + 0.213 cpd00322_c0 + 0.000223 cpd00345_c0 + 0.0254 cpd00356_c0 + 0.01814 cpd00357_c0 + 0.000142 cpd11652_c0 + 0.000216 cpd12801_c0 + 0.000701 cpd15432_c0 + 0.00276 cpd15665_c0 + 0.00192 cpd16083_c0 + 4.3e-05 cpd16093_c0 --> biomass_c0 + 5.604 cpd00001_c0 + 0.08708 cpd00009_c0 + 0.634975 cpd00012_c0,,0.0,1000.0,C4H6NO4,-1,c0
cpd00041_c0,rxn00262,L-Aspartate,cpd00001_c0 + cpd00007_c0 + cpd00041_c0 --> cpd00013_c0 + cpd00025_c0 + cpd00032_c0,,0.0,1000.0,C4H6NO4,-1,c0
cpd00041_c0,rxn01434,L-Aspartate,cpd00002_c0 + cpd00041_c0 + cpd00274_c0 <=> cpd00012_c0 + cpd00018_c0 + 2.0 cpd00067_c0 + cpd02152_c0,,-1000.0,1000.0,C4H6NO4,-1,c0
cpd00041_c0,rxn13782,L-Aspartate,10412.0 cpd00001_c0 + 6730.0 cpd00002_c0 + 496.0 cpd00033_c0 + 1370.0 cpd00035_c0 + 10162.0 cpd00038_c0 + 431.0 cpd00039_c0 + 250.0 cpd00041_c0 + 121.0 cpd00051_c0 + 500.0 cpd00053_c0 + 290.0 cpd00054_c0 + 116.0 cpd00060_c0 + 54.0 cpd00065_c0 + 199.0 cpd00066_c0 + 138.0 cpd00069_c0 + 87.0 cpd00084_c0 + 428.0 cpd00107_c0 + 145.0 cpd00119_c0 + 541.0 cpd00129_c0 + 420.0 cpd00156_c0 + 436.0 cpd00161_c0 + 14.0 cpd00201_c0 + 213.0 cpd00322_c0 --> Protein_c0 + 250.0 cpd00008_c0 + 10412.0 cpd00009_c0 + 6480.0 cpd00012_c0 + 6480.0 cpd00018_c0 + 10162.0 cpd00031_c0 + 14.0 cpd00047_c0 + 15493.0 cpd00067_c0 + 14.0 cpd00087_c0,,0.0,1000.0,C4H6NO4,-1,c0
cpd00041_c0,rxn00338,L-Aspartate,cpd00007_c0 + cpd00041_c0 --> cpd00025_c0 + cpd03470_c0,,0.0,1000.0,C4H6NO4,-1,c0
cpd00041_c0,rxn00342,L-Aspartate,cpd00001_c0 + cpd00132_c0 --> cpd00013_c0 + cpd00041_c0,,0.0,1000.0,C4H6NO4,-1,c0
cpd00041_c0,rxn00346,L-Aspartate,cpd00041_c0 + cpd00067_c0 --> cpd00011_c0 + cpd00085_c0,,0.0,1000.0,C4H6NO4,-1,c0
cpd00041_c0,rxn01018,L-Aspartate,cpd00041_c0 + cpd00146_c0 --> cpd00009_c0 + cpd00067_c0 + cpd00343_c0,,0.0,1000.0,C4H6NO4,-1,c0
cpd00041_c0,rxn00416,L-Aspartate,cpd00001_c0 + cpd00002_c0 + cpd00041_c0 + cpd00053_c0 --> cpd00012_c0 + cpd00018_c0 + cpd00023_c0 + 2.0 cpd00067_c0 + cpd00132_c0,,0.0,1000.0,C4H6NO4,-1,c0
cpd00041_c0,rxn05152,L-Aspartate,cpd00001_c0 + cpd00002_c0 + cpd00041_e0 --> cpd00008_c0 + cpd00009_c0 + cpd00041_c0 + cpd00067_c0,,0.0,1000.0,C4H6NO4,-1,c0
cpd00041_c0,rxn01270,L-Aspartate,cpd00032_c0 + cpd00616_c0 <=> cpd00041_c0 + cpd00219_c0,,-1000.0,1000.0,C4H6NO4,-1,c0
cpd00041_c0,rxn03147,L-Aspartate,cpd00002_c0 + cpd00041_c0 + cpd02893_c0 --> cpd00008_c0 + cpd00009_c0 + 2.0 cpd00067_c0 + cpd02921_c0,,0.0,1000.0,C4H6NO4,-1,c0
cpd00041_c0,rxn00838,L-Aspartate,cpd00038_c0 + cpd00041_c0 + cpd00114_c0 --> cpd00009_c0 + cpd00031_c0 + 2.0 cpd00067_c0 + cpd02375_c0,,0.0,1000.0,C4H6NO4,-1,c0
cpd00041_c0,rxn00347,L-Aspartate,cpd00041_c0 --> cpd00013_c0 + cpd00106_c0,,0.0,1000.0,C4H6NO4,-1,c0
cpd00041_c0,rxn00337,L-Aspartate,cpd00002_c0 + cpd00041_c0 <=> cpd00008_c0 + cpd01977_c0,,-1000.0,1000.0,C4H6NO4,-1,c0
cpd00041_c0,rxn12637,L-Aspartate,cpd00001_c0 + cpd11589_c0 <=> cpd00033_c0 + cpd00041_c0,,-1000.0,1000.0,C4H6NO4,-1,c0
cpd00041_c0,rxn00260,L-Aspartate,cpd00024_c0 + cpd00041_c0 <=> cpd00023_c0 + cpd00032_c0,,-1000.0,1000.0,C4H6NO4,-1,c0
cpd00041_c0,rxn12633,L-Aspartate,cpd00001_c0 + cpd11593_c0 <=> cpd00035_c0 + cpd00041_c0,,-1000.0,1000.0,C4H6NO4,-1,c0
cpd00092_c0,rxn05197,Uracil,cpd00067_e0 + cpd00092_e0 <=> cpd00067_c0 + cpd00092_c0,,-1000.0,1000.0,C4H4N2O2,0,c0
cpd00092_c0,rxn00717,Uracil,cpd00001_c0 + cpd00067_c0 + cpd00307_c0 --> cpd00013_c0 + cpd00092_c0,,0.0,1000.0,C4H4N2O2,0,c0
cpd00092_c0,rxn00776,Uracil,cpd00092_c0 + cpd00101_c0 --> cpd00001_c0 + cpd00859_c0,,0.0,1000.0,C4H4N2O2,0,c0
cpd00092_c0,rxn00711,Uracil,cpd00092_c0 + cpd00103_c0 --> cpd00012_c0 + cpd00067_c0 + cpd00091_c0,,0.0,1000.0,C4H4N2O2,0,c0
cpd00073_c0,rxn01746,Urea,cpd00001_c0 + cpd00388_c0 <=> cpd00073_c0 + cpd00465_c0,,-1000.0,1000.0,CH4N2O,0,c0
cpd00073_c0,rxn00101,Urea,cpd00001_c0 + 2.0 cpd00067_c0 + cpd00073_c0 --> cpd00011_c0 + 2.0 cpd00013_c0,,0.0,1000.0,CH4N2O,0,c0
cpd00073_c0,rxn00560,Urea,cpd00002_c0 + cpd00073_c0 + cpd00242_c0 --> cpd00008_c0 + cpd00009_c0 + cpd00067_c0 + cpd00742_c0,,0.0,1000.0,CH4N2O,0,c0
cpd00073_c0,rxn05667,Urea,cpd00073_e0 <=> cpd00073_c0,,-1000.0,1000.0,CH4N2O,0,c0
cpd00038_c0,biomass0,GTP,0.169975 cpd00002_c0 + 0.00215 cpd00003_c0 + 5e-05 cpd00004_c0 + 0.0004 cpd00005_c0 + 0.00013 cpd00006_c0 + 6e-06 cpd00010_c0 + 1e-05 cpd00015_c0 + 5e-05 cpd00022_c0 + 0.25 cpd00023_c0 + 0.003 cpd00026_c0 + 1e-06 cpd00028_c0 + 0.496 cpd00033_c0 + 0.499 cpd00035_c0 + 0.203 cpd00038_c0 + 0.431 cpd00039_c0 + 0.245 cpd00041_c0 + 0.121 cpd00051_c0 + 0.126 cpd00052_c0 + 0.25 cpd00053_c0 + 0.29 cpd00054_c0 + 0.116 cpd00060_c0 + 0.136 cpd00062_c0 + 0.054 cpd00065_c0 + 0.199 cpd00066_c0 + 0.138 cpd00069_c0 + 3e-06 cpd00078_c0 + 0.087 cpd00084_c0 + 0.428 cpd00107_c0 + 0.01814 cpd00115_c0 + 0.035 cpd00118_c0 + 0.145 cpd00119_c0 + 0.541 cpd00129_c0 + 0.245 cpd00132_c0 + 0.154 cpd00155_c0 + 0.42 cpd00156_c0 + 0.436 cpd00161_c0 + 0.000223 cpd00201_c0 + 0.0254 cpd00241_c0 + 0.0089 cpd00264_c0 + 0.213 cpd00322_c0 + 0.000223 cpd00345_c0 + 0.0254 cpd00356_c0 + 0.01814 cpd00357_c0 + 0.000142 cpd11652_c0 + 0.000216 cpd12801_c0 + 0.000701 cpd15432_c0 + 0.00276 cpd15665_c0 + 0.00192 cpd16083_c0 + 4.3e-05 cpd16093_c0 --> biomass_c0 + 5.604 cpd00001_c0 + 0.08708 cpd00009_c0 + 0.634975 cpd00012_c0,,0.0,1000.0,C10H13N5O14P3,-3,c0
cpd00038_c0,rxn04413,GTP,cpd00038_c0 + cpd03918_c0 <=> cpd00031_c0 + cpd00067_c0 + cpd03919_c0,,-1000.0,1000.0,C10H13N5O14P3,-3,c0
cpd00038_c0,rxn00302,GTP,cpd00001_c0 + cpd00038_c0 --> cpd00067_c0 + cpd03518_c0,,0.0,1000.0,C10H13N5O14P3,-3,c0
cpd00038_c0,rxn00237,GTP,cpd00002_c0 + cpd00031_c0 --> cpd00008_c0 + cpd00038_c0,,0.0,1000.0,C10H13N5O14P3,-3,c0
cpd00038_c0,rxn09240,GTP,cpd00001_c0 + cpd00002_c0 + cpd00038_c0 + cpd00048_c0 --> cpd00009_c0 + cpd00012_c0 + cpd00031_c0 + cpd00067_c0 + cpd00193_c0,,0.0,1000.0,C10H13N5O14P3,-3,c0
cpd00038_c0,rxn13782,GTP,10412.0 cpd00001_c0 + 6730.0 cpd00002_c0 + 496.0 cpd00033_c0 + 1370.0 cpd00035_c0 + 10162.0 cpd00038_c0 + 431.0 cpd00039_c0 + 250.0 cpd00041_c0 + 121.0 cpd00051_c0 + 500.0 cpd00053_c0 + 290.0 cpd00054_c0 + 116.0 cpd00060_c0 + 54.0 cpd00065_c0 + 199.0 cpd00066_c0 + 138.0 cpd00069_c0 + 87.0 cpd00084_c0 + 428.0 cpd00107_c0 + 145.0 cpd00119_c0 + 541.0 cpd00129_c0 + 420.0 cpd00156_c0 + 436.0 cpd00161_c0 + 14.0 cpd00201_c0 + 213.0 cpd00322_c0 --> Protein_c0 + 250.0 cpd00008_c0 + 10412.0 cpd00009_c0 + 6480.0 cpd00012_c0 + 6480.0 cpd00018_c0 + 10162.0 cpd00031_c0 + 14.0 cpd00047_c0 + 15493.0 cpd00067_c0 + 14.0 cpd00087_c0,,0.0,1000.0,C10H13N5O14P3,-3,c0
cpd00038_c0,rxn00838,GTP,cpd00038_c0 + cpd00041_c0 + cpd00114_c0 --> cpd00009_c0 + cpd00031_c0 + 2.0 cpd00067_c0 + cpd02375_c0,,0.0,1000.0,C10H13N5O14P3,-3,c0
cpd00038_c0,rxn00299,GTP,cpd00001_c0 + cpd00038_c0 --> cpd00047_c0 + 2.0 cpd00067_c0 + cpd02978_c0,,0.0,1000.0,C10H13N5O14P3,-3,c0
cpd00038_c0,rxn00303,GTP,cpd00002_c0 + cpd00038_c0 <=> cpd00018_c0 + 2.0 cpd00067_c0 + cpd02740_c0,,-1000.0,1000.0,C10H13N5O14P3,-3,c0
cpd00038_c0,rxn00300,GTP,3.0 cpd00001_c0 + cpd00038_c0 --> cpd00012_c0 + cpd00047_c0 + 3.0 cpd00067_c0 + cpd00957_c0,,0.0,1000.0,C10H13N5O14P3,-3,c0
cpd00038_c0,rxn05234,GTP,cpd00038_c0 + cpd11421_c0 --> cpd00001_c0 + cpd00241_c0 + cpd11420_c0,,0.0,1000.0,C10H13N5O14P3,-3,c0
cpd00038_c0,rxn03537,GTP,cpd00038_c0 + cpd03919_c0 <=> cpd00012_c0 + cpd03920_c0,,-1000.0,1000.0,C10H13N5O14P3,-3,c0
cpd00311_c0,rxn00913,Guanosine,cpd00001_c0 + cpd00126_c0 --> cpd00009_c0 + cpd00311_c0,,0.0,1000.0,C10H13N5O5,0,c0
cpd00817_c0,rxn01117,D-Arabinose5-phosphate,cpd00817_c0 <=> cpd00171_c0,,-1000.0,1000.0,C5H9O8P,-2,c0
cpd00817_c0,rxn02331,D-Arabinose5-phosphate,cpd00001_c0 + cpd00061_c0 + cpd00817_c0 --> cpd00009_c0 + cpd02730_c0,,0.0,1000.0,C5H9O8P,-2,c0
cpd03524_c0,rxn01210,10-Formyl-THF-L-glutamate,cpd00002_c0 + cpd00023_c0 + cpd00201_c0 --> cpd00008_c0 + cpd00009_c0 + cpd00067_c0 + cpd03524_c0,,0.0,1000.0,C25H27N8O10,-3,c0
cpd03470_c0,rxn00338,Iminoaspartate,cpd00007_c0 + cpd00041_c0 --> cpd00025_c0 + cpd03470_c0,,0.0,1000.0,C4H4NO4,-1,c0
cpd03470_c0,rxn02988,Iminoaspartate,cpd00095_c0 + cpd03470_c0 --> 2.0 cpd00001_c0 + cpd00009_c0 + cpd00067_c0 + cpd02333_c0,,0.0,1000.0,C4H4NO4,-1,c0
cpd00638_c0,rxn00138,Deamido-NAD,cpd00002_c0 + cpd00013_c0 + cpd00638_c0 --> cpd00003_c0 + cpd00012_c0 + cpd00018_c0 + 2.0 cpd00067_c0,,0.0,1000.0,C21H24N6O15P2,-2,c0
cpd00638_c0,rxn02155,Deamido-NAD,cpd00002_c0 + cpd00873_c0 <=> cpd00012_c0 + cpd00638_c0,,-1000.0,1000.0,C21H24N6O15P2,-2,c0
cpd11587_e0,rxn05540,Ala-Gln,cpd00001_c0 + cpd00002_c0 + cpd11587_e0 --> cpd00008_c0 + cpd00009_c0 + cpd00067_c0 + cpd11587_c0,,0.0,1000.0,C8H15N3O4,0,e0
cpd11587_e0,EXpd11587,Ala-Gln,cpd11587_e0 --> ,,0.0,1000.0,C8H15N3O4,0,e0
cpd02701_c0,rxn02312,S-Adenosyl-4-methylthio-2-oxobutanoate,cpd00017_c0 + cpd00800_c0 <=> cpd00764_c0 + cpd02701_c0,,-1000.0,1000.0,C15H19N5O6S,0,c0
cpd11497_c0,rxn05361,4-methyl-3-hydroxy-hexanoyl-ACP,cpd11497_c0 --> cpd00001_c0 + cpd11498_c0,,0.0,1000.0,C18H33N2O9PRS,-1,c0
cpd11497_c0,rxn05360,4-methyl-3-hydroxy-hexanoyl-ACP,cpd00005_c0 + cpd00067_c0 + cpd11496_c0 <=> cpd00006_c0 + cpd11497_c0,,-1000.0,1000.0,C18H33N2O9PRS,-1,c0
cpd00289_c0,rxn01489,Geranylgeranyl diphosphate,2.0 cpd00289_c0 --> cpd00012_c0 + cpd00067_c0 + cpd02168_c0,,0.0,1000.0,C20H34O7P2,-2,c0
cpd00289_c0,rxn05287,Geranylgeranyl diphosphate,cpd00113_c0 + cpd00289_c0 --> cpd00012_c0 + cpd00067_c0 + cpd02591_c0,,0.0,1000.0,C20H34O7P2,-2,c0
cpd00289_c0,rxn01486,Geranylgeranyl diphosphate,cpd00113_c0 + cpd00350_c0 --> cpd00012_c0 + cpd00067_c0 + cpd00289_c0,,0.0,1000.0,C20H34O7P2,-2,c0
cpd00093_c0,rxn00791,Anthranilate,cpd00093_c0 + cpd00103_c0 --> cpd00012_c0 + cpd00067_c0 + cpd02642_c0,,0.0,1000.0,C7H6NO2,-1,c0
cpd00093_c0,rxn00726,Anthranilate,cpd00013_c0 + cpd00216_c0 --> cpd00001_c0 + cpd00020_c0 + cpd00067_c0 + cpd00093_c0,,0.0,1000.0,C7H6NO2,-1,c0
cpd00093_c0,rxn00727,Anthranilate,cpd00053_c0 + cpd00216_c0 --> cpd00020_c0 + cpd00023_c0 + cpd00067_c0 + cpd00093_c0,,0.0,1000.0,C7H6NO2,-1,c0
cpd00345_c0,biomass0,5-Methyltetrahydrofolate,0.169975 cpd00002_c0 + 0.00215 cpd00003_c0 + 5e-05 cpd00004_c0 + 0.0004 cpd00005_c0 + 0.00013 cpd00006_c0 + 6e-06 cpd00010_c0 + 1e-05 cpd00015_c0 + 5e-05 cpd00022_c0 + 0.25 cpd00023_c0 + 0.003 cpd00026_c0 + 1e-06 cpd00028_c0 + 0.496 cpd00033_c0 + 0.499 cpd00035_c0 + 0.203 cpd00038_c0 + 0.431 cpd00039_c0 + 0.245 cpd00041_c0 + 0.121 cpd00051_c0 + 0.126 cpd00052_c0 + 0.25 cpd00053_c0 + 0.29 cpd00054_c0 + 0.116 cpd00060_c0 + 0.136 cpd00062_c0 + 0.054 cpd00065_c0 + 0.199 cpd00066_c0 + 0.138 cpd00069_c0 + 3e-06 cpd00078_c0 + 0.087 cpd00084_c0 + 0.428 cpd00107_c0 + 0.01814 cpd00115_c0 + 0.035 cpd00118_c0 + 0.145 cpd00119_c0 + 0.541 cpd00129_c0 + 0.245 cpd00132_c0 + 0.154 cpd00155_c0 + 0.42 cpd00156_c0 + 0.436 cpd00161_c0 + 0.000223 cpd00201_c0 + 0.0254 cpd00241_c0 + 0.0089 cpd00264_c0 + 0.213 cpd00322_c0 + 0.000223 cpd00345_c0 + 0.0254 cpd00356_c0 + 0.01814 cpd00357_c0 + 0.000142 cpd11652_c0 + 0.000216 cpd12801_c0 + 0.000701 cpd15432_c0 + 0.00276 cpd15665_c0 + 0.00192 cpd16083_c0 + 4.3e-05 cpd16093_c0 --> biomass_c0 + 5.604 cpd00001_c0 + 0.08708 cpd00009_c0 + 0.634975 cpd00012_c0,,0.0,1000.0,C20H23N7O6,-2,c0
cpd00345_c0,rxn00910,5-Methyltetrahydrofolate,cpd00006_c0 + cpd00345_c0 <=> cpd00005_c0 + cpd00067_c0 + cpd00125_c0,,-1000.0,1000.0,C20H23N7O6,-2,c0
cpd00345_c0,rxn00693,5-Methyltetrahydrofolate,cpd00135_c0 + cpd00345_c0 <=> cpd00060_c0 + cpd00087_c0,,-1000.0,1000.0,C20H23N7O6,-2,c0
cpd00345_c0,rxn04954,5-Methyltetrahydrofolate,cpd00003_c0 + cpd00345_c0 <=> cpd00004_c0 + cpd00067_c0 + cpd00125_c0,,-1000.0,1000.0,C20H23N7O6,-2,c0
cpd03606_c0,rxn03445,2-Oxo-3-hydroxy-4-phosphobutanoate,cpd00024_c0 + cpd03607_c0 <=> cpd00023_c0 + cpd03606_c0,,-1000.0,1000.0,C4H4O8P,-3,c0
cpd03606_c0,rxn02939,2-Oxo-3-hydroxy-4-phosphobutanoate,cpd00003_c0 + cpd02147_c0 <=> cpd00004_c0 + cpd00067_c0 + cpd03606_c0,,-1000.0,1000.0,C4H4O8P,-3,c0
cpd00264_c0,biomass0,Spermidine,0.169975 cpd00002_c0 + 0.00215 cpd00003_c0 + 5e-05 cpd00004_c0 + 0.0004 cpd00005_c0 + 0.00013 cpd00006_c0 + 6e-06 cpd00010_c0 + 1e-05 cpd00015_c0 + 5e-05 cpd00022_c0 + 0.25 cpd00023_c0 + 0.003 cpd00026_c0 + 1e-06 cpd00028_c0 + 0.496 cpd00033_c0 + 0.499 cpd00035_c0 + 0.203 cpd00038_c0 + 0.431 cpd00039_c0 + 0.245 cpd00041_c0 + 0.121 cpd00051_c0 + 0.126 cpd00052_c0 + 0.25 cpd00053_c0 + 0.29 cpd00054_c0 + 0.116 cpd00060_c0 + 0.136 cpd00062_c0 + 0.054 cpd00065_c0 + 0.199 cpd00066_c0 + 0.138 cpd00069_c0 + 3e-06 cpd00078_c0 + 0.087 cpd00084_c0 + 0.428 cpd00107_c0 + 0.01814 cpd00115_c0 + 0.035 cpd00118_c0 + 0.145 cpd00119_c0 + 0.541 cpd00129_c0 + 0.245 cpd00132_c0 + 0.154 cpd00155_c0 + 0.42 cpd00156_c0 + 0.436 cpd00161_c0 + 0.000223 cpd00201_c0 + 0.0254 cpd00241_c0 + 0.0089 cpd00264_c0 + 0.213 cpd00322_c0 + 0.000223 cpd00345_c0 + 0.0254 cpd00356_c0 + 0.01814 cpd00357_c0 + 0.000142 cpd11652_c0 + 0.000216 cpd12801_c0 + 0.000701 cpd15432_c0 + 0.00276 cpd15665_c0 + 0.00192 cpd16083_c0 + 4.3e-05 cpd16093_c0 --> biomass_c0 + 5.604 cpd00001_c0 + 0.08708 cpd00009_c0 + 0.634975 cpd00012_c0,,0.0,1000.0,C7H22N3,3,c0
cpd00264_c0,rxn01406,Spermidine,cpd00118_c0 + cpd00837_c0 --> cpd00067_c0 + cpd00147_c0 + cpd00264_c0,,0.0,1000.0,C7H22N3,3,c0
cpd00264_c0,rxn05175,Spermidine,cpd00001_c0 + cpd00002_c0 + cpd00264_e0 --> cpd00008_c0 + cpd00009_c0 + cpd00067_c0 + cpd00264_c0,,0.0,1000.0,C7H22N3,3,c0
cpd02920_c0,rxn02503,2-Amino-4-hydroxy-6-hydroxymethyl-7-8-dihydropteridinediphosphate,cpd00002_c0 + cpd00954_c0 <=> cpd00018_c0 + 2.0 cpd00067_c0 + cpd02920_c0,,-1000.0,1000.0,C7H8N5O8P2,-3,c0
cpd02920_c0,rxn02201,2-Amino-4-hydroxy-6-hydroxymethyl-7-8-dihydropteridinediphosphate,cpd00443_c0 + cpd02920_c0 --> cpd00012_c0 + cpd00683_c0,,0.0,1000.0,C7H8N5O8P2,-3,c0
cpd00069_c0,biomass0,L-Tyrosine,0.169975 cpd00002_c0 + 0.00215 cpd00003_c0 + 5e-05 cpd00004_c0 + 0.0004 cpd00005_c0 + 0.00013 cpd00006_c0 + 6e-06 cpd00010_c0 + 1e-05 cpd00015_c0 + 5e-05 cpd00022_c0 + 0.25 cpd00023_c0 + 0.003 cpd00026_c0 + 1e-06 cpd00028_c0 + 0.496 cpd00033_c0 + 0.499 cpd00035_c0 + 0.203 cpd00038_c0 + 0.431 cpd00039_c0 + 0.245 cpd00041_c0 + 0.121 cpd00051_c0 + 0.126 cpd00052_c0 + 0.25 cpd00053_c0 + 0.29 cpd00054_c0 + 0.116 cpd00060_c0 + 0.136 cpd00062_c0 + 0.054 cpd00065_c0 + 0.199 cpd00066_c0 + 0.138 cpd00069_c0 + 3e-06 cpd00078_c0 + 0.087 cpd00084_c0 + 0.428 cpd00107_c0 + 0.01814 cpd00115_c0 + 0.035 cpd00118_c0 + 0.145 cpd00119_c0 + 0.541 cpd00129_c0 + 0.245 cpd00132_c0 + 0.154 cpd00155_c0 + 0.42 cpd00156_c0 + 0.436 cpd00161_c0 + 0.000223 cpd00201_c0 + 0.0254 cpd00241_c0 + 0.0089 cpd00264_c0 + 0.213 cpd00322_c0 + 0.000223 cpd00345_c0 + 0.0254 cpd00356_c0 + 0.01814 cpd00357_c0 + 0.000142 cpd11652_c0 + 0.000216 cpd12801_c0 + 0.000701 cpd15432_c0 + 0.00276 cpd15665_c0 + 0.00192 cpd16083_c0 + 4.3e-05 cpd16093_c0 --> biomass_c0 + 5.604 cpd00001_c0 + 0.08708 cpd00009_c0 + 0.634975 cpd00012_c0,,0.0,1000.0,C9H11NO3,0,c0
cpd00069_c0,rxn00527,L-Tyrosine,cpd00024_c0 + cpd00069_c0 <=> cpd00023_c0 + cpd00868_c0,,-1000.0,1000.0,C9H11NO3,0,c0
cpd00069_c0,rxn05301,L-Tyrosine,cpd00067_e0 + cpd00069_e0 <=> cpd00067_c0 + cpd00069_c0,,-1000.0,1000.0,C9H11NO3,0,c0
cpd00069_c0,rxn13782,L-Tyrosine,10412.0 cpd00001_c0 + 6730.0 cpd00002_c0 + 496.0 cpd00033_c0 + 1370.0 cpd00035_c0 + 10162.0 cpd00038_c0 + 431.0 cpd00039_c0 + 250.0 cpd00041_c0 + 121.0 cpd00051_c0 + 500.0 cpd00053_c0 + 290.0 cpd00054_c0 + 116.0 cpd00060_c0 + 54.0 cpd00065_c0 + 199.0 cpd00066_c0 + 138.0 cpd00069_c0 + 87.0 cpd00084_c0 + 428.0 cpd00107_c0 + 145.0 cpd00119_c0 + 541.0 cpd00129_c0 + 420.0 cpd00156_c0 + 436.0 cpd00161_c0 + 14.0 cpd00201_c0 + 213.0 cpd00322_c0 --> Protein_c0 + 250.0 cpd00008_c0 + 10412.0 cpd00009_c0 + 6480.0 cpd00012_c0 + 6480.0 cpd00018_c0 + 10162.0 cpd00031_c0 + 14.0 cpd00047_c0 + 15493.0 cpd00067_c0 + 14.0 cpd00087_c0,,0.0,1000.0,C9H11NO3,0,c0
cpd00069_c0,rxn42709,L-Tyrosine,cpd00005_c0 + cpd00017_c0 + cpd00069_c0 --> cpd00006_c0 + cpd00060_c0 + cpd01042_c0 + cpd03091_c0 + cpd14545_c0,,0.0,1000.0,C9H11NO3,0,c0
cpd00069_c0,rxn12847,L-Tyrosine,cpd00001_c0 + cpd15606_c0 <=> cpd00033_c0 + cpd00069_c0,,-1000.0,1000.0,C9H11NO3,0,c0
cpd00069_c0,rxn01315,L-Tyrosine,cpd00007_c0 + cpd00066_c0 + cpd00233_c0 --> cpd00001_c0 + cpd00069_c0 + cpd00231_c0,,0.0,1000.0,C9H11NO3,0,c0
cpd00069_c0,rxn09310,L-Tyrosine,cpd00002_c0 + cpd00069_c0 + cpd00084_c0 + cpd08289_c0 --> cpd00001_c0 + cpd00011_c0 + cpd00012_c0 + cpd00018_c0 + cpd00035_c0 + 2.0 cpd00067_c0 + cpd02654_c0 + cpd15378_c0,,0.0,1000.0,C9H11NO3,0,c0
cpd00069_c0,rxn04989,L-Tyrosine,cpd00007_c0 + cpd00066_c0 + cpd00233_c0 --> cpd00069_c0 + cpd03897_c0,,0.0,1000.0,C9H11NO3,0,c0
cpd00822_c0,rxn05957,O-Succinyl-L-homoserine,cpd00239_c0 + cpd00822_c0 --> cpd00036_c0 + cpd00135_c0,,0.0,1000.0,C8H12NO6,-1,c0
cpd11513_c0,rxn05377,12-methyl-3-hydroxy-tetra-decanoyl-ACP,cpd11513_c0 --> cpd00001_c0 + cpd11514_c0,,0.0,1000.0,C26H49N2O9PRS,-1,c0
cpd11513_c0,rxn05376,12-methyl-3-hydroxy-tetra-decanoyl-ACP,cpd00005_c0 + cpd00067_c0 + cpd11512_c0 <=> cpd00006_c0 + cpd11513_c0,,-1000.0,1000.0,C26H49N2O9PRS,-1,c0
cpd01186_c0,rxn02319,L-Fuculose,cpd00002_c0 + cpd01186_c0 --> cpd00008_c0 + cpd00067_c0 + cpd00806_c0,,0.0,1000.0,C6H12O5,0,c0
cpd01186_c0,rxn02263,L-Fuculose,cpd00751_c0 <=> cpd01186_c0,,-1000.0,1000.0,C6H12O5,0,c0
cpd00214_c0,rxn08799,Palmitate,cpd00001_c0 + cpd15327_c0 <=> 2.0 cpd00067_c0 + cpd00080_c0 + cpd00214_c0,,-1000.0,1000.0,C16H31O2,-1,c0
cpd00214_c0,rxn00947,Palmitate,cpd00002_c0 + cpd00010_c0 + cpd00214_c0 --> cpd00012_c0 + cpd00018_c0 + cpd00067_c0 + cpd00134_c0,,0.0,1000.0,C16H31O2,-1,c0
cpd00214_c0,rxn10162,Palmitate,cpd00067_e0 + cpd00214_e0 <=> cpd00067_c0 + cpd00214_c0,,-1000.0,1000.0,C16H31O2,-1,c0
cpd00214_c0,rxn08848,Palmitate,cpd00001_c0 + cpd15346_c0 <=> cpd00067_c0 + cpd00214_c0 + cpd02090_c0,,-1000.0,1000.0,C16H31O2,-1,c0
cpd00214_c0,rxn08806,Palmitate,cpd00001_c0 + cpd15316_c0 <=> cpd00067_c0 + cpd00214_c0 + cpd00908_c0,,-1000.0,1000.0,C16H31O2,-1,c0
cpd00214_c0,rxn08841,Palmitate,cpd00001_c0 + cpd15339_c0 <=> cpd00067_c0 + cpd00214_c0 + cpd00908_c0,,-1000.0,1000.0,C16H31O2,-1,c0
cpd00214_c0,rxn08813,Palmitate,cpd00001_c0 + cpd15321_c0 <=> cpd00067_c0 + cpd00214_c0 + cpd02090_c0,,-1000.0,1000.0,C16H31O2,-1,c0
cpd00214_c0,rxn08820,Palmitate,cpd00001_c0 + cpd15355_c0 <=> 2.0 cpd00067_c0 + cpd00080_c0 + cpd00214_c0,,-1000.0,1000.0,C16H31O2,-1,c0
cpd15675_c0,rxn10209,1-anteisopentadecanoyl-sn-glycerol 3-phosphate,cpd00080_c0 + cpd11439_c0 --> cpd00010_c0 + cpd15675_c0,,0.0,1000.0,C18H36O7P,-1,c0
cpd15675_c0,rxn10218,1-anteisopentadecanoyl-sn-glycerol 3-phosphate,cpd11439_c0 + cpd15675_c0 --> cpd00010_c0 + cpd00067_c0 + cpd15681_c0,,0.0,1000.0,C18H36O7P,-1,c0
IscS_with_bound_sulfur_c0,ADD_TPP4,IscS_with_bound_sulfur_c0,IscS_sulfur_acceptor_protein_c0 + cpd00084_c0 --> IscS_with_bound_sulfur_c0 + cpd00035_c0,,0.0,1000.0,X,0,c0
IscS_with_bound_sulfur_c0,ADD_TPP3,IscS_with_bound_sulfur_c0,IscS_with_bound_sulfur_c0 + cpd00002_c0 + cpd00005_c0 + cpd08289_c0 + cpd14545_c0 --> IscS_sulfur_acceptor_protein_c0 + 2.0 cpd00001_c0 + cpd00006_c0 + cpd00011_c0 + cpd00012_c0 + cpd00018_c0 + cpd00067_c0 + cpd02654_c0,,0.0,1000.0,X,0,c0
cpd03422_c0,rxn05029,Cobinamide,cpd00002_c0 + cpd03422_c0 <=> cpd00421_c0 + cpd03918_c0,,-1000.0,1000.0,C48H72CoN11O8,0,c0
cpd00039_e0,rxn05151,L-Lysine,cpd00001_c0 + cpd00002_c0 + cpd00039_e0 --> cpd00008_c0 + cpd00009_c0 + cpd00039_c0 + cpd00067_c0,,0.0,1000.0,C6H15N2O2,1,e0
cpd00039_e0,EXpd00039,L-Lysine,cpd00039_e0 --> ,,0.0,1000.0,C6H15N2O2,1,e0
cpd00039_e0,rxn05305,L-Lysine,cpd00039_c0 + cpd00067_e0 <=> cpd00039_e0 + cpd00067_c0,,-1000.0,1000.0,C6H15N2O2,1,e0
cpd15550_c0,rxn08954,phospho-heptosyl-phospho-heptosyl-heptosyl-kdo2-lipidA,cpd02546_c0 + cpd15550_c0 --> cpd00046_c0 + cpd00067_c0 + cpd15492_c0,,0.0,1000.0,C131H230N2O63P4,-10,c0
cpd15550_c0,rxn08709,phospho-heptosyl-phospho-heptosyl-heptosyl-kdo2-lipidA,cpd00002_c0 + cpd15488_c0 --> cpd00008_c0 + cpd00067_c0 + cpd15550_c0,,0.0,1000.0,C131H230N2O63P4,-10,c0
cpd00421_c0,rxn05029,Triphosphate,cpd00002_c0 + cpd03422_c0 <=> cpd00421_c0 + cpd03918_c0,,-1000.0,1000.0,HO10P3,-4,c0
cpd00421_c0,rxn03535,Triphosphate,cpd00002_c0 + cpd03915_c0 <=> cpd00421_c0 + cpd03916_c0,,-1000.0,1000.0,HO10P3,-4,c0
cpd00421_c0,rxn08194,Triphosphate,cpd00002_c0 + cpd00635_c0 <=> cpd00166_c0 + cpd00421_c0,,-1000.0,1000.0,HO10P3,-4,c0
cpd00421_c0,rxn10052,Triphosphate,cpd00018_c0 + cpd00067_c0 + cpd00421_c0 <=> cpd00008_c0 + cpd00012_c0,,-1000.0,1000.0,HO10P3,-4,c0
cpd00531_c0,rxn10343,Hg2+,cpd00001_c0 + cpd00002_c0 + cpd00531_c0 --> cpd00008_c0 + cpd00009_c0 + cpd00067_c0 + cpd00531_e0,,0.0,1000.0,Hg,2,c0
cpd00052_c0,rxn10225,CTP,cpd00052_c0 + cpd15682_c0 <=> cpd00012_c0 + cpd00067_c0 + cpd15688_c0,,-1000.0,1000.0,C9H13N3O14P3,-3,c0
cpd00052_c0,rxn08312,CTP,cpd00052_c0 + cpd15527_c0 <=> cpd00012_c0 + cpd00067_c0 + cpd15420_c0,,-1000.0,1000.0,C9H13N3O14P3,-3,c0
cpd00052_c0,biomass0,CTP,0.169975 cpd00002_c0 + 0.00215 cpd00003_c0 + 5e-05 cpd00004_c0 + 0.0004 cpd00005_c0 + 0.00013 cpd00006_c0 + 6e-06 cpd00010_c0 + 1e-05 cpd00015_c0 + 5e-05 cpd00022_c0 + 0.25 cpd00023_c0 + 0.003 cpd00026_c0 + 1e-06 cpd00028_c0 + 0.496 cpd00033_c0 + 0.499 cpd00035_c0 + 0.203 cpd00038_c0 + 0.431 cpd00039_c0 + 0.245 cpd00041_c0 + 0.121 cpd00051_c0 + 0.126 cpd00052_c0 + 0.25 cpd00053_c0 + 0.29 cpd00054_c0 + 0.116 cpd00060_c0 + 0.136 cpd00062_c0 + 0.054 cpd00065_c0 + 0.199 cpd00066_c0 + 0.138 cpd00069_c0 + 3e-06 cpd00078_c0 + 0.087 cpd00084_c0 + 0.428 cpd00107_c0 + 0.01814 cpd00115_c0 + 0.035 cpd00118_c0 + 0.145 cpd00119_c0 + 0.541 cpd00129_c0 + 0.245 cpd00132_c0 + 0.154 cpd00155_c0 + 0.42 cpd00156_c0 + 0.436 cpd00161_c0 + 0.000223 cpd00201_c0 + 0.0254 cpd00241_c0 + 0.0089 cpd00264_c0 + 0.213 cpd00322_c0 + 0.000223 cpd00345_c0 + 0.0254 cpd00356_c0 + 0.01814 cpd00357_c0 + 0.000142 cpd11652_c0 + 0.000216 cpd12801_c0 + 0.000701 cpd15432_c0 + 0.00276 cpd15665_c0 + 0.00192 cpd16083_c0 + 4.3e-05 cpd16093_c0 --> biomass_c0 + 5.604 cpd00001_c0 + 0.08708 cpd00009_c0 + 0.634975 cpd00012_c0,,0.0,1000.0,C9H13N3O14P3,-3,c0
cpd00052_c0,rxn00412,CTP,cpd00001_c0 + cpd00002_c0 + cpd00053_c0 + cpd00062_c0 --> cpd00008_c0 + cpd00009_c0 + cpd00023_c0 + cpd00052_c0 + 2.0 cpd00067_c0,,0.0,1000.0,C9H13N3O14P3,-3,c0
cpd00052_c0,rxn08309,CTP,cpd00052_c0 + cpd15524_c0 <=> cpd00012_c0 + cpd00067_c0 + cpd15419_c0,,-1000.0,1000.0,C9H13N3O14P3,-3,c0
cpd00052_c0,rxn09177,CTP,cpd00052_c0 + cpd00084_c0 + cpd02201_c0 --> cpd00012_c0 + cpd00046_c0 + 2.0 cpd00067_c0 + cpd02666_c0,,0.0,1000.0,C9H13N3O14P3,-3,c0
cpd00052_c0,rxn08306,CTP,cpd00052_c0 + cpd15521_c0 <=> cpd00012_c0 + cpd00067_c0 + cpd15417_c0,,-1000.0,1000.0,C9H13N3O14P3,-3,c0
cpd00052_c0,rxn10859,CTP,cpd00052_c0 + cpd00067_c0 + 0.02 cpd16080_c0 --> cpd00012_c0 + 0.02 cpd16067_c0,,0.0,1000.0,C9H13N3O14P3,-3,c0
cpd00052_c0,rxn00410,CTP,cpd00002_c0 + cpd00013_c0 + cpd00062_c0 <=> cpd00008_c0 + cpd00009_c0 + cpd00052_c0 + 2.0 cpd00067_c0,,-1000.0,1000.0,C9H13N3O14P3,-3,c0
cpd00052_c0,rxn00409,CTP,cpd00002_c0 + cpd00096_c0 <=> cpd00008_c0 + cpd00052_c0,,-1000.0,1000.0,C9H13N3O14P3,-3,c0
cpd00052_c0,rxn10224,CTP,cpd00052_c0 + cpd15681_c0 <=> cpd00012_c0 + cpd00067_c0 + cpd15687_c0,,-1000.0,1000.0,C9H13N3O14P3,-3,c0
cpd00052_c0,rxn08310,CTP,cpd00052_c0 + cpd15525_c0 <=> cpd00012_c0 + cpd00067_c0 + cpd15418_c0,,-1000.0,1000.0,C9H13N3O14P3,-3,c0
cpd00052_c0,rxn10221,CTP,cpd00052_c0 + cpd15678_c0 <=> cpd00012_c0 + cpd00067_c0 + cpd15684_c0,,-1000.0,1000.0,C9H13N3O14P3,-3,c0
cpd00052_c0,rxn10223,CTP,cpd00052_c0 + cpd15680_c0 <=> cpd00012_c0 + cpd00067_c0 + cpd15686_c0,,-1000.0,1000.0,C9H13N3O14P3,-3,c0
cpd00052_c0,rxn08311,CTP,cpd00052_c0 + cpd15526_c0 <=> cpd00012_c0 + cpd00067_c0 + cpd15421_c0,,-1000.0,1000.0,C9H13N3O14P3,-3,c0
cpd00052_c0,rxn08307,CTP,cpd00052_c0 + cpd15522_c0 <=> cpd00012_c0 + cpd00067_c0 + cpd15423_c0,,-1000.0,1000.0,C9H13N3O14P3,-3,c0
cpd00052_c0,rxn10220,CTP,cpd00052_c0 + cpd15677_c0 <=> cpd00012_c0 + cpd00067_c0 + cpd15683_c0,,-1000.0,1000.0,C9H13N3O14P3,-3,c0
cpd00052_c0,rxn00827,CTP,cpd00052_c0 + cpd00232_c0 --> cpd00012_c0 + cpd00067_c0 + cpd00112_c0,,0.0,1000.0,C9H13N3O14P3,-3,c0
cpd00052_c0,rxn03907,CTP,cpd00052_c0 + cpd08286_c0 <=> cpd00012_c0 + cpd08287_c0,,-1000.0,1000.0,C9H13N3O14P3,-3,c0
cpd00052_c0,rxn10222,CTP,cpd00052_c0 + cpd15679_c0 <=> cpd00012_c0 + cpd00067_c0 + cpd15685_c0,,-1000.0,1000.0,C9H13N3O14P3,-3,c0
cpd00052_c0,rxn00407,CTP,cpd00001_c0 + cpd00052_c0 + cpd00067_c0 --> cpd00013_c0 + cpd00062_c0,,0.0,1000.0,C9H13N3O14P3,-3,c0
cpd00052_c0,rxn02405,CTP,cpd00052_c0 + cpd00875_c0 --> cpd00012_c0 + cpd00067_c0 + cpd02546_c0,,0.0,1000.0,C9H13N3O14P3,-3,c0
cpd00052_c0,rxn05235,CTP,cpd00052_c0 + cpd11421_c0 --> cpd00001_c0 + cpd00356_c0 + cpd11420_c0,,0.0,1000.0,C9H13N3O14P3,-3,c0
cpd00052_c0,rxn08308,CTP,cpd00052_c0 + cpd15523_c0 <=> cpd00012_c0 + cpd00067_c0 + cpd15422_c0,,-1000.0,1000.0,C9H13N3O14P3,-3,c0
cpd00041_e0,EXpd00041,L-Aspartate,cpd00041_e0 --> ,,0.0,1000.0,C4H6NO4,-1,e0
cpd00041_e0,rxn05152,L-Aspartate,cpd00001_c0 + cpd00002_c0 + cpd00041_e0 --> cpd00008_c0 + cpd00009_c0 + cpd00041_c0 + cpd00067_c0,,0.0,1000.0,C4H6NO4,-1,e0
cpd00309_c0,rxn01522,XAN,cpd00001_c0 + cpd00003_c0 + cpd00309_c0 --> cpd00004_c0 + cpd00067_c0 + cpd00300_c0,,0.0,1000.0,C5H4N4O2,0,c0
cpd00309_c0,rxn01297,XAN,cpd00001_c0 + cpd00003_c0 + cpd00226_c0 <=> cpd00004_c0 + cpd00067_c0 + cpd00309_c0,,-1000.0,1000.0,C5H4N4O2,0,c0
cpd00309_c0,rxn01225,XAN,cpd00001_c0 + cpd00067_c0 + cpd00207_c0 --> cpd00013_c0 + cpd00309_c0,,0.0,1000.0,C5H4N4O2,0,c0
cpd00309_c0,rxn01544,XAN,cpd00103_c0 + cpd00309_c0 --> cpd00012_c0 + cpd00067_c0 + cpd00497_c0,,0.0,1000.0,C5H4N4O2,0,c0
cpd00164_e0,EXpd00164,Glucuronate,cpd00164_e0 --> ,,0.0,1000.0,C6H9O7,-1,e0
cpd00164_e0,ADD_D_Glucopyranuronate2,Glucuronate,cpd00164_e0 --> cpd00164_c0,,0.0,1000.0,C6H9O7,-1,e0
cpd11572_c0,rxn05464,trans-Octodec-2-enoyl-ACP,cpd00004_c0 + cpd00067_c0 + cpd11572_c0 --> cpd00003_c0 + cpd11573_c0,,0.0,1000.0,C29H53N2O8PRS,-1,c0
cpd00492_c0,rxn01316,N-Acetyl-D-mannosamine,cpd00001_c0 + cpd00061_c0 + cpd00492_c0 --> cpd00009_c0 + cpd00232_c0,,0.0,1000.0,C8H15NO6,0,c0
cpd00492_c0,rxn01951,N-Acetyl-D-mannosamine,cpd00002_c0 + cpd00492_c0 --> cpd00008_c0 + cpd00067_c0 + cpd02612_c0,,0.0,1000.0,C8H15NO6,0,c0
cpd00492_c0,ADD_ManNAc2,N-Acetyl-D-mannosamine,cpd00492_e0 --> cpd00492_c0,,0.0,1000.0,C8H15NO6,0,c0
cpd00103_c0,rxn00711,PRPP,cpd00092_c0 + cpd00103_c0 --> cpd00012_c0 + cpd00067_c0 + cpd00091_c0,,0.0,1000.0,C5H9O14P3,-4,c0
cpd00103_c0,rxn00915,PRPP,cpd00103_c0 + cpd00207_c0 --> cpd00012_c0 + cpd00067_c0 + cpd00126_c0,,0.0,1000.0,C5H9O14P3,-4,c0
cpd00103_c0,rxn00789,PRPP,cpd00002_c0 + cpd00103_c0 --> cpd00012_c0 + cpd00067_c0 + cpd01775_c0,,0.0,1000.0,C5H9O14P3,-4,c0
cpd00103_c0,rxn00139,PRPP,cpd00103_c0 + cpd00128_c0 --> cpd00012_c0 + cpd00018_c0 + cpd00067_c0,,0.0,1000.0,C5H9O14P3,-4,c0
cpd00103_c0,rxn01362,PRPP,cpd00103_c0 + cpd00247_c0 --> cpd00012_c0 + cpd00067_c0 + cpd00810_c0,,0.0,1000.0,C5H9O14P3,-4,c0
cpd00103_c0,rxn00790,PRPP,cpd00001_c0 + cpd00053_c0 + cpd00103_c0 --> cpd00012_c0 + cpd00023_c0 + cpd00067_c0 + cpd01982_c0,,0.0,1000.0,C5H9O14P3,-4,c0
cpd00103_c0,rxn01265,PRPP,cpd00012_c0 + cpd00873_c0 <=> cpd00103_c0 + cpd00218_c0,,-1000.0,1000.0,C5H9O14P3,-4,c0
cpd00103_c0,rxn00791,PRPP,cpd00093_c0 + cpd00103_c0 --> cpd00012_c0 + cpd00067_c0 + cpd02642_c0,,0.0,1000.0,C5H9O14P3,-4,c0
cpd00103_c0,rxn00836,PRPP,cpd00103_c0 + cpd00226_c0 --> cpd00012_c0 + cpd00067_c0 + cpd00114_c0,,0.0,1000.0,C5H9O14P3,-4,c0
cpd00103_c0,rxn02402,PRPP,cpd00067_c0 + cpd00103_c0 + cpd02333_c0 --> cpd00011_c0 + cpd00012_c0 + cpd00873_c0,,0.0,1000.0,C5H9O14P3,-4,c0
cpd00103_c0,rxn01544,PRPP,cpd00103_c0 + cpd00309_c0 --> cpd00012_c0 + cpd00067_c0 + cpd00497_c0,,0.0,1000.0,C5H9O14P3,-4,c0
cpd00103_c0,rxn00770,PRPP,cpd00002_c0 + cpd00101_c0 <=> cpd00018_c0 + cpd00067_c0 + cpd00103_c0,,-1000.0,1000.0,C5H9O14P3,-4,c0
cpd00516_c0,rxn01974,"meso-2,6-Diaminopimelate",cpd00504_c0 <=> cpd00516_c0,,-1000.0,1000.0,C7H14N2O4,0,c0
cpd00516_c0,rxn02011,"meso-2,6-Diaminopimelate",cpd00002_c0 + cpd00516_c0 + cpd00525_c0 --> cpd00008_c0 + cpd00009_c0 + cpd00067_c0 + cpd02964_c0,,0.0,1000.0,C7H14N2O4,0,c0
cpd00516_c0,rxn00313,"meso-2,6-Diaminopimelate",cpd00067_c0 + cpd00516_c0 <=> cpd00011_c0 + cpd00039_c0,,-1000.0,1000.0,C7H14N2O4,0,c0
cpd02991_c0,rxn03135,phosphoribulosylformimino-AICAR-phosphate,cpd00053_c0 + cpd02991_c0 --> cpd00023_c0 + cpd00067_c0 + cpd02843_c0 + cpd02851_c0,,0.0,1000.0,C15H21N5O15P2,-4,c0
cpd02991_c0,rxn03175,phosphoribulosylformimino-AICAR-phosphate,cpd02979_c0 <=> cpd02991_c0,,-1000.0,1000.0,C15H21N5O15P2,-4,c0
cpd03830_c0,rxn03511,ADP-D-glycero-D-manno-heptose,cpd03830_c0 --> cpd03831_c0,,0.0,1000.0,C17H25N5O16P2,-2,c0
cpd03830_c0,rxn03916,ADP-D-glycero-D-manno-heptose,cpd00002_c0 + cpd04920_c0 <=> cpd00012_c0 + cpd03830_c0,,-1000.0,1000.0,C17H25N5O16P2,-2,c0
cpd11498_c0,rxn05433,4-methyl-trans-hex-2-enoyl-ACP,cpd00004_c0 + cpd00067_c0 + cpd11498_c0 --> cpd00003_c0 + cpd11499_c0,,0.0,1000.0,C18H31N2O8PRS,-1,c0
cpd11498_c0,rxn05361,4-methyl-trans-hex-2-enoyl-ACP,cpd11497_c0 --> cpd00001_c0 + cpd11498_c0,,0.0,1000.0,C18H31N2O8PRS,-1,c0
cpd00509_c0,rxn01146,deoxyribose-1-phosphate,cpd00009_c0 + cpd00184_c0 <=> cpd00151_c0 + cpd00509_c0,,-1000.0,1000.0,C5H9O7P,-2,c0
cpd00105_c0,rxn05160,D-Ribose,cpd00001_c0 + cpd00002_c0 + cpd00105_e0 --> cpd00008_c0 + cpd00009_c0 + cpd00067_c0 + cpd00105_c0,,0.0,1000.0,C5H10O5,0,c0
cpd00105_c0,rxn01541,D-Ribose,cpd00105_c0 + cpd00307_c0 --> cpd00001_c0 + cpd00367_c0,,0.0,1000.0,C5H10O5,0,c0
cpd00105_c0,rxn05644,D-Ribose,cpd00001_c0 + cpd00002_c0 + cpd00105_c0 --> cpd00008_c0 + cpd00009_c0 + cpd00067_c0 + cpd00105_e0,,0.0,1000.0,C5H10O5,0,c0
cpd00296_c0,rxn01509,dGMP,cpd00002_c0 + cpd00067_c0 + cpd00296_c0 <=> cpd00008_c0 + cpd00295_c0,,-1000.0,1000.0,C10H12N5O7P,-2,c0
cpd00296_c0,rxn01445,dGMP,cpd00001_c0 + cpd00296_c0 --> cpd00009_c0 + cpd00277_c0,,0.0,1000.0,C10H12N5O7P,-2,c0
cpd00793_e0,rxn05722,Thiamine phosphate,cpd00067_e0 + cpd00793_e0 --> cpd00067_c0 + cpd00793_c0,,0.0,1000.0,C12H17N4O4PS,0,e0
cpd00793_e0,EXpd00793,Thiamine phosphate,cpd00793_e0 --> ,,0.0,1000.0,C12H17N4O4PS,0,e0
cpd00493_c0,rxn00208,Pyridoxamine phosphate,cpd00001_c0 + cpd00007_c0 + cpd00493_c0 --> cpd00013_c0 + cpd00016_c0 + cpd00025_c0,,0.0,1000.0,C8H12N2O5P,-1,c0
cpd16093_c0,biomass0,phosphatidylserine (Saureus),0.169975 cpd00002_c0 + 0.00215 cpd00003_c0 + 5e-05 cpd00004_c0 + 0.0004 cpd00005_c0 + 0.00013 cpd00006_c0 + 6e-06 cpd00010_c0 + 1e-05 cpd00015_c0 + 5e-05 cpd00022_c0 + 0.25 cpd00023_c0 + 0.003 cpd00026_c0 + 1e-06 cpd00028_c0 + 0.496 cpd00033_c0 + 0.499 cpd00035_c0 + 0.203 cpd00038_c0 + 0.431 cpd00039_c0 + 0.245 cpd00041_c0 + 0.121 cpd00051_c0 + 0.126 cpd00052_c0 + 0.25 cpd00053_c0 + 0.29 cpd00054_c0 + 0.116 cpd00060_c0 + 0.136 cpd00062_c0 + 0.054 cpd00065_c0 + 0.199 cpd00066_c0 + 0.138 cpd00069_c0 + 3e-06 cpd00078_c0 + 0.087 cpd00084_c0 + 0.428 cpd00107_c0 + 0.01814 cpd00115_c0 + 0.035 cpd00118_c0 + 0.145 cpd00119_c0 + 0.541 cpd00129_c0 + 0.245 cpd00132_c0 + 0.154 cpd00155_c0 + 0.42 cpd00156_c0 + 0.436 cpd00161_c0 + 0.000223 cpd00201_c0 + 0.0254 cpd00241_c0 + 0.0089 cpd00264_c0 + 0.213 cpd00322_c0 + 0.000223 cpd00345_c0 + 0.0254 cpd00356_c0 + 0.01814 cpd00357_c0 + 0.000142 cpd11652_c0 + 0.000216 cpd12801_c0 + 0.000701 cpd15432_c0 + 0.00276 cpd15665_c0 + 0.00192 cpd16083_c0 + 4.3e-05 cpd16093_c0 --> biomass_c0 + 5.604 cpd00001_c0 + 0.08708 cpd00009_c0 + 0.634975 cpd00012_c0,,0.0,1000.0,X,0,c0
cpd16093_c0,rxn10880,phosphatidylserine (Saureus),cpd00054_c0 + 0.02 cpd16067_c0 --> cpd00046_c0 + cpd00067_c0 + 0.02 cpd16093_c0,,0.0,1000.0,X,0,c0
cpd16093_c0,rxn10879,phosphatidylserine (Saureus),cpd16093_c0 --> 50.0 cpd00011_c0 + cpd16083_c0,,0.0,1000.0,X,0,c0
cpd00254_c0,rxn05616,Mg,cpd00254_c0 <=> cpd00254_e0,,-1000.0,1000.0,Mg,2,c0
cpd00254_c0,rxn10571,Mg,cpd00001_c0 + cpd00002_c0 + cpd00254_e0 --> cpd00008_c0 + cpd00009_c0 + cpd00067_c0 + cpd00254_c0,,0.0,1000.0,Mg,2,c0
cpd00525_c0,rxn02008,UDP-N-acetylmuramoyl-L-alanyl-D-glutamate,cpd00002_c0 + cpd00186_c0 + cpd00890_c0 --> cpd00008_c0 + cpd00009_c0 + cpd00067_c0 + cpd00525_c0,,0.0,1000.0,C28H39N5O23P2,-4,c0
cpd00525_c0,rxn02011,UDP-N-acetylmuramoyl-L-alanyl-D-glutamate,cpd00002_c0 + cpd00516_c0 + cpd00525_c0 --> cpd00008_c0 + cpd00009_c0 + cpd00067_c0 + cpd02964_c0,,0.0,1000.0,C28H39N5O23P2,-4,c0
cpd11556_c0,rxn05447,8-methyl-trans-non-2-enoyl-ACP,cpd00004_c0 + cpd00067_c0 + cpd11556_c0 --> cpd00003_c0 + cpd11557_c0,,0.0,1000.0,C21H37N2O8PRS,-1,c0
cpd00905_c0,rxn02449,"Guanosine 3',5'-bis(diphosphate)",cpd00001_c0 + cpd02740_c0 --> cpd00009_c0 + cpd00067_c0 + cpd00905_c0,,0.0,1000.0,C10H12N5O17P4,-5,c0
cpd00905_c0,rxn00242,"Guanosine 3',5'-bis(diphosphate)",cpd00001_c0 + cpd00905_c0 --> cpd00012_c0 + cpd00031_c0,,0.0,1000.0,C10H12N5O17P4,-5,c0
cpd03114_c0,rxn03239,3-Oxopalmitoyl-CoA,cpd00003_c0 + cpd03113_c0 <=> cpd00004_c0 + cpd00067_c0 + cpd03114_c0,,-1000.0,1000.0,C37H60N7O18P3S,-4,c0
cpd03114_c0,rxn02804,3-Oxopalmitoyl-CoA,cpd00022_c0 + cpd01695_c0 <=> cpd00010_c0 + cpd03114_c0,,-1000.0,1000.0,C37H60N7O18P3S,-4,c0
cpd11590_c0,rxn05536,met-L-ala-L,cpd00001_c0 + cpd00002_c0 + cpd11590_e0 --> cpd00008_c0 + cpd00009_c0 + cpd00067_c0 + cpd11590_c0,,0.0,1000.0,C8H15N2O3S,-1,c0
cpd11590_c0,rxn12636,met-L-ala-L,cpd00001_c0 + cpd00067_c0 + cpd11590_c0 <=> cpd00035_c0 + cpd00060_c0,,-1000.0,1000.0,C8H15N2O3S,-1,c0
cpd00260_c0,rxn00973,Isocitrate,cpd00137_c0 <=> cpd00260_c0,,-1000.0,1000.0,C6H5O7,-3,c0
cpd00260_c0,rxn00336,Isocitrate,cpd00260_c0 <=> cpd00036_c0 + cpd00040_c0,,-1000.0,1000.0,C6H5O7,-3,c0
cpd00260_c0,rxn01388,Isocitrate,cpd00260_c0 <=> cpd00001_c0 + cpd00331_c0,,-1000.0,1000.0,C6H5O7,-3,c0
cpd00260_c0,rxn01387,Isocitrate,cpd00006_c0 + cpd00260_c0 <=> cpd00005_c0 + cpd00067_c0 + cpd03187_c0,,-1000.0,1000.0,C6H5O7,-3,c0
cpd12005_c0,rxn06493,Lipoylprotein,cpd00003_c0 + cpd12225_c0 <=> cpd00004_c0 + cpd00067_c0 + cpd12005_c0,,-1000.0,1000.0,C8H14NORS2,0,c0
cpd12005_c0,rxn06377,Lipoylprotein,cpd00033_c0 + cpd00067_c0 + cpd12005_c0 --> cpd00011_c0 + cpd11830_c0,,0.0,1000.0,C8H14NORS2,0,c0
cpd02547_c0,rxn04385,(R)-1-Aminopropan-2-yl phosphate,cpd00067_c0 + cpd08928_c0 --> cpd00011_c0 + cpd02547_c0,,0.0,1000.0,C3H9NO4P,-1,c0
cpd15561_c0,rxn08975,Ubiquinol-8,cpd00004_c0 + cpd00067_c0 + cpd15560_c0 --> cpd00003_c0 + cpd15561_c0,,0.0,1000.0,C49H76O4,0,c0
cpd15561_c0,rxn10113,Ubiquinol-8,0.5 cpd00007_c0 + 2.0 cpd00067_c0 + cpd15561_c0 --> cpd00001_c0 + 2.0 cpd00067_e0 + cpd15560_c0,,0.0,1000.0,C49H76O4,0,c0
cpd15561_c0,rxn08783,Ubiquinol-8,cpd00221_c0 + cpd15560_c0 --> cpd00020_c0 + cpd15561_c0,,0.0,1000.0,C49H76O4,0,c0
cpd15561_c0,rxn09272,Ubiquinol-8,cpd00036_c0 + cpd15560_c0 <=> cpd00106_c0 + cpd15561_c0,,-1000.0,1000.0,C49H76O4,0,c0
cpd15561_c0,rxn10116,Ubiquinol-8,cpd00001_e0 + cpd00027_e0 + cpd15560_c0 --> cpd00067_e0 + cpd00222_e0 + cpd15561_c0,,0.0,1000.0,C49H76O4,0,c0
cpd15561_c0,rxn10120,Ubiquinol-8,cpd00067_c0 + cpd00209_c0 + cpd15561_c0 --> cpd00001_c0 + cpd00075_c0 + cpd15560_c0,,0.0,1000.0,C49H76O4,0,c0
cpd15561_c0,rxn08655,Ubiquinol-8,cpd00139_c0 + cpd15560_c0 --> cpd00040_c0 + cpd15561_c0,,0.0,0.0,C49H76O4,0,c0
cpd15561_c0,rxn08335,Ubiquinol-8,cpd00282_c0 + cpd15560_c0 --> cpd00247_c0 + cpd15561_c0,,0.0,1000.0,C49H76O4,0,c0
cpd15561_c0,rxn10126,Ubiquinol-8,cpd00982_c0 + cpd15560_c0 --> cpd00015_c0 + cpd15561_c0,,0.0,1000.0,C49H76O4,0,c0
cpd15561_c0,rxn10114,Ubiquinol-8,cpd00047_c0 + 3.0 cpd00067_c0 + cpd15560_c0 --> cpd00011_c0 + 2.0 cpd00067_e0 + cpd15561_c0,,0.0,0.0,C49H76O4,0,c0
cpd15561_c0,rxn06106,Ubiquinol-8,2.0 cpd00109_c0 + cpd15561_c0 --> 2.0 cpd00067_e0 + 2.0 cpd00110_c0 + cpd15560_c0,,0.0,1000.0,C49H76O4,0,c0
cpd15561_c0,rxn08556,Ubiquinol-8,cpd00080_c0 + cpd15560_c0 --> cpd00095_c0 + cpd15561_c0,,0.0,1000.0,C49H76O4,0,c0
cpd15561_c0,rxn08900,Ubiquinol-8,cpd00130_c0 + cpd15560_c0 --> cpd00032_c0 + cpd15561_c0,,0.0,1000.0,C49H76O4,0,c0
cpd15561_c0,rxn10122,Ubiquinol-8,cpd00004_c0 + 4.0 cpd00067_c0 + cpd15560_c0 --> cpd00003_c0 + 3.0 cpd00067_e0 + cpd15561_c0,,0.0,1000.0,C49H76O4,0,c0
cpd11485_c0,rxn05344,3-oxohexadecanoyl-acp,cpd11466_c0 + cpd11492_c0 --> cpd00011_c0 + cpd11485_c0 + cpd11493_c0,,0.0,1000.0,C27H50N2O9PRS,-2,c0
cpd11485_c0,rxn05336,3-oxohexadecanoyl-acp,cpd00006_c0 + cpd11481_c0 <=> cpd00005_c0 + cpd00067_c0 + cpd11485_c0,,-1000.0,1000.0,C27H50N2O9PRS,-2,c0
cpd02147_c0,rxn01331,4-Phosphoerythronate,cpd00001_c0 + cpd00003_c0 + cpd00236_c0 --> cpd00004_c0 + 2.0 cpd00067_c0 + cpd02147_c0,,0.0,1000.0,C4H6O8P,-3,c0
cpd02147_c0,rxn02939,4-Phosphoerythronate,cpd00003_c0 + cpd02147_c0 <=> cpd00004_c0 + cpd00067_c0 + cpd03606_c0,,-1000.0,1000.0,C4H6O8P,-3,c0
cpd02371_c0,rxn02314,"D-Tagatose 1,6-biphosphate",cpd00002_c0 + cpd00805_c0 <=> cpd00008_c0 + cpd00067_c0 + cpd02371_c0,,-1000.0,1000.0,C6H10O12P2,-4,c0
cpd00426_c0,rxn01825,Homogentisate,cpd00007_c0 + cpd00426_c0 --> cpd00067_c0 + cpd00763_c0,,0.0,1000.0,C8H7O4,-1,c0
cpd00426_c0,rxn01827,Homogentisate,cpd00007_c0 + cpd00868_c0 --> cpd00011_c0 + cpd00426_c0,,0.0,1000.0,C8H7O4,-1,c0
cpd15489_c0,rxn09225,inner core oligosaccharide lipid A,4.0 cpd00067_c0 + cpd02113_c0 + cpd15492_c0 --> cpd00297_c0 + cpd15489_c0,,0.0,1000.0,C145H255N2O74P4,-7,c0
cpd15489_c0,rxn08618,inner core oligosaccharide lipid A,cpd00026_c0 + cpd15489_c0 <=> cpd00014_c0 + 4.0 cpd00067_c0 + cpd15479_c0,,-1000.0,1000.0,C145H255N2O74P4,-7,c0
cpd02546_c0,rxn08954,CMP-KDO,cpd02546_c0 + cpd15550_c0 --> cpd00046_c0 + cpd00067_c0 + cpd15492_c0,,0.0,1000.0,C17H24N3O15P,-2,c0
cpd02546_c0,rxn03182,CMP-KDO,cpd02546_c0 + cpd02993_c0 --> cpd00046_c0 + cpd00067_c0 + cpd03585_c0,,0.0,1000.0,C17H24N3O15P,-2,c0
cpd02546_c0,rxn02405,CMP-KDO,cpd00052_c0 + cpd00875_c0 --> cpd00012_c0 + cpd00067_c0 + cpd02546_c0,,0.0,1000.0,C17H24N3O15P,-2,c0
cpd02546_c0,rxn03439,CMP-KDO,cpd02546_c0 + cpd03585_c0 --> cpd00046_c0 + cpd00067_c0 + cpd03586_c0,,0.0,1000.0,C17H24N3O15P,-2,c0
cpd00894_c0,rxn02173,2-Dehydro-3-deoxy-D-galactonate,cpd00653_c0 --> cpd00001_c0 + cpd00894_c0,,0.0,1000.0,C6H9O6,-1,c0
cpd00894_c0,rxn40366,2-Dehydro-3-deoxy-D-galactonate,cpd00894_c0 --> cpd00020_c0 + cpd00448_c0,,0.0,1000.0,C6H9O6,-1,c0
cpd15799_c0,rxn10342,Isohexadecanoylcardiolipin (B. subtilis),2.0 cpd15727_c0 <=> cpd00100_c0 + cpd15799_c0,,-1000.0,1000.0,C73H140O17P2,-2,c0
cpd00118_c0,rxn00853,Putrescine,cpd00001_c0 + 2.0 cpd00067_c0 + cpd00341_c0 --> cpd00011_c0 + cpd00013_c0 + cpd00118_c0,,0.0,1000.0,C4H14N2,2,c0
cpd00118_c0,biomass0,Putrescine,0.169975 cpd00002_c0 + 0.00215 cpd00003_c0 + 5e-05 cpd00004_c0 + 0.0004 cpd00005_c0 + 0.00013 cpd00006_c0 + 6e-06 cpd00010_c0 + 1e-05 cpd00015_c0 + 5e-05 cpd00022_c0 + 0.25 cpd00023_c0 + 0.003 cpd00026_c0 + 1e-06 cpd00028_c0 + 0.496 cpd00033_c0 + 0.499 cpd00035_c0 + 0.203 cpd00038_c0 + 0.431 cpd00039_c0 + 0.245 cpd00041_c0 + 0.121 cpd00051_c0 + 0.126 cpd00052_c0 + 0.25 cpd00053_c0 + 0.29 cpd00054_c0 + 0.116 cpd00060_c0 + 0.136 cpd00062_c0 + 0.054 cpd00065_c0 + 0.199 cpd00066_c0 + 0.138 cpd00069_c0 + 3e-06 cpd00078_c0 + 0.087 cpd00084_c0 + 0.428 cpd00107_c0 + 0.01814 cpd00115_c0 + 0.035 cpd00118_c0 + 0.145 cpd00119_c0 + 0.541 cpd00129_c0 + 0.245 cpd00132_c0 + 0.154 cpd00155_c0 + 0.42 cpd00156_c0 + 0.436 cpd00161_c0 + 0.000223 cpd00201_c0 + 0.0254 cpd00241_c0 + 0.0089 cpd00264_c0 + 0.213 cpd00322_c0 + 0.000223 cpd00345_c0 + 0.0254 cpd00356_c0 + 0.01814 cpd00357_c0 + 0.000142 cpd11652_c0 + 0.000216 cpd12801_c0 + 0.000701 cpd15432_c0 + 0.00276 cpd15665_c0 + 0.00192 cpd16083_c0 + 4.3e-05 cpd16093_c0 --> biomass_c0 + 5.604 cpd00001_c0 + 0.08708 cpd00009_c0 + 0.634975 cpd00012_c0,,0.0,1000.0,C4H14N2,2,c0
cpd00118_c0,rxn01406,Putrescine,cpd00118_c0 + cpd00837_c0 --> cpd00067_c0 + cpd00147_c0 + cpd00264_c0,,0.0,1000.0,C4H14N2,2,c0
cpd00118_c0,rxn05163,Putrescine,cpd00001_c0 + cpd00002_c0 + cpd00118_e0 --> cpd00008_c0 + cpd00009_c0 + cpd00067_c0 + cpd00118_c0,,0.0,1000.0,C4H14N2,2,c0
cpd00118_c0,rxn14077,Putrescine,cpd00020_c0 + cpd00118_c0 --> cpd00035_c0 + cpd00434_c0,,0.0,1000.0,C4H14N2,2,c0
cpd00118_c0,rxn00470,Putrescine,cpd00064_c0 + cpd00067_c0 --> cpd00011_c0 + cpd00118_c0,,0.0,1000.0,C4H14N2,2,c0
cpd01171_e0,rxn05567,Dulcose,cpd00061_c0 + cpd01171_e0 <=> cpd00020_c0 + cpd03752_c0,,-1000.0,1000.0,C6H14O6,0,e0
cpd01171_e0,EXpd01171,Dulcose,cpd01171_e0 --> ,,0.0,1000.0,C6H14O6,0,e0
cpd02857_c0,rxn02212,DAHP,cpd02857_c0 --> cpd00009_c0 + cpd00699_c0,,0.0,1000.0,C7H10O10P,-3,c0
cpd02857_c0,rxn01332,DAHP,cpd00001_c0 + cpd00061_c0 + cpd00236_c0 --> cpd00009_c0 + cpd02857_c0,,0.0,1000.0,C7H10O10P,-3,c0
cpd11545_c0,rxn05409,isobutyryl-ACP,cpd00067_c0 + cpd11492_c0 + cpd11545_c0 --> cpd00011_c0 + cpd11493_c0 + cpd11546_c0,,0.0,1000.0,C15H27N2O8PRS,-2,c0
cpd11545_c0,rxn05408,isobutyryl-ACP,cpd00481_c0 + cpd11493_c0 <=> cpd00010_c0 + cpd11545_c0,,-1000.0,1000.0,C15H27N2O8PRS,-2,c0
cpd00508_c0,rxn03437,3MOP,cpd02535_c0 --> cpd00001_c0 + cpd00508_c0,,0.0,1000.0,C6H9O3,-1,c0
cpd00508_c0,rxn01575,3MOP,cpd00024_c0 + cpd00322_c0 <=> cpd00023_c0 + cpd00508_c0,,-1000.0,1000.0,C6H9O3,-1,c0
cpd00508_c0,rxn01573,3MOP,cpd00001_c0 + cpd00003_c0 + cpd00322_c0 <=> cpd00004_c0 + cpd00013_c0 + cpd00067_c0 + cpd00508_c0,,-1000.0,1000.0,C6H9O3,-1,c0
cpd00292_c0,rxn00991,HMG-CoA,cpd00292_c0 <=> cpd00022_c0 + cpd00142_c0,,-1000.0,1000.0,C27H39N7O20P3S,-5,c0
cpd00292_c0,rxn01504,HMG-CoA,cpd00292_c0 <=> cpd00001_c0 + cpd02068_c0,,-1000.0,1000.0,C27H39N7O20P3S,-5,c0
cpd08286_c0,rxn03958,2-C-methyl-D-erythritol4-phosphate,cpd00006_c0 + cpd08286_c0 <=> cpd00005_c0 + cpd00067_c0 + cpd08289_c0,,-1000.0,1000.0,C5H11O7P,-2,c0
cpd08286_c0,rxn03907,2-C-methyl-D-erythritol4-phosphate,cpd00052_c0 + cpd08286_c0 <=> cpd00012_c0 + cpd08287_c0,,-1000.0,1000.0,C5H11O7P,-2,c0
cpd00135_c0,rxn03052,Homocysteine,cpd00135_c0 + cpd02738_c0 <=> cpd00060_c0 + cpd02555_c0,,-1000.0,1000.0,C4H9NO2S,0,c0
cpd00135_c0,rxn00693,Homocysteine,cpd00135_c0 + cpd00345_c0 <=> cpd00060_c0 + cpd00087_c0,,-1000.0,1000.0,C4H9NO2S,0,c0
cpd00135_c0,rxn00141,Homocysteine,cpd00001_c0 + cpd00019_c0 <=> cpd00135_c0 + cpd00182_c0,,-1000.0,1000.0,C4H9NO2S,0,c0
cpd00135_c0,rxn05957,Homocysteine,cpd00239_c0 + cpd00822_c0 --> cpd00036_c0 + cpd00135_c0,,0.0,1000.0,C4H9NO2S,0,c0
cpd00135_c0,rxn06078,Homocysteine,cpd00268_c0 + cpd00790_c0 + cpd11421_c0 --> cpd00029_c0 + cpd00067_c0 + cpd00081_c0 + cpd00135_c0 + cpd11420_c0,,0.0,1000.0,C4H9NO2S,0,c0
cpd00135_c0,rxn00952,Homocysteine,cpd00239_c0 + cpd00790_c0 --> cpd00029_c0 + cpd00135_c0,,0.0,1000.0,C4H9NO2S,0,c0
cpd00219_c0,rxn01000,Prephenate,cpd00067_c0 + cpd00219_c0 --> cpd00001_c0 + cpd00011_c0 + cpd00143_c0,,0.0,1000.0,C10H8O6,-2,c0
cpd00219_c0,rxn01258,Prephenate,cpd00216_c0 --> cpd00219_c0,,0.0,1000.0,C10H8O6,-2,c0
cpd00219_c0,rxn01270,Prephenate,cpd00032_c0 + cpd00616_c0 <=> cpd00041_c0 + cpd00219_c0,,-1000.0,1000.0,C10H8O6,-2,c0
cpd00219_c0,rxn01268,Prephenate,cpd00003_c0 + cpd00219_c0 --> cpd00004_c0 + cpd00011_c0 + cpd00868_c0,,0.0,1000.0,C10H8O6,-2,c0
cpd00219_c0,rxn01269,Prephenate,cpd00006_c0 + cpd00219_c0 --> cpd00005_c0 + cpd00011_c0 + cpd00868_c0,,0.0,1000.0,C10H8O6,-2,c0
cpd00532_c0,rxn00206,O2-,2.0 cpd00067_c0 + 2.0 cpd00532_c0 --> cpd00007_c0 + cpd00025_c0,,0.0,1000.0,O2,-1,c0
cpd15312_c0,rxn08300,"1,2-Diacyl-sn-glycerol dioctadec-11-enoyl",cpd00002_c0 + cpd15312_c0 <=> cpd00008_c0 + cpd15527_c0,,-1000.0,1000.0,C39H72O5,0,c0
cpd15342_c0,rxn08844,2-Acyl-sn-glycero-3-phosphoethanolamine octadec-11-enoyl,cpd00001_c0 + cpd15342_c0 <=> cpd00067_c0 + cpd00908_c0 + cpd15269_c0,,-1000.0,1000.0,C23H46NO7P,0,c0
cpd00019_c0,rxn03397,S-Adenosyl-homocysteine,cpd00017_c0 + cpd03447_c0 --> cpd00019_c0 + cpd00067_c0 + cpd03448_c0,,0.0,1000.0,C14H20N6O5S,0,c0
cpd00019_c0,rxn10094,S-Adenosyl-homocysteine,cpd00017_c0 + cpd15352_c0 --> cpd00019_c0 + cpd00067_c0 + cpd15500_c0,,0.0,1000.0,C14H20N6O5S,0,c0
cpd00019_c0,rxn11944,S-Adenosyl-homocysteine,cpd00017_c0 + cpd02555_c0 --> cpd00019_c0 + cpd00067_c0 + cpd02738_c0,,0.0,1000.0,C14H20N6O5S,0,c0
cpd00019_c0,rxn00141,S-Adenosyl-homocysteine,cpd00001_c0 + cpd00019_c0 <=> cpd00135_c0 + cpd00182_c0,,-1000.0,1000.0,C14H20N6O5S,0,c0
cpd00019_c0,rxn13661,S-Adenosyl-homocysteine,cpd00019_c0 + cpd00067_c0 + cpd11606_c0 --> cpd00017_c0 + cpd11425_c0,,0.0,1000.0,C14H20N6O5S,0,c0
cpd00019_c0,rxn11946,S-Adenosyl-homocysteine,cpd00017_c0 + cpd03449_c0 <=> cpd00019_c0 + cpd15560_c0,,-1000.0,1000.0,C14H20N6O5S,0,c0
cpd00019_c0,rxn04674,S-Adenosyl-homocysteine,cpd00017_c0 + cpd09410_c0 --> cpd00019_c0 + cpd00067_c0 + cpd01401_c0,,0.0,1000.0,C14H20N6O5S,0,c0
cpd00019_c0,rxn02287,S-Adenosyl-homocysteine,2.0 cpd00017_c0 + cpd00774_c0 <=> 2.0 cpd00019_c0 + cpd00067_c0 + cpd01620_c0,,-1000.0,1000.0,C14H20N6O5S,0,c0
cpd00019_c0,rxn03395,S-Adenosyl-homocysteine,cpd00017_c0 + cpd03445_c0 <=> cpd00019_c0 + cpd00067_c0 + cpd03446_c0,,-1000.0,1000.0,C14H20N6O5S,0,c0
cpd00635_c0,rxn10147,Cbl,cpd00001_c0 + cpd00002_c0 + cpd00635_e0 --> cpd00008_c0 + cpd00009_c0 + cpd00067_c0 + cpd00635_c0,,0.0,1000.0,C62H88CoN13O14P,-1,c0
cpd00635_c0,rxn08194,Cbl,cpd00002_c0 + cpd00635_c0 <=> cpd00166_c0 + cpd00421_c0,,-1000.0,1000.0,C62H88CoN13O14P,-1,c0
cpd01211_c0,rxn01416,Thiocyanate,cpd00150_c0 + cpd00268_c0 <=> cpd00067_c0 + cpd00081_c0 + cpd01211_c0,,-1000.0,1000.0,CNS,-1,c0
cpd15706_c0,rxn10258,"1,2-Diisohexadecanoyl-sn-glycerol",cpd00002_c0 + cpd15706_c0 <=> cpd00008_c0 + cpd15682_c0,,-1000.0,1000.0,C35H68O5,0,c0
cpd15549_c0,rxn08712,phospho-heptosyl-heptosyl-kdo2-lipidA,cpd03831_c0 + cpd15549_c0 --> cpd00008_c0 + cpd15488_c0,,0.0,1000.0,C124H219N2O54P3,-8,c0
cpd15549_c0,rxn08708,phospho-heptosyl-heptosyl-kdo2-lipidA,cpd00002_c0 + cpd15484_c0 <=> cpd00008_c0 + cpd00067_c0 + cpd15549_c0,,-1000.0,1000.0,C124H219N2O54P3,-8,c0
cpd15485_c0,rxn08710,heptosyl-kdo2-lipidA,cpd03587_c0 + cpd03831_c0 <=> cpd00008_c0 + cpd15485_c0,,-1000.0,1000.0,C117H208N2O45P2,-6,c0
cpd15485_c0,rxn08711,heptosyl-kdo2-lipidA,cpd03831_c0 + cpd15485_c0 <=> cpd00008_c0 + cpd15484_c0,,-1000.0,1000.0,C117H208N2O45P2,-6,c0
cpd00807_c0,rxn02320,L-histidinol-phosphate,cpd00024_c0 + cpd00807_c0 <=> cpd00023_c0 + cpd00930_c0,,-1000.0,1000.0,C6H11N3O4P,-1,c0
cpd00807_c0,rxn02160,L-histidinol-phosphate,cpd00001_c0 + cpd00807_c0 --> cpd00009_c0 + cpd00641_c0,,0.0,1000.0,C6H11N3O4P,-1,c0
cpd00834_c0,rxn06022,Phosphopantetheine,cpd00001_c0 + cpd11493_c0 --> cpd00834_c0 + cpd12370_c0,,0.0,1000.0,C11H21N2O7PS,-2,c0
cpd00834_c0,rxn02175,Phosphopantetheine,cpd00002_c0 + cpd00834_c0 <=> cpd00012_c0 + cpd00655_c0,,-1000.0,1000.0,C11H21N2O7PS,-2,c0
cpd00834_c0,rxn02341,Phosphopantetheine,cpd00067_c0 + cpd02666_c0 --> cpd00011_c0 + cpd00834_c0,,0.0,1000.0,C11H21N2O7PS,-2,c0
cpd00875_c0,rxn02404,KDO,cpd00001_c0 + cpd02730_c0 --> cpd00009_c0 + cpd00875_c0,,0.0,1000.0,C8H13O8,-1,c0
cpd00875_c0,rxn02405,KDO,cpd00052_c0 + cpd00875_c0 --> cpd00012_c0 + cpd00067_c0 + cpd02546_c0,,0.0,1000.0,C8H13O8,-1,c0
cpd00773_c0,rxn02286,UDP-MurNAc,cpd00002_c0 + cpd00035_c0 + cpd00773_c0 --> cpd00008_c0 + cpd00009_c0 + cpd00067_c0 + cpd00890_c0,,0.0,1000.0,C20H28N3O19P2,-3,c0
cpd00773_c0,rxn02285,UDP-MurNAc,cpd00006_c0 + cpd00773_c0 <=> cpd00005_c0 + cpd00067_c0 + cpd02820_c0,,-1000.0,1000.0,C20H28N3O19P2,-3,c0
cpd11532_c0,rxn05441,9-methyl-decanoyl-ACP,cpd00004_c0 + cpd00067_c0 + cpd11531_c0 --> cpd00003_c0 + cpd11532_c0,,0.0,1000.0,C22H41N2O8PRS,-1,c0
cpd11532_c0,rxn05396,9-methyl-decanoyl-ACP,cpd11492_c0 + cpd11532_c0 --> cpd00011_c0 + cpd11493_c0 + cpd11533_c0,,0.0,1000.0,C22H41N2O8PRS,-1,c0
cpd00130_c0,rxn00935,L-Malate,cpd00015_c0 + cpd00130_c0 <=> cpd00032_c0 + cpd00982_c0,,-1000.0,1000.0,C4H4O5,-2,c0
cpd00130_c0,rxn05208,L-Malate,cpd00067_c0 + cpd00130_c0 + cpd00221_e0 + cpd00971_e0 <=> cpd00067_e0 + cpd00130_e0 + cpd00221_c0 + cpd00971_c0,,-1000.0,1000.0,C4H4O5,-2,c0
cpd00130_c0,rxn05207,L-Malate,cpd00130_e0 + cpd00971_e0 <=> cpd00130_c0 + cpd00971_c0,,-1000.0,1000.0,C4H4O5,-2,c0
cpd00130_c0,rxn00330,L-Malate,cpd00001_c0 + cpd00022_c0 + cpd00040_c0 --> cpd00010_c0 + cpd00067_c0 + cpd00130_c0,,0.0,1000.0,C4H4O5,-2,c0
cpd00130_c0,rxn00799,L-Malate,cpd00130_c0 <=> cpd00001_c0 + cpd00106_c0,,-1000.0,1000.0,C4H4O5,-2,c0
cpd00130_c0,rxn08900,L-Malate,cpd00130_c0 + cpd15560_c0 --> cpd00032_c0 + cpd15561_c0,,0.0,1000.0,C4H4O5,-2,c0
cpd00130_c0,rxn05604,L-Malate,2.0 cpd00067_e0 + cpd00130_e0 + cpd00159_c0 + cpd00971_c0 --> 2.0 cpd00067_c0 + cpd00130_c0 + cpd00159_e0 + cpd00971_e0,,0.0,1000.0,C4H4O5,-2,c0
cpd00130_c0,rxn08901,L-Malate,cpd00130_c0 + cpd15500_c0 --> cpd00032_c0 + cpd15499_c0,,0.0,1000.0,C4H4O5,-2,c0
cpd00130_c0,rxn00161,L-Malate,cpd00006_c0 + cpd00130_c0 --> cpd00005_c0 + cpd00011_c0 + cpd00020_c0,,0.0,1000.0,C4H4O5,-2,c0
cpd00063_e0,rxn05514,Ca2+,cpd00063_e0 + cpd00067_c0 --> cpd00063_c0 + cpd00067_e0,,0.0,1000.0,Ca,2,e0
cpd00063_e0,EXpd00063,Ca2+,cpd00063_e0 <=> ,,-1000.0,1000.0,Ca,2,e0
cpd15725_c0,rxn10340,Diisopentadecanoylphosphatidylglycerol,2.0 cpd15725_c0 <=> cpd00100_c0 + cpd15797_c0,,-1000.0,1000.0,C36H70O10P,-1,c0
cpd15725_c0,rxn10268,Diisopentadecanoylphosphatidylglycerol,cpd00001_c0 + cpd15719_c0 --> cpd00009_c0 + cpd00067_c0 + cpd15725_c0,,0.0,1000.0,C36H70O10P,-1,c0
cpd00502_c0,rxn01654,5-Formiminotetrahydrofolate,cpd00013_c0 + cpd00347_c0 --> 2.0 cpd00067_c0 + cpd00502_c0,,0.0,1000.0,C20H22N8O6,-2,c0
cpd11606_e0,rxn12664,Menaquinone 7,cpd11606_e0 --> cpd11606_c0,,0.0,1000.0,C46H64O2,0,e0
cpd11606_e0,EXpd11606,Menaquinone 7,cpd11606_e0 --> ,,0.0,1000.0,C46H64O2,0,e0
cpd03561_c0,ADD_ex-2-hydrobut,2-Hydroxybutyrate,cpd03561_e0 <-- cpd03561_c0,,-1000.0,0.0,C4H7O3,-1,c0
cpd03561_c0,rxn00741,2-Hydroxybutyrate,cpd00003_c0 + cpd03561_c0 --> cpd00004_c0 + cpd00067_c0 + cpd00094_c0,,0.0,1000.0,C4H7O3,-1,c0
cpd11582_c0,rxn05545,ala-L-Thr-L,cpd00001_c0 + cpd00002_c0 + cpd11582_e0 --> cpd00008_c0 + cpd00009_c0 + cpd00067_c0 + cpd11582_c0,,0.0,1000.0,C7H14N2O4,0,c0
cpd11582_c0,rxn12644,ala-L-Thr-L,cpd00001_c0 + cpd11582_c0 <=> cpd00035_c0 + cpd00161_c0,,-1000.0,1000.0,C7H14N2O4,0,c0
cpd11483_c0,rxn05334,(R)-3-Hydroxyoctanoyl-[acyl-carrier protein],cpd11483_c0 --> cpd00001_c0 + cpd11471_c0,,0.0,1000.0,C19H36N2O9PRS,-2,c0
cpd11483_c0,rxn05341,(R)-3-Hydroxyoctanoyl-[acyl-carrier protein],cpd00006_c0 + cpd11483_c0 <=> cpd00005_c0 + cpd00067_c0 + cpd11490_c0,,-1000.0,1000.0,C19H36N2O9PRS,-2,c0
cpd00105_e0,EXpd00105,D-Ribose,cpd00105_e0 --> ,,0.0,1000.0,C5H10O5,0,e0
cpd00105_e0,rxn05160,D-Ribose,cpd00001_c0 + cpd00002_c0 + cpd00105_e0 --> cpd00008_c0 + cpd00009_c0 + cpd00067_c0 + cpd00105_c0,,0.0,1000.0,C5H10O5,0,e0
cpd00105_e0,rxn05644,D-Ribose,cpd00001_c0 + cpd00002_c0 + cpd00105_c0 --> cpd00008_c0 + cpd00009_c0 + cpd00067_c0 + cpd00105_e0,,0.0,1000.0,C5H10O5,0,e0
cpd00112_c0,rxn00827,CMP-N-acetylneuraminate,cpd00052_c0 + cpd00232_c0 --> cpd00012_c0 + cpd00067_c0 + cpd00112_c0,,0.0,1000.0,C20H29N4O16P,-2,c0
cpd00143_c0,rxn00999,Phenylpyruvate,cpd00007_c0 + cpd00143_c0 --> cpd00011_c0 + cpd03480_c0,,0.0,1000.0,C9H7O3,-1,c0
cpd00143_c0,rxn01000,Phenylpyruvate,cpd00067_c0 + cpd00219_c0 --> cpd00001_c0 + cpd00011_c0 + cpd00143_c0,,0.0,1000.0,C9H7O3,-1,c0
cpd00143_c0,rxn00493,Phenylpyruvate,cpd00024_c0 + cpd00066_c0 <=> cpd00023_c0 + cpd00143_c0,,-1000.0,1000.0,C9H7O3,-1,c0
cpd03125_c0,rxn03250,(2E)-Hexenoyl-CoA,cpd03122_c0 <=> cpd00001_c0 + cpd03125_c0,,-1000.0,1000.0,C27H40N7O17P3S,-4,c0
cpd03125_c0,rxn10010,(2E)-Hexenoyl-CoA,cpd00004_c0 + cpd00067_c0 + cpd03125_c0 --> cpd00003_c0 + cpd03124_c0,,0.0,1000.0,C27H40N7O17P3S,-4,c0
cpd15693_c0,rxn10236,Dianteisopentadecanoylphosphatidylserine,2.0 cpd00067_c0 + cpd15693_c0 <=> cpd00011_c0 + cpd15699_c0,,-1000.0,1000.0,C36H68NO10P,-2,c0
cpd15693_c0,rxn10230,Dianteisopentadecanoylphosphatidylserine,cpd00054_c0 + cpd15687_c0 --> cpd00046_c0 + 2.0 cpd00067_c0 + cpd15693_c0,,0.0,1000.0,C36H68NO10P,-2,c0
cpd02258_c0,rxn01893,4-Hydroxy-2-oxovalerate,cpd00001_c0 + cpd00461_c0 --> cpd02258_c0,,0.0,1000.0,C5H7O4,-1,c0
cpd03519_c0,rxn03419,"2,5-Diaminopyrimidine nucleoside triphosphate",cpd00001_c0 + cpd03518_c0 <=> cpd00047_c0 + cpd00067_c0 + cpd03519_c0,,-1000.0,1000.0,C9H14N5O14P3,-4,c0
cpd03519_c0,rxn03421,"2,5-Diaminopyrimidine nucleoside triphosphate",cpd03519_c0 <=> cpd03666_c0,,-1000.0,1000.0,C9H14N5O14P3,-4,c0
cpd15362_c0,rxn08819,2-tetradec-7-enoyl-sn-glycerol 3-phosphate,cpd00001_c0 + cpd15362_c0 --> 2.0 cpd00067_c0 + cpd00080_c0 + cpd15298_c0,,0.0,1000.0,C17H32O7P,-1,c0
cpd00017_c0,rxn00127,S-Adenosyl-L-methionine,cpd00017_c0 + cpd00067_c0 --> cpd00011_c0 + cpd00837_c0,,0.0,1000.0,C15H23N6O5S,1,c0
cpd00017_c0,rxn10094,S-Adenosyl-L-methionine,cpd00017_c0 + cpd15352_c0 --> cpd00019_c0 + cpd00067_c0 + cpd15500_c0,,0.0,1000.0,C15H23N6O5S,1,c0
cpd00017_c0,rxn00126,S-Adenosyl-L-methionine,cpd00001_c0 + cpd00002_c0 + cpd00060_c0 --> cpd00009_c0 + cpd00012_c0 + cpd00017_c0 + cpd00067_c0,,0.0,1000.0,C15H23N6O5S,1,c0
cpd00017_c0,rxn11944,S-Adenosyl-L-methionine,cpd00017_c0 + cpd02555_c0 --> cpd00019_c0 + cpd00067_c0 + cpd02738_c0,,0.0,1000.0,C15H23N6O5S,1,c0
cpd00017_c0,rxn13661,S-Adenosyl-L-methionine,cpd00019_c0 + cpd00067_c0 + cpd11606_c0 --> cpd00017_c0 + cpd11425_c0,,0.0,1000.0,C15H23N6O5S,1,c0
cpd00017_c0,rxn42709,S-Adenosyl-L-methionine,cpd00005_c0 + cpd00017_c0 + cpd00069_c0 --> cpd00006_c0 + cpd00060_c0 + cpd01042_c0 + cpd03091_c0 + cpd14545_c0,,0.0,1000.0,C15H23N6O5S,1,c0
cpd00017_c0,rxn11946,S-Adenosyl-L-methionine,cpd00017_c0 + cpd03449_c0 <=> cpd00019_c0 + cpd15560_c0,,-1000.0,1000.0,C15H23N6O5S,1,c0
cpd00017_c0,rxn08180,S-Adenosyl-L-methionine,cpd00017_c0 + cpd00074_c0 + cpd01311_c0 --> cpd00060_c0 + cpd00067_c0 + cpd00104_c0 + cpd03091_c0,,0.0,1000.0,C15H23N6O5S,1,c0
cpd00017_c0,rxn04704,S-Adenosyl-L-methionine,2.0 cpd00017_c0 + cpd02083_c0 <=> 2.0 cpd00011_c0 + 2.0 cpd00060_c0 + cpd00791_c0 + 2.0 cpd03091_c0,,-1000.0,1000.0,C15H23N6O5S,1,c0
cpd00017_c0,rxn03397,S-Adenosyl-L-methionine,cpd00017_c0 + cpd03447_c0 --> cpd00019_c0 + cpd00067_c0 + cpd03448_c0,,0.0,1000.0,C15H23N6O5S,1,c0
cpd00017_c0,rxn04674,S-Adenosyl-L-methionine,cpd00017_c0 + cpd09410_c0 --> cpd00019_c0 + cpd00067_c0 + cpd01401_c0,,0.0,1000.0,C15H23N6O5S,1,c0
cpd00017_c0,rxn02287,S-Adenosyl-L-methionine,2.0 cpd00017_c0 + cpd00774_c0 <=> 2.0 cpd00019_c0 + cpd00067_c0 + cpd01620_c0,,-1000.0,1000.0,C15H23N6O5S,1,c0
cpd00017_c0,rxn02312,S-Adenosyl-L-methionine,cpd00017_c0 + cpd00800_c0 <=> cpd00764_c0 + cpd02701_c0,,-1000.0,1000.0,C15H23N6O5S,1,c0
cpd00017_c0,rxn03395,S-Adenosyl-L-methionine,cpd00017_c0 + cpd03445_c0 <=> cpd00019_c0 + cpd00067_c0 + cpd03446_c0,,-1000.0,1000.0,C15H23N6O5S,1,c0
cpd00400_c0,rxn03839,Acrylate,cpd00001_c0 + cpd01150_c0 --> cpd00013_c0 + cpd00400_c0,,0.0,1000.0,C3H3O2,-1,c0
cpd01012_e0,rxn05517,Cd2+,cpd00067_e0 + cpd00205_e0 + cpd01012_c0 <=> cpd00067_c0 + cpd00205_c0 + cpd01012_e0,,-1000.0,1000.0,Cd,2,e0
cpd01012_e0,EXpd01012,Cd2+,cpd01012_e0 --> ,,0.0,1000.0,Cd,2,e0
cpd01012_e0,rxn05516,Cd2+,cpd00001_c0 + cpd00002_c0 + cpd01012_c0 --> cpd00008_c0 + cpd00009_c0 + cpd00067_c0 + cpd01012_e0,,0.0,1000.0,Cd,2,e0
cpd00006_c0,rxn01643,NADP,cpd00005_c0 + cpd00067_c0 + cpd01977_c0 --> cpd00006_c0 + cpd00009_c0 + cpd00346_c0,,0.0,1000.0,C21H25N7O17P3,-3,c0
cpd00006_c0,rxn03068,NADP,cpd00006_c0 + cpd02498_c0 <=> cpd00005_c0 + cpd00067_c0 + cpd02569_c0,,-1000.0,1000.0,C21H25N7O17P3,-3,c0
cpd00006_c0,rxn05289,NADP,cpd00005_c0 + cpd00067_c0 + cpd11420_c0 <=> cpd00006_c0 + cpd11421_c0,,-1000.0,1000.0,C21H25N7O17P3,-3,c0
cpd00006_c0,rxn00623,NADP,3.0 cpd00001_c0 + 3.0 cpd00006_c0 + cpd00239_c0 <=> 3.0 cpd00005_c0 + 3.0 cpd00067_c0 + cpd00081_c0,,-1000.0,1000.0,C21H25N7O17P3,-3,c0
cpd00006_c0,rxn03394,NADP,cpd00005_c0 + cpd00007_c0 + cpd00067_c0 + cpd03444_c0 --> cpd00001_c0 + cpd00006_c0 + cpd03445_c0,,0.0,1000.0,C21H25N7O17P3,-3,c0
cpd00006_c0,rxn01392,NADP,cpd00005_c0 + cpd00067_c0 + cpd00261_c0 <=> cpd00006_c0 + cpd00306_c0,,-1000.0,1000.0,C21H25N7O17P3,-3,c0
cpd00006_c0,rxn00161,NADP,cpd00006_c0 + cpd00130_c0 --> cpd00005_c0 + cpd00011_c0 + cpd00020_c0,,0.0,1000.0,C21H25N7O17P3,-3,c0
cpd00006_c0,rxn01387,NADP,cpd00006_c0 + cpd00260_c0 <=> cpd00005_c0 + cpd00067_c0 + cpd03187_c0,,-1000.0,1000.0,C21H25N7O17P3,-3,c0
cpd00006_c0,rxn01302,NADP,cpd00006_c0 + cpd00227_c0 <=> cpd00005_c0 + cpd00067_c0 + cpd00346_c0,,-1000.0,1000.0,C21H25N7O17P3,-3,c0
cpd00006_c0,rxn05426,NADP,cpd00005_c0 + cpd00067_c0 + cpd11562_c0 <=> cpd00006_c0 + cpd11563_c0,,-1000.0,1000.0,C21H25N7O17P3,-3,c0
cpd00006_c0,rxn02285,NADP,cpd00006_c0 + cpd00773_c0 <=> cpd00005_c0 + cpd00067_c0 + cpd02820_c0,,-1000.0,1000.0,C21H25N7O17P3,-3,c0
cpd00006_c0,rxn05422,NADP,cpd00005_c0 + cpd00067_c0 + cpd11558_c0 <=> cpd00006_c0 + cpd11559_c0,,-1000.0,1000.0,C21H25N7O17P3,-3,c0
cpd00006_c0,rxn03435,NADP,cpd00006_c0 + cpd02535_c0 <=> cpd00005_c0 + cpd00067_c0 + cpd10162_c0,,-1000.0,1000.0,C21H25N7O17P3,-3,c0
cpd00006_c0,rxn05385,NADP,cpd00005_c0 + cpd00067_c0 + cpd11521_c0 <=> cpd00006_c0 + cpd11522_c0,,-1000.0,1000.0,C21H25N7O17P3,-3,c0
cpd00006_c0,rxn05393,NADP,cpd00005_c0 + cpd00067_c0 + cpd11529_c0 <=> cpd00006_c0 + cpd11530_c0,,-1000.0,1000.0,C21H25N7O17P3,-3,c0
cpd00006_c0,rxn01281,NADP,cpd00006_c0 + cpd00223_c0 <=> cpd00005_c0 + cpd00067_c0 + cpd00843_c0,,-1000.0,1000.0,C21H25N7O17P3,-3,c0
cpd00006_c0,rxn05339,NADP,cpd00006_c0 + cpd11478_c0 <=> cpd00005_c0 + cpd11488_c0,,-1000.0,1000.0,C21H25N7O17P3,-3,c0
cpd00006_c0,biomass0,NADP,0.169975 cpd00002_c0 + 0.00215 cpd00003_c0 + 5e-05 cpd00004_c0 + 0.0004 cpd00005_c0 + 0.00013 cpd00006_c0 + 6e-06 cpd00010_c0 + 1e-05 cpd00015_c0 + 5e-05 cpd00022_c0 + 0.25 cpd00023_c0 + 0.003 cpd00026_c0 + 1e-06 cpd00028_c0 + 0.496 cpd00033_c0 + 0.499 cpd00035_c0 + 0.203 cpd00038_c0 + 0.431 cpd00039_c0 + 0.245 cpd00041_c0 + 0.121 cpd00051_c0 + 0.126 cpd00052_c0 + 0.25 cpd00053_c0 + 0.29 cpd00054_c0 + 0.116 cpd00060_c0 + 0.136 cpd00062_c0 + 0.054 cpd00065_c0 + 0.199 cpd00066_c0 + 0.138 cpd00069_c0 + 3e-06 cpd00078_c0 + 0.087 cpd00084_c0 + 0.428 cpd00107_c0 + 0.01814 cpd00115_c0 + 0.035 cpd00118_c0 + 0.145 cpd00119_c0 + 0.541 cpd00129_c0 + 0.245 cpd00132_c0 + 0.154 cpd00155_c0 + 0.42 cpd00156_c0 + 0.436 cpd00161_c0 + 0.000223 cpd00201_c0 + 0.0254 cpd00241_c0 + 0.0089 cpd00264_c0 + 0.213 cpd00322_c0 + 0.000223 cpd00345_c0 + 0.0254 cpd00356_c0 + 0.01814 cpd00357_c0 + 0.000142 cpd11652_c0 + 0.000216 cpd12801_c0 + 0.000701 cpd15432_c0 + 0.00276 cpd15665_c0 + 0.00192 cpd16083_c0 + 4.3e-05 cpd16093_c0 --> biomass_c0 + 5.604 cpd00001_c0 + 0.08708 cpd00009_c0 + 0.634975 cpd00012_c0,,0.0,1000.0,C21H25N7O17P3,-3,c0
cpd00006_c0,rxn05401,NADP,cpd00005_c0 + cpd00067_c0 + cpd11537_c0 <=> cpd00006_c0 + cpd11538_c0,,-1000.0,1000.0,C21H25N7O17P3,-3,c0
cpd00006_c0,rxn05336,NADP,cpd00006_c0 + cpd11481_c0 <=> cpd00005_c0 + cpd00067_c0 + cpd11485_c0,,-1000.0,1000.0,C21H25N7O17P3,-3,c0
cpd00006_c0,rxn03898,NADP,cpd00005_c0 + cpd00007_c0 + cpd00067_c0 + cpd00153_c0 --> cpd00006_c0 + cpd03762_c0,,0.0,1000.0,C21H25N7O17P3,-3,c0
cpd00006_c0,rxn00910,NADP,cpd00006_c0 + cpd00345_c0 <=> cpd00005_c0 + cpd00067_c0 + cpd00125_c0,,-1000.0,1000.0,C21H25N7O17P3,-3,c0
cpd00006_c0,rxn03991,NADP,cpd00005_c0 + 2.0 cpd00007_c0 + 2.0 cpd00418_c0 --> cpd00006_c0 + cpd00067_c0 + 2.0 cpd00209_c0,,0.0,1000.0,C21H25N7O17P3,-3,c0
cpd00006_c0,rxn05380,NADP,cpd00005_c0 + cpd00067_c0 + cpd11516_c0 <=> cpd00006_c0 + cpd11517_c0,,-1000.0,1000.0,C21H25N7O17P3,-3,c0
cpd00006_c0,rxn06591,NADP,cpd00005_c0 + cpd00067_c0 + cpd12227_c0 <=> cpd00006_c0 + cpd02345_c0 + cpd11912_c0,,-1000.0,1000.0,C21H25N7O17P3,-3,c0
cpd00006_c0,rxn05405,NADP,cpd00005_c0 + cpd00067_c0 + cpd11541_c0 <=> cpd00006_c0 + cpd11542_c0,,-1000.0,1000.0,C21H25N7O17P3,-3,c0
cpd00006_c0,rxn00077,NADP,cpd00002_c0 + cpd00003_c0 <=> cpd00006_c0 + cpd00008_c0 + cpd00067_c0,,-1000.0,1000.0,C21H25N7O17P3,-3,c0
cpd00006_c0,rxn05360,NADP,cpd00005_c0 + cpd00067_c0 + cpd11496_c0 <=> cpd00006_c0 + cpd11497_c0,,-1000.0,1000.0,C21H25N7O17P3,-3,c0
cpd00006_c0,rxn00569,NADP,3.0 cpd00005_c0 + 4.0 cpd00067_c0 + cpd00075_c0 --> 2.0 cpd00001_c0 + 3.0 cpd00006_c0 + cpd00013_c0,,0.0,1000.0,C21H25N7O17P3,-3,c0
cpd00006_c0,rxn01109,NADP,cpd00006_c0 + cpd00190_c0 <=> cpd00005_c0 + cpd00067_c0 + cpd00170_c0,,-1000.0,1000.0,C21H25N7O17P3,-3,c0
cpd00006_c0,rxn05341,NADP,cpd00006_c0 + cpd11483_c0 <=> cpd00005_c0 + cpd00067_c0 + cpd11490_c0,,-1000.0,1000.0,C21H25N7O17P3,-3,c0
cpd00006_c0,rxn01602,NADP,cpd00006_c0 + cpd00330_c0 <=> cpd00005_c0 + cpd00067_c0 + cpd00393_c0,,-1000.0,1000.0,C21H25N7O17P3,-3,c0
cpd00006_c0,rxn01740,NADP,cpd00006_c0 + cpd00383_c0 <=> cpd00005_c0 + cpd00067_c0 + cpd01716_c0,,-1000.0,1000.0,C21H25N7O17P3,-3,c0
cpd00006_c0,rxn00782,NADP,cpd00005_c0 + cpd00067_c0 + cpd00203_c0 --> cpd00006_c0 + cpd00009_c0 + cpd00102_c0,,0.0,1000.0,C21H25N7O17P3,-3,c0
cpd00006_c0,rxn05372,NADP,cpd00005_c0 + cpd00067_c0 + cpd11508_c0 <=> cpd00006_c0 + cpd11509_c0,,-1000.0,1000.0,C21H25N7O17P3,-3,c0
cpd00006_c0,rxn05364,NADP,cpd00005_c0 + cpd00067_c0 + cpd11500_c0 <=> cpd00006_c0 + cpd11501_c0,,-1000.0,1000.0,C21H25N7O17P3,-3,c0
cpd00006_c0,rxn05337,NADP,cpd00006_c0 + cpd11479_c0 <=> cpd00005_c0 + cpd00067_c0 + cpd11486_c0,,-1000.0,1000.0,C21H25N7O17P3,-3,c0
cpd00006_c0,Cis9_hex_syn,NADP,3.0 cpd00004_c0 + 3.0 cpd00005_c0 + 8.0 cpd00067_c0 + cpd11482_c0 + 3.0 cpd11492_c0 --> cis9_hexadecenoyl_acp_c0 + 4.0 cpd00001_c0 + 3.0 cpd00003_c0 + 3.0 cpd00006_c0 + 3.0 cpd00011_c0 + 3.0 cpd11493_c0,,0.0,1000.0,C21H25N7O17P3,-3,c0
cpd00006_c0,Cis11_oct_syn,NADP,cis9_hexadecenoyl_acp_c0 + cpd00004_c0 + cpd00005_c0 + 3.0 cpd00067_c0 + cpd11492_c0 --> cis11_octadecenoyl_acp_c0 + cpd00001_c0 + cpd00003_c0 + cpd00006_c0 + cpd00011_c0 + cpd11493_c0,,0.0,1000.0,C21H25N7O17P3,-3,c0
cpd00006_c0,rxn00907,NADP,cpd00006_c0 + cpd00125_c0 <=> cpd00005_c0 + cpd00347_c0,,-1000.0,1000.0,C21H25N7O17P3,-3,c0
cpd00006_c0,rxn00604,NADP,cpd00006_c0 + cpd00079_c0 <=> cpd00005_c0 + cpd00067_c0 + cpd00911_c0,,-1000.0,1000.0,C21H25N7O17P3,-3,c0
cpd00006_c0,rxn00612,NADP,cpd00006_c0 + cpd00080_c0 <=> cpd00005_c0 + cpd00067_c0 + cpd00095_c0,,-1000.0,1000.0,C21H25N7O17P3,-3,c0
cpd00006_c0,rxn05410,NADP,cpd00005_c0 + cpd00067_c0 + cpd11546_c0 <=> cpd00006_c0 + cpd11547_c0,,-1000.0,1000.0,C21H25N7O17P3,-3,c0
cpd00006_c0,rxn05937,NADP,cpd00006_c0 + cpd00067_c0 + cpd11620_c0 <=> cpd00005_c0 + cpd11621_c0,,-1000.0,1000.0,C21H25N7O17P3,-3,c0
cpd00006_c0,rxn05418,NADP,cpd00005_c0 + cpd00067_c0 + cpd11554_c0 <=> cpd00006_c0 + cpd11555_c0,,-1000.0,1000.0,C21H25N7O17P3,-3,c0
cpd00006_c0,rxn05342,NADP,cpd00006_c0 + cpd11484_c0 <=> cpd00005_c0 + cpd11491_c0,,-1000.0,1000.0,C21H25N7O17P3,-3,c0
cpd00006_c0,rxn01453,NADP,cpd00006_c0 + cpd02234_c0 <=> cpd00005_c0 + cpd00067_c0 + cpd00279_c0,,-1000.0,1000.0,C21H25N7O17P3,-3,c0
cpd00006_c0,rxn01269,NADP,cpd00006_c0 + cpd00219_c0 --> cpd00005_c0 + cpd00011_c0 + cpd00868_c0,,0.0,1000.0,C21H25N7O17P3,-3,c0
cpd00006_c0,rxn00931,NADP,cpd00006_c0 + cpd00129_c0 <=> cpd00005_c0 + 2.0 cpd00067_c0 + cpd02431_c0,,-1000.0,1000.0,C21H25N7O17P3,-3,c0
cpd00006_c0,rxn03958,NADP,cpd00006_c0 + cpd08286_c0 <=> cpd00005_c0 + cpd00067_c0 + cpd08289_c0,,-1000.0,1000.0,C21H25N7O17P3,-3,c0
cpd00006_c0,rxn01459,NADP,cpd00001_c0 + cpd00006_c0 + cpd00434_c0 --> cpd00005_c0 + 2.0 cpd00067_c0 + cpd00281_c0,,0.0,1000.0,C21H25N7O17P3,-3,c0
cpd00006_c0,rxn00686,NADP,cpd00006_c0 + cpd00087_c0 <=> cpd00005_c0 + cpd00067_c0 + cpd00330_c0,,-1000.0,1000.0,C21H25N7O17P3,-3,c0
cpd00006_c0,rxn05376,NADP,cpd00005_c0 + cpd00067_c0 + cpd11512_c0 <=> cpd00006_c0 + cpd11513_c0,,-1000.0,1000.0,C21H25N7O17P3,-3,c0
cpd00006_c0,rxn01790,NADP,cpd00006_c0 + cpd00408_c0 <=> cpd00005_c0 + cpd00067_c0 + cpd00712_c0,,-1000.0,1000.0,C21H25N7O17P3,-3,c0
cpd00006_c0,ADD_TPP3,NADP,IscS_with_bound_sulfur_c0 + cpd00002_c0 + cpd00005_c0 + cpd08289_c0 + cpd14545_c0 --> IscS_sulfur_acceptor_protein_c0 + 2.0 cpd00001_c0 + cpd00006_c0 + cpd00011_c0 + cpd00012_c0 + cpd00018_c0 + cpd00067_c0 + cpd02654_c0,,0.0,1000.0,C21H25N7O17P3,-3,c0
cpd00006_c0,rxn10060,NADP,cpd00003_c0 + cpd00357_c0 <=> cpd00006_c0 + cpd00067_c0 + cpd00297_c0,,-1000.0,1000.0,C21H25N7O17P3,-3,c0
cpd00006_c0,rxn04996,NADP,cpd00005_c0 + cpd00067_c0 + cpd08615_c0 --> cpd00001_c0 + cpd00006_c0 + cpd00202_c0,,0.0,1000.0,C21H25N7O17P3,-3,c0
cpd00006_c0,rxn00083,NADP,cpd00003_c0 + cpd00005_c0 --> cpd00004_c0 + cpd00006_c0,,0.0,1000.0,C21H25N7O17P3,-3,c0
cpd00006_c0,rxn05368,NADP,cpd00005_c0 + cpd00067_c0 + cpd11504_c0 <=> cpd00006_c0 + cpd11505_c0,,-1000.0,1000.0,C21H25N7O17P3,-3,c0
cpd00006_c0,rxn02465,NADP,cpd00005_c0 + cpd00067_c0 + cpd02552_c0 --> cpd00006_c0 + cpd00009_c0 + cpd00918_c0,,0.0,1000.0,C21H25N7O17P3,-3,c0
cpd00006_c0,rxn02003,NADP,cpd00006_c0 + cpd02113_c0 <=> cpd00005_c0 + cpd00067_c0 + cpd00522_c0,,-1000.0,1000.0,C21H25N7O17P3,-3,c0
cpd00006_c0,rxn01868,NADP,cpd00001_c0 + cpd00006_c0 + cpd00447_c0 --> cpd00005_c0 + 2.0 cpd00067_c0 + cpd00540_c0,,0.0,1000.0,C21H25N7O17P3,-3,c0
cpd00006_c0,rxn00184,NADP,cpd00001_c0 + cpd00006_c0 + cpd00023_c0 <=> cpd00005_c0 + cpd00013_c0 + cpd00024_c0 + cpd00067_c0,,-1000.0,1000.0,C21H25N7O17P3,-3,c0
cpd00006_c0,rxn04113,NADP,cpd00005_c0 + cpd00067_c0 + cpd08615_c0 --> cpd00001_c0 + cpd00006_c0 + cpd00113_c0,,0.0,1000.0,C21H25N7O17P3,-3,c0
cpd00006_c0,ADD_GALA7,NADP,cpd00001_c0 + cpd00006_c0 + cpd00340_c0 <=> cpd00005_c0 + cpd00024_c0 + 2.0 cpd00067_c0,,-1000.0,1000.0,C21H25N7O17P3,-3,c0
cpd00006_c0,rxn00085,NADP,cpd00006_c0 + 2.0 cpd00023_c0 <-- cpd00005_c0 + cpd00024_c0 + cpd00053_c0 + cpd00067_c0,,-1000.0,0.0,C21H25N7O17P3,-3,c0
cpd00006_c0,rxn42709,NADP,cpd00005_c0 + cpd00017_c0 + cpd00069_c0 --> cpd00006_c0 + cpd00060_c0 + cpd01042_c0 + cpd03091_c0 + cpd14545_c0,,0.0,1000.0,C21H25N7O17P3,-3,c0
cpd00006_c0,rxn10125,NADP,cpd00004_c0 + cpd00006_c0 + 2.0 cpd00067_e0 --> cpd00003_c0 + cpd00005_c0 + 2.0 cpd00067_c0,,0.0,1000.0,C21H25N7O17P3,-3,c0
cpd00006_c0,rxn05397,NADP,cpd00005_c0 + cpd00067_c0 + cpd11533_c0 <=> cpd00006_c0 + cpd11534_c0,,-1000.0,1000.0,C21H25N7O17P3,-3,c0
cpd00006_c0,rxn05338,NADP,cpd00006_c0 + cpd11482_c0 <=> cpd00005_c0 + cpd00067_c0 + cpd11487_c0,,-1000.0,1000.0,C21H25N7O17P3,-3,c0
cpd00006_c0,rxn05389,NADP,cpd00005_c0 + cpd00067_c0 + cpd11525_c0 <=> cpd00006_c0 + cpd11526_c0,,-1000.0,1000.0,C21H25N7O17P3,-3,c0
cpd00006_c0,rxn05461,NADP,cpd00005_c0 + cpd00067_c0 + cpd11570_c0 <=> cpd00006_c0 + cpd11571_c0,,-1000.0,1000.0,C21H25N7O17P3,-3,c0
cpd00006_c0,rxn01314,NADP,cpd00005_c0 + cpd00067_c0 + cpd00231_c0 <=> cpd00006_c0 + cpd00233_c0,,-1000.0,1000.0,C21H25N7O17P3,-3,c0
cpd00006_c0,rxn04139,NADP,cpd00005_c0 + cpd00007_c0 + cpd03448_c0 --> cpd00001_c0 + cpd00006_c0 + cpd03449_c0,,0.0,1000.0,C21H25N7O17P3,-3,c0
cpd00006_c0,rxn02373,NADP,cpd00005_c0 + cpd00067_c0 + cpd02097_c0 --> cpd00006_c0 + cpd00009_c0 + cpd00858_c0,,0.0,1000.0,C21H25N7O17P3,-3,c0
cpd00006_c0,rxn00962,NADP,cpd00005_c0 + cpd00007_c0 + cpd00067_c0 + cpd00136_c0 --> cpd00001_c0 + cpd00006_c0 + cpd00197_c0,,0.0,1000.0,C21H25N7O17P3,-3,c0
cpd00006_c0,rxn02474,NADP,cpd00006_c0 + cpd02720_c0 <=> cpd00005_c0 + cpd00067_c0 + cpd00931_c0,,-1000.0,1000.0,C21H25N7O17P3,-3,c0
cpd00006_c0,rxn02440,NADP,cpd00006_c0 + cpd01999_c0 <=> cpd00005_c0 + cpd00067_c0 + cpd00900_c0,,-1000.0,1000.0,C21H25N7O17P3,-3,c0
cpd00006_c0,rxn05414,NADP,cpd00005_c0 + cpd00067_c0 + cpd11550_c0 <=> cpd00006_c0 + cpd11551_c0,,-1000.0,1000.0,C21H25N7O17P3,-3,c0
cpd00006_c0,rxn06526,NADP,cpd00006_c0 + cpd12072_c0 <=> cpd00005_c0 + cpd00067_c0 + cpd12139_c0,,-1000.0,1000.0,C21H25N7O17P3,-3,c0
cpd00006_c0,rxn01975,NADP,cpd00006_c0 + cpd00863_c0 <=> cpd00005_c0 + cpd00067_c0 + cpd00911_c0,,-1000.0,1000.0,C21H25N7O17P3,-3,c0
cpd00006_c0,rxn05340,NADP,cpd00006_c0 + cpd11480_c0 <=> cpd00005_c0 + cpd00067_c0 + cpd11489_c0,,-1000.0,1000.0,C21H25N7O17P3,-3,c0
cpd00006_c0,rxn02186,NADP,cpd00005_c0 + cpd00067_c0 + cpd00668_c0 <=> cpd00006_c0 + cpd02498_c0,,-1000.0,1000.0,C21H25N7O17P3,-3,c0
cpd00006_c0,rxn00086,NADP,cpd00006_c0 + 2.0 cpd00042_c0 <=> cpd00005_c0 + cpd00067_c0 + cpd00111_c0,,-1000.0,1000.0,C21H25N7O17P3,-3,c0
cpd00006_c0,ADD_D_Glucopyranuronate4,NADP,cpd00005_c0 + cpd00067_c0 + cpd19178_c0 <=> cpd00006_c0 + cpd00594_c0,,-1000.0,1000.0,C21H25N7O17P3,-3,c0
cpd00006_c0,rxn05430,NADP,cpd00005_c0 + cpd00067_c0 + cpd11566_c0 <=> cpd00006_c0 + cpd11567_c0,,-1000.0,1000.0,C21H25N7O17P3,-3,c0
cpd15524_c0,rxn08086,"1,2-dihexadecanoyl-sn-glycerol 3-phosphate",cpd15277_c0 + cpd15327_c0 --> cpd11493_c0 + cpd15524_c0,,0.0,1000.0,C35H68O8P,-1,c0
cpd15524_c0,rxn08309,"1,2-dihexadecanoyl-sn-glycerol 3-phosphate",cpd00052_c0 + cpd15524_c0 <=> cpd00012_c0 + cpd00067_c0 + cpd15419_c0,,-1000.0,1000.0,C35H68O8P,-1,c0
cpd15524_c0,rxn08297,"1,2-dihexadecanoyl-sn-glycerol 3-phosphate",cpd00002_c0 + cpd15309_c0 <=> cpd00008_c0 + cpd15524_c0,,-1000.0,1000.0,C35H68O8P,-1,c0
cpd15524_c0,rxn10211,"1,2-dihexadecanoyl-sn-glycerol 3-phosphate",cpd00134_c0 + cpd15327_c0 --> cpd00010_c0 + cpd15524_c0,,0.0,1000.0,C35H68O8P,-1,c0
cpd02882_c0,rxn05039,4--1-D-Ribitylamino-5-aminouracil,cpd00001_c0 + cpd02720_c0 --> cpd00009_c0 + cpd02882_c0,,0.0,1000.0,C9H16N4O6,0,c0
cpd02882_c0,rxn03080,4--1-D-Ribitylamino-5-aminouracil,cpd02882_c0 + cpd11225_c0 <=> 2.0 cpd00001_c0 + cpd00009_c0 + cpd00067_c0 + cpd02656_c0,,-1000.0,1000.0,C9H16N4O6,0,c0
cpd02882_c0,rxn00048,4--1-D-Ribitylamino-5-aminouracil,cpd00067_c0 + 2.0 cpd02656_c0 --> cpd00220_c0 + cpd02882_c0,,0.0,1000.0,C9H16N4O6,0,c0
cpd11489_c0,rxn05340,3-oxododecanoyl-acp,cpd00006_c0 + cpd11480_c0 <=> cpd00005_c0 + cpd00067_c0 + cpd11489_c0,,-1000.0,1000.0,C23H42N2O9PRS,-2,c0
cpd11489_c0,rxn05348,3-oxododecanoyl-acp,cpd11474_c0 + cpd11492_c0 --> cpd00011_c0 + cpd11489_c0 + cpd11493_c0,,0.0,1000.0,C23H42N2O9PRS,-2,c0
cpd00869_c0,rxn05092,4-methylthio 2-oxobutyrate,cpd00007_c0 + cpd11255_c0 --> cpd00047_c0 + 2.0 cpd00067_c0 + cpd00869_c0,,0.0,1000.0,C5H7O3S,-1,c0
cpd00869_c0,rxn05108,4-methylthio 2-oxobutyrate,cpd00023_c0 + cpd00869_c0 <=> cpd00024_c0 + cpd00060_c0,,-1000.0,1000.0,C5H7O3S,-1,c0
cpd15341_c0,rxn08843,2-Acyl-sn-glycero-3-phosphoethanolamine (n-C18:0),cpd00001_c0 + cpd15341_c0 <=> cpd00067_c0 + cpd00908_c0 + cpd01080_c0,,-1000.0,1000.0,C23H48NO7P,0,c0
cpd01501_c0,rxn00679,2-Methylcitrate,cpd00010_c0 + cpd00067_c0 + cpd01501_c0 <=> cpd00001_c0 + cpd00032_c0 + cpd00086_c0,,-1000.0,1000.0,C7H7O7,-3,c0
cpd01501_c0,rxn03060,2-Methylcitrate,cpd01501_c0 <=> cpd00001_c0 + cpd02597_c0,,-1000.0,1000.0,C7H7O7,-3,c0
cpd11441_c0,rxn10210,fa6coa,cpd00080_c0 + cpd11441_c0 --> cpd00010_c0 + cpd15676_c0,,0.0,1000.0,C37H63N7O17P3S,-3,c0
cpd11441_c0,rxn05456,fa6coa,cpd00010_c0 + cpd11569_c0 <=> cpd11441_c0 + cpd11493_c0,,-1000.0,1000.0,C37H63N7O17P3S,-3,c0
cpd11441_c0,rxn10219,fa6coa,cpd11441_c0 + cpd15676_c0 --> cpd00010_c0 + cpd00067_c0 + cpd15682_c0,,0.0,1000.0,C37H63N7O17P3S,-3,c0
cpd11441_c0,rxn05250,fa6coa,cpd00002_c0 + cpd00010_c0 + cpd11440_c0 --> cpd00012_c0 + cpd00018_c0 + cpd11441_c0,,0.0,1000.0,C37H63N7O17P3S,-3,c0
cpd00294_c0,rxn01127,dAMP,cpd00002_c0 + cpd00067_c0 + cpd00294_c0 <=> cpd00008_c0 + cpd00177_c0,,-1000.0,1000.0,C10H12N5O6P,-2,c0
cpd00294_c0,rxn01507,dAMP,cpd00001_c0 + cpd00294_c0 --> cpd00009_c0 + cpd00438_c0,,0.0,1000.0,C10H12N5O6P,-2,c0
cpd00308_e0,rxn12432,Malonate,cpd00308_e0 + cpd00971_e0 <=> cpd00308_c0 + cpd00971_c0,,-1000.0,1000.0,C3H2O4,-2,e0
cpd00308_e0,EXpd00308,Malonate,cpd00308_e0 --> ,,0.0,1000.0,C3H2O4,-2,e0
cpd00830_c0,rxn00328,4-Hydroxy-2-oxoglutarate,cpd00830_c0 <=> cpd00020_c0 + cpd00040_c0,,-1000.0,1000.0,C5H4O6,-2,c0
cpd00830_c0,rxn02339,4-Hydroxy-2-oxoglutarate,cpd00024_c0 + cpd01974_c0 <=> cpd00023_c0 + cpd00830_c0,,-1000.0,1000.0,C5H4O6,-2,c0
cpd15680_c0,rxn10256,"1,2-diisopentadecanoyl-sn-glycerol 3-phosphate",cpd00002_c0 + cpd15704_c0 <=> cpd00008_c0 + cpd15680_c0,,-1000.0,1000.0,C33H64O8P,-1,c0
cpd15680_c0,rxn10223,"1,2-diisopentadecanoyl-sn-glycerol 3-phosphate",cpd00052_c0 + cpd15680_c0 <=> cpd00012_c0 + cpd00067_c0 + cpd15686_c0,,-1000.0,1000.0,C33H64O8P,-1,c0
cpd15680_c0,rxn10217,"1,2-diisopentadecanoyl-sn-glycerol 3-phosphate",cpd11437_c0 + cpd15674_c0 --> cpd00010_c0 + cpd00067_c0 + cpd15680_c0,,0.0,1000.0,C33H64O8P,-1,c0
cpd00034_e0,EXpd00034,Zn2+,cpd00034_e0 <=> ,,-1000.0,1000.0,Zn,2,e0
cpd00034_e0,rxn05150,Zn2+,cpd00001_c0 + cpd00002_c0 + cpd00034_e0 --> cpd00008_c0 + cpd00009_c0 + cpd00034_c0 + cpd00067_c0,,0.0,1000.0,Zn,2,e0
cpd00034_e0,rxn05315,Zn2+,cpd00034_c0 + cpd00067_e0 + cpd00205_e0 <=> cpd00034_e0 + cpd00067_c0 + cpd00205_c0,,-1000.0,1000.0,Zn,2,e0
cpd16067_c0,rxn10880,CDPdiacylglycerol (Saureus),cpd00054_c0 + 0.02 cpd16067_c0 --> cpd00046_c0 + cpd00067_c0 + 0.02 cpd16093_c0,,0.0,1000.0,X,0,c0
cpd16067_c0,rxn10859,CDPdiacylglycerol (Saureus),cpd00052_c0 + cpd00067_c0 + 0.02 cpd16080_c0 --> cpd00012_c0 + 0.02 cpd16067_c0,,0.0,1000.0,X,0,c0
cpd16067_c0,rxn10875,CDPdiacylglycerol (Saureus),50.0 cpd00080_c0 + cpd16067_c0 --> 50.0 cpd00046_c0 + 50.0 cpd00067_c0 + cpd11652_c0,,0.0,1000.0,X,0,c0
cpd15310_c0,rxn08298,"1,2-Diacyl-sn-glycerol dihexadec-9-enoyl",cpd00002_c0 + cpd15310_c0 <=> cpd00008_c0 + cpd15525_c0,,-1000.0,1000.0,C35H64O5,0,c0
cpd00655_c0,rxn02175,Dephospho-CoA,cpd00002_c0 + cpd00834_c0 <=> cpd00012_c0 + cpd00655_c0,,-1000.0,1000.0,C21H33N7O13P2S,-2,c0
cpd00655_c0,rxn00100,Dephospho-CoA,cpd00002_c0 + cpd00655_c0 --> cpd00008_c0 + cpd00010_c0 + cpd00067_c0,,0.0,1000.0,C21H33N7O13P2S,-2,c0
cpd15328_c0,rxn08552,1-octadec-11-enoyl-sn-glycerol 3-phosphate,cpd00080_c0 + cpd11825_c0 --> cpd11493_c0 + cpd15328_c0,,0.0,1000.0,C21H40O7P,-1,c0
cpd15328_c0,rxn08089,1-octadec-11-enoyl-sn-glycerol 3-phosphate,cpd00067_c0 + cpd11825_c0 + cpd15328_c0 --> cpd11493_c0 + cpd15527_c0,,0.0,1000.0,C21H40O7P,-1,c0
cpd15328_c0,rxn08802,1-octadec-11-enoyl-sn-glycerol 3-phosphate,cpd00001_c0 + cpd15328_c0 <=> 2.0 cpd00067_c0 + cpd00080_c0 + cpd15269_c0,,-1000.0,1000.0,C21H40O7P,-1,c0
cpd00054_c0,biomass0,L-Serine,0.169975 cpd00002_c0 + 0.00215 cpd00003_c0 + 5e-05 cpd00004_c0 + 0.0004 cpd00005_c0 + 0.00013 cpd00006_c0 + 6e-06 cpd00010_c0 + 1e-05 cpd00015_c0 + 5e-05 cpd00022_c0 + 0.25 cpd00023_c0 + 0.003 cpd00026_c0 + 1e-06 cpd00028_c0 + 0.496 cpd00033_c0 + 0.499 cpd00035_c0 + 0.203 cpd00038_c0 + 0.431 cpd00039_c0 + 0.245 cpd00041_c0 + 0.121 cpd00051_c0 + 0.126 cpd00052_c0 + 0.25 cpd00053_c0 + 0.29 cpd00054_c0 + 0.116 cpd00060_c0 + 0.136 cpd00062_c0 + 0.054 cpd00065_c0 + 0.199 cpd00066_c0 + 0.138 cpd00069_c0 + 3e-06 cpd00078_c0 + 0.087 cpd00084_c0 + 0.428 cpd00107_c0 + 0.01814 cpd00115_c0 + 0.035 cpd00118_c0 + 0.145 cpd00119_c0 + 0.541 cpd00129_c0 + 0.245 cpd00132_c0 + 0.154 cpd00155_c0 + 0.42 cpd00156_c0 + 0.436 cpd00161_c0 + 0.000223 cpd00201_c0 + 0.0254 cpd00241_c0 + 0.0089 cpd00264_c0 + 0.213 cpd00322_c0 + 0.000223 cpd00345_c0 + 0.0254 cpd00356_c0 + 0.01814 cpd00357_c0 + 0.000142 cpd11652_c0 + 0.000216 cpd12801_c0 + 0.000701 cpd15432_c0 + 0.00276 cpd15665_c0 + 0.00192 cpd16083_c0 + 4.3e-05 cpd16093_c0 --> biomass_c0 + 5.604 cpd00001_c0 + 0.08708 cpd00009_c0 + 0.634975 cpd00012_c0,,0.0,1000.0,C3H7NO3,0,c0
cpd00054_c0,rxn10229,L-Serine,cpd00054_c0 + cpd15686_c0 --> cpd00046_c0 + 2.0 cpd00067_c0 + cpd15692_c0,,0.0,1000.0,C3H7NO3,0,c0
cpd00054_c0,rxn09210,L-Serine,cpd00054_c0 + cpd15421_c0 --> cpd00046_c0 + 2.0 cpd00067_c0 + cpd15557_c0,,0.0,1000.0,C3H7NO3,0,c0
cpd00054_c0,rxn10227,L-Serine,cpd00054_c0 + cpd15684_c0 --> cpd00046_c0 + 2.0 cpd00067_c0 + cpd15690_c0,,0.0,1000.0,C3H7NO3,0,c0
cpd00054_c0,rxn09207,L-Serine,cpd00054_c0 + cpd15422_c0 --> cpd00046_c0 + 2.0 cpd00067_c0 + cpd15554_c0,,0.0,1000.0,C3H7NO3,0,c0
cpd00054_c0,rxn13782,L-Serine,10412.0 cpd00001_c0 + 6730.0 cpd00002_c0 + 496.0 cpd00033_c0 + 1370.0 cpd00035_c0 + 10162.0 cpd00038_c0 + 431.0 cpd00039_c0 + 250.0 cpd00041_c0 + 121.0 cpd00051_c0 + 500.0 cpd00053_c0 + 290.0 cpd00054_c0 + 116.0 cpd00060_c0 + 54.0 cpd00065_c0 + 199.0 cpd00066_c0 + 138.0 cpd00069_c0 + 87.0 cpd00084_c0 + 428.0 cpd00107_c0 + 145.0 cpd00119_c0 + 541.0 cpd00129_c0 + 420.0 cpd00156_c0 + 436.0 cpd00161_c0 + 14.0 cpd00201_c0 + 213.0 cpd00322_c0 --> Protein_c0 + 250.0 cpd00008_c0 + 10412.0 cpd00009_c0 + 6480.0 cpd00012_c0 + 6480.0 cpd00018_c0 + 10162.0 cpd00031_c0 + 14.0 cpd00047_c0 + 15493.0 cpd00067_c0 + 14.0 cpd00087_c0,,0.0,1000.0,C3H7NO3,0,c0
cpd00054_c0,rxn09206,L-Serine,cpd00054_c0 + cpd15423_c0 --> cpd00046_c0 + 2.0 cpd00067_c0 + cpd15553_c0,,0.0,1000.0,C3H7NO3,0,c0
cpd00054_c0,rxn10226,L-Serine,cpd00054_c0 + cpd15683_c0 --> cpd00046_c0 + 2.0 cpd00067_c0 + cpd15689_c0,,0.0,1000.0,C3H7NO3,0,c0
cpd00054_c0,rxn00420,L-Serine,cpd00001_c0 + cpd00738_c0 --> cpd00009_c0 + cpd00054_c0,,0.0,1000.0,C3H7NO3,0,c0
cpd00054_c0,rxn09205,L-Serine,cpd00054_c0 + cpd15417_c0 --> cpd00046_c0 + 2.0 cpd00067_c0 + cpd15552_c0,,0.0,1000.0,C3H7NO3,0,c0
cpd00054_c0,rxn01964,L-Serine,cpd00054_c0 + cpd02210_c0 --> cpd00001_c0 + cpd00065_c0 + cpd00102_c0,,0.0,1000.0,C3H7NO3,0,c0
cpd00054_c0,rxn10228,L-Serine,cpd00054_c0 + cpd15685_c0 --> cpd00046_c0 + 2.0 cpd00067_c0 + cpd15691_c0,,0.0,1000.0,C3H7NO3,0,c0
cpd00054_c0,rxn09209,L-Serine,cpd00054_c0 + cpd15418_c0 --> cpd00046_c0 + 2.0 cpd00067_c0 + cpd15556_c0,,0.0,1000.0,C3H7NO3,0,c0
cpd00054_c0,rxn00692,L-Serine,cpd00001_c0 + cpd00033_c0 + cpd00125_c0 <=> cpd00054_c0 + cpd00087_c0,,-1000.0,1000.0,C3H7NO3,0,c0
cpd00054_c0,rxn00165,L-Serine,cpd00054_c0 --> cpd00013_c0 + cpd00020_c0,,0.0,1000.0,C3H7NO3,0,c0
cpd00054_c0,rxn10230,L-Serine,cpd00054_c0 + cpd15687_c0 --> cpd00046_c0 + 2.0 cpd00067_c0 + cpd15693_c0,,0.0,1000.0,C3H7NO3,0,c0
cpd00054_c0,rxn09208,L-Serine,cpd00054_c0 + cpd15419_c0 --> cpd00046_c0 + 2.0 cpd00067_c0 + cpd15555_c0,,0.0,1000.0,C3H7NO3,0,c0
cpd00054_c0,rxn00474,L-Serine,cpd00054_c0 + cpd00359_c0 --> cpd00001_c0 + cpd00065_c0,,0.0,1000.0,C3H7NO3,0,c0
cpd00054_c0,rxn10880,L-Serine,cpd00054_c0 + 0.02 cpd16067_c0 --> cpd00046_c0 + cpd00067_c0 + 0.02 cpd16093_c0,,0.0,1000.0,C3H7NO3,0,c0
cpd00054_c0,rxn09211,L-Serine,cpd00054_c0 + cpd15420_c0 --> cpd00046_c0 + 2.0 cpd00067_c0 + cpd15558_c0,,0.0,1000.0,C3H7NO3,0,c0
cpd00054_c0,rxn00423,L-Serine,cpd00022_c0 + cpd00054_c0 --> cpd00010_c0 + cpd00722_c0,,0.0,1000.0,C3H7NO3,0,c0
cpd00054_c0,rxn10231,L-Serine,cpd00054_c0 + cpd15688_c0 --> cpd00046_c0 + 2.0 cpd00067_c0 + cpd15694_c0,,0.0,1000.0,C3H7NO3,0,c0
cpd03052_c0,rxn02853,Imidazole acetaldehyde,cpd00001_c0 + cpd00003_c0 + cpd03052_c0 --> cpd00004_c0 + 2.0 cpd00067_c0 + cpd01831_c0,,0.0,1000.0,C5H6N2O,0,c0
cpd04097_e0,rxn10344,Pb,cpd00001_c0 + cpd00002_c0 + cpd04097_c0 --> cpd00008_c0 + cpd00009_c0 + cpd00067_c0 + cpd04097_e0,,0.0,1000.0,Pb,2,e0
cpd04097_e0,EXpd04097,Pb,cpd04097_e0 <=> ,,-1000.0,1000.0,Pb,2,e0
cpd02993_c0,rxn03181,Lipid IV(A),cpd00002_c0 + cpd03002_c0 <=> cpd00008_c0 + cpd00067_c0 + cpd02993_c0,,-1000.0,1000.0,C68H126N2O23P2,-4,c0
cpd02993_c0,rxn03182,Lipid IV(A),cpd02546_c0 + cpd02993_c0 --> cpd00046_c0 + cpd00067_c0 + cpd03585_c0,,0.0,1000.0,C68H126N2O23P2,-4,c0
cpd00626_c0,rxn01675,dTDPglucose,cpd00089_c0 + cpd00357_c0 <=> cpd00012_c0 + cpd00626_c0,,-1000.0,1000.0,C16H24N2O16P2,-2,c0
cpd00626_c0,rxn01997,dTDPglucose,cpd00626_c0 --> cpd00001_c0 + cpd00521_c0,,0.0,1000.0,C16H24N2O16P2,-2,c0
cpd02211_c0,rxn02666,L-2-Amino-acetoacetate,cpd00067_c0 + cpd02211_c0 --> cpd00011_c0 + cpd01298_c0,,0.0,1000.0,C4H7NO3,0,c0
cpd10515_c0,rxn05555,Fe+2,cpd00001_c0 + cpd00002_c0 + cpd10515_e0 --> cpd00008_c0 + cpd00009_c0 + cpd00067_c0 + cpd10515_c0,,0.0,1000.0,Fe,2,c0
cpd10515_c0,rxn00224,Fe+2,cpd01476_c0 + cpd10515_c0 <=> cpd00028_c0 + 2.0 cpd00067_c0,,-1000.0,1000.0,Fe,2,c0
cpd10515_c0,rxn02056,Fe+2,2.0 cpd00067_c0 + cpd00557_c0 <=> cpd03426_c0 + cpd10515_c0,,-1000.0,1000.0,Fe,2,c0
cpd10515_c0,rxn00056,Fe+2,cpd00007_c0 + 4.0 cpd00067_c0 + 4.0 cpd10515_c0 <=> 2.0 cpd00001_c0 + 4.0 cpd10516_c0,,-1000.0,1000.0,Fe,2,c0
cpd00393_c0,rxn01602,Folate,cpd00006_c0 + cpd00330_c0 <=> cpd00005_c0 + cpd00067_c0 + cpd00393_c0,,-1000.0,1000.0,C19H17N7O6,-2,c0
cpd00393_c0,rxn05255,Folate,cpd00067_e0 + cpd00393_e0 --> cpd00067_c0 + cpd00393_c0,,0.0,1000.0,C19H17N7O6,-2,c0
cpd00393_c0,rxn00684,Folate,2.0 cpd00004_c0 + 2.0 cpd00067_c0 + cpd00393_c0 --> 2.0 cpd00003_c0 + cpd00087_c0,,0.0,1000.0,C19H17N7O6,-2,c0
cpd03128_c0,rxn03243,Decanoyl-CoA,cpd00022_c0 + cpd03128_c0 <=> cpd00010_c0 + cpd03117_c0,,-1000.0,1000.0,C31H50N7O17P3S,-4,c0
cpd03128_c0,rxn10012,Decanoyl-CoA,cpd00004_c0 + cpd00067_c0 + cpd03129_c0 --> cpd00003_c0 + cpd03128_c0,,0.0,1000.0,C31H50N7O17P3S,-4,c0
cpd11484_c0,rxn06729,HMA,cpd00037_c0 + cpd00067_c0 + cpd11484_c0 --> cpd02886_c0 + cpd11493_c0,,0.0,1000.0,C25H47N2O9PRS,-1,c0
cpd11484_c0,rxn06723,HMA,cpd03584_c0 + cpd11484_c0 --> cpd02835_c0 + cpd11493_c0,,0.0,1000.0,C25H47N2O9PRS,-1,c0
cpd11484_c0,rxn05342,HMA,cpd00006_c0 + cpd11484_c0 <=> cpd00005_c0 + cpd11491_c0,,-1000.0,1000.0,C25H47N2O9PRS,-1,c0
cpd11553_c0,rxn05417,6-methyl-heptanoyl-ACP,cpd11492_c0 + cpd11553_c0 --> cpd00011_c0 + cpd11493_c0 + cpd11554_c0,,0.0,1000.0,C19H35N2O8PRS,-1,c0
cpd11553_c0,rxn05446,6-methyl-heptanoyl-ACP,cpd00004_c0 + cpd00067_c0 + cpd11552_c0 --> cpd00003_c0 + cpd11553_c0,,0.0,1000.0,C19H35N2O8PRS,-1,c0
cpd00027_e0,EXpd00027,D-Glucose,cpd00027_e0 <=> ,,-10.0,1000.0,C6H12O6,0,e0
cpd00027_e0,rxn10116,D-Glucose,cpd00001_e0 + cpd00027_e0 + cpd15560_c0 --> cpd00067_e0 + cpd00222_e0 + cpd15561_c0,,0.0,1000.0,C6H12O6,0,e0
cpd00027_e0,rxn05147,D-Glucose,cpd00001_c0 + cpd00002_c0 + cpd00027_e0 --> cpd00008_c0 + cpd00009_c0 + cpd00027_c0 + cpd00067_c0,,0.0,1000.0,C6H12O6,0,e0
cpd00076_e0,EXpd00076,Sucrose,cpd00076_e0 --> ,,0.0,1000.0,C12H22O11,0,e0
cpd00076_e0,rxn05655,Sucrose,cpd00061_c0 + cpd00076_e0 <=> cpd00020_c0 + cpd01693_c0,,-1000.0,1000.0,C12H22O11,0,e0
cpd01307_e0,EXpd01307,D-Lyxitol,cpd01307_e0 --> ,,0.0,1000.0,C5H12O5,0,e0
cpd01307_e0,ADD_D_Ara2,D-Lyxitol,cpd01307_e0 --> cpd01307_c0,,0.0,1000.0,C5H12O5,0,e0
cpd00251_c0,rxn00775,ADPribose,cpd00001_c0 + cpd00251_c0 --> cpd00018_c0 + 2.0 cpd00067_c0 + cpd00101_c0,,0.0,1000.0,C15H21N5O14P2,-2,c0
cpd00145_c0,rxn01015,Hydroxypyruvate,cpd00145_c0 <=> cpd00843_c0,,-1000.0,1000.0,C3H3O4,-1,c0
cpd00084_c0,rxn00649,L-Cysteine,cpd00239_c0 + cpd00722_c0 --> cpd00029_c0 + cpd00084_c0,,0.0,1000.0,C3H7NO2S,0,c0
cpd00084_c0,biomass0,L-Cysteine,0.169975 cpd00002_c0 + 0.00215 cpd00003_c0 + 5e-05 cpd00004_c0 + 0.0004 cpd00005_c0 + 0.00013 cpd00006_c0 + 6e-06 cpd00010_c0 + 1e-05 cpd00015_c0 + 5e-05 cpd00022_c0 + 0.25 cpd00023_c0 + 0.003 cpd00026_c0 + 1e-06 cpd00028_c0 + 0.496 cpd00033_c0 + 0.499 cpd00035_c0 + 0.203 cpd00038_c0 + 0.431 cpd00039_c0 + 0.245 cpd00041_c0 + 0.121 cpd00051_c0 + 0.126 cpd00052_c0 + 0.25 cpd00053_c0 + 0.29 cpd00054_c0 + 0.116 cpd00060_c0 + 0.136 cpd00062_c0 + 0.054 cpd00065_c0 + 0.199 cpd00066_c0 + 0.138 cpd00069_c0 + 3e-06 cpd00078_c0 + 0.087 cpd00084_c0 + 0.428 cpd00107_c0 + 0.01814 cpd00115_c0 + 0.035 cpd00118_c0 + 0.145 cpd00119_c0 + 0.541 cpd00129_c0 + 0.245 cpd00132_c0 + 0.154 cpd00155_c0 + 0.42 cpd00156_c0 + 0.436 cpd00161_c0 + 0.000223 cpd00201_c0 + 0.0254 cpd00241_c0 + 0.0089 cpd00264_c0 + 0.213 cpd00322_c0 + 0.000223 cpd00345_c0 + 0.0254 cpd00356_c0 + 0.01814 cpd00357_c0 + 0.000142 cpd11652_c0 + 0.000216 cpd12801_c0 + 0.000701 cpd15432_c0 + 0.00276 cpd15665_c0 + 0.00192 cpd16083_c0 + 4.3e-05 cpd16093_c0 --> biomass_c0 + 5.604 cpd00001_c0 + 0.08708 cpd00009_c0 + 0.634975 cpd00012_c0,,0.0,1000.0,C3H7NO2S,0,c0
cpd00084_c0,ADD_TPP4,L-Cysteine,IscS_sulfur_acceptor_protein_c0 + cpd00084_c0 --> IscS_with_bound_sulfur_c0 + cpd00035_c0,,0.0,1000.0,C3H7NO2S,0,c0
cpd00084_c0,rxn12844,L-Cysteine,cpd00001_c0 + cpd15603_c0 <=> cpd00033_c0 + cpd00084_c0,,-1000.0,1000.0,C3H7NO2S,0,c0
cpd00084_c0,rxn00650,L-Cysteine,cpd00001_c0 + cpd01017_c0 <=> cpd00033_c0 + cpd00084_c0,,-1000.0,1000.0,C3H7NO2S,0,c0
cpd00084_c0,rxn13782,L-Cysteine,10412.0 cpd00001_c0 + 6730.0 cpd00002_c0 + 496.0 cpd00033_c0 + 1370.0 cpd00035_c0 + 10162.0 cpd00038_c0 + 431.0 cpd00039_c0 + 250.0 cpd00041_c0 + 121.0 cpd00051_c0 + 500.0 cpd00053_c0 + 290.0 cpd00054_c0 + 116.0 cpd00060_c0 + 54.0 cpd00065_c0 + 199.0 cpd00066_c0 + 138.0 cpd00069_c0 + 87.0 cpd00084_c0 + 428.0 cpd00107_c0 + 145.0 cpd00119_c0 + 541.0 cpd00129_c0 + 420.0 cpd00156_c0 + 436.0 cpd00161_c0 + 14.0 cpd00201_c0 + 213.0 cpd00322_c0 --> Protein_c0 + 250.0 cpd00008_c0 + 10412.0 cpd00009_c0 + 6480.0 cpd00012_c0 + 6480.0 cpd00018_c0 + 10162.0 cpd00031_c0 + 14.0 cpd00047_c0 + 15493.0 cpd00067_c0 + 14.0 cpd00087_c0,,0.0,1000.0,C3H7NO2S,0,c0
cpd00084_c0,rxn05733,L-Cysteine,cpd00268_c0 + cpd00722_c0 + cpd11421_c0 --> cpd00029_c0 + cpd00067_c0 + cpd00081_c0 + cpd00084_c0 + cpd11420_c0,,0.0,1000.0,C3H7NO2S,0,c0
cpd00084_c0,rxn09177,L-Cysteine,cpd00052_c0 + cpd00084_c0 + cpd02201_c0 --> cpd00012_c0 + cpd00046_c0 + 2.0 cpd00067_c0 + cpd02666_c0,,0.0,1000.0,C3H7NO2S,0,c0
cpd00084_c0,rxn00646,L-Cysteine,cpd00002_c0 + cpd00023_c0 + cpd00084_c0 --> cpd00008_c0 + cpd00009_c0 + cpd00067_c0 + cpd00506_c0,,0.0,1000.0,C3H7NO2S,0,c0
cpd00084_c0,rxn09310,L-Cysteine,cpd00002_c0 + cpd00069_c0 + cpd00084_c0 + cpd08289_c0 --> cpd00001_c0 + cpd00011_c0 + cpd00012_c0 + cpd00018_c0 + cpd00035_c0 + 2.0 cpd00067_c0 + cpd02654_c0 + cpd15378_c0,,0.0,1000.0,C3H7NO2S,0,c0
cpd00084_c0,rxn12512,L-Cysteine,cpd00002_c0 + cpd00084_c0 + cpd02201_c0 --> cpd00012_c0 + cpd00018_c0 + 2.0 cpd00067_c0 + cpd02666_c0,,0.0,1000.0,C3H7NO2S,0,c0
cpd11522_c0,rxn05386,5-methyl-3-hydroxy-hexanoyl-ACP,cpd11522_c0 --> cpd00001_c0 + cpd11523_c0,,0.0,1000.0,C18H33N2O9PRS,-1,c0
cpd11522_c0,rxn05385,5-methyl-3-hydroxy-hexanoyl-ACP,cpd00005_c0 + cpd00067_c0 + cpd11521_c0 <=> cpd00006_c0 + cpd11522_c0,,-1000.0,1000.0,C18H33N2O9PRS,-1,c0
cpd11501_c0,rxn05364,6-methyl-3-hydroxy-octanoyl-ACP,cpd00005_c0 + cpd00067_c0 + cpd11500_c0 <=> cpd00006_c0 + cpd11501_c0,,-1000.0,1000.0,C20H37N2O9PRS,-1,c0
cpd11501_c0,rxn05365,6-methyl-3-hydroxy-octanoyl-ACP,cpd11501_c0 --> cpd00001_c0 + cpd11502_c0,,0.0,1000.0,C20H37N2O9PRS,-1,c0
cpd01476_c0,rxn00224,Protoporphyrin,cpd01476_c0 + cpd10515_c0 <=> cpd00028_c0 + 2.0 cpd00067_c0,,-1000.0,1000.0,C34H32N4O4,-2,c0
cpd01476_c0,rxn02304,Protoporphyrin,3.0 cpd00007_c0 + 2.0 cpd00791_c0 --> 6.0 cpd00001_c0 + 2.0 cpd01476_c0,,0.0,1000.0,C34H32N4O4,-2,c0
cpd02893_c0,rxn05229,5'-Phosphoribosyl-4-carboxy-5-aminoimidazole,cpd00002_c0 + cpd00242_c0 + cpd02140_c0 --> cpd00008_c0 + cpd00009_c0 + cpd00067_c0 + cpd02893_c0,,0.0,1000.0,C9H12N3O9P,-2,c0
cpd02893_c0,rxn03147,5'-Phosphoribosyl-4-carboxy-5-aminoimidazole,cpd00002_c0 + cpd00041_c0 + cpd02893_c0 --> cpd00008_c0 + cpd00009_c0 + 2.0 cpd00067_c0 + cpd02921_c0,,0.0,1000.0,C9H12N3O9P,-2,c0
cpd02893_c0,rxn02938,5'-Phosphoribosyl-4-carboxy-5-aminoimidazole,cpd00067_c0 + cpd02893_c0 --> cpd00011_c0 + cpd02140_c0,,0.0,1000.0,C9H12N3O9P,-2,c0
cpd15797_c0,rxn10340,Isopentadecanoylcardiolipin (B. subtilis),2.0 cpd15725_c0 <=> cpd00100_c0 + cpd15797_c0,,-1000.0,1000.0,C69H132O17P2,-2,c0
cpd11467_c0,rxn05323,(2E)-Tetradecenoyl-[acp],cpd00004_c0 + cpd00067_c0 + cpd11467_c0 --> cpd00003_c0 + cpd11466_c0,,0.0,1000.0,C25H45N2O8PRS,-2,c0
cpd12689_c0,rxn06510,3-Oxotetradecanoyl-CoA,cpd00022_c0 + cpd01260_c0 <=> cpd00010_c0 + cpd12689_c0,,-1000.0,1000.0,C35H56N7O18P3S,-4,c0
cpd12689_c0,rxn06777,3-Oxotetradecanoyl-CoA,cpd00003_c0 + cpd03115_c0 <=> cpd00004_c0 + cpd00067_c0 + cpd12689_c0,,-1000.0,1000.0,C35H56N7O18P3S,-4,c0
cpd00873_c0,rxn02155,Nicotinate ribonucleotide,cpd00002_c0 + cpd00873_c0 <=> cpd00012_c0 + cpd00638_c0,,-1000.0,1000.0,C11H12NO9P,-2,c0
cpd00873_c0,rxn01265,Nicotinate ribonucleotide,cpd00012_c0 + cpd00873_c0 <=> cpd00103_c0 + cpd00218_c0,,-1000.0,1000.0,C11H12NO9P,-2,c0
cpd00873_c0,rxn02897,Nicotinate ribonucleotide,cpd00873_c0 + cpd01997_c0 <=> cpd00067_c0 + cpd00218_c0 + cpd02904_c0,,-1000.0,1000.0,C11H12NO9P,-2,c0
cpd00873_c0,rxn02400,Nicotinate ribonucleotide,cpd00001_c0 + cpd00873_c0 --> cpd00009_c0 + cpd03471_c0,,0.0,1000.0,C11H12NO9P,-2,c0
cpd00873_c0,rxn02402,Nicotinate ribonucleotide,cpd00067_c0 + cpd00103_c0 + cpd02333_c0 --> cpd00011_c0 + cpd00012_c0 + cpd00873_c0,,0.0,1000.0,C11H12NO9P,-2,c0
cpd01078_c0,rxn02569,Selenide,cpd00001_c0 + cpd00002_c0 + cpd01078_c0 <=> cpd00009_c0 + cpd00018_c0 + cpd00067_c0 + cpd03078_c0,,-1000.0,1000.0,HSe,-1,c0
cpd01973_c0,rxn02275,4-Guanidinobutanamide,cpd00001_c0 + cpd01973_c0 --> cpd00013_c0 + cpd00762_c0,,0.0,1000.0,C5H13N4O,1,c0
cpd00922_c0,rxn02916,delta1-Piperideine-2-carboxylate,cpd02074_c0 --> cpd00001_c0 + cpd00922_c0,,0.0,1000.0,C6H9NO2,0,c0
cpd01161_c0,rxn02608,D-Fuconate,cpd01161_c0 --> cpd00001_c0 + cpd03674_c0,,0.0,1000.0,C6H11O6,-1,c0
cpd01161_c0,ADD_D_Fuc4,D-Fuconate,D_Fucono_σ_lactone_c0 + cpd00001_c0 --> cpd01161_c0,,0.0,1000.0,C6H11O6,-1,c0
cpd12225_c0,rxn06493,Dihydrolipolprotein,cpd00003_c0 + cpd12225_c0 <=> cpd00004_c0 + cpd00067_c0 + cpd12005_c0,,-1000.0,1000.0,C8H16NORS2,0,c0
cpd12225_c0,rxn06600,Dihydrolipolprotein,cpd00087_c0 + cpd11830_c0 --> cpd00013_c0 + cpd00125_c0 + cpd12225_c0,,0.0,1000.0,C8H16NORS2,0,c0
cpd00064_e0,rxn05156,Ornithine,cpd00001_c0 + cpd00002_c0 + cpd00064_e0 --> cpd00008_c0 + cpd00009_c0 + cpd00064_c0 + cpd00067_c0,,0.0,1000.0,C5H13N2O2,1,e0
cpd00064_e0,EXpd00064,Ornithine,cpd00064_e0 --> ,,0.0,1000.0,C5H13N2O2,1,e0
cpd00064_e0,rxn10131,Ornithine,cpd00051_e0 + cpd00064_c0 <=> cpd00051_c0 + cpd00064_e0,,-1000.0,1000.0,C5H13N2O2,1,e0
cpd00264_e0,rxn05175,Spermidine,cpd00001_c0 + cpd00002_c0 + cpd00264_e0 --> cpd00008_c0 + cpd00009_c0 + cpd00067_c0 + cpd00264_c0,,0.0,1000.0,C7H22N3,3,e0
cpd00264_e0,EXpd00264,Spermidine,cpd00264_e0 --> ,,0.0,1000.0,C7H22N3,3,e0
cpd15534_c0,rxn09203,phosphatidylethanolamine dioctadec-11-enoyl,2.0 cpd00067_c0 + cpd15558_c0 <=> cpd00011_c0 + cpd15534_c0,,-1000.0,1000.0,C41H78NO8P,0,c0
cpd12227_c0,rxn06937,L-Glutamyl-tRNA-Glu,cpd00002_c0 + cpd00023_c0 + cpd00067_c0 + cpd11912_c0 --> cpd00012_c0 + cpd00018_c0 + cpd12227_c0,,0.0,1000.0,C25H34N6O19P2R2,-2,c0
cpd12227_c0,rxn06591,L-Glutamyl-tRNA-Glu,cpd00005_c0 + cpd00067_c0 + cpd12227_c0 <=> cpd00006_c0 + cpd02345_c0 + cpd11912_c0,,-1000.0,1000.0,C25H34N6O19P2R2,-2,c0
cpd11593_e0,EXpd11593,ala-L-asp-L,cpd11593_e0 --> ,,0.0,1000.0,C7H11N2O5,-1,e0
cpd11593_e0,rxn05533,ala-L-asp-L,cpd00001_c0 + cpd00002_c0 + cpd11593_e0 --> cpd00008_c0 + cpd00009_c0 + cpd00067_c0 + cpd11593_c0,,0.0,1000.0,C7H11N2O5,-1,e0
cpd11517_c0,rxn05380,14-methyl-3-hydroxy-hexa-decanoyl-ACP,cpd00005_c0 + cpd00067_c0 + cpd11516_c0 <=> cpd00006_c0 + cpd11517_c0,,-1000.0,1000.0,C28H53N2O9PRS,-1,c0
cpd11517_c0,rxn05381,14-methyl-3-hydroxy-hexa-decanoyl-ACP,cpd11517_c0 --> cpd00001_c0 + cpd11518_c0,,0.0,1000.0,C28H53N2O9PRS,-1,c0
cpd02597_c0,rxn03061,cis-2-Methylaconitate,cpd02799_c0 <=> cpd00001_c0 + cpd02597_c0,,-1000.0,1000.0,C7H5O6,-3,c0
cpd02597_c0,rxn03060,cis-2-Methylaconitate,cpd01501_c0 <=> cpd00001_c0 + cpd02597_c0,,-1000.0,1000.0,C7H5O6,-3,c0
cpd00023_e0,rxn05297,L-Glutamate,cpd00023_e0 + cpd00067_e0 <=> cpd00023_c0 + cpd00067_c0,,-1000.0,1000.0,C5H8NO4,-1,e0
cpd00023_e0,rxn05146,L-Glutamate,cpd00001_c0 + cpd00002_c0 + cpd00023_e0 --> cpd00008_c0 + cpd00009_c0 + cpd00023_c0 + cpd00067_c0,,0.0,1000.0,C5H8NO4,-1,e0
cpd00023_e0,rxn05298,L-Glutamate,cpd00023_e0 + cpd00971_e0 <=> cpd00023_c0 + cpd00971_c0,,-1000.0,1000.0,C5H8NO4,-1,e0
cpd00023_e0,EXpd00023,L-Glutamate,cpd00023_e0 --> ,,0.0,1000.0,C5H8NO4,-1,e0
cpd00722_c0,rxn00649,O-Acetyl-L-serine,cpd00239_c0 + cpd00722_c0 --> cpd00029_c0 + cpd00084_c0,,0.0,1000.0,C5H9NO4,0,c0
cpd00722_c0,rxn05733,O-Acetyl-L-serine,cpd00268_c0 + cpd00722_c0 + cpd11421_c0 --> cpd00029_c0 + cpd00067_c0 + cpd00081_c0 + cpd00084_c0 + cpd11420_c0,,0.0,1000.0,C5H9NO4,0,c0
cpd00722_c0,rxn00423,O-Acetyl-L-serine,cpd00022_c0 + cpd00054_c0 --> cpd00010_c0 + cpd00722_c0,,0.0,1000.0,C5H9NO4,0,c0
cpd08288_c0,rxn03908,2-phospho-4--cytidine5-diphospho-2-C-methyl-D-erythritol,cpd00002_c0 + cpd08287_c0 <=> cpd00008_c0 + cpd00067_c0 + cpd08288_c0,,-1000.0,1000.0,C14H22N3O17P3,-4,c0
cpd08288_c0,rxn03910,2-phospho-4--cytidine5-diphospho-2-C-methyl-D-erythritol,cpd08288_c0 <=> cpd00046_c0 + cpd08301_c0,,-1000.0,1000.0,C14H22N3O17P3,-4,c0
cpd03414_c0,rxn03384,UroporphyrinogenI,4.0 cpd00067_c0 + cpd03414_c0 <=> 4.0 cpd00011_c0 + cpd03416_c0,,-1000.0,1000.0,C40H36N4O16,-8,c0
cpd00379_c0,rxn01729,Glutarate,cpd00001_c0 + cpd00003_c0 + cpd02089_c0 --> cpd00004_c0 + 2.0 cpd00067_c0 + cpd00379_c0,,0.0,1000.0,C5H6O4,-2,c0
cpd11507_c0,rxn05435,8-methyl-decanoyl-ACP,cpd00004_c0 + cpd00067_c0 + cpd11506_c0 --> cpd00003_c0 + cpd11507_c0,,0.0,1000.0,C22H41N2O8PRS,-1,c0
cpd11507_c0,rxn05371,8-methyl-decanoyl-ACP,cpd11492_c0 + cpd11507_c0 --> cpd00011_c0 + cpd11493_c0 + cpd11508_c0,,0.0,1000.0,C22H41N2O8PRS,-1,c0
cpd00029_e0,EXpd00029,Acetate,cpd00029_e0 --> ,,0.0,1000.0,C2H3O2,-1,e0
cpd00029_e0,ADD_acetate,Acetate,cpd00029_e0 + cpd00067_e0 <=> cpd00029_c0 + cpd00067_c0,,-1000.0,1000.0,C2H3O2,-1,e0
cpd00438_c0,rxn01858,Deoxyadenosine,cpd00001_c0 + cpd00067_c0 + cpd00438_c0 --> cpd00013_c0 + cpd03279_c0,,0.0,1000.0,C10H13N5O3,0,c0
cpd00438_c0,rxn01507,Deoxyadenosine,cpd00001_c0 + cpd00294_c0 --> cpd00009_c0 + cpd00438_c0,,0.0,1000.0,C10H13N5O3,0,c0
cpd01242_c0,rxn05549,Thyminose,cpd00001_c0 + cpd00002_c0 + cpd01242_e0 --> cpd00008_c0 + cpd00009_c0 + cpd00067_c0 + cpd01242_c0,,0.0,1000.0,C5H10O4,0,c0
cpd00461_c0,rxn01893,Oxopent-4-enoate,cpd00001_c0 + cpd00461_c0 --> cpd02258_c0,,0.0,1000.0,C5H5O3,-1,c0
cpd02691_c0,rxn02934,2-methyl-3-hydroxy-butyryl-CoA,cpd02691_c0 <=> cpd00001_c0 + cpd02125_c0,,-1000.0,1000.0,C26H40N7O18P3S,-4,c0
cpd02691_c0,rxn02933,2-methyl-3-hydroxy-butyryl-CoA,cpd00003_c0 + cpd02691_c0 <=> cpd00004_c0 + cpd00067_c0 + cpd02124_c0,,-1000.0,1000.0,C26H40N7O18P3S,-4,c0
cpd02930_c0,rxn03130,Lipid X,cpd00001_c0 + cpd02835_c0 --> 2.0 cpd00067_c0 + cpd00091_c0 + cpd02930_c0,,0.0,1000.0,C34H64NO12P,-2,c0
cpd02930_c0,rxn03159,Lipid X,cpd02835_c0 + cpd02930_c0 <=> cpd00014_c0 + cpd03002_c0,,-1000.0,1000.0,C34H64NO12P,-2,c0
cpd02843_c0,rxn02473,D-erythro-imidazol-glycerol-phosphate,cpd02843_c0 --> cpd00001_c0 + cpd00930_c0,,0.0,1000.0,C6H9N2O6P,-2,c0
cpd02843_c0,rxn03135,D-erythro-imidazol-glycerol-phosphate,cpd00053_c0 + cpd02991_c0 --> cpd00023_c0 + cpd00067_c0 + cpd02843_c0 + cpd02851_c0,,0.0,1000.0,C6H9N2O6P,-2,c0
cpd02693_c0,rxn03062,3-Isopropylmalate,cpd00003_c0 + cpd02693_c0 <=> cpd00004_c0 + cpd00067_c0 + cpd02605_c0,,-1000.0,1000.0,C7H10O5,-2,c0
cpd02693_c0,rxn02811,3-Isopropylmalate,cpd02693_c0 <=> cpd00001_c0 + cpd01710_c0,,-1000.0,1000.0,C7H10O5,-2,c0
cpd01665_c0,rxn02046,D-O-Phosphoserine,cpd00001_c0 + cpd01665_c0 --> cpd00009_c0 + cpd00550_c0,,0.0,1000.0,C3H6NO6P,-2,c0
cpd11580_e0,rxn05547,Gly-Gln,cpd00001_c0 + cpd00002_c0 + cpd11580_e0 --> cpd00008_c0 + cpd00009_c0 + cpd00067_c0 + cpd11580_c0,,0.0,1000.0,C7H13N3O4,0,e0
cpd11580_e0,EXpd11580,Gly-Gln,cpd11580_e0 --> ,,0.0,1000.0,C7H13N3O4,0,e0
cpd00347_c0,rxn00907,5-10-Methenyltetrahydrofolate,cpd00006_c0 + cpd00125_c0 <=> cpd00005_c0 + cpd00347_c0,,-1000.0,1000.0,C20H20N7O6,-1,c0
cpd00347_c0,rxn01652,5-10-Methenyltetrahydrofolate,cpd00001_c0 + cpd00347_c0 --> cpd00067_c0 + cpd02197_c0,,0.0,1000.0,C20H20N7O6,-1,c0
cpd00347_c0,rxn01653,5-10-Methenyltetrahydrofolate,cpd00002_c0 + cpd02197_c0 --> cpd00008_c0 + cpd00009_c0 + cpd00347_c0,,0.0,1000.0,C20H20N7O6,-1,c0
cpd00347_c0,rxn01211,5-10-Methenyltetrahydrofolate,cpd00001_c0 + cpd00347_c0 <=> cpd00067_c0 + cpd00201_c0,,-1000.0,1000.0,C20H20N7O6,-1,c0
cpd00347_c0,rxn01654,5-10-Methenyltetrahydrofolate,cpd00013_c0 + cpd00347_c0 --> 2.0 cpd00067_c0 + cpd00502_c0,,0.0,1000.0,C20H20N7O6,-1,c0
cpd00222_e0,EXpd00222,GLCN,cpd00222_e0 --> ,,0.0,1000.0,C6H11O7,-1,e0
cpd00222_e0,rxn10116,GLCN,cpd00001_e0 + cpd00027_e0 + cpd15560_c0 --> cpd00067_e0 + cpd00222_e0 + cpd15561_c0,,0.0,1000.0,C6H11O7,-1,e0
cpd00222_e0,ADD_gluconate,GLCN,cpd00067_e0 + cpd00222_e0 --> cpd00067_c0 + cpd00222_c0,,0.0,1000.0,C6H11O7,-1,e0
cpd00011_c0,rxn09202,CO2,2.0 cpd00067_c0 + cpd15557_c0 <=> cpd00011_c0 + cpd15533_c0,,-1000.0,1000.0,CO2,0,c0
cpd00011_c0,rxn05267,CO2,cpd00004_c0 + cpd00011_c0 + cpd00012_c0 + cpd11425_c0 --> cpd00003_c0 + cpd02295_c0 + cpd02590_c0,,0.0,1000.0,CO2,0,c0
cpd00011_c0,rxn05345,CO2,cpd11468_c0 + cpd11492_c0 --> cpd00011_c0 + cpd11491_c0 + cpd11493_c0,,0.0,1000.0,CO2,0,c0
cpd00011_c0,rxn02303,CO2,cpd00007_c0 + 2.0 cpd00067_c0 + cpd02083_c0 <=> 2.0 cpd00001_c0 + 2.0 cpd00011_c0 + cpd00791_c0,,-1000.0,1000.0,CO2,0,c0
cpd00011_c0,R00993,CO2,cpd00007_c0 + cpd00009_c0 + cpd00067_c0 + cpd00094_c0 --> cpd00011_c0 + cpd00025_c0 + cpd01844_c0,,0.0,1000.0,CO2,0,c0
cpd00011_c0,rxn01393,CO2,cpd00067_c0 + cpd00473_c0 <=> cpd00011_c0 + cpd00261_c0,,-1000.0,1000.0,CO2,0,c0
cpd00011_c0,rxn03384,CO2,4.0 cpd00067_c0 + cpd03414_c0 <=> 4.0 cpd00011_c0 + cpd03416_c0,,-1000.0,1000.0,CO2,0,c0
cpd00011_c0,rxn00322,CO2,cpd00039_c0 + cpd00067_c0 --> cpd00011_c0 + cpd01155_c0,,0.0,1000.0,CO2,0,c0
cpd00011_c0,rxn00154,CO2,cpd00003_c0 + cpd00010_c0 + cpd00020_c0 --> cpd00004_c0 + cpd00011_c0 + cpd00022_c0,,0.0,1000.0,CO2,0,c0
cpd00011_c0,rxn05460,CO2,cpd00067_c0 + cpd11476_c0 + cpd11492_c0 --> cpd00011_c0 + cpd11493_c0 + cpd11570_c0,,0.0,1000.0,CO2,0,c0
cpd00011_c0,rxn00011,CO2,cpd00020_c0 + cpd00056_c0 + cpd00067_c0 --> cpd00011_c0 + cpd03049_c0,,0.0,1000.0,CO2,0,c0
cpd00011_c0,rxn07840,CO2,cpd00007_c0 + cpd00024_c0 + cpd03727_c0 --> cpd00011_c0 + cpd00036_c0 + cpd15137_c0,,0.0,1000.0,CO2,0,c0
cpd00011_c0,rxn09310,CO2,cpd00002_c0 + cpd00069_c0 + cpd00084_c0 + cpd08289_c0 --> cpd00001_c0 + cpd00011_c0 + cpd00012_c0 + cpd00018_c0 + cpd00035_c0 + 2.0 cpd00067_c0 + cpd02654_c0 + cpd15378_c0,,0.0,1000.0,CO2,0,c0
cpd00011_c0,rxn02507,CO2,cpd00067_c0 + cpd00956_c0 --> cpd00001_c0 + cpd00011_c0 + cpd02210_c0,,0.0,1000.0,CO2,0,c0
cpd00011_c0,rxn05392,CO2,cpd11492_c0 + cpd11528_c0 --> cpd00011_c0 + cpd11493_c0 + cpd11529_c0,,0.0,1000.0,CO2,0,c0
cpd00011_c0,rxn00161,CO2,cpd00006_c0 + cpd00130_c0 --> cpd00005_c0 + cpd00011_c0 + cpd00020_c0,,0.0,1000.0,CO2,0,c0
cpd00011_c0,rxn00102,CO2,cpd00067_c0 + cpd00242_c0 <=> cpd00001_c0 + cpd00011_c0,,-1000.0,1000.0,CO2,0,c0
cpd00011_c0,rxn08094,CO2,cpd00003_c0 + cpd00010_c0 + cpd00024_c0 --> cpd00004_c0 + cpd00011_c0 + cpd00078_c0,,0.0,1000.0,CO2,0,c0
cpd00011_c0,rxn05400,CO2,cpd11492_c0 + cpd11536_c0 --> cpd00011_c0 + cpd11493_c0 + cpd11537_c0,,0.0,1000.0,CO2,0,c0
cpd00011_c0,rxn01208,CO2,cpd00067_c0 + cpd02605_c0 --> cpd00011_c0 + cpd00200_c0,,0.0,1000.0,CO2,0,c0
cpd00011_c0,rxn05363,CO2,cpd11492_c0 + cpd11499_c0 --> cpd00011_c0 + cpd11493_c0 + cpd11500_c0,,0.0,1000.0,CO2,0,c0
cpd00011_c0,rxn05344,CO2,cpd11466_c0 + cpd11492_c0 --> cpd00011_c0 + cpd11485_c0 + cpd11493_c0,,0.0,1000.0,CO2,0,c0
cpd00011_c0,rxn00710,CO2,cpd00067_c0 + cpd00810_c0 --> cpd00011_c0 + cpd00091_c0,,0.0,1000.0,CO2,0,c0
cpd00011_c0,rxn02938,CO2,cpd00067_c0 + cpd02893_c0 --> cpd00011_c0 + cpd02140_c0,,0.0,1000.0,CO2,0,c0
cpd00011_c0,rxn00002,CO2,cpd00001_c0 + 3.0 cpd00067_c0 + cpd00742_c0 --> 2.0 cpd00011_c0 + 2.0 cpd00013_c0,,0.0,1000.0,CO2,0,c0
cpd00011_c0,rxn08333,CO2,cpd02295_c0 + cpd02557_c0 --> cpd00011_c0 + cpd00012_c0 + cpd15353_c0,,0.0,1000.0,CO2,0,c0
cpd00011_c0,rxn04132,CO2,cpd00001_c0 + cpd08625_c0 --> cpd00011_c0 + cpd01567_c0,,0.0,1000.0,CO2,0,c0
cpd00011_c0,rxn00199,CO2,cpd00067_c0 + cpd03187_c0 --> cpd00011_c0 + cpd00024_c0,,0.0,1000.0,CO2,0,c0
cpd00011_c0,rxn01827,CO2,cpd00007_c0 + cpd00868_c0 --> cpd00011_c0 + cpd00426_c0,,0.0,1000.0,CO2,0,c0
cpd00011_c0,rxn10114,CO2,cpd00047_c0 + 3.0 cpd00067_c0 + cpd15560_c0 --> cpd00011_c0 + 2.0 cpd00067_e0 + cpd15561_c0,,0.0,0.0,CO2,0,c0
cpd00011_c0,rxn04133,CO2,cpd00001_c0 + cpd08625_c0 --> cpd00011_c0 + cpd01092_c0,,0.0,1000.0,CO2,0,c0
cpd00011_c0,rxn02341,CO2,cpd00067_c0 + cpd02666_c0 --> cpd00011_c0 + cpd00834_c0,,0.0,1000.0,CO2,0,c0
cpd00011_c0,rxn04704,CO2,2.0 cpd00017_c0 + cpd02083_c0 <=> 2.0 cpd00011_c0 + 2.0 cpd00060_c0 + cpd00791_c0 + 2.0 cpd03091_c0,,-1000.0,1000.0,CO2,0,c0
cpd00011_c0,rxn05417,CO2,cpd11492_c0 + cpd11553_c0 --> cpd00011_c0 + cpd11493_c0 + cpd11554_c0,,0.0,1000.0,CO2,0,c0
cpd00011_c0,rxn00853,CO2,cpd00001_c0 + 2.0 cpd00067_c0 + cpd00341_c0 --> cpd00011_c0 + cpd00013_c0 + cpd00118_c0,,0.0,1000.0,CO2,0,c0
cpd00011_c0,rxn00501,CO2,cpd00003_c0 + cpd00010_c0 + cpd00191_c0 <=> cpd00004_c0 + cpd00011_c0 + cpd00022_c0,,-1000.0,1000.0,CO2,0,c0
cpd00011_c0,rxn05467,CO2,cpd00011_e0 <=> cpd00011_c0,,-1000.0,1000.0,CO2,0,c0
cpd00011_c0,rxn05359,CO2,cpd00067_c0 + cpd11492_c0 + cpd11495_c0 --> cpd00011_c0 + cpd11493_c0 + cpd11496_c0,,0.0,1000.0,CO2,0,c0
cpd00011_c0,rxn02277,CO2,cpd00002_c0 + cpd00011_c0 + cpd00764_c0 --> cpd00008_c0 + cpd00009_c0 + 3.0 cpd00067_c0 + cpd01311_c0,,0.0,1000.0,CO2,0,c0
cpd00011_c0,rxn00251,CO2,cpd00001_c0 + cpd00011_c0 + cpd00061_c0 --> cpd00009_c0 + cpd00032_c0 + cpd00067_c0,,0.0,1000.0,CO2,0,c0
cpd00011_c0,rxn09199,CO2,2.0 cpd00067_c0 + cpd15554_c0 <=> cpd00011_c0 + cpd15530_c0,,-1000.0,1000.0,CO2,0,c0
cpd00011_c0,rxn00346,CO2,cpd00041_c0 + cpd00067_c0 --> cpd00011_c0 + cpd00085_c0,,0.0,1000.0,CO2,0,c0
cpd00011_c0,rxn09198,CO2,2.0 cpd00067_c0 + cpd15553_c0 <=> cpd00011_c0 + cpd15529_c0,,-1000.0,1000.0,CO2,0,c0
cpd00011_c0,rxn10237,CO2,2.0 cpd00067_c0 + cpd15694_c0 <=> cpd00011_c0 + cpd15700_c0,,-1000.0,1000.0,CO2,0,c0
cpd00011_c0,rxn05350,CO2,cpd00067_c0 + cpd11472_c0 + cpd11492_c0 --> cpd00011_c0 + cpd11490_c0 + cpd11493_c0,,0.0,1000.0,CO2,0,c0
cpd00011_c0,rxn05367,CO2,cpd11492_c0 + cpd11503_c0 --> cpd00011_c0 + cpd11493_c0 + cpd11504_c0,,0.0,1000.0,CO2,0,c0
cpd00011_c0,rxn02297,CO2,cpd00035_c0 + cpd00067_c0 + cpd00782_c0 --> cpd00010_c0 + cpd00011_c0 + cpd00800_c0,,0.0,1000.0,CO2,0,c0
cpd00011_c0,rxn10232,CO2,2.0 cpd00067_c0 + cpd15689_c0 <=> cpd00011_c0 + cpd15695_c0,,-1000.0,1000.0,CO2,0,c0
cpd00011_c0,rxn00247,CO2,cpd00002_c0 + cpd00032_c0 --> cpd00008_c0 + cpd00011_c0 + cpd00061_c0,,0.0,1000.0,CO2,0,c0
cpd00011_c0,rxn05116,CO2,cpd00067_c0 + cpd04539_c0 --> cpd00011_c0 + cpd08449_c0,,0.0,1000.0,CO2,0,c0
cpd00011_c0,rxn00441,CO2,cpd00024_c0 + cpd00056_c0 + cpd00067_c0 --> cpd00011_c0 + cpd03189_c0,,0.0,1000.0,CO2,0,c0
cpd00011_c0,rxn00327,CO2,cpd00001_c0 + 2.0 cpd00067_c0 + cpd00465_c0 --> cpd00011_c0 + 2.0 cpd00013_c0 + cpd00040_c0,,0.0,1000.0,CO2,0,c0
cpd00011_c0,rxn10235,CO2,2.0 cpd00067_c0 + cpd15692_c0 <=> cpd00011_c0 + cpd15698_c0,,-1000.0,1000.0,CO2,0,c0
cpd00011_c0,rxn05379,CO2,cpd00067_c0 + cpd11492_c0 + cpd11515_c0 --> cpd00011_c0 + cpd11493_c0 + cpd11516_c0,,0.0,1000.0,CO2,0,c0
cpd00011_c0,rxn00671,CO2,cpd00003_c0 + cpd00010_c0 + cpd00287_c0 <=> cpd00004_c0 + cpd00011_c0 + cpd00086_c0,,-1000.0,1000.0,CO2,0,c0
cpd00011_c0,rxn00908,CO2,cpd00003_c0 + cpd00033_c0 + cpd00087_c0 --> cpd00004_c0 + cpd00011_c0 + cpd00013_c0 + cpd00125_c0,,0.0,1000.0,CO2,0,c0
cpd00011_c0,rxn10233,CO2,2.0 cpd00067_c0 + cpd15690_c0 <=> cpd00011_c0 + cpd15696_c0,,-1000.0,1000.0,CO2,0,c0
cpd00011_c0,rxn02288,CO2,4.0 cpd00067_c0 + cpd00774_c0 <=> 4.0 cpd00011_c0 + cpd02083_c0,,-1000.0,1000.0,CO2,0,c0
cpd00011_c0,Cis9_hex_syn,CO2,3.0 cpd00004_c0 + 3.0 cpd00005_c0 + 8.0 cpd00067_c0 + cpd11482_c0 + 3.0 cpd11492_c0 --> cis9_hexadecenoyl_acp_c0 + 4.0 cpd00001_c0 + 3.0 cpd00003_c0 + 3.0 cpd00006_c0 + 3.0 cpd00011_c0 + 3.0 cpd11493_c0,,0.0,1000.0,CO2,0,c0
cpd00011_c0,rxn00127,CO2,cpd00017_c0 + cpd00067_c0 --> cpd00011_c0 + cpd00837_c0,,0.0,1000.0,CO2,0,c0
cpd00011_c0,rxn05409,CO2,cpd00067_c0 + cpd11492_c0 + cpd11545_c0 --> cpd00011_c0 + cpd11493_c0 + cpd11546_c0,,0.0,1000.0,CO2,0,c0
cpd00011_c0,rxn05413,CO2,cpd11492_c0 + cpd11549_c0 --> cpd00011_c0 + cpd11493_c0 + cpd11550_c0,,0.0,1000.0,CO2,0,c0
cpd00011_c0,rxn05064,CO2,2.0 cpd00067_c0 + cpd01101_c0 --> cpd00011_c0 + cpd00013_c0,,0.0,1000.0,CO2,0,c0
cpd00011_c0,rxn00114,CO2,cpd00002_c0 + cpd00011_c0 + cpd00013_c0 <=> cpd00008_c0 + 2.0 cpd00067_c0 + cpd00146_c0,,-1000.0,1000.0,CO2,0,c0
cpd00011_c0,Cis11_oct_syn,CO2,cis9_hexadecenoyl_acp_c0 + cpd00004_c0 + cpd00005_c0 + 3.0 cpd00067_c0 + cpd11492_c0 --> cis11_octadecenoyl_acp_c0 + cpd00001_c0 + cpd00003_c0 + cpd00006_c0 + cpd00011_c0 + cpd11493_c0,,0.0,1000.0,CO2,0,c0
cpd00011_c0,rxn02666,CO2,cpd00067_c0 + cpd02211_c0 --> cpd00011_c0 + cpd01298_c0,,0.0,1000.0,CO2,0,c0
cpd00011_c0,rxn02483,CO2,cpd00067_c0 + cpd00938_c0 --> cpd00011_c0 + cpd02255_c0,,0.0,1000.0,CO2,0,c0
cpd00011_c0,rxn04385,CO2,cpd00067_c0 + cpd08928_c0 --> cpd00011_c0 + cpd02547_c0,,0.0,1000.0,CO2,0,c0
cpd00011_c0,rxn00371,CO2,cpd00003_c0 + cpd00047_c0 --> cpd00004_c0 + cpd00011_c0,,0.0,1000.0,CO2,0,c0
cpd00011_c0,rxn04457,CO2,cpd00067_c0 + cpd09027_c0 --> cpd00011_c0 + cpd01567_c0,,0.0,1000.0,CO2,0,c0
cpd00011_c0,rxn05348,CO2,cpd11474_c0 + cpd11492_c0 --> cpd00011_c0 + cpd11489_c0 + cpd11493_c0,,0.0,1000.0,CO2,0,c0
cpd00011_c0,rxn00101,CO2,cpd00001_c0 + 2.0 cpd00067_c0 + cpd00073_c0 --> cpd00011_c0 + 2.0 cpd00013_c0,,0.0,1000.0,CO2,0,c0
cpd00011_c0,rxn05396,CO2,cpd11492_c0 + cpd11532_c0 --> cpd00011_c0 + cpd11493_c0 + cpd11533_c0,,0.0,1000.0,CO2,0,c0
cpd00011_c0,rxn01269,CO2,cpd00006_c0 + cpd00219_c0 --> cpd00005_c0 + cpd00011_c0 + cpd00868_c0,,0.0,1000.0,CO2,0,c0
cpd00011_c0,rxn12206,CO2,cpd00067_c0 + cpd00308_c0 --> cpd00011_c0 + cpd00029_c0,,0.0,1000.0,CO2,0,c0
cpd00011_c0,rxn03393,CO2,cpd00067_c0 + cpd03443_c0 --> cpd00011_c0 + cpd03444_c0,,0.0,1000.0,CO2,0,c0
cpd00011_c0,rxn05384,CO2,cpd00067_c0 + cpd11492_c0 + cpd11520_c0 --> cpd00011_c0 + cpd11493_c0 + cpd11521_c0,,0.0,1000.0,CO2,0,c0
cpd00011_c0,rxn09200,CO2,2.0 cpd00067_c0 + cpd15555_c0 <=> cpd00011_c0 + cpd15531_c0,,-1000.0,1000.0,CO2,0,c0
cpd00011_c0,rxn04456,CO2,cpd00067_c0 + cpd09027_c0 --> cpd00011_c0 + cpd01092_c0,,0.0,1000.0,CO2,0,c0
cpd00011_c0,rxn03909,CO2,cpd00020_c0 + cpd00067_c0 + cpd00102_c0 --> cpd00011_c0 + cpd08289_c0,,0.0,1000.0,CO2,0,c0
cpd00011_c0,rxn02792,CO2,cpd00023_c0 + cpd00067_c0 + cpd01651_c0 --> cpd00001_c0 + cpd00011_c0 + cpd03646_c0,,0.0,1000.0,CO2,0,c0
cpd00011_c0,rxn06377,CO2,cpd00033_c0 + cpd00067_c0 + cpd12005_c0 --> cpd00011_c0 + cpd11830_c0,,0.0,1000.0,CO2,0,c0
cpd00011_c0,rxn05388,CO2,cpd11492_c0 + cpd11524_c0 --> cpd00011_c0 + cpd11493_c0 + cpd11525_c0,,0.0,1000.0,CO2,0,c0
cpd00011_c0,rxn05371,CO2,cpd11492_c0 + cpd11507_c0 --> cpd00011_c0 + cpd11493_c0 + cpd11508_c0,,0.0,1000.0,CO2,0,c0
cpd00011_c0,rxn05404,CO2,cpd00067_c0 + cpd11492_c0 + cpd11540_c0 --> cpd00011_c0 + cpd11493_c0 + cpd11541_c0,,0.0,1000.0,CO2,0,c0
cpd00011_c0,ADD_TPP3,CO2,IscS_with_bound_sulfur_c0 + cpd00002_c0 + cpd00005_c0 + cpd08289_c0 + cpd14545_c0 --> IscS_sulfur_acceptor_protein_c0 + 2.0 cpd00001_c0 + cpd00006_c0 + cpd00011_c0 + cpd00012_c0 + cpd00018_c0 + cpd00067_c0 + cpd02654_c0,,0.0,1000.0,CO2,0,c0
cpd00011_c0,rxn00313,CO2,cpd00067_c0 + cpd00516_c0 <=> cpd00011_c0 + cpd00039_c0,,-1000.0,1000.0,CO2,0,c0
cpd00011_c0,rxn02402,CO2,cpd00067_c0 + cpd00103_c0 + cpd02333_c0 --> cpd00011_c0 + cpd00012_c0 + cpd00873_c0,,0.0,1000.0,CO2,0,c0
cpd00011_c0,rxn01634,CO2,cpd00067_c0 + cpd00515_c0 <=> cpd00001_c0 + cpd00011_c0 + cpd00340_c0,,-1000.0,1000.0,CO2,0,c0
cpd00011_c0,rxn00584,CO2,cpd00003_c0 + cpd03762_c0 --> cpd00004_c0 + cpd00011_c0 + cpd00077_c0,,0.0,1000.0,CO2,0,c0
cpd00011_c0,rxn05425,CO2,cpd11492_c0 + cpd11561_c0 --> cpd00011_c0 + cpd11493_c0 + cpd11562_c0,,0.0,1000.0,CO2,0,c0
cpd00011_c0,rxn05347,CO2,cpd11492_c0 + cpd11494_c0 --> cpd00011_c0 + cpd11488_c0 + cpd11493_c0,,0.0,1000.0,CO2,0,c0
cpd00011_c0,rxn09201,CO2,2.0 cpd00067_c0 + cpd15556_c0 <=> cpd00011_c0 + cpd15532_c0,,-1000.0,1000.0,CO2,0,c0
cpd00011_c0,rxn09197,CO2,2.0 cpd00067_c0 + cpd15552_c0 <=> cpd00011_c0 + cpd15528_c0,,-1000.0,1000.0,CO2,0,c0
cpd00011_c0,rxn10879,CO2,cpd16093_c0 --> 50.0 cpd00011_c0 + cpd16083_c0,,0.0,1000.0,CO2,0,c0
cpd00011_c0,rxn10236,CO2,2.0 cpd00067_c0 + cpd15693_c0 <=> cpd00011_c0 + cpd15699_c0,,-1000.0,1000.0,CO2,0,c0
cpd00011_c0,rxn05429,CO2,cpd00067_c0 + cpd11492_c0 + cpd11565_c0 --> cpd00011_c0 + cpd11493_c0 + cpd11566_c0,,0.0,1000.0,CO2,0,c0
cpd00011_c0,rxn10234,CO2,2.0 cpd00067_c0 + cpd15691_c0 <=> cpd00011_c0 + cpd15697_c0,,-1000.0,1000.0,CO2,0,c0
cpd00011_c0,rxn00999,CO2,cpd00007_c0 + cpd00143_c0 --> cpd00011_c0 + cpd03480_c0,,0.0,1000.0,CO2,0,c0
cpd00011_c0,rxn05346,CO2,cpd11464_c0 + cpd11492_c0 --> cpd00011_c0 + cpd11486_c0 + cpd11493_c0,,0.0,1000.0,CO2,0,c0
cpd00011_c0,rxn05343,CO2,cpd11470_c0 + cpd11492_c0 --> cpd00011_c0 + cpd11487_c0 + cpd11493_c0,,0.0,1000.0,CO2,0,c0
cpd00011_c0,rxn05375,CO2,cpd11492_c0 + cpd11511_c0 --> cpd00011_c0 + cpd11493_c0 + cpd11512_c0,,0.0,1000.0,CO2,0,c0
cpd00011_c0,rxn00010,CO2,2.0 cpd00040_c0 + cpd00067_c0 --> cpd00011_c0 + cpd00843_c0,,0.0,1000.0,CO2,0,c0
cpd00011_c0,rxn00162,CO2,cpd00032_c0 + cpd00067_c0 --> cpd00011_c0 + cpd00020_c0,,0.0,1000.0,CO2,0,c0
cpd00011_c0,rxn05421,CO2,cpd11492_c0 + cpd11557_c0 --> cpd00011_c0 + cpd11493_c0 + cpd11558_c0,,0.0,1000.0,CO2,0,c0
cpd00011_c0,rxn09203,CO2,2.0 cpd00067_c0 + cpd15558_c0 <=> cpd00011_c0 + cpd15534_c0,,-1000.0,1000.0,CO2,0,c0
cpd00011_c0,rxn01268,CO2,cpd00003_c0 + cpd00219_c0 --> cpd00004_c0 + cpd00011_c0 + cpd00868_c0,,0.0,1000.0,CO2,0,c0
cpd00011_c0,rxn01000,CO2,cpd00067_c0 + cpd00219_c0 --> cpd00001_c0 + cpd00011_c0 + cpd00143_c0,,0.0,1000.0,CO2,0,c0
cpd00011_c0,rxn00405,CO2,cpd00051_c0 + cpd00067_c0 --> cpd00011_c0 + cpd00152_c0,,0.0,1000.0,CO2,0,c0
cpd00011_c0,rxn00160,CO2,cpd00003_c0 + cpd00386_c0 --> cpd00004_c0 + cpd00011_c0 + cpd00020_c0,,0.0,1000.0,CO2,0,c0
cpd00011_c0,rxn00470,CO2,cpd00064_c0 + cpd00067_c0 --> cpd00011_c0 + cpd00118_c0,,0.0,1000.0,CO2,0,c0
cpd02720_c0,rxn05039,5-Amino-6--5-phosphoribitylaminouracil,cpd00001_c0 + cpd02720_c0 --> cpd00009_c0 + cpd02882_c0,,0.0,1000.0,C9H15N4O9P,-2,c0
cpd02720_c0,rxn02474,5-Amino-6--5-phosphoribitylaminouracil,cpd00006_c0 + cpd02720_c0 <=> cpd00005_c0 + cpd00067_c0 + cpd00931_c0,,-1000.0,1000.0,C9H15N4O9P,-2,c0
cpd15307_c0,rxn08295,"1,2-Diacyl-sn-glycerol ditetradecanoyl",cpd00002_c0 + cpd15307_c0 <=> cpd00008_c0 + cpd15522_c0,,-1000.0,1000.0,C31H60O5,0,c0
cpd00443_c0,rxn02201,ABEE,cpd00443_c0 + cpd02920_c0 --> cpd00012_c0 + cpd00683_c0,,0.0,1000.0,C7H6NO2,-1,c0
cpd00443_c0,rxn02200,ABEE,cpd00443_c0 + cpd00954_c0 <=> cpd00001_c0 + cpd00683_c0,,-1000.0,1000.0,C7H6NO2,-1,c0
cpd00443_c0,rxn03841,ABEE,cpd08210_c0 --> cpd00020_c0 + cpd00067_c0 + cpd00443_c0,,0.0,1000.0,C7H6NO2,-1,c0
cpd03915_c0,rxn03535,Cob(I)yrinate diamide,cpd00002_c0 + cpd03915_c0 <=> cpd00421_c0 + cpd03916_c0,,-1000.0,1000.0,C45H56CoN6O12,-5,c0
cpd03915_c0,rxn11650,Cob(I)yrinate diamide,cpd01270_c0 + 2.0 cpd03914_c0 <=> cpd00050_c0 + 2.0 cpd00067_c0 + 2.0 cpd03915_c0,,-1000.0,1000.0,C45H56CoN6O12,-5,c0
cpd00249_c0,rxn00708,Uridine,cpd00001_c0 + cpd00091_c0 --> cpd00009_c0 + cpd00249_c0,,0.0,1000.0,C9H12N2O6,0,c0
cpd00073_e0,rxn05667,Urea,cpd00073_e0 <=> cpd00073_c0,,-1000.0,1000.0,CH4N2O,0,e0
cpd00073_e0,EXpd00073,Urea,cpd00073_e0 --> ,,0.0,1000.0,CH4N2O,0,e0
cpd15533_c0,rxn09202,phosphatidylethanolamine dioctadecanoyl,2.0 cpd00067_c0 + cpd15557_c0 <=> cpd00011_c0 + cpd15533_c0,,-1000.0,1000.0,C41H82NO8P,0,c0
cpd11830_c0,rxn06600,S-Aminomethyldihydrolipoylprotein,cpd00087_c0 + cpd11830_c0 --> cpd00013_c0 + cpd00125_c0 + cpd12225_c0,,0.0,1000.0,C9H20N2ORS2,1,c0
cpd11830_c0,rxn06377,S-Aminomethyldihydrolipoylprotein,cpd00033_c0 + cpd00067_c0 + cpd12005_c0 --> cpd00011_c0 + cpd11830_c0,,0.0,1000.0,C9H20N2ORS2,1,c0
cpd01630_c0,rxn00588,"cis,cis-Muconate",cpd00007_c0 + cpd00077_c0 --> 2.0 cpd00067_c0 + cpd01630_c0,,0.0,1000.0,C6H4O4,-2,c0
cpd01630_c0,rxn02782,"cis,cis-Muconate",cpd02536_c0 <=> cpd00067_c0 + cpd01630_c0,,-1000.0,1000.0,C6H4O4,-2,c0
cpd15484_c0,rxn08708,heptosyl-heptosyl-kdo2-lipidA,cpd00002_c0 + cpd15484_c0 <=> cpd00008_c0 + cpd00067_c0 + cpd15549_c0,,-1000.0,1000.0,C124H220N2O51P2,-6,c0
cpd15484_c0,rxn08711,heptosyl-heptosyl-kdo2-lipidA,cpd03831_c0 + cpd15485_c0 <=> cpd00008_c0 + cpd15484_c0,,-1000.0,1000.0,C124H220N2O51P2,-6,c0
cpd11589_e0,EXpd11589,gly-asp-L,cpd11589_e0 --> ,,0.0,1000.0,C6H9N2O5,-1,e0
cpd11589_e0,rxn05537,gly-asp-L,cpd00001_c0 + cpd00002_c0 + cpd11589_e0 --> cpd00008_c0 + cpd00009_c0 + cpd00067_c0 + cpd11589_c0,,0.0,1000.0,C6H9N2O5,-1,e0
cpd00058_c0,rxn05528,Cu2+,cpd00001_c0 + cpd00002_c0 + cpd00058_c0 --> cpd00008_c0 + cpd00009_c0 + cpd00058_e0 + cpd00067_c0,,0.0,1000.0,Cu,2,c0
cpd00058_c0,rxn10481,Cu2+,cpd00001_c0 + cpd00002_c0 + cpd00058_e0 --> cpd00008_c0 + cpd00009_c0 + cpd00058_c0 + cpd00067_c0,,0.0,1000.0,Cu,2,c0
cpd00063_c0,rxn05514,Ca2+,cpd00063_e0 + cpd00067_c0 --> cpd00063_c0 + cpd00067_e0,,0.0,1000.0,Ca,2,c0
cpd03518_c0,rxn03419,Formamidopyrimidine nucleoside triphosphate,cpd00001_c0 + cpd03518_c0 <=> cpd00047_c0 + cpd00067_c0 + cpd03519_c0,,-1000.0,1000.0,C10H14N5O15P3,-4,c0
cpd03518_c0,rxn00302,Formamidopyrimidine nucleoside triphosphate,cpd00001_c0 + cpd00038_c0 --> cpd00067_c0 + cpd03518_c0,,0.0,1000.0,C10H14N5O15P3,-4,c0
cpd03496_c0,rxn03409,"Undecaprenyl-diphospho-N-acetylmuramoyl-(N-acetylglucosamine)-L-alanyl-D-glutaminyl-meso-2,6-diaminopimeloyl-D-alanyl-D-alanine",cpd00002_c0 + cpd00013_c0 + cpd03495_c0 --> cpd00008_c0 + cpd00009_c0 + cpd00067_c0 + cpd03496_c0,,0.0,1000.0,C95H154N9O27P2,-3,c0
cpd02656_c0,rxn03080,6-7-Dimethyl-8--1-D-ribityllumazine,cpd02882_c0 + cpd11225_c0 <=> 2.0 cpd00001_c0 + cpd00009_c0 + cpd00067_c0 + cpd02656_c0,,-1000.0,1000.0,C13H17N4O6,-1,c0
cpd02656_c0,rxn00048,6-7-Dimethyl-8--1-D-ribityllumazine,cpd00067_c0 + 2.0 cpd02656_c0 --> cpd00220_c0 + cpd02882_c0,,0.0,1000.0,C13H17N4O6,-1,c0
cpd00134_c0,rxn10202,Palmitoyl-CoA,cpd00067_c0 + cpd00080_c0 + cpd00134_c0 --> cpd00010_c0 + cpd15327_c0,,0.0,1000.0,C37H62N7O17P3S,-4,c0
cpd00134_c0,rxn05458,Palmitoyl-CoA,cpd00010_c0 + cpd11476_c0 <=> cpd00134_c0 + cpd11493_c0,,-1000.0,1000.0,C37H62N7O17P3S,-4,c0
cpd00134_c0,rxn00947,Palmitoyl-CoA,cpd00002_c0 + cpd00010_c0 + cpd00214_c0 --> cpd00012_c0 + cpd00018_c0 + cpd00067_c0 + cpd00134_c0,,0.0,1000.0,C37H62N7O17P3S,-4,c0
cpd00134_c0,rxn10211,Palmitoyl-CoA,cpd00134_c0 + cpd15327_c0 --> cpd00010_c0 + cpd15524_c0,,0.0,1000.0,C37H62N7O17P3S,-4,c0
cpd00134_c0,rxn05732,Palmitoyl-CoA,cpd00004_c0 + cpd00067_c0 + cpd03126_c0 --> cpd00003_c0 + cpd00134_c0,,0.0,1000.0,C37H62N7O17P3S,-4,c0
cpd01293_c0,ADD_5oxpro3,5-Oxoproline,2.0 cpd00001_c0 + cpd00002_c0 + cpd01293_c0 --> cpd00008_c0 + cpd00009_c0 + cpd00023_c0 + cpd00067_c0,,0.0,1000.0,C5H6NO3,-1,c0
cpd01293_c0,ADD_5oxpro2,5-Oxoproline,cpd01293_e0 --> cpd01293_c0,,0.0,1000.0,C5H6NO3,-1,c0
cpd11559_c0,rxn05422,10-methyl-3-hydroxy-undecanoyl-ACP,cpd00005_c0 + cpd00067_c0 + cpd11558_c0 <=> cpd00006_c0 + cpd11559_c0,,-1000.0,1000.0,C23H43N2O9PRS,-1,c0
cpd03706_c0,rxn00714,UppppU,cpd00001_c0 + cpd03706_c0 --> cpd00062_c0 + cpd00067_c0 + cpd00091_c0,,0.0,1000.0,C18H22N4O23P4,-4,c0
cpd08928_c0,rxn04385,L-Threonine phosphate,cpd00067_c0 + cpd08928_c0 --> cpd00011_c0 + cpd02547_c0,,0.0,1000.0,C4H8NO6P,-2,c0
cpd15683_c0,rxn10259,"CDP-1,2-diisoheptadecanoylglycerol",cpd00080_c0 + cpd15683_c0 <=> cpd00046_c0 + cpd15716_c0,,-1000.0,1000.0,C46H83N3O15P2,-2,c0
cpd15683_c0,rxn10220,"CDP-1,2-diisoheptadecanoylglycerol",cpd00052_c0 + cpd15677_c0 <=> cpd00012_c0 + cpd00067_c0 + cpd15683_c0,,-1000.0,1000.0,C46H83N3O15P2,-2,c0
cpd15683_c0,rxn10226,"CDP-1,2-diisoheptadecanoylglycerol",cpd00054_c0 + cpd15683_c0 --> cpd00046_c0 + 2.0 cpd00067_c0 + cpd15689_c0,,0.0,1000.0,C46H83N3O15P2,-2,c0
cpd15690_c0,rxn10227,Dianteisoheptadecanoylphosphatidylserine,cpd00054_c0 + cpd15684_c0 --> cpd00046_c0 + 2.0 cpd00067_c0 + cpd15690_c0,,0.0,1000.0,C40H76NO10P,-2,c0
cpd15690_c0,rxn10233,Dianteisoheptadecanoylphosphatidylserine,2.0 cpd00067_c0 + cpd15690_c0 <=> cpd00011_c0 + cpd15696_c0,,-1000.0,1000.0,C40H76NO10P,-2,c0
cpd15327_c0,rxn08549,1-hexadecanoyl-sn-glycerol 3-phosphate,cpd00080_c0 + cpd15277_c0 --> cpd11493_c0 + cpd15327_c0,,0.0,1000.0,C19H38O7P,-1,c0
cpd15327_c0,rxn10202,1-hexadecanoyl-sn-glycerol 3-phosphate,cpd00067_c0 + cpd00080_c0 + cpd00134_c0 --> cpd00010_c0 + cpd15327_c0,,0.0,1000.0,C19H38O7P,-1,c0
cpd15327_c0,rxn08799,1-hexadecanoyl-sn-glycerol 3-phosphate,cpd00001_c0 + cpd15327_c0 <=> 2.0 cpd00067_c0 + cpd00080_c0 + cpd00214_c0,,-1000.0,1000.0,C19H38O7P,-1,c0
cpd15327_c0,rxn08086,1-hexadecanoyl-sn-glycerol 3-phosphate,cpd15277_c0 + cpd15327_c0 --> cpd11493_c0 + cpd15524_c0,,0.0,1000.0,C19H38O7P,-1,c0
cpd15327_c0,rxn10211,1-hexadecanoyl-sn-glycerol 3-phosphate,cpd00134_c0 + cpd15327_c0 --> cpd00010_c0 + cpd15524_c0,,0.0,1000.0,C19H38O7P,-1,c0
cpd11566_c0,rxn05429,14-methyl-3-oxo-pentadecanoyl-ACP,cpd00067_c0 + cpd11492_c0 + cpd11565_c0 --> cpd00011_c0 + cpd11493_c0 + cpd11566_c0,,0.0,1000.0,C27H49N2O9PRS,-1,c0
cpd11566_c0,rxn05430,14-methyl-3-oxo-pentadecanoyl-ACP,cpd00005_c0 + cpd00067_c0 + cpd11566_c0 <=> cpd00006_c0 + cpd11567_c0,,-1000.0,1000.0,C27H49N2O9PRS,-1,c0
cpd15721_c0,rxn10264,Diisohexadecanoylphosphatidylglycerophosphate,cpd00080_c0 + cpd15688_c0 <=> cpd00046_c0 + cpd15721_c0,,-1000.0,1000.0,C38H74O13P2,-2,c0
cpd15721_c0,rxn10270,Diisohexadecanoylphosphatidylglycerophosphate,cpd00001_c0 + cpd15721_c0 --> cpd00009_c0 + cpd00067_c0 + cpd15727_c0,,0.0,1000.0,C38H74O13P2,-2,c0
cpd00477_c0,rxn01636,N-Acetyl-L-glutamate,cpd00023_c0 + cpd00342_c0 <=> cpd00064_c0 + cpd00477_c0,,-1000.0,1000.0,C7H9NO5,-2,c0
cpd00477_c0,rxn00192,N-Acetyl-L-glutamate,cpd00022_c0 + cpd00023_c0 --> cpd00010_c0 + cpd00067_c0 + cpd00477_c0,,0.0,1000.0,C7H9NO5,-2,c0
cpd00477_c0,rxn01917,N-Acetyl-L-glutamate,cpd00002_c0 + cpd00477_c0 <=> cpd00008_c0 + cpd02552_c0,,-1000.0,1000.0,C7H9NO5,-2,c0
cpd01270_c0,rxn14250,FMNH2,cpd00007_c0 + cpd00067_c0 + cpd01270_c0 + cpd18071_c0 --> cpd00001_c0 + cpd00050_c0 + cpd00071_c0 + cpd00075_c0,,0.0,1000.0,C17H21N4O9P,-2,c0
cpd01270_c0,rxn11650,FMNH2,cpd01270_c0 + 2.0 cpd03914_c0 <=> cpd00050_c0 + 2.0 cpd00067_c0 + 2.0 cpd03915_c0,,-1000.0,1000.0,C17H21N4O9P,-2,c0
cpd00644_c0,rxn12510,PAN,cpd00002_c0 + cpd00644_c0 --> cpd00008_c0 + cpd00067_c0 + cpd02201_c0,,0.0,1000.0,C9H16NO5,-1,c0
cpd00644_c0,rxn01791,PAN,cpd00002_c0 + cpd00085_c0 + cpd00408_c0 --> cpd00012_c0 + cpd00018_c0 + 2.0 cpd00067_c0 + cpd00644_c0,,0.0,1000.0,C9H16NO5,-1,c0
cpd00863_c0,rxn02380,beta-D-Glucose 6-phosphate,cpd00863_c0 <=> cpd00072_c0,,-1000.0,1000.0,C6H11O9P,-2,c0
cpd00863_c0,rxn01975,beta-D-Glucose 6-phosphate,cpd00006_c0 + cpd00863_c0 <=> cpd00005_c0 + cpd00067_c0 + cpd00911_c0,,-1000.0,1000.0,C6H11O9P,-2,c0
cpd00863_c0,rxn01977,beta-D-Glucose 6-phosphate,cpd00079_c0 <=> cpd00863_c0,,-1000.0,1000.0,C6H11O9P,-2,c0
cpd00863_c0,rxn01169,beta-D-Glucose 6-phosphate,cpd00002_c0 + cpd00190_c0 --> cpd00008_c0 + cpd00067_c0 + cpd00863_c0,,0.0,1000.0,C6H11O9P,-2,c0
cpd15358_c0,rxn08822,2-octadecanoyl-sn-glycerol 3-phosphate,cpd00001_c0 + cpd15358_c0 <=> 2.0 cpd00067_c0 + cpd00080_c0 + cpd01080_c0,,-1000.0,1000.0,C21H42O7P,-1,c0
cpd00166_c0,rxn08194,Calomide,cpd00002_c0 + cpd00635_c0 <=> cpd00166_c0 + cpd00421_c0,,-1000.0,1000.0,C72H100CoN18O17P,0,c0
cpd00166_c0,rxn03538,Calomide,cpd03423_c0 + cpd03920_c0 --> cpd00067_c0 + cpd00126_c0 + cpd00166_c0,,0.0,1000.0,C72H100CoN18O17P,0,c0
cpd00051_e0,rxn10131,L-Arginine,cpd00051_e0 + cpd00064_c0 <=> cpd00051_c0 + cpd00064_e0,,-1000.0,1000.0,C6H15N4O2,1,e0
cpd00051_e0,rxn05154,L-Arginine,cpd00001_c0 + cpd00002_c0 + cpd00051_e0 --> cpd00008_c0 + cpd00009_c0 + cpd00051_c0 + cpd00067_c0,,0.0,1000.0,C6H15N4O2,1,e0
cpd00051_e0,EXpd00051,L-Arginine,cpd00051_e0 --> ,,0.0,1000.0,C6H15N4O2,1,e0
cpd11526_c0,rxn05390,7-methyl-3-hydroxy-octanoyl-ACP,cpd11526_c0 --> cpd00001_c0 + cpd11527_c0,,0.0,1000.0,C20H37N2O9PRS,-1,c0
cpd11526_c0,rxn05389,7-methyl-3-hydroxy-octanoyl-ACP,cpd00005_c0 + cpd00067_c0 + cpd11525_c0 <=> cpd00006_c0 + cpd11526_c0,,-1000.0,1000.0,C20H37N2O9PRS,-1,c0
cpd15793_c0,rxn10336,Stearoylcardiolipin (B. subtilis),2.0 cpd15540_c0 <=> cpd00100_c0 + cpd15793_c0,,-1000.0,1000.0,C81H156O17P2,-2,c0
cpd00481_c0,rxn01923,Isobutyryl-CoA,cpd00007_c0 + 2.0 cpd00481_c0 --> 2.0 cpd00001_c0 + 2.0 cpd02187_c0,,0.0,1000.0,C25H38N7O17P3S,-4,c0
cpd00481_c0,rxn01924,Isobutyryl-CoA,cpd00982_c0 + cpd02187_c0 --> cpd00015_c0 + cpd00481_c0,,0.0,1000.0,C25H38N7O17P3S,-4,c0
cpd00481_c0,rxn05408,Isobutyryl-CoA,cpd00481_c0 + cpd11493_c0 <=> cpd00010_c0 + cpd11545_c0,,-1000.0,1000.0,C25H38N7O17P3S,-4,c0
cpd11430_c0,rxn05247,fa1,cpd00002_c0 + cpd00010_c0 + cpd11430_c0 --> cpd00012_c0 + cpd00018_c0 + cpd11435_c0,,0.0,1000.0,C14H27O2,-1,c0
cpd00095_c0,rxn08557,Glycerone-phosphate,cpd00080_c0 + cpd15500_c0 --> cpd00095_c0 + cpd15499_c0,,0.0,1000.0,C3H5O6P,-2,c0
cpd00095_c0,rxn01870,Glycerone-phosphate,cpd00802_c0 <=> cpd00095_c0 + cpd00448_c0,,-1000.0,1000.0,C3H5O6P,-2,c0
cpd00095_c0,rxn00612,Glycerone-phosphate,cpd00006_c0 + cpd00080_c0 <=> cpd00005_c0 + cpd00067_c0 + cpd00095_c0,,-1000.0,1000.0,C3H5O6P,-2,c0
cpd00095_c0,rxn08556,Glycerone-phosphate,cpd00080_c0 + cpd15560_c0 --> cpd00095_c0 + cpd15561_c0,,0.0,1000.0,C3H5O6P,-2,c0
cpd00095_c0,rxn08558,Glycerone-phosphate,cpd00080_c0 + cpd15352_c0 --> cpd00095_c0 + cpd15353_c0,,0.0,1000.0,C3H5O6P,-2,c0
cpd00095_c0,rxn01620,Glycerone-phosphate,cpd00806_c0 --> cpd00095_c0 + cpd00334_c0,,0.0,1000.0,C3H5O6P,-2,c0
cpd00095_c0,rxn00611,Glycerone-phosphate,cpd00003_c0 + cpd00080_c0 <=> cpd00004_c0 + cpd00067_c0 + cpd00095_c0,,-1000.0,1000.0,C3H5O6P,-2,c0
cpd00095_c0,rxn00747,Glycerone-phosphate,cpd00102_c0 <=> cpd00095_c0,,-1000.0,1000.0,C3H5O6P,-2,c0
cpd00095_c0,rxn00616,Glycerone-phosphate,cpd00015_c0 + cpd00080_c0 <=> cpd00095_c0 + cpd00982_c0,,-1000.0,1000.0,C3H5O6P,-2,c0
cpd00095_c0,rxn01176,Glycerone-phosphate,cpd02721_c0 --> cpd00095_c0 + cpd00191_c0,,0.0,1000.0,C3H5O6P,-2,c0
cpd00095_c0,rxn00786,Glycerone-phosphate,cpd00290_c0 <=> cpd00095_c0 + cpd00102_c0,,-1000.0,1000.0,C3H5O6P,-2,c0
cpd00095_c0,rxn01334,Glycerone-phosphate,cpd00349_c0 <=> cpd00095_c0 + cpd00236_c0,,-1000.0,1000.0,C3H5O6P,-2,c0
cpd00095_c0,rxn02988,Glycerone-phosphate,cpd00095_c0 + cpd03470_c0 --> 2.0 cpd00001_c0 + cpd00009_c0 + cpd00067_c0 + cpd02333_c0,,0.0,1000.0,C3H5O6P,-2,c0
cpd08615_c0,rxn08352,1-Hydroxy-2-methyl-2-butenyl 4-diphosphate,cpd00004_c0 + cpd00067_c0 + cpd08615_c0 --> cpd00001_c0 + cpd00003_c0 + cpd00202_c0,,0.0,1000.0,C5H10O8P2,-2,c0
cpd08615_c0,rxn05293,1-Hydroxy-2-methyl-2-butenyl 4-diphosphate,cpd00004_c0 + cpd00067_c0 + cpd08301_c0 --> cpd00001_c0 + cpd00003_c0 + cpd08615_c0,,0.0,1000.0,C5H10O8P2,-2,c0
cpd08615_c0,rxn04113,1-Hydroxy-2-methyl-2-butenyl 4-diphosphate,cpd00005_c0 + cpd00067_c0 + cpd08615_c0 --> cpd00001_c0 + cpd00006_c0 + cpd00113_c0,,0.0,1000.0,C5H10O8P2,-2,c0
cpd08615_c0,rxn08756,1-Hydroxy-2-methyl-2-butenyl 4-diphosphate,cpd00004_c0 + cpd00067_c0 + cpd08615_c0 --> cpd00001_c0 + cpd00003_c0 + cpd00113_c0,,0.0,1000.0,C5H10O8P2,-2,c0
cpd08615_c0,rxn04996,1-Hydroxy-2-methyl-2-butenyl 4-diphosphate,cpd00005_c0 + cpd00067_c0 + cpd08615_c0 --> cpd00001_c0 + cpd00006_c0 + cpd00202_c0,,0.0,1000.0,C5H10O8P2,-2,c0
cpd03487_c0,rxn03406,Undecaprenyl-diphospho-N-acetylmuramoyl-(N-acetylglucosamine)-L-alanyl-D-glutamyl-L-lysyl-D-alanyl-D-alanine,cpd00002_c0 + cpd00013_c0 + cpd03487_c0 --> cpd00008_c0 + cpd00009_c0 + cpd00067_c0 + cpd03488_c0,,0.0,1000.0,C94H153N8O26P2,-3,c0
cpd02730_c0,rxn02404,3-Deoxy-D-manno-octulosonate8-phosphate,cpd00001_c0 + cpd02730_c0 --> cpd00009_c0 + cpd00875_c0,,0.0,1000.0,C8H12O11P,-3,c0
cpd02730_c0,rxn02331,3-Deoxy-D-manno-octulosonate8-phosphate,cpd00001_c0 + cpd00061_c0 + cpd00817_c0 --> cpd00009_c0 + cpd02730_c0,,0.0,1000.0,C8H12O11P,-3,c0
cpd02113_c0,rxn09225,dTDP-rhamnose,4.0 cpd00067_c0 + cpd02113_c0 + cpd15492_c0 --> cpd00297_c0 + cpd15489_c0,,0.0,1000.0,C16H24N2O15P2,-2,c0
cpd02113_c0,rxn02003,dTDP-rhamnose,cpd00006_c0 + cpd02113_c0 <=> cpd00005_c0 + cpd00067_c0 + cpd00522_c0,,-1000.0,1000.0,C16H24N2O15P2,-2,c0
cpd00523_c0,rxn02004,Trehalose 6-phosphate,cpd00001_c0 + cpd00523_c0 --> cpd00009_c0 + cpd00794_c0,,0.0,1000.0,C12H21O14P,-2,c0
cpd00523_c0,rxn00605,Trehalose 6-phosphate,cpd00026_c0 + cpd00079_c0 <=> cpd00014_c0 + cpd00523_c0,,-1000.0,1000.0,C12H21O14P,-2,c0
cpd00523_c0,rxn02005,Trehalose 6-phosphate,cpd00061_c0 + cpd00794_e0 <-- cpd00020_c0 + cpd00523_c0,,-1000.0,0.0,C12H21O14P,-2,c0
cpd11421_c0,rxn05231,trdrd,cpd00008_c0 + cpd11421_c0 --> cpd00001_c0 + cpd00177_c0 + cpd11420_c0,,0.0,1000.0,C10H15N4O4R4S2,1,c0
cpd11421_c0,rxn05236,trdrd,cpd00062_c0 + cpd11421_c0 --> cpd00001_c0 + cpd00358_c0 + cpd11420_c0,,0.0,1000.0,C10H15N4O4R4S2,1,c0
cpd11421_c0,rxn05289,trdrd,cpd00005_c0 + cpd00067_c0 + cpd11420_c0 <=> cpd00006_c0 + cpd11421_c0,,-1000.0,1000.0,C10H15N4O4R4S2,1,c0
cpd11421_c0,rxn09296,trdrd,cpd00025_c0 + cpd11421_c0 --> 2.0 cpd00001_c0 + cpd11420_c0,,0.0,1000.0,C10H15N4O4R4S2,1,c0
cpd11421_c0,rxn05233,trdrd,cpd00031_c0 + cpd11421_c0 --> cpd00001_c0 + cpd00295_c0 + cpd11420_c0,,0.0,1000.0,C10H15N4O4R4S2,1,c0
cpd11421_c0,rxn06075,trdrd,cpd00014_c0 + cpd11421_c0 --> cpd00001_c0 + cpd00978_c0 + cpd11420_c0,,0.0,1000.0,C10H15N4O4R4S2,1,c0
cpd11421_c0,rxn05733,trdrd,cpd00268_c0 + cpd00722_c0 + cpd11421_c0 --> cpd00029_c0 + cpd00067_c0 + cpd00081_c0 + cpd00084_c0 + cpd11420_c0,,0.0,1000.0,C10H15N4O4R4S2,1,c0
cpd11421_c0,rxn07438,trdrd,cpd00001_c0 + cpd11420_c0 + cpd12237_c0 <=> cpd11421_c0 + cpd14507_c0,,-1000.0,1000.0,C10H15N4O4R4S2,1,c0
cpd11421_c0,rxn06077,trdrd,cpd00001_c0 + cpd00060_c0 + cpd11420_c0 <=> cpd01914_c0 + cpd11421_c0,,-1000.0,1000.0,C10H15N4O4R4S2,1,c0
cpd11421_c0,rxn05232,trdrd,cpd00002_c0 + cpd11421_c0 --> cpd00001_c0 + cpd00115_c0 + cpd11420_c0,,0.0,1000.0,C10H15N4O4R4S2,1,c0
cpd11421_c0,rxn05234,trdrd,cpd00038_c0 + cpd11421_c0 --> cpd00001_c0 + cpd00241_c0 + cpd11420_c0,,0.0,1000.0,C10H15N4O4R4S2,1,c0
cpd11421_c0,rxn06076,trdrd,cpd00096_c0 + cpd11421_c0 --> cpd00001_c0 + cpd00533_c0 + cpd11420_c0,,0.0,1000.0,C10H15N4O4R4S2,1,c0
cpd11421_c0,rxn06078,trdrd,cpd00268_c0 + cpd00790_c0 + cpd11421_c0 --> cpd00029_c0 + cpd00067_c0 + cpd00081_c0 + cpd00135_c0 + cpd11420_c0,,0.0,1000.0,C10H15N4O4R4S2,1,c0
cpd11421_c0,rxn05235,trdrd,cpd00052_c0 + cpd11421_c0 --> cpd00001_c0 + cpd00356_c0 + cpd11420_c0,,0.0,1000.0,C10H15N4O4R4S2,1,c0
cpd11421_c0,rxn05239,trdrd,cpd00044_c0 + cpd11421_c0 --> cpd00045_c0 + cpd00067_c0 + cpd00081_c0 + cpd11420_c0,,0.0,1000.0,C10H15N4O4R4S2,1,c0
cpd03585_c0,rxn03182,KDO-lipid IV(A),cpd02546_c0 + cpd02993_c0 --> cpd00046_c0 + cpd00067_c0 + cpd03585_c0,,0.0,1000.0,C76H137N2O30P2,-5,c0
cpd03585_c0,rxn03439,KDO-lipid IV(A),cpd02546_c0 + cpd03585_c0 --> cpd00046_c0 + cpd00067_c0 + cpd03586_c0,,0.0,1000.0,C76H137N2O30P2,-5,c0
cpd00242_c0,rxn02889,H2CO3,cpd00002_c0 + cpd00242_c0 + cpd01966_c0 <=> cpd00008_c0 + cpd00009_c0 + cpd00067_c0 + cpd02068_c0,,-1000.0,1000.0,CHO3,-1,c0
cpd00242_c0,rxn05229,H2CO3,cpd00002_c0 + cpd00242_c0 + cpd02140_c0 --> cpd00008_c0 + cpd00009_c0 + cpd00067_c0 + cpd02893_c0,,0.0,1000.0,CHO3,-1,c0
cpd00242_c0,rxn00533,H2CO3,cpd00002_c0 + cpd00022_c0 + cpd00242_c0 <=> cpd00008_c0 + cpd00009_c0 + cpd00067_c0 + cpd00070_c0,,-1000.0,1000.0,CHO3,-1,c0
cpd00242_c0,rxn00250,H2CO3,cpd00002_c0 + cpd00020_c0 + cpd00242_c0 --> cpd00008_c0 + cpd00009_c0 + cpd00032_c0 + cpd00067_c0,,0.0,1000.0,CHO3,-1,c0
cpd00242_c0,rxn00414,H2CO3,cpd00001_c0 + 2.0 cpd00002_c0 + cpd00053_c0 + cpd00242_c0 --> 2.0 cpd00008_c0 + cpd00009_c0 + cpd00023_c0 + 2.0 cpd00067_c0 + cpd00146_c0,,0.0,1000.0,CHO3,-1,c0
cpd00242_c0,rxn06672,H2CO3,cpd00002_c0 + cpd00242_c0 + cpd12848_c0 <=> cpd00008_c0 + cpd00009_c0 + cpd00067_c0 + cpd12543_c0,,-1000.0,1000.0,CHO3,-1,c0
cpd00242_c0,rxn00560,H2CO3,cpd00002_c0 + cpd00073_c0 + cpd00242_c0 --> cpd00008_c0 + cpd00009_c0 + cpd00067_c0 + cpd00742_c0,,0.0,1000.0,CHO3,-1,c0
cpd00242_c0,rxn00102,H2CO3,cpd00067_c0 + cpd00242_c0 <=> cpd00001_c0 + cpd00011_c0,,-1000.0,1000.0,CHO3,-1,c0
cpd03189_c0,rxn02376,3-Carboxy-1-hydroxypropyl-ThPP,cpd00213_c0 + cpd03189_c0 <=> cpd00056_c0 + cpd00860_c0,,-1000.0,1000.0,C16H22N4O10P2S,-2,c0
cpd03189_c0,rxn00441,3-Carboxy-1-hydroxypropyl-ThPP,cpd00024_c0 + cpd00056_c0 + cpd00067_c0 --> cpd00011_c0 + cpd03189_c0,,0.0,1000.0,C16H22N4O10P2S,-2,c0
cpd01155_c0,rxn00322,Cadaverine,cpd00039_c0 + cpd00067_c0 --> cpd00011_c0 + cpd01155_c0,,0.0,1000.0,C5H16N2,2,c0
cpd11535_c0,rxn05442,11-methyl-trans-dodec-2-enoyl-ACP,cpd00004_c0 + cpd00067_c0 + cpd11535_c0 --> cpd00003_c0 + cpd11536_c0,,0.0,1000.0,C24H43N2O8PRS,-1,c0
cpd11535_c0,rxn05398,11-methyl-trans-dodec-2-enoyl-ACP,cpd11534_c0 --> cpd00001_c0 + cpd11535_c0,,0.0,1000.0,C24H43N2O8PRS,-1,c0
cpd00742_c0,rxn00560,Allophanate,cpd00002_c0 + cpd00073_c0 + cpd00242_c0 --> cpd00008_c0 + cpd00009_c0 + cpd00067_c0 + cpd00742_c0,,0.0,1000.0,C2H3N2O3,-1,c0
cpd00742_c0,rxn00002,Allophanate,cpd00001_c0 + 3.0 cpd00067_c0 + cpd00742_c0 --> 2.0 cpd00011_c0 + 2.0 cpd00013_c0,,0.0,1000.0,C2H3N2O3,-1,c0
cpd03584_c0,rxn06723,UDP-3-O-(beta-hydroxymyristoyl)-D-glucosamine,cpd03584_c0 + cpd11484_c0 --> cpd02835_c0 + cpd11493_c0,,0.0,1000.0,C29H50N3O18P2,-1,c0
cpd03584_c0,rxn03146,UDP-3-O-(beta-hydroxymyristoyl)-D-glucosamine,cpd00001_c0 + cpd02886_c0 <=> cpd00029_c0 + cpd03584_c0,,-1000.0,1000.0,C29H50N3O18P2,-1,c0
cpd00110_c0,rxn22447,Cytochrome c2+,cpd00001_c0 + 2.0 cpd00109_c0 + cpd00528_c0 <=> 2.0 cpd00067_c0 + 2.0 cpd00110_c0 + cpd00659_c0,,-1000.0,1000.0,C42H42FeN8O8R4S2,-2,c0
cpd00110_c0,rxn06106,Cytochrome c2+,2.0 cpd00109_c0 + cpd15561_c0 --> 2.0 cpd00067_e0 + 2.0 cpd00110_c0 + cpd15560_c0,,0.0,1000.0,C42H42FeN8O8R4S2,-2,c0
cpd00110_c0,rxn00058,Cytochrome c2+,cpd00007_c0 + 4.0 cpd00067_c0 + 4.0 cpd00110_c0 --> 2.0 cpd00001_c0 + 4.0 cpd00109_c0,,0.0,1000.0,C42H42FeN8O8R4S2,-2,c0
cpd00110_c0,R00029,Cytochrome c2+,2.0 cpd00109_c0 + 2.0 cpd00268_c0 --> 2.0 cpd00067_c0 + 2.0 cpd00110_c0 + cpd01414_c0,,0.0,1000.0,C42H42FeN8O8R4S2,-2,c0
cpd00110_c0,rxn00146,Cytochrome c2+,2.0 cpd00109_c0 + cpd00221_c0 --> cpd00020_c0 + 2.0 cpd00067_c0 + 2.0 cpd00110_c0,,0.0,1000.0,C42H42FeN8O8R4S2,-2,c0
cpd00110_c0,rxn00567,Cytochrome c2+,cpd00001_c0 + cpd00109_c0 + cpd00418_c0 <=> cpd00067_c0 + cpd00075_c0 + cpd00110_c0,,-1000.0,1000.0,C42H42FeN8O8R4S2,-2,c0
cpd00110_c0,rxn10043,Cytochrome c2+,0.5 cpd00007_c0 + 4.0 cpd00067_c0 + 2.0 cpd00110_c0 --> cpd00001_c0 + 2.0 cpd00067_e0 + 2.0 cpd00109_c0,,0.0,1000.0,C42H42FeN8O8R4S2,-2,c0
cpd03913_c0,rxn11544,Hydrogenobyrinate diamide,cpd00001_c0 + 2.0 cpd00002_c0 + 2.0 cpd00053_c0 + cpd03832_c0 <=> 2.0 cpd00008_c0 + cpd00012_c0 + 2.0 cpd00023_c0 + cpd00067_c0 + cpd03913_c0,,-1000.0,1000.0,C45H60N6O12,-2,c0
cpd00352_c0,rxn01664,delta1-Piperideine-6-L-carboxylate,cpd02522_c0 --> cpd00001_c0 + cpd00067_c0 + cpd00352_c0,,0.0,1000.0,C6H8NO2,-1,c0
cpd00637_c0,rxn05183,D-Methionine,cpd00001_c0 + cpd00002_c0 + cpd00637_e0 --> cpd00008_c0 + cpd00009_c0 + cpd00067_c0 + cpd00637_c0,,0.0,1000.0,C5H11NO2S,0,c0
cpd04920_c0,rxn03919,D-Glycero-D-manno-heptose1-phosphate,cpd00001_c0 + cpd08316_c0 --> cpd00009_c0 + cpd04920_c0,,0.0,1000.0,C7H13O10P,-2,c0
cpd04920_c0,rxn03916,D-Glycero-D-manno-heptose1-phosphate,cpd00002_c0 + cpd04920_c0 <=> cpd00012_c0 + cpd03830_c0,,-1000.0,1000.0,C7H13O10P,-2,c0
cpd01329_e0,rxn10174,Maltohexaose,cpd00001_c0 + cpd00002_c0 + cpd01329_e0 --> cpd00008_c0 + cpd00009_c0 + cpd00067_c0 + cpd01329_c0,,0.0,1000.0,C36H62O31,0,e0
cpd01329_e0,EXpd01329,Maltohexaose,cpd01329_e0 --> ,,0.0,1000.0,C36H62O31,0,e0
cpd11474_c0,rxn05348,Decanoyl-ACP,cpd11474_c0 + cpd11492_c0 --> cpd00011_c0 + cpd11489_c0 + cpd11493_c0,,0.0,1000.0,C21H40N2O8PRS,-2,c0
cpd11474_c0,rxn05327,Decanoyl-ACP,cpd00004_c0 + cpd00067_c0 + cpd11475_c0 --> cpd00003_c0 + cpd11474_c0,,0.0,1000.0,C21H40N2O8PRS,-2,c0
cpd11571_c0,rxn05461,3-Hydroxyoctodecanoyl-ACP,cpd00005_c0 + cpd00067_c0 + cpd11570_c0 <=> cpd00006_c0 + cpd11571_c0,,-1000.0,1000.0,C29H55N2O9PRS,-1,c0
cpd00031_c0,rxn03852,GDP,cpd00946_c0 + cpd01999_c0 <=> cpd00031_c0 + cpd00067_c0 + cpd02967_c0,,-1000.0,1000.0,C10H13N5O11P2,-2,c0
cpd00031_c0,rxn04413,GDP,cpd00038_c0 + cpd03918_c0 <=> cpd00031_c0 + cpd00067_c0 + cpd03919_c0,,-1000.0,1000.0,C10H13N5O11P2,-2,c0
cpd00031_c0,rxn00237,GDP,cpd00002_c0 + cpd00031_c0 --> cpd00008_c0 + cpd00038_c0,,0.0,1000.0,C10H13N5O11P2,-2,c0
cpd00031_c0,rxn00239,GDP,cpd00002_c0 + cpd00067_c0 + cpd00126_c0 <=> cpd00008_c0 + cpd00031_c0,,-1000.0,1000.0,C10H13N5O11P2,-2,c0
cpd00031_c0,rxn09562,GDP,cpd00067_c0 + cpd00115_c0 + cpd00126_c0 <=> cpd00031_c0 + cpd00177_c0,,-1000.0,1000.0,C10H13N5O11P2,-2,c0
cpd00031_c0,rxn09240,GDP,cpd00001_c0 + cpd00002_c0 + cpd00038_c0 + cpd00048_c0 --> cpd00009_c0 + cpd00012_c0 + cpd00031_c0 + cpd00067_c0 + cpd00193_c0,,0.0,1000.0,C10H13N5O11P2,-2,c0
cpd00031_c0,rxn13782,GDP,10412.0 cpd00001_c0 + 6730.0 cpd00002_c0 + 496.0 cpd00033_c0 + 1370.0 cpd00035_c0 + 10162.0 cpd00038_c0 + 431.0 cpd00039_c0 + 250.0 cpd00041_c0 + 121.0 cpd00051_c0 + 500.0 cpd00053_c0 + 290.0 cpd00054_c0 + 116.0 cpd00060_c0 + 54.0 cpd00065_c0 + 199.0 cpd00066_c0 + 138.0 cpd00069_c0 + 87.0 cpd00084_c0 + 428.0 cpd00107_c0 + 145.0 cpd00119_c0 + 541.0 cpd00129_c0 + 420.0 cpd00156_c0 + 436.0 cpd00161_c0 + 14.0 cpd00201_c0 + 213.0 cpd00322_c0 --> Protein_c0 + 250.0 cpd00008_c0 + 10412.0 cpd00009_c0 + 6480.0 cpd00012_c0 + 6480.0 cpd00018_c0 + 10162.0 cpd00031_c0 + 14.0 cpd00047_c0 + 15493.0 cpd00067_c0 + 14.0 cpd00087_c0,,0.0,1000.0,C10H13N5O11P2,-2,c0
cpd00031_c0,rxn05233,GDP,cpd00031_c0 + cpd11421_c0 --> cpd00001_c0 + cpd00295_c0 + cpd11420_c0,,0.0,1000.0,C10H13N5O11P2,-2,c0
cpd00031_c0,rxn00640,GDP,cpd00031_c0 + cpd00485_c0 <=> cpd00009_c0 + cpd00083_c0,,-1000.0,1000.0,C10H13N5O11P2,-2,c0
cpd00031_c0,rxn00838,GDP,cpd00038_c0 + cpd00041_c0 + cpd00114_c0 --> cpd00009_c0 + cpd00031_c0 + 2.0 cpd00067_c0 + cpd02375_c0,,0.0,1000.0,C10H13N5O11P2,-2,c0
cpd00031_c0,rxn00242,GDP,cpd00001_c0 + cpd00905_c0 --> cpd00012_c0 + cpd00031_c0,,0.0,1000.0,C10H13N5O11P2,-2,c0
cpd00079_c0,rxn00605,D-glucose-6-phosphate,cpd00026_c0 + cpd00079_c0 <=> cpd00014_c0 + cpd00523_c0,,-1000.0,1000.0,C6H11O9P,-2,c0
cpd00079_c0,rxn00558,D-glucose-6-phosphate,cpd00079_c0 <=> cpd00072_c0,,-1000.0,1000.0,C6H11O9P,-2,c0
cpd00079_c0,rxn01977,D-glucose-6-phosphate,cpd00079_c0 <=> cpd00863_c0,,-1000.0,1000.0,C6H11O9P,-2,c0
cpd00079_c0,rxn00704,D-glucose-6-phosphate,cpd00089_c0 <=> cpd00079_c0,,-1000.0,1000.0,C6H11O9P,-2,c0
cpd00079_c0,rxn00216,D-glucose-6-phosphate,cpd00002_c0 + cpd00027_c0 --> cpd00008_c0 + cpd00067_c0 + cpd00079_c0,,0.0,1000.0,C6H11O9P,-2,c0
cpd00079_c0,rxn00604,D-glucose-6-phosphate,cpd00006_c0 + cpd00079_c0 <=> cpd00005_c0 + cpd00067_c0 + cpd00911_c0,,-1000.0,1000.0,C6H11O9P,-2,c0
cpd00782_c0,rxn02297,Pimeloyl-CoA,cpd00035_c0 + cpd00067_c0 + cpd00782_c0 --> cpd00010_c0 + cpd00011_c0 + cpd00800_c0,,0.0,1000.0,C28H41N7O19P3S,-5,c0
cpd15531_c0,rxn09200,phosphatidylethanolamine dihexadecanoyl,2.0 cpd00067_c0 + cpd15555_c0 <=> cpd00011_c0 + cpd15531_c0,,-1000.0,1000.0,C37H74NO8P,0,c0
cpd00216_c0,rxn00726,Chorismate,cpd00013_c0 + cpd00216_c0 --> cpd00001_c0 + cpd00020_c0 + cpd00067_c0 + cpd00093_c0,,0.0,1000.0,C10H8O6,-2,c0
cpd00216_c0,rxn00727,Chorismate,cpd00053_c0 + cpd00216_c0 --> cpd00020_c0 + cpd00023_c0 + cpd00067_c0 + cpd00093_c0,,0.0,1000.0,C10H8O6,-2,c0
cpd00216_c0,rxn01255,Chorismate,cpd00932_c0 --> cpd00009_c0 + cpd00216_c0,,0.0,1000.0,C10H8O6,-2,c0
cpd00216_c0,rxn01257,Chorismate,cpd00053_c0 + cpd00216_c0 <=> cpd00023_c0 + cpd08210_c0,,-1000.0,1000.0,C10H8O6,-2,c0
cpd00216_c0,rxn01258,Chorismate,cpd00216_c0 --> cpd00219_c0,,0.0,1000.0,C10H8O6,-2,c0
cpd00216_c0,rxn00966,Chorismate,cpd00216_c0 --> cpd00020_c0 + cpd00136_c0,,0.0,1000.0,C10H8O6,-2,c0
cpd00254_e0,EXpd00254,Mg,cpd00254_e0 <=> ,,-1000.0,1000.0,Mg,2,e0
cpd00254_e0,rxn05616,Mg,cpd00254_c0 <=> cpd00254_e0,,-1000.0,1000.0,Mg,2,e0
cpd00254_e0,rxn10571,Mg,cpd00001_c0 + cpd00002_c0 + cpd00254_e0 --> cpd00008_c0 + cpd00009_c0 + cpd00067_c0 + cpd00254_c0,,0.0,1000.0,Mg,2,e0
cpd00139_e0,rxn08653,Glycolate,cpd00067_e0 + cpd00139_e0 <=> cpd00067_c0 + cpd00139_c0,,-1000.0,1000.0,C2H3O3,-1,e0
cpd00139_e0,EXpd00139,Glycolate,cpd00139_e0 --> ,,0.0,1000.0,C2H3O3,-1,e0
cpd00978_c0,rxn06075,dUDP,cpd00014_c0 + cpd11421_c0 --> cpd00001_c0 + cpd00978_c0 + cpd11420_c0,,0.0,1000.0,C9H12N2O11P2,-2,c0
cpd00978_c0,rxn01678,dUDP,cpd00002_c0 + cpd00978_c0 <=> cpd00008_c0 + cpd00358_c0,,-1000.0,1000.0,C9H12N2O11P2,-2,c0
cpd00750_e0,EXpd00750,D-Fucose,cpd00750_e0 --> ,,0.0,1000.0,C6H12O5,0,e0
cpd00750_e0,ADD_D_Fuc2,D-Fucose,cpd00750_e0 --> cpd00750_c0,,0.0,1000.0,C6H12O5,0,e0
cpd00075_c0,rxn10121,Nitrite,cpd00067_c0 + cpd00209_c0 + cpd15499_c0 --> cpd00001_c0 + cpd00075_c0 + cpd15500_c0,,0.0,0.0,HNO2,0,c0
cpd00075_c0,rxn00569,Nitrite,3.0 cpd00005_c0 + 4.0 cpd00067_c0 + cpd00075_c0 --> 2.0 cpd00001_c0 + 3.0 cpd00006_c0 + cpd00013_c0,,0.0,1000.0,HNO2,0,c0
cpd00075_c0,rxn10120,Nitrite,cpd00067_c0 + cpd00209_c0 + cpd15561_c0 --> cpd00001_c0 + cpd00075_c0 + cpd15560_c0,,0.0,1000.0,HNO2,0,c0
cpd00075_c0,rxn00567,Nitrite,cpd00001_c0 + cpd00109_c0 + cpd00418_c0 <=> cpd00067_c0 + cpd00075_c0 + cpd00110_c0,,-1000.0,1000.0,HNO2,0,c0
cpd00075_c0,rxn14250,Nitrite,cpd00007_c0 + cpd00067_c0 + cpd01270_c0 + cpd18071_c0 --> cpd00001_c0 + cpd00050_c0 + cpd00071_c0 + cpd00075_c0,,0.0,1000.0,HNO2,0,c0
cpd00075_c0,rxn05625,Nitrite,cpd00067_e0 + cpd00075_e0 <=> cpd00067_c0 + cpd00075_c0,,-1000.0,1000.0,HNO2,0,c0
cpd00075_c0,rxn00568,Nitrite,3.0 cpd00004_c0 + 4.0 cpd00067_c0 + cpd00075_c0 --> 2.0 cpd00001_c0 + 3.0 cpd00003_c0 + cpd00013_c0,,0.0,1000.0,HNO2,0,c0
cpd11551_c0,rxn05414,6-methyl-3-hydroxy-heptanoyl-ACP,cpd00005_c0 + cpd00067_c0 + cpd11550_c0 <=> cpd00006_c0 + cpd11551_c0,,-1000.0,1000.0,C19H35N2O9PRS,-1,c0
cpd00072_e0,EXpd00072,D-fructose-6-phosphate,cpd00072_e0 --> ,,0.0,1000.0,C6H11O9P,-2,e0
cpd00072_e0,ADD_transport_cpd00072,D-fructose-6-phosphate,cpd00072_e0 <=> cpd00072_c0,,-1000.0,1000.0,C6H11O9P,-2,e0
cpd00117_e0,EXpd00117,D-Alanine,cpd00117_e0 --> ,,0.0,1000.0,C3H7NO2,0,e0
cpd00117_e0,ADD_transport_cpd00117,D-Alanine,cpd00067_e0 + cpd00117_e0 --> cpd00067_c0 + cpd00117_c0,,0.0,1000.0,C3H7NO2,0,e0
cpd00246_e0,ADD_Inosine2,Inosine,cpd00246_e0 --> cpd00246_c0,,0.0,1000.0,C10H12N4O5,0,e0
cpd00246_e0,EXpd00246,Inosine,cpd00246_e0 --> ,,0.0,1000.0,C10H12N4O5,0,e0
cpd00475_c0,rxn00778,Ribose 1-phosphate,cpd00475_c0 <=> cpd00101_c0,,-1000.0,1000.0,C5H9O8P,-2,c0
cpd00475_c0,rxn01358,Ribose 1-phosphate,cpd00009_c0 + cpd00246_c0 <=> cpd00226_c0 + cpd00475_c0,,-1000.0,1000.0,C5H9O8P,-2,c0
cpd00035_e0,EXpd00035,L-Alanine,cpd00035_e0 --> ,,0.0,1000.0,C3H7NO2,0,e0
cpd00035_e0,ADD_cpd00035,L-Alanine,cpd00035_e0 <=> cpd00035_c0,,-1000.0,1000.0,C3H7NO2,0,e0
cpd00132_e0,EXpd00132,L-Asparagine,cpd00132_e0 --> ,,0.0,1000.0,C4H8N2O3,0,e0
cpd00132_e0,ADD_cpd00132,L-Asparagine,cpd00132_e0 <=> cpd00132_c0,,-1000.0,1000.0,C4H8N2O3,0,e0
