metabolites_id,reaction_id,name,reaction_string,subsystem,lower_bound,upper_bound,formula,charge,compartment
atp[c],r_0011,ATP,ac[c] + atp[c] + coa[c] + h[c] --> accoa[c] + amp[c] + ppi[c],Glycolysis / Gluconeogenesis,0.0,1000.0,C10H13N5O13P3,-4,c
atp[c],r_0268,ATP,atp[c] + cys__L[c] + dxyl5p[c] + tyr__L[c] --> 4hba[c] + 4mpetz[c] + ala__L[c] + amp[c] + co2[c] + h2o[c] + ppi[c],Thiamine Metabolism,0.0,1000.0,C10H13N5O13P3,-4,c
atp[c],r_0725,ATP,2dr5p[c] + adp[c] <=> 5drib[c] + atp[c],Pentose Phosphate Pathway,-1000.0,1000.0,C10H13N5O13P3,-4,c
atp[c],r_0299,ATP,atp[c] + h2o[c] + homocitrate[e] <=> adp[c] + h[c] + homocitrate[c] + pi[c],Transport,-1000.0,1000.0,C10H13N5O13P3,-4,c
atp[c],r_0378,ATP,atp[c] + ser__L[c] + trnaser[c] --> amp[c] + ppi[c] + sertrna[c],Aminoacyl-tRNA biosynthesis,0.0,1000.0,C10H13N5O13P3,-4,c
atp[c],r_0465,ATP,atp[c] + h[c] + leu__L[c] + trnaleu[c] --> amp[c] + leutrna[c] + ppi[c],"Valine, Leucine and Isoleucine Biosynthesis",0.0,1000.0,C10H13N5O13P3,-4,c
atp[c],r_0626,ATP,atp[c] + dump[c] --> adp[c] + dudp[c],Pyrimidine Metabolism,0.0,1000.0,C10H13N5O13P3,-4,c
atp[c],r_0667,ATP,atp[c] + cdg[c] + nh3[c] --> adp[c] + h2o[c] + pi[c] + preq0[c],Folate Biosynthesis,0.0,1000.0,C10H13N5O13P3,-4,c
atp[c],r_0742,ATP,atp[c] --> adp[c],[],0.0,1000.0,C10H13N5O13P3,-4,c
atp[c],r_0098,ATP,atp[c] + gmp[c] <=> adp[c] + gdp[c],Purine Metabolism,-1000.0,1000.0,C10H13N5O13P3,-4,c
atp[c],r_0437,ATP,asp__L[c] + atp[c] + h[c] + trnaasp[c] --> amp[c] + asptrna[c] + ppi[c],"Alanine, Aspartate and Glutamate metabolism",0.0,1000.0,C10H13N5O13P3,-4,c
atp[c],r_0752,ATP,atp[c] + lipidAds[c] --> adp[c] + tetdglu16d14bis[c],Lipopolysaccharide biosynthesis,0.0,1000.0,C10H13N5O13P3,-4,c
atp[c],r_0247,ATP,atp[c] + cbl1[c] <=> adocbl[c] + pppi[c],Porphyrin and Chlorophyll Metabolism,-1000.0,1000.0,C10H13N5O13P3,-4,c
atp[c],r_0266,ATP,asp__L[c] + atp[c] + citr__L[c] --> amp[c] + argsuc[c] + ppi[c],"Alanine, Aspartate and Glutamate metabolism",0.0,1000.0,C10H13N5O13P3,-4,c
atp[c],r_0253,ATP,atp[c] + thymd[c] --> adp[c] + dtmp[c],Pyrimidine Metabolism,0.0,1000.0,C10H13N5O13P3,-4,c
atp[c],r_0296,ATP,atp[c] + udp[c] <=> adp[c] + utp[c],Pyrimidine Metabolism,-1000.0,1000.0,C10H13N5O13P3,-4,c
atp[c],r_0531,ATP,atp[c] + h2o[c] + zn2[e] --> adp[c] + h[c] + pi[c] + zn2[c],Transport,0.0,1000.0,C10H13N5O13P3,-4,c
atp[c],r_0110,ATP,atp[c] + pydxn[c] --> adp[c] + pdx5p[c],Vitamin B6 Metabolism,0.0,1000.0,C10H13N5O13P3,-4,c
atp[c],r_0277,ATP,atp[c] + prpp[c] <=> ppi[c] + prbatp[c],Histidine Metabolism,-1000.0,1000.0,C10H13N5O13P3,-4,c
atp[c],r_0434,ATP,atp[c] + h[c] + ile__L[c] + trnaile[c] --> amp[c] + iletrna[c] + ppi[c],"Valine, Leucine and Isoleucine Biosynthesis",0.0,1000.0,C10H13N5O13P3,-4,c
atp[c],r_1002,ATP,atp[c] + man[c] --> adp[c] + h[c] + man6p[c],,0.0,1000.0,C10H13N5O13P3,-4,c
atp[c],r_0022,ATP,atp[c] + gdp[c] <=> adp[c] + gtp[c],Purine Metabolism,-1000.0,1000.0,C10H13N5O13P3,-4,c
atp[c],r_0553,ATP,atp[c] + thm[c] --> amp[c] + thmpp[c],Thiamine Metabolism,0.0,1000.0,C10H13N5O13P3,-4,c
atp[c],r_1049,ATP,atp[c] + rml[c] --> adp[c] + h[c] + rml1p[c],,0.0,1000.0,C10H13N5O13P3,-4,c
atp[c],r_0151,ATP,atp[c] + dtdp[c] <=> adp[c] + dttp[c],Pyrimidine Metabolism,-1000.0,1000.0,C10H13N5O13P3,-4,c
atp[c],r_0507,ATP,Iron[c] + adocbl[c] + atp[c] + gthox[c] + hemeO[c] + homocitrate[c] + mg2[c] + mobd[c] + nac[c] + pi[c] + pydxn[c] + thm[c] + zn2[c] --> Symbiotic_Cofactors[c],Symbiosis,0.0,1000.0,C10H13N5O13P3,-4,c
atp[c],r_0908,ATP,2.0 atp[c] + 2.0 gln__L[c] + 2.0 h2o[c] + hgbyr[c] <=> 2.0 adp[c] + 2.0 glu__L[c] + hgbam[c] + 2.0 pi[c],Porphyrin and Chlorophyll Metabolism,-1000.0,1000.0,C10H13N5O13P3,-4,c
atp[c],r_0386,ATP,atp[c] + cmp[c] <=> adp[c] + cdp[c],Pyrimidine Metabolism,-1000.0,1000.0,C10H13N5O13P3,-4,c
atp[c],r_0273,ATP,atp[c] + r5p[c] --> amp[c] + prpp[c],Purine Metabolism,0.0,1000.0,C10H13N5O13P3,-4,c
atp[c],r_0432,ATP,atp[c] + glu__L[c] + h[c] + trnaglu[c] --> amp[c] + glutrna[c] + ppi[c],"Alanine, Aspartate and Glutamate metabolism",0.0,1000.0,C10H13N5O13P3,-4,c
atp[c],r_0624,ATP,atp[c] + nh3[c] + utp[c] --> adp[c] + ctp[c] + h[c] + pi[c],Pyrimidine Metabolism,0.0,1000.0,C10H13N5O13P3,-4,c
atp[c],r_0807,ATP,atp[c] + glu__D[c] + uama[c] --> adp[c] + pi[c] + uamag[c],Peptidoglycan biosynthesis,0.0,1000.0,C10H13N5O13P3,-4,c
atp[c],r_0291,ATP,atp[c] + h2o[c] + pyr[c] --> amp[c] + h[c] + pep[c] + pi[c],Glycolysis / Gluconeogenesis,0.0,1000.0,C10H13N5O13P3,-4,c
atp[c],r_0398,ATP,atp[c] + h[c] + phe__L[c] + trnaphe[c] --> amp[c] + phetrna[c] + ppi[c],Phenylalanine Tyrosine Tryptophan Biosynthesis,0.0,1000.0,C10H13N5O13P3,-4,c
atp[c],r_0362,ATP,atp[c] + gly[c] + h[c] + trnagly[c] --> amp[c] + glytrna[c] + ppi[c],Aminoacyl-tRNA biosynthesis,0.0,1000.0,C10H13N5O13P3,-4,c
atp[c],r_0457,ATP,atp[c] + glucys[c] + gly[c] --> adp[c] + gthrd[c] + h[c] + pi[c],Glutathione Metabolism,0.0,1000.0,C10H13N5O13P3,-4,c
atp[c],r_0731,ATP,atp[c] + h2o[c] + lps[c] --> adp[c] + lps[e] + pi[c],[],0.0,1000.0,C10H13N5O13P3,-4,c
atp[c],r_0504,ATP,atp[c] + dcmp[c] <=> adp[c] + dcdp[c],Pyrimidine Metabolism,-1000.0,1000.0,C10H13N5O13P3,-4,c
atp[c],r_0805,ATP,ala__L[c] + atp[c] + uamr[c] --> adp[c] + pi[c] + uama[c],Peptidoglycan biosynthesis,0.0,1000.0,C10H13N5O13P3,-4,c
atp[c],r_0771,ATP,accb[c] + atp[c] + btn[c] --> amp[c] + bccp[c] + ppi[c],[],0.0,1000.0,C10H13N5O13P3,-4,c
atp[c],r_0455,ATP,arg__L[c] + atp[c] + h[c] + trnaarg[c] --> amp[c] + argtrna[c] + ppi[c],Arginine biosynthesis,0.0,1000.0,C10H13N5O13P3,-4,c
atp[c],r_0428,ATP,atp[c] + thr__L[c] + trnathr[c] --> amp[c] + ppi[c] + thrtrna[c],Aminoacyl-tRNA biosynthesis,0.0,1000.0,C10H13N5O13P3,-4,c
atp[c],r_0200,ATP,atp[c] + pan4p[c] <=> dpcoa[c] + ppi[c],Pantothenate and CoA Biosynthesis,-1000.0,1000.0,C10H13N5O13P3,-4,c
atp[c],r_0793,ATP,12dgr_TB[c] + atp[c] --> adp[c] + pa_cho[c],Glycerolipid metabolism,0.0,1000.0,C10H13N5O13P3,-4,c
atp[c],r_0106,ATP,atp[c] + nicrnt[c] <=> dnad[c] + ppi[c],Nicotinate and Nicotinamide,-1000.0,1000.0,C10H13N5O13P3,-4,c
atp[c],r_0352,ATP,4c2me[c] + atp[c] --> 2p4c2me[c] + adp[c],Terpenoid Backbone Biosynthesis,0.0,1000.0,C10H13N5O13P3,-4,c
atp[c],r_0060,ATP,atp[c] + skm[c] --> adp[c] + skm5p[c],Phenylalanine Tyrosine Tryptophan Biosynthesis,0.0,1000.0,C10H13N5O13P3,-4,c
atp[c],r_0105,ATP,acglu[c] + atp[c] + h[c] --> acg5p[c] + adp[c],Arginine biosynthesis,0.0,1000.0,C10H13N5O13P3,-4,c
atp[c],r_0217,ATP,ala_B[c] + atp[c] + pant__R[c] <=> amp[c] + pnto__R[c] + ppi[c],Pantothenate and CoA Biosynthesis,-1000.0,1000.0,C10H13N5O13P3,-4,c
atp[c],r_0425,ATP,atp[c] + fgam[c] + gln__L[c] + h2o[c] --> adp[c] + fpram[c] + glu__L[c] + h[c] + pi[c],Purine Metabolism,0.0,1000.0,C10H13N5O13P3,-4,c
atp[c],r_0803,ATP,2.0 ala__D[c] + atp[c] --> adp[c] + alaala[c] + pi[c],Peptidoglycan biosynthesis,0.0,1000.0,C10H13N5O13P3,-4,c
atp[c],r_0216,ATP,atp[c] + gln__L[c] + h2o[c] + utp[c] --> adp[c] + ctp[c] + glu__L[c] + 2.0 h[c] + pi[c],Pyrimidine Metabolism,0.0,1000.0,C10H13N5O13P3,-4,c
atp[c],r_0423,ATP,atp[c] + ptth[c] <=> adp[c] + pan4p[c],Pantothenate and CoA Biosynthesis,-1000.0,1000.0,C10H13N5O13P3,-4,c
atp[c],r_0497,ATP,atp[c] + dnad[c] + gln__L[c] + h2o[c] --> amp[c] + glu__L[c] + nad[c] + ppi[c],Nicotinate and Nicotinamide,0.0,1000.0,C10H13N5O13P3,-4,c
atp[c],r_0346,ATP,atp[c] + h[c] + trnatrp[c] + trp__L[c] --> amp[c] + ppi[c] + trptrna[c],Phenylalanine Tyrosine Tryptophan Biosynthesis,0.0,1000.0,C10H13N5O13P3,-4,c
atp[c],r_0918,ATP,acgam[c] + atp[c] <=> acgam6p[c] + adp[c],Amino sugar and nucleotide sugar metabolism,-1000.0,1000.0,C10H13N5O13P3,-4,c
atp[c],r_0158,ATP,atp[c] + h2o[c] --> adp[c] + h[c] + pi[c],Oxidative Phosphorylation,3.0,1000.0,C10H13N5O13P3,-4,c
atp[c],r_0424,ATP,atp[c] + gtp[c] --> amp[c] + gdptp[c],Purine Metabolism,0.0,1000.0,C10H13N5O13P3,-4,c
atp[c],r_0495,ATP,atp[c] + f6p[c] --> adp[c] + fdp[c],Glycolysis / Gluconeogenesis,0.0,1000.0,C10H13N5O13P3,-4,c
atp[c],r_1014,ATP,atp[c] + rbl__D[c] --> adp[c] + h[c] + ru5p__D[c],,0.0,1000.0,C10H13N5O13P3,-4,c
atp[c],r_0408,ATP,4ahmmp[c] + atp[c] --> 4ampm[c] + adp[c],Thiamine Metabolism,0.0,1000.0,C10H13N5O13P3,-4,c
atp[c],r_0452,ATP,atp[c] + gln__L[c] + h2o[c] + xmp[c] --> amp[c] + glu__L[c] + gmp[c] + h[c] + ppi[c],Purine Metabolism,0.0,1000.0,C10H13N5O13P3,-4,c
atp[c],r_0838,ATP,atp[c] + xylu__D[c] --> adp[c] + xu5p__D[c],Pentose and glucuronate interconversions,0.0,1000.0,C10H13N5O13P3,-4,c
atp[c],r_0566,ATP,atp[c] + nad[c] --> adp[c] + nadp[c],Nicotinate and Nicotinamide,0.0,1000.0,C10H13N5O13P3,-4,c
atp[c],r_0045,ATP,6hmhpt[c] + atp[c] <=> 6hmhptpp[c] + amp[c],Folate Biosynthesis,-1000.0,1000.0,C10H13N5O13P3,-4,c
atp[c],r_0728,ATP,atp[c] + h[c] + pi[c] + pyr[c] <=> amp[c] + pep[c] + ppi[c],Glycolysis / Gluconeogenesis,-1000.0,1000.0,C10H13N5O13P3,-4,c
atp[c],r_0075,ATP,atp[c] + gly[c] + pram[c] --> adp[c] + gar[c] + h[c] + pi[c],Purine Metabolism,0.0,1000.0,C10H13N5O13P3,-4,c
atp[c],r_0144,ATP,ac[c] + atp[c] + h[c] <=> actp[c] + adp[c],Glycolysis / Gluconeogenesis,-1000.0,1000.0,C10H13N5O13P3,-4,c
atp[c],r_0066,ATP,amp[c] + atp[c] <=> 2.0 adp[c],Purine Metabolism,-1000.0,1000.0,C10H13N5O13P3,-4,c
atp[c],r_0056,ATP,adp[c] + pep[c] --> atp[c] + pyr[c],"Valine, Leucine and Isoleucine Degradation",0.0,1000.0,C10H13N5O13P3,-4,c
atp[c],r_0198,ATP,atp[c] + dtmp[c] <=> adp[c] + dtdp[c],Pyrimidine Metabolism,-1000.0,1000.0,C10H13N5O13P3,-4,c
atp[c],r_0231,ATP,atp[c] + fpram[c] --> adp[c] + air[c] + h[c] + pi[c],Purine Metabolism,0.0,1000.0,C10H13N5O13P3,-4,c
atp[c],r_0401,ATP,atp[c] + h[c] + so4[c] <=> aps[c] + ppi[c],Sulfur Metabolism,-1000.0,1000.0,C10H13N5O13P3,-4,c
atp[c],r_0142,ATP,3pg[c] + atp[c] + h[c] <=> 13dpg[c] + adp[c],Glycolysis / Gluconeogenesis,-1000.0,1000.0,C10H13N5O13P3,-4,c
atp[c],r_0023,ATP,atp[c] + dcdp[c] <=> adp[c] + dctp[c],Pyrimidine Metabolism,-1000.0,1000.0,C10H13N5O13P3,-4,c
atp[c],r_0833,ATP,5pdna[c] + atp[c] --> amp[c] + ppi[c],[],0.0,1000.0,C10H13N5O13P3,-4,c
atp[c],r_0270,ATP,16.0 atp[c] + 8.0 fdxrd[c] + 16.0 h2o[c] + n2[c] --> 16.0 adp[c] + 8.0 fdxox[c] + 2.0 fixedNH3[c] + h2[c] + 8.0 h[c] + 16.0 pi[c],Nitrogen Metabolism; Symbiosis,0.0,1000.0,C10H13N5O13P3,-4,c
atp[c],r_0055,ATP,adocbi[c] + atp[c] --> adocbip[c] + adp[c] + h[c],"Valine, Leucine and Isoleucine Degradation",0.0,1000.0,C10H13N5O13P3,-4,c
atp[c],r_0871,ATP,atp[c] + h2o[c] + k[c] --> adp[c] + k[e] + pi[c],[],0.0,1000.0,C10H13N5O13P3,-4,c
atp[c],r_0156,ATP,atp[c] + dpcoa[c] --> adp[c] + coa[c],Pantothenate and CoA Biosynthesis,0.0,1000.0,C10H13N5O13P3,-4,c
atp[c],r_0581,ATP,atp[c] + fa[c] --> adp[c] + e[c] + methf[c] + pi[c],One carbon pool by folate,0.0,1000.0,C10H13N5O13P3,-4,c
atp[c],r_0188,ATP,atp[c] + pydx[c] --> adp[c] + pydx5p[c],Vitamin B6 Metabolism,0.0,1000.0,C10H13N5O13P3,-4,c
atp[c],r_0323,ATP,adp[c] + 2.0 h[e] + pi[c] --> atp[c] + h2o[c] + h[c],Oxidative Phosphorylation,0.0,1000.0,C10H13N5O13P3,-4,c
atp[c],r_0416,ATP,atp[c] + ptcys[c] <=> 4ppcys[c] + adp[c],Pantothenate and CoA Biosynthesis,-1000.0,1000.0,C10H13N5O13P3,-4,c
atp[c],r_0202,ATP,atp[c] + nmn[c] <=> nad[c] + ppi[c],Nicotinate and Nicotinamide,-1000.0,1000.0,C10H13N5O13P3,-4,c
atp[c],r_0693,ATP,atp[c] + didp[c] <=> adp[c] + ditp[c],Purine Metabolism,-1000.0,1000.0,C10H13N5O13P3,-4,c
atp[c],r_0178,ATP,atp[c] + rib__D[c] <=> adp[c] + r5p[c],Pentose Phosphate Pathway,-1000.0,1000.0,C10H13N5O13P3,-4,c
atp[c],r_0396,ATP,ala__L[c] + atp[c] + h[c] + trnaala[c] --> alatrna[c] + amp[c] + ppi[c],Aminoacyl-tRNA biosynthesis,0.0,1000.0,C10H13N5O13P3,-4,c
atp[c],r_0694,ATP,air[c] + atp[c] + hco3[c] --> 5ca1rpi[c] + adp[c] + pi[c],Purine Metabolism,0.0,1000.0,C10H13N5O13P3,-4,c
atp[c],r_0196,ATP,atp[c] + hom__L[c] --> adp[c] + phom[c],"Glycine, Serine, and Threonine Metabolism",0.0,1000.0,C10H13N5O13P3,-4,c
atp[c],r_0155,ATP,atp[c] + cbl1[e] + h2o[c] --> adp[c] + cbl1[c] + h[c] + pi[c],Porphyrin and Chlorophyll Metabolism,0.0,1000.0,C10H13N5O13P3,-4,c
atp[c],r_0978,ATP,atp[c] + glc__aD[c] --> adp[c] + g6p[c] + h[c],,0.0,1000.0,C10H13N5O13P3,-4,c
atp[c],r_0319,ATP,atp[c] + h2o[c] + so4[e] --> adp[c] + h[c] + pi[c] + so4[c],Transport,0.0,1000.0,C10H13N5O13P3,-4,c
atp[c],r_0413,ATP,atp[c] + cys__L[c] + h[c] + trnacys[c] --> amp[c] + cystrna[c] + ppi[c],Aminoacyl-tRNA biosynthesis,0.0,1000.0,C10H13N5O13P3,-4,c
atp[c],r_0441,ATP,atp[c] + h[c] + trnaval[c] + val__L[c] --> amp[c] + ppi[c] + valtrna[c],"Valine, Leucine and Isoleucine Biosynthesis",0.0,1000.0,C10H13N5O13P3,-4,c
atp[c],r_0606,ATP,5oxpro[c] + atp[c] + 2.0 h2o[c] --> adp[c] + glu__L[c] + pi[c],Glutathione Metabolism,0.0,1000.0,C10H13N5O13P3,-4,c
atp[c],r_0317,ATP,atp[c] + h[c] + lys__L[c] + trnalys[c] --> amp[c] + lystrna[c] + ppi[c],Lysine Biosynthesis,0.0,1000.0,C10H13N5O13P3,-4,c
atp[c],r_0564,ATP,atp[c] + dnad[c] + h[c] + nh3[c] --> amp[c] + nad[c] + ppi[c],Nicotinate and Nicotinamide,0.0,1000.0,C10H13N5O13P3,-4,c
atp[c],r_0931,ATP,asp__L[c] + atp[c] + dgmp[c] <=> adp[c] + dsmp[c] + pi[c],Purine Metabolism,-1000.0,1000.0,C10H13N5O13P3,-4,c
atp[c],r_0071,ATP,atp[c] + cys__L[c] + glu__L[c] --> adp[c] + glucys[c] + h[c] + pi[c],Glutathione Metabolism,0.0,1000.0,C10H13N5O13P3,-4,c
atp[c],r_0517,ATP,acac[c] + atp[c] + coa[c] + h[c] --> aacoa[c] + amp[c] + ppi[c],"PHB synthesis; Valine, leucine and isoleucine degradation; Butanoate metabolism",0.0,1000.0,C10H13N5O13P3,-4,c
atp[c],r_0615,ATP,atp[c] + ser__L[c] + trnasecys[c] <=> amp[c] + ppi[c] + sertrna_sec[c],Aminoacyl-tRNA biosynthesis,-1000.0,1000.0,C10H13N5O13P3,-4,c
atp[c],r_0118,ATP,atp[c] + duri[c] --> adp[c] + dump[c],Pyrimidine Metabolism,0.0,1000.0,C10H13N5O13P3,-4,c
atp[c],r_0316,ATP,alaala[c] + atp[c] + ugmd[c] --> adp[c] + h[c] + pi[c] + ugmda[c],Lysine Biosynthesis,0.0,1000.0,C10H13N5O13P3,-4,c
atp[c],r_0169,ATP,asp__L[c] + atp[c] + h[c] --> 4pasp[c] + adp[c],"Glycine, Serine, and Threonine Metabolism",0.0,1000.0,C10H13N5O13P3,-4,c
atp[c],r_0371,ATP,26dap__M[c] + atp[c] + uamag[c] --> adp[c] + h[c] + pi[c] + ugmd[c],Lysine Biosynthesis,0.0,1000.0,C10H13N5O13P3,-4,c
atp[c],r_0537,ATP,atp[c] + g1p[c] --> adp[c] + g6p[c],Glycolysis / Gluconeogenesis,0.0,1000.0,C10H13N5O13P3,-4,c
atp[c],r_0044,ATP,atp[c] + h2o[c] + met__L[c] --> amet[c] + pi[c] + ppi[c],Cysteine and Methionine Metabolism,0.0,1000.0,C10H13N5O13P3,-4,c
atp[c],r_0700,ATP,atp[c] + dzdp[c] --> adp[c] + dztp[c],Purine Metabolism,0.0,1000.0,C10H13N5O13P3,-4,c
atp[c],r_0823,ATP,atp[c] + coa[c] + pac[c] --> amp[c] + phaccoa[c] + ppi[c],Phenylalanine metabolism,0.0,1000.0,C10H13N5O13P3,-4,c
atp[c],r_0983,ATP,atp[c] + fru[c] --> adp[c] + f6p[c] + h[c],,0.0,1000.0,C10H13N5O13P3,-4,c
atp[c],r_0314,ATP,atp[c] + h2o[c] + thm[e] --> adp[c] + h[c] + pi[c] + thm[c],Transport,0.0,1000.0,C10H13N5O13P3,-4,c
atp[c],r_0536,ATP,atp[c] + h[c] + oaa[c] --> adp[c] + co2[c] + pep[c],Glycolysis / Gluconeogenesis;TCA Cycle,0.0,1000.0,C10H13N5O13P3,-4,c
atp[c],r_0649,ATP,C02356[c] + atp[c] + glu__L[c] <=> CE1661[c] + adp[c] + pi[c],Cysteine and Methionine Metabolism,-1000.0,1000.0,C10H13N5O13P3,-4,c
atp[c],r_0123,ATP,asp__L[c] + atp[c] + gln__L[c] + h2o[c] --> amp[c] + asn__L[c] + glu__L[c] + ppi[c],"Alanine, Aspartate and Glutamate metabolism",0.0,1000.0,C10H13N5O13P3,-4,c
atp[c],r_0392,ATP,atp[c] + hco3[c] + pyr[c] --> adp[c] + h[c] + oaa[c] + pi[c],Glycolysis / Gluconeogenesis,0.0,1000.0,C10H13N5O13P3,-4,c
atp[c],r_0701,ATP,atp[c] + dzmp[c] --> adp[c] + dzdp[c],Purine Metabolism,0.0,1000.0,C10H13N5O13P3,-4,c
atp[c],r_0001,ATP,atp[c] + g1p[c] --> adpglc[c] + ppi[c],Glycolysis / Gluconeogenesis,0.0,1000.0,C10H13N5O13P3,-4,c
atp[c],r_0252,ATP,atp[c] + h2o[c] + mg2[e] --> adp[c] + h[c] + mg2[c] + pi[c],Transport,0.0,1000.0,C10H13N5O13P3,-4,c
atp[c],r_0650,ATP,CE1661[c] + atp[c] + gly[c] <=> adp[c] + opmt[c] + pi[c],Cysteine and Methionine Metabolism,-1000.0,1000.0,C10H13N5O13P3,-4,c
atp[c],r_0096,ATP,2.6 atp[c] + ctp[c] + gtp[c] + 1.6 h2o[c] + utp[c] --> 1.6 adp[c] + 1.6 h[c] + 1.6 pi[c] + 4.0 ppi[c] + 4.0 rna[c],Pyrimidine Metabolism,0.0,1000.0,C10H13N5O13P3,-4,c
atp[c],r_0703,ATP,atp[c] + nh3[c] + xmp[c] --> amp[c] + gmp[c] + ppi[c],Purine Metabolism,0.0,1000.0,C10H13N5O13P3,-4,c
atp[c],r_0080,ATP,atp[c] + cdp[c] <=> adp[c] + ctp[c],Pyrimidine Metabolism,-1000.0,1000.0,C10H13N5O13P3,-4,c
atp[c],r_0478,ATP,atp[c] + h[c] + pro__L[c] + trnapro[c] --> amp[c] + ppi[c] + protrna[c],Aminoacyl-tRNA biosynthesis,0.0,1000.0,C10H13N5O13P3,-4,c
atp[c],r_0704,ATP,atp[c] + idp[c] <=> adp[c] + itp[c],Purine Metabolism,-1000.0,1000.0,C10H13N5O13P3,-4,c
atp[c],r_0819,ATP,atp[c] + co2[c] + dann[c] --> adp[c] + dtbt[c] + pi[c],Biotin metabolism,0.0,1000.0,C10H13N5O13P3,-4,c
atp[c],r_0079,ATP,atp[c] + dudp[c] <=> adp[c] + dutp[c],Pyrimidine Metabolism,-1000.0,1000.0,C10H13N5O13P3,-4,c
atp[c],r_0351,ATP,atp[c] + ribflv[c] --> adp[c] + fmn[c],Riboflavin Metabolism,0.0,1000.0,C10H13N5O13P3,-4,c
atp[c],r_0181,ATP,atp[c] + ump[c] <=> adp[c] + udp[c],Pyrimidine Metabolism,-1000.0,1000.0,C10H13N5O13P3,-4,c
atp[c],r_0989,ATP,atp[c] + gal[c] --> adp[c] + gal1p[c] + h[c],,0.0,1000.0,C10H13N5O13P3,-4,c
atp[c],r_0035,ATP,atp[c] + cbi[c] <=> adocbi[c] + pppi[c],Porphyrin Metabolism,-1000.0,1000.0,C10H13N5O13P3,-4,c
atp[c],r_0897,ATP,atp[c] + ru5p__D[c] --> adp[c] + rb15bp[c],Carbon metabolism,0.0,1000.0,C10H13N5O13P3,-4,c
atp[c],r_0100,ATP,atp[c] + dgdp[c] <=> adp[c] + dgtp[c],Purine Metabolism,-1000.0,1000.0,C10H13N5O13P3,-4,c
atp[c],r_0382,ATP,atp[c] + met__L[c] + trnamet[c] --> amp[c] + mettrna[c] + ppi[c],Cysteine and Methionine Metabolism,0.0,1000.0,C10H13N5O13P3,-4,c
atp[c],r_0543,ATP,atp[c] + glcn[c] --> 6pgc[c] + adp[c],Pentose Phosphate Pathway,0.0,1000.0,C10H13N5O13P3,-4,c
atp[c],r_0707,ATP,atp[c] + h2o[c] --> amp[c] + ppi[c],Purine Metabolism,0.0,1000.0,C10H13N5O13P3,-4,c
atp[c],r_0065,ATP,atp[c] + glu__L[c] + h[c] --> adp[c] + glu5p[c],Arginine and Proline Metabolism,0.0,1000.0,C10H13N5O13P3,-4,c
atp[c],r_0473,ATP,4ampm[c] + atp[c] --> 2mahmp[c] + adp[c],Thiamine Metabolism,0.0,1000.0,C10H13N5O13P3,-4,c
atp[c],r_0943,ATP,atp[c] + pnto__R[c] <=> 4ppan[c] + adp[c],Pantothenate and CoA Biosynthesis,-1000.0,1000.0,C10H13N5O13P3,-4,c
atp[c],r_0557,ATP,atp[c] + pl[c] <=> adp[c] + dmp[c],Riboflavin Metabolism,-1000.0,1000.0,C10H13N5O13P3,-4,c
atp[c],r_0068,ATP,atp[c] + pydam[c] --> adp[c] + pyam5p[c],Vitamin B6 Metabolism,0.0,1000.0,C10H13N5O13P3,-4,c
atp[c],r_0306,ATP,atp[c] + h2o[c] + pi[e] --> adp[c] + h[c] + 2.0 pi[c],Transport,0.0,1000.0,C10H13N5O13P3,-4,c
atp[c],r_0898,ATP,atp[c] + h2o[c] + mg2[c] --> adp[c] + h[c] + mg2[e] + pi[c],[],0.0,1000.0,C10H13N5O13P3,-4,c
atp[c],r_0709,ATP,atp[c] + dadp[c] <=> adp[c] + datp[c],Purine Metabolism,-1000.0,1000.0,C10H13N5O13P3,-4,c
atp[c],r_0305,ATP,atp[c] + fe2[e] + h2o[c] --> adp[c] + fe2[c] + h[c] + pi[c],Transport,0.0,1000.0,C10H13N5O13P3,-4,c
atp[c],r_1038,ATP,atp[c] + fcl__L[c] --> adp[c] + fc1p[c] + h[c],,0.0,1000.0,C10H13N5O13P3,-4,c
atp[c],r_0407,ATP,atp[c] + h[c] + trnatyr[c] + tyr__L[c] --> amp[c] + ppi[c] + tyrtrna[c],Phenylalanine Tyrosine Tryptophan Biosynthesis,0.0,1000.0,C10H13N5O13P3,-4,c
atp[c],r_0710,ATP,atp[c] + damp[c] <=> adp[c] + dadp[c],Purine Metabolism,-1000.0,1000.0,C10H13N5O13P3,-4,c
atp[c],r_0021,ATP,atp[c] + d5kg[c] --> adp[c] + d5kgp[c],Inositol Phosphate Metabolism,0.0,1000.0,C10H13N5O13P3,-4,c
atp[c],r_0132,ATP,atp[c] + glu__L[c] + nh3[c] --> adp[c] + gln__L[c] + pi[c],Nitrogen Metabolism,0.0,1000.0,C10H13N5O13P3,-4,c
atp[c],r_0304,ATP,atp[c] + h2o[c] + mobd[e] --> adp[c] + h[c] + mobd[c] + pi[c],Transport,0.0,1000.0,C10H13N5O13P3,-4,c
atp[c],r_0377,ATP,atp[c] + h[c] + his__L[c] + trnahis[c] --> amp[c] + histrna[c] + ppi[c],Histidine Metabolism,0.0,1000.0,C10H13N5O13P3,-4,c
atp[c],r_0444,ATP,accoa[c] + atp[c] + hco3[c] <=> adp[c] + h[c] + malcoa[c] + pi[c],Fatty Acid Biosynthesis,-1000.0,1000.0,C10H13N5O13P3,-4,c
atp[c],r_0472,ATP,2.0 atp[c] + gln__L[c] + h2o[c] + hco3[c] --> 2.0 adp[c] + cbp[c] + glu__L[c] + h[c] + pi[c],"Alanine, Aspartate and Glutamate metabolism",0.0,1000.0,C10H13N5O13P3,-4,c
atp[c],r_0757,ATP,atp[c] + h[c] + hco3[c] + thr__L[c] --> h2o[c] + lthrcala[c] + ppi[c],Nucleic Acid Processing,0.0,1000.0,C10H13N5O13P3,-4,c
atp[c],r_0852,ATP,atp[c] + h2o[c] + hemeO[c] --> adp[c] + hemeO[e] + pi[c],[],0.0,1000.0,C10H13N5O13P3,-4,c
atp[c],r_0131,ATP,5aizc[c] + asp__L[c] + atp[c] <=> 25aics[c] + adp[c] + 2.0 h[c] + pi[c],Purine Metabolism,-1000.0,1000.0,C10H13N5O13P3,-4,c
atp[c],r_0094,ATP,atp[c] + coa[c] + succ[c] <=> adp[c] + pi[c] + succoa[c],Sulfur Metabolism; Purine Metabolism,-1000.0,1000.0,C10H13N5O13P3,-4,c
atp[c],r_0578,ATP,atp[c] + for[c] + thf[c] <=> 10fthf[c] + adp[c] + pi[c],One carbon pool by folate,-1000.0,1000.0,C10H13N5O13P3,-4,c
atp[c],r_0795,ATP,atp[c] + cobalt2[c] + h2o[c] + hgbam[c] --> adp[c] + cob2nda[c] + h[c] + pi[c],Porphyrin and Chlorophyll Metabolism,0.0,1000.0,C10H13N5O13P3,-4,c
atp[c],r_0811,ATP,atp[c] + glyc[c] --> adp[c] + sng3p[c],Glycerolipid metabolism,0.0,1000.0,C10H13N5O13P3,-4,c
atp[c],r_0006,ATP,atp[c] + coa[c] + h[c] + hdca[c] <=> amp[c] + pmtcoa[c] + ppi[c],Fatty Acid Metabolism,-1000.0,1000.0,C10H13N5O13P3,-4,c
atp[c],r_0389,ATP,atp[c] + fmn[c] --> fad[c] + ppi[c],Riboflavin Metabolism,0.0,1000.0,C10H13N5O13P3,-4,c
atp[c],r_0774,ATP,atp[c] + btnCCP[c] + hco3[c] --> adp[c] + carP[c] + pi[c],[],0.0,1000.0,C10H13N5O13P3,-4,c
atp[c],r_0885,ATP,atp[c] + pty[c] --> adp[c] + e[c] + ptyp[c],[],0.0,1000.0,C10H13N5O13P3,-4,c
atp[c],r_0409,ATP,atp[c] + dhpt[c] + glu__L[c] --> adp[c] + dhf[c] + h[c] + pi[c],Folate Biosynthesis,0.0,1000.0,C10H13N5O13P3,-4,c
atp[c],r_0588,ATP,atp[c] + h2o[c] + 4.0 h[c] --> adp[c] + 5.0 h[e] + pi[c],Oxidative Phosphorylation,0.0,1000.0,C10H13N5O13P3,-4,c
atp[c],r_0616,ATP,atp[c] + h[c] + lys__L[c] + trnalys[c] <=> amp[c] + lystrna[c] + ppi[c],Aminoacyl-tRNA biosynthesis,-1000.0,1000.0,C10H13N5O13P3,-4,c
atp[c],r_0789,ATP,anhm[c] + atp[c] + h2o[c] --> acmum6p[c] + adp[c],Amino sugar and nucleotide sugar metabolism,0.0,1000.0,C10H13N5O13P3,-4,c
atp[c],r_0298,ATP,atp[c] + dgmp[c] <=> adp[c] + dgdp[c],Purine Metabolism,-1000.0,1000.0,C10H13N5O13P3,-4,c
g1p[c],r_0542,D-Glucose 1-phosphate,g1p[c] + nad[c] <=> 15gl[c] + h[c] + nadh[c],Pentose Phosphate Pathway,-1000.0,1000.0,C6H12O9P,-2,c
g1p[c],r_0814,D-Glucose 1-phosphate,ctp[c] + g1p[c] <=> cdpglc[c] + ppi[c],Amino sugar and nucleotide sugar metabolism,-1000.0,1000.0,C6H12O9P,-2,c
g1p[c],r_0001,D-Glucose 1-phosphate,atp[c] + g1p[c] --> adpglc[c] + ppi[c],Glycolysis / Gluconeogenesis,0.0,1000.0,C6H12O9P,-2,c
g1p[c],r_0541,D-Glucose 1-phosphate,g1p[c] + nadp[c] <=> 15gl[c] + h[c] + nadph[c],Pentose Phosphate Pathway,-1000.0,1000.0,C6H12O9P,-2,c
g1p[c],r_0537,D-Glucose 1-phosphate,atp[c] + g1p[c] --> adp[c] + g6p[c],Glycolysis / Gluconeogenesis,0.0,1000.0,C6H12O9P,-2,c
g1p[c],r_0974,D-Glucose 1-phosphate,malt__D[c] + 2.0 pi[c] --> 2.0 g1p[c] + h2o[c],,0.0,1000.0,C6H12O9P,-2,c
g1p[c],r_0522,D-Glucose 1-phosphate,glycogen[c] + h[c] + pi[c] <=> g1p[c] + glycogen1[c],Glycogen synthesis,-1000.0,1000.0,C6H12O9P,-2,c
g1p[c],r_0986,D-Glucose 1-phosphate,pi[c] + sucr[c] --> fru[c] + g1p[c],,0.0,1000.0,C6H12O9P,-2,c
g1p[c],r_0439,D-Glucose 1-phosphate,g1p[c] <=> g6p[c],Glycolysis / Gluconeogenesis,-1000.0,1000.0,C6H12O9P,-2,c
g1p[c],r_0886,D-Glucose 1-phosphate,g1p[c] + utp[c] <=> ppi[c] + udpg[c],Pentose and glucuronate interconversions,-1000.0,1000.0,C6H12O9P,-2,c
h[c],r_0168,H+,gtp[c] + 3.0 h2o[c] <=> 25drapp[c] + for[c] + h[c] + ppi[c],Riboflavin Metabolism,-1000.0,1000.0,H,1,c
h[c],r_0438,H+,accoa[c] + ddcacoa[c] + h[c] <=> 3otdcoa[c] + coa[c],Fatty Acid Metabolism,-1000.0,1000.0,H,1,c
h[c],r_0011,H+,ac[c] + atp[c] + coa[c] + h[c] --> accoa[c] + amp[c] + ppi[c],Glycolysis / Gluconeogenesis,0.0,1000.0,H,1,c
h[c],r_0592,H+,23dhmp[c] + nadp[c] <=> 3hmop[c] + h[c] + nadph[c],"Valine, Leucine and Isoleucine Biosynthesis",-1000.0,1000.0,H,1,c
h[c],r_0437,H+,asp__L[c] + atp[c] + h[c] + trnaasp[c] --> amp[c] + asptrna[c] + ppi[c],"Alanine, Aspartate and Glutamate metabolism",0.0,1000.0,H,1,c
h[c],r_0904,H+,nad[c] + pphn[c] <=> 34hpp[c] + co2[c] + h[c] + nadh[c],Phenylalanine Tyrosine Tryptophan Biosynthesis,-1000.0,1000.0,H,1,c
h[c],r_0051,H+,dhor__S[c] + h2o[c] <=> cbasp[c] + h[c],Sulfur Metabolism; Purine Metabolism,-1000.0,1000.0,H,1,c
h[c],r_0275,H+,cdpdag_cho[c] + ser__L[c] --> cmp[c] + h[c] + ps_cho[c],"Glycine, Serine, and Threonine Metabolism",0.0,1000.0,H,1,c
h[c],r_0345,H+,h2o[c] + ncam[c] --> h[c] + nac[c] + nh3[c],Nicotinate and Nicotinamide,0.0,1000.0,H,1,c
h[c],r_0436,H+,Largn[c] + h[c] --> co2[c] + h2o[c] + phe__L[c],Phenylalanine Tyrosine Tryptophan Biosynthesis,0.0,1000.0,H,1,c
h[c],r_0798,H+,h[c] + nadph[c] + qun[c] --> hqn[c] + nadp[c],Aminobenzoate degradation,0.0,1000.0,H,1,c
h[c],r_0850,H+,nad[c] + sng3p[c] --> dhap[c] + h[c] + nadh[c],Glycerophospholipid metabolism,0.0,1000.0,H,1,c
h[c],r_0435,H+,dgmp[c] + h2o[c] --> dgsn[c] + h[c] + pi[c],Purine Metabolism,0.0,1000.0,H,1,c
h[c],r_0442,H+,4ppcys[c] + h[c] <=> co2[c] + pan4p[c],Pantothenate and CoA Biosynthesis,-1000.0,1000.0,H,1,c
h[c],r_0906,H+,nadp[c] + pre6b[c] <=> h[c] + nadph[c] + pre6a[c],Porphyrin and Chlorophyll Metabolism,-1000.0,1000.0,H,1,c
h[c],r_0077,H+,h2o[c] + imp[c] + nad[c] --> h[c] + nadh[c] + xmp[c],Purine Metabolism,0.0,1000.0,H,1,c
h[c],r_0584,H+,nad[c] + qh2[c] --> h[c] + nadh[c] + q[c],Oxidative Phosphorylation,0.0,1000.0,H,1,c
h[c],r_0434,H+,atp[c] + h[c] + ile__L[c] + trnaile[c] --> amp[c] + iletrna[c] + ppi[c],"Valine, Leucine and Isoleucine Biosynthesis",0.0,1000.0,H,1,c
h[c],r_0085,H+,ru5p__D[c] <=> db4p[c] + for[c] + h[c],Riboflavin Metabolism,-1000.0,1000.0,H,1,c
h[c],r_1002,H+,atp[c] + man[c] --> adp[c] + h[c] + man6p[c],,0.0,1000.0,H,1,c
h[c],r_0433,H+,5apru[c] + h[c] + nadph[c] <=> 5aprbu[c] + nadp[c],Riboflavin Metabolism,-1000.0,1000.0,H,1,c
h[c],r_0064,H+,3psme[c] --> chor[c] + h[c] + pi[c],Phenylalanine Tyrosine Tryptophan Biosynthesis,0.0,1000.0,H,1,c
h[c],r_0175,H+,amet[c] + dna[c] --> ahcys[c] + dna5mtc[c] + h[c],Cysteine and Methionine Metabolism,0.0,1000.0,H,1,c
h[c],r_0432,H+,atp[c] + glu__L[c] + h[c] + trnaglu[c] --> amp[c] + glutrna[c] + ppi[c],"Alanine, Aspartate and Glutamate metabolism",0.0,1000.0,H,1,c
h[c],r_0624,H+,atp[c] + nh3[c] + utp[c] --> adp[c] + ctp[c] + h[c] + pi[c],Pyrimidine Metabolism,0.0,1000.0,H,1,c
h[c],r_0076,H+,h[c] + malACP[c] + myrsACP[c] --> 3opalmACP[c] + ACP[c] + co2[c],Fatty Acid Biosynthesis,0.0,1000.0,H,1,c
h[c],r_0722,H+,h2o[c] + o2[c] + pydam[c] --> h2o2[c] + h[c] + nh3[c] + pydx[c],Vitamin B6 Metabolism,0.0,1000.0,H,1,c
h[c],r_0431,H+,10fthf[c] + mettrna[c] --> fmettrna[c] + h[c] + thf[c],One carbon pool by folate,0.0,1000.0,H,1,c
h[c],r_0092,H+,glu__L[e] + h[e] <=> glu__L[c] + h[c],Transport,-1000.0,1000.0,H,1,c
h[c],r_1005,H+,nadp[c] + sbt__D[c] <=> glc__aD[c] + h[c] + nadph[c],,-1000.0,1000.0,H,1,c
h[c],r_0150,H+,butACP[c] + h[c] + malACP[c] --> 3ohexACP[c] + ACP[c] + co2[c],Fatty Acid Biosynthesis,0.0,1000.0,H,1,c
h[c],r_0503,H+,h2o[c] + pyam5p[c] --> h[c] + pi[c] + pydam[c],Vitamin B6 Metabolism,0.0,1000.0,H,1,c
h[c],r_0038,H+,2dda7p[c] --> 3dhq[c] + h[c] + pi[c],Phenylalanine Tyrosine Tryptophan Biosynthesis,0.0,1000.0,H,1,c
h[c],r_0091,H+,acACP[c] + h[c] + malACP[c] --> ACP[c] + actACP[c] + co2[c],Fatty Acid Biosynthesis,0.0,1000.0,H,1,c
h[c],r_0279,H+,h2o[c] + hisp[c] --> h[c] + histd[c] + pi[c],Histidine Metabolism,0.0,1000.0,H,1,c
h[c],r_0595,H+,23dhmb[c] + nadp[c] <=> 3hmoa[c] + h[c] + nadph[c],"Valine, Leucine and Isoleucine Biosynthesis",-1000.0,1000.0,H,1,c
h[c],r_0429,H+,h2o[c] + imp[c] --> h[c] + ins[c] + pi[c],Purine Metabolism,0.0,1000.0,H,1,c
h[c],r_0596,H+,aspsa[c] + pyr[c] <=> 4hthdp[c] + h2o[c] + h[c],Lysine Biosynthesis,-1000.0,1000.0,H,1,c
h[c],r_0502,H+,56dthm[c] + nadp[c] <=> h[c] + nadph[c] + thym[c],Pyrimidine Metabolism,-1000.0,1000.0,H,1,c
h[c],r_0086,H+,accoa[c] + glu__L[c] --> acglu[c] + coa[c] + h[c],Arginine biosynthesis,0.0,1000.0,H,1,c
h[c],r_1008,H+,mnl[c] + nad[c] <=> fru[c] + h[c] + nadh[c],,-1000.0,1000.0,H,1,c
h[c],r_0113,H+,ala__L[c] + h2o[c] + nad[c] <=> 2.0 h[c] + nadh[c] + nh3[c] + pyr[c],Sulfur Metabolism; Purine Metabolism,-1000.0,1000.0,H,1,c
h[c],r_0499,H+,h2o[c] + ppi[c] --> 2.0 h[c] + 2.0 pi[c],Oxidative Phosphorylation,0.0,1000.0,H,1,c
h[c],r_0031,H+,asp__L[c] --> fum[c] + h[c] + nh3[c],"Alanine, Aspartate and Glutamate metabolism",0.0,1000.0,H,1,c
h[c],r_0148,H+,h[c] + hexACP[c] + malACP[c] --> 3ooctACP[c] + ACP[c] + co2[c],Fatty Acid Biosynthesis,0.0,1000.0,H,1,c
h[c],r_0426,H+,dscl[c] + nad[c] --> h[c] + nadh[c] + scl[c],Porphyrin Metabolism,0.0,1000.0,H,1,c
h[c],r_0267,H+,3hhcoa[c] + nad[c] <=> 3ohcoa[c] + h[c] + nadh[c],Fatty Acid Metabolism,-1000.0,1000.0,H,1,c
h[c],r_0425,H+,atp[c] + fgam[c] + gln__L[c] + h2o[c] --> adp[c] + fpram[c] + glu__L[c] + h[c] + pi[c],Purine Metabolism,0.0,1000.0,H,1,c
h[c],r_0046,H+,thr__L[c] --> 2obut[c] + h[c] + nh3[c],"Glycine, Serine, and Threonine Metabolism",0.0,1000.0,H,1,c
h[c],r_0262,H+,5.0 h[c] + nadh[c] + q[c] <=> 4.0 h[e] + nad[c] + qh2[c],Oxidative Phosphorylation,-1000.0,1000.0,H,1,c
h[c],r_1011,H+,abt__D[c] + nad[c] <=> h[c] + nadh[c] + rbl__D[c],,-1000.0,1000.0,H,1,c
h[c],r_0147,H+,3uib[c] + h2o[c] + h[c] --> 3aib__D[c] + co2[c] + nh3[c],Pyrimidine Metabolism,0.0,1000.0,H,1,c
h[c],r_0005,H+,3odecACP[c] + h[c] + nadph[c] <=> 3hdecACP[c] + nadp[c],Fatty Acid Biosynthesis,-1000.0,1000.0,H,1,c
h[c],r_0083,H+,23dhmb[c] + nadp[c] <=> alac__S[c] + h[c] + nadph[c],"Valine, Leucine and Isoleucine Biosynthesis",-1000.0,1000.0,H,1,c
h[c],r_0272,H+,h2o[c] + methf[c] <=> 10fthf[c] + h[c],One carbon pool by folate,-1000.0,1000.0,H,1,c
h[c],r_0102,H+,e4p[c] + h2o[c] + pep[c] --> 2dda7p[c] + h[c] + pi[c],Phenylalanine Tyrosine Tryptophan Biosynthesis,0.0,1000.0,H,1,c
h[c],r_0281,H+,nad[c] + pro__L[c] --> 1pyr5c[c] + h[c] + nadh[c],Arginine and Proline Metabolism,0.0,1000.0,H,1,c
h[c],r_0190,H+,nad[c] + thr__L[c] --> 2aobut[c] + h[c] + nadh[c],"Glycine, Serine, and Threonine Metabolism",0.0,1000.0,H,1,c
h[c],r_1014,H+,atp[c] + rbl__D[c] --> adp[c] + h[c] + ru5p__D[c],,0.0,1000.0,H,1,c
h[c],r_0224,H+,fdp[c] + h2o[c] <=> f6p[c] + h[c] + pi[c],Glycolysis / Gluconeogenesis,-1000.0,1000.0,H,1,c
h[c],r_0496,H+,air[c] + co2[c] <=> 5aizc[c] + h[c],Purine Metabolism,-1000.0,1000.0,H,1,c
h[c],r_0048,H+,h2o[c] + rnam[c] --> h[c] + ncam[c] + rib__D[c],Sulfur Metabolism; Purine Metabolism,0.0,1000.0,H,1,c
h[c],r_0261,H+,h[c] + nadh[c] + thex2eACP[c] --> hexACP[c] + nad[c],Fatty Acid Biosynthesis,0.0,1000.0,H,1,c
h[c],r_0849,H+,nadp[c] + sng3p[c] --> dhap[c] + h[c] + nadph[c],Glycerophospholipid metabolism,0.0,1000.0,H,1,c
h[c],r_0173,H+,h[c] + nadh[c] + tddec2eACP[c] --> ddcaACP[c] + nad[c],Fatty Acid Biosynthesis,0.0,1000.0,H,1,c
h[c],r_0494,H+,h2o[c] + pdx5p[c] --> h[c] + pi[c] + pydxn[c],Vitamin B6 Metabolism,0.0,1000.0,H,1,c
h[c],r_0047,H+,6r5au[c] + db4p[c] <=> dmlz[c] + 2.0 h2o[c] + h[c] + pi[c],Riboflavin Metabolism,-1000.0,1000.0,H,1,c
h[c],r_0264,H+,mal__L[c] + nad[c] <=> h[c] + nadh[c] + oaa[c],Glycolysis / Gluconeogenesis;TCA Cycle,-1000.0,1000.0,H,1,c
h[c],r_0728,H+,atp[c] + h[c] + pi[c] + pyr[c] <=> amp[c] + pep[c] + ppi[c],Glycolysis / Gluconeogenesis,-1000.0,1000.0,H,1,c
h[c],r_0144,H+,ac[c] + atp[c] + h[c] <=> actp[c] + adp[c],Glycolysis / Gluconeogenesis,-1000.0,1000.0,H,1,c
h[c],r_0222,H+,h2o[c] + phom[c] --> h[c] + pi[c] + thr__L[c],"Glycine, Serine, and Threonine Metabolism",0.0,1000.0,H,1,c
h[c],r_0421,H+,2cpr5p[c] + h[c] --> 3ig3p[c] + co2[c] + h2o[c],Phenylalanine Tyrosine Tryptophan Biosynthesis,0.0,1000.0,H,1,c
h[c],r_0923,H+,Lcyst[c] + h2o[c] <=> h[c] + hso3[c] + nh3[c] + pyr[c],Cysteine and Methionine Metabolism,-1000.0,1000.0,H,1,c
h[c],r_0075,H+,atp[c] + gly[c] + pram[c] --> adp[c] + gar[c] + h[c] + pi[c],Purine Metabolism,0.0,1000.0,H,1,c
h[c],r_0417,H+,gmp[c] + h2o[c] --> gsn[c] + h[c] + pi[c],Purine Metabolism,0.0,1000.0,H,1,c
h[c],r_0634,H+,asp__L[c] + h2o[c] + o2[c] --> h2o2[c] + h[c] + nh3[c] + oaa[c],"Alanine, Aspartate and Glutamate metabolism",0.0,1000.0,H,1,c
h[c],r_0263,H+,gly[c] + nad[c] + thf[c] --> co2[c] + h[c] + mlthf[c] + nadh[c] + nh3[c],One carbon pool by folate,0.0,1000.0,H,1,c
h[c],r_0142,H+,3pg[c] + atp[c] + h[c] <=> 13dpg[c] + adp[c],Glycolysis / Gluconeogenesis,-1000.0,1000.0,H,1,c
h[c],r_0221,H+,3ohexACP[c] + h[c] + nadph[c] <=> 3hhexACP[c] + nadp[c],Fatty Acid Biosynthesis,-1000.0,1000.0,H,1,c
h[c],r_0087,H+,3mob[c] + accoa[c] + h2o[c] --> 3c3hmp[c] + coa[c] + h[c],"Valine, Leucine and Isoleucine Biosynthesis",0.0,1000.0,H,1,c
h[c],r_0587,H+,4.0 focytC[c] + 4.0 h[c] + o2[c] --> 4.0 ficytC[c] + 2.0 h2o[c],Oxidative Phosphorylation,0.0,1000.0,H,1,c
h[c],r_0718,H+,h[c] + nadh[c] + o2[c] + pre3a[c] --> h2o[c] + nad[c] + pre3b[c],Porphyrin and Chlorophyll Metabolism,0.0,1000.0,H,1,c
h[c],r_0490,H+,glutrna[c] + h[c] + nadph[c] --> glu1sa[c] + nadp[c] + trnaglu[c],Porphyrin and Chlorophyll Metabolism,0.0,1000.0,H,1,c
h[c],r_0055,H+,adocbi[c] + atp[c] --> adocbip[c] + adp[c] + h[c],"Valine, Leucine and Isoleucine Degradation",0.0,1000.0,H,1,c
h[c],r_0270,H+,16.0 atp[c] + 8.0 fdxrd[c] + 16.0 h2o[c] + n2[c] --> 16.0 adp[c] + 8.0 fdxox[c] + 2.0 fixedNH3[c] + h2[c] + 8.0 h[c] + 16.0 pi[c],Nitrogen Metabolism; Symbiosis,0.0,1000.0,H,1,c
h[c],r_0322,H+,h[c] + nadh[c] + tpalm2eACP[c] --> nad[c] + palmACP[c],Fatty Acid Biosynthesis,0.0,1000.0,H,1,c
h[c],r_0141,H+,2.0 5aop[c] --> 2.0 h2o[c] + h[c] + ppbng[c],Porphyrin and Chlorophyll Metabolism,0.0,1000.0,H,1,c
h[c],r_0489,H+,h[c] + ptcys[c] <=> co2[c] + ptth[c],Pantothenate and CoA Biosynthesis,-1000.0,1000.0,H,1,c
h[c],r_0640,H+,gly[c] + h[c] + succoa[c] --> 5aop[c] + co2[c] + coa[c],"Glycine, Serine, and Threonine Metabolism",0.0,1000.0,H,1,c
h[c],r_0082,H+,fe2[c] + ppp9[c] <=> 2.0 h[c] + pheme[c],Porphyrin and Chlorophyll Metabolism,-1000.0,1000.0,H,1,c
h[c],r_0323,H+,adp[c] + 2.0 h[e] + pi[c] --> atp[c] + h2o[c] + h[c],Oxidative Phosphorylation,0.0,1000.0,H,1,c
h[c],r_1021,H+,nad[c] + quin[c] <=> 3dhq[c] + h[c] + nadh[c],,-1000.0,1000.0,H,1,c
h[c],r_0487,H+,5prdmbz[c] + h2o[c] --> h[c] + pi[c] + rdmbzi[c],Porphyrin Metabolism,0.0,1000.0,H,1,c
h[c],r_0614,H+,6.0 fdxox[c] + 3.0 h2o[c] + h2s[c] <=> 6.0 fdxrd[c] + 7.0 h[c] + so3[c],Sulfur Metabolism,-1000.0,1000.0,H,1,c
h[c],r_0074,H+,2dhp[c] + h[c] + nadph[c] <=> nadp[c] + pant__R[c],Pantothenate and CoA Biosynthesis,-1000.0,1000.0,H,1,c
h[c],r_0321,H+,2.0 h[e] + nadh[c] + nadp[c] --> 2.0 h[c] + nad[c] + nadph[c],Transport,0.0,1000.0,H,1,c
h[c],r_0414,H+,gthox[c] + h[c] + nadph[c] <=> 2.0 gthrd[c] + nadp[c],Glutathione Metabolism,-1000.0,1000.0,H,1,c
h[c],r_0488,H+,h2o[c] + pydx5p[c] --> h[c] + pi[c] + pydx[c],Vitamin B6 Metabolism,0.0,1000.0,H,1,c
h[c],r_0643,H+,h2s[c] + pser__L[c] --> cys__L[c] + h[c] + pi[c],Cysteine and Methionine Metabolism,0.0,1000.0,H,1,c
h[c],r_0009,H+,3c4mop[c] + h[c] --> 4mop[c] + co2[c],"Valine, Leucine and Isoleucine Biosynthesis",0.0,1000.0,H,1,c
h[c],r_0228,H+,10fthf[c] + gar[c] --> fgam[c] + h[c] + thf[c],Purine Metabolism,0.0,1000.0,H,1,c
h[c],r_0413,H+,atp[c] + cys__L[c] + h[c] + trnacys[c] --> amp[c] + cystrna[c] + ppi[c],Aminoacyl-tRNA biosynthesis,0.0,1000.0,H,1,c
h[c],r_0441,H+,atp[c] + h[c] + trnaval[c] + val__L[c] --> amp[c] + ppi[c] + valtrna[c],"Valine, Leucine and Isoleucine Biosynthesis",0.0,1000.0,H,1,c
h[c],r_0601,H+,h2o[c] + histda[c] + nad[c] --> 2.0 h[c] + his__L[c] + nadh[c],Histidine Metabolism,0.0,1000.0,H,1,c
h[c],r_0090,H+,h[c] + orn[c] --> co2[c] + ptrc[c],Arginine and Proline Metabolism,0.0,1000.0,H,1,c
h[c],r_0319,H+,atp[c] + h2o[c] + so4[e] --> adp[c] + h[c] + pi[c] + so4[c],Transport,0.0,1000.0,H,1,c
h[c],r_0859,H+,4hthdp[c] + h[c] + nadh[c] <=> nad[c] + thdp[c],Lysine Biosynthesis,-1000.0,1000.0,H,1,c
h[c],r_1024,H+,lac__L[c] + nad[c] <=> h[c] + nadh[c] + pyr[c],,-1000.0,1000.0,H,1,c
h[c],r_0139,H+,3oddecACP[c] + h[c] + nadph[c] <=> 3hddecACP[c] + nadp[c],Fatty Acid Biosynthesis,-1000.0,1000.0,H,1,c
h[c],r_0485,H+,akg[c] + h[c] + lpam[c] <=> co2[c] + sdhlam[c],TCA Cycle,-1000.0,1000.0,H,1,c
h[c],r_0564,H+,atp[c] + dnad[c] + h[c] + nh3[c] --> amp[c] + nad[c] + ppi[c],Nicotinate and Nicotinamide,0.0,1000.0,H,1,c
h[c],r_0602,H+,3.0 amet[c] + h[c] + his__L[c] --> 3.0 ahcys[c] + hercyn[c],Histidine Metabolism,0.0,1000.0,H,1,c
h[c],r_0003,H+,aacoa[c] + h[c] + nadh[c] <=> 3hbcoa[c] + nad[c],Fatty Acid Metabolism,-1000.0,1000.0,H,1,c
h[c],r_0072,H+,gsn[c] + h[c] + pi[c] <=> gua[c] + r1p[c],Purine Metabolism,-1000.0,1000.0,H,1,c
h[c],r_0317,H+,atp[c] + h[c] + lys__L[c] + trnalys[c] --> amp[c] + lystrna[c] + ppi[c],Lysine Biosynthesis,0.0,1000.0,H,1,c
h[c],r_0760,H+,2.0 h[c] + 2.0 sox[c] <=> h2o2[c] + o2[c],superoxide radicals degradation,-1000.0,1000.0,H,1,c
h[c],r_0484,H+,glu__L[c] + h[c] --> 4abut[c] + co2[c],Nitrogen Metabolism,0.0,1000.0,H,1,c
h[c],r_0539,H+,acald[c] + h[c] + nadh[c] <=> etoh[c] + nad[c],Glycolysis / Gluconeogenesis,-1000.0,1000.0,H,1,c
h[c],r_0646,H+,cys__L[c] + h2o[c] <=> h2s[c] + h[c] + nh3[c] + pyr[c],Cysteine and Methionine Metabolism,-1000.0,1000.0,H,1,c
h[c],r_0071,H+,atp[c] + cys__L[c] + glu__L[c] --> adp[c] + glucys[c] + h[c] + pi[c],Glutathione Metabolism,0.0,1000.0,H,1,c
h[c],r_0318,H+,h[c] + nadph[c] + tpalm2eACP[c] --> nadp[c] + palmACP[c],Fatty Acid Biosynthesis,0.0,1000.0,H,1,c
h[c],r_0374,H+,2mahmp[c] + 4mpetz[c] + h[c] --> ppi[c] + thmmp[c],Thiamine Metabolism,0.0,1000.0,H,1,c
h[c],r_0538,H+,acald[c] + h2o[c] + nadp[c] <=> ac[c] + 2.0 h[c] + nadph[c],Glycolysis / Gluconeogenesis,-1000.0,1000.0,H,1,c
h[c],r_0007,H+,duri[c] + h[c] + pi[c] <=> 2dr1p[c] + ura[c],Pyrimidine Metabolism,-1000.0,1000.0,H,1,c
h[c],r_0058,H+,2mecdp[c] + h[c] + nadh[c] --> h2mb4p[c] + h2o[c] + nad[c],Terpenoid Backbone Biosynthesis,0.0,1000.0,H,1,c
h[c],r_0316,H+,alaala[c] + atp[c] + ugmd[c] --> adp[c] + h[c] + pi[c] + ugmda[c],Lysine Biosynthesis,0.0,1000.0,H,1,c
h[c],r_0169,H+,asp__L[c] + atp[c] + h[c] --> 4pasp[c] + adp[c],"Glycine, Serine, and Threonine Metabolism",0.0,1000.0,H,1,c
h[c],r_0227,H+,h[c] + pyr[c] + thmpp[c] --> 2ahethmpp[c] + co2[c],TCA Cycle,0.0,1000.0,H,1,c
h[c],r_0371,H+,26dap__M[c] + atp[c] + uamag[c] --> adp[c] + h[c] + pi[c] + ugmd[c],Lysine Biosynthesis,0.0,1000.0,H,1,c
h[c],r_0481,H+,achms[c] + cys__L[c] <=> ac[c] + cyst__L[c] + h[c],Cysteine and Methionine Metabolism,-1000.0,1000.0,H,1,c
h[c],r_0008,H+,g6p[c] + nadp[c] --> 6pgl[c] + h[c] + nadph[c],Pentose Phosphate Pathway,0.0,1000.0,H,1,c
h[c],r_0315,H+,h2o[c] + palmACP[c] <=> ACP[c] + h[c] + hdca[c],Fatty Acid Biosynthesis,-1000.0,1000.0,H,1,c
h[c],r_0482,H+,arg__L[c] + h[c] --> agm[c] + co2[c],Arginine and Proline Metabolism,0.0,1000.0,H,1,c
h[c],r_0536,H+,atp[c] + h[c] + oaa[c] --> adp[c] + co2[c] + pep[c],Glycolysis / Gluconeogenesis;TCA Cycle,0.0,1000.0,H,1,c
h[c],r_0936,H+,dhlpyprot[c] + nad[c] <=> h[c] + lprot[c] + nadh[c],"Glycine, Serine, and Threonine Metabolism",-1000.0,1000.0,H,1,c
h[c],r_0088,H+,e4p[c] + h2o[c] + nad[c] <=> 4per[c] + 2.0 h[c] + nadh[c],Vitamin B6 Metabolism,-1000.0,1000.0,H,1,c
h[c],r_0314,H+,atp[c] + h2o[c] + thm[e] --> adp[c] + h[c] + pi[c] + thm[c],Transport,0.0,1000.0,H,1,c
h[c],r_0804,H+,nadp[c] + uamr[c] <=> h[c] + nadph[c] + uaccg[c],Amino sugar and nucleotide sugar metabolism,-1000.0,1000.0,H,1,c
h[c],r_0881,H+,3hmp[c] + nad[c] --> 2mop[c] + h[c] + nadh[c],[],0.0,1000.0,H,1,c
h[c],r_1029,H+,galctn__L[c] + nadp[c] <=> galur[c] + h[c] + nadph[c],,-1000.0,1000.0,H,1,c
h[c],r_0252,H+,atp[c] + h2o[c] + mg2[e] --> adp[c] + h[c] + mg2[c] + pi[c],Transport,0.0,1000.0,H,1,c
h[c],r_0369,H+,dtmp[c] + h2o[c] --> h[c] + pi[c] + thymd[c],Pyrimidine Metabolism,0.0,1000.0,H,1,c
h[c],r_0479,H+,h2o[c] + suchms[c] <=> 2obut[c] + 2.0 h[c] + nh3[c] + succ[c],Cysteine and Methionine Metabolism,-1000.0,1000.0,H,1,c
h[c],r_0546,H+,2ins[c] + nad[c] --> 3desins[c] + h[c] + nadh[c],Inositol Phosphate Metabolism,0.0,1000.0,H,1,c
h[c],r_0937,H+,athr__L[c] + nadp[c] --> 2aobut[c] + h[c] + nadph[c],"Glycine, Serine, and Threonine Metabolism",0.0,1000.0,H,1,c
h[c],r_0313,H+,2ahbut[c] + h[c] + nadph[c] <=> 23dhmp[c] + nadp[c],"Valine, Leucine and Isoleucine Biosynthesis",-1000.0,1000.0,H,1,c
h[c],r_0136,H+,3hddcoa[c] + nad[c] <=> 3oddcoa[c] + h[c] + nadh[c],Fatty Acid Metabolism,-1000.0,1000.0,H,1,c
h[c],r_0254,H+,ddcaACP[c] + h[c] + malACP[c] --> 3omrsACP[c] + ACP[c] + co2[c],Fatty Acid Biosynthesis,0.0,1000.0,H,1,c
h[c],r_0480,H+,cys__L[c] + suchms[c] --> cyst__L[c] + h[c] + succ[c],Cysteine and Methionine Metabolism,0.0,1000.0,H,1,c
h[c],r_0535,H+,co[c] + 2.0 fdxox[c] + h2o[c] --> co2[c] + 2.0 fdxrd[c] + 2.0 h[c],[],0.0,1000.0,H,1,c
h[c],r_0651,H+,hom__L[c] + nad[c] <=> aspsa[c] + h[c] + nadh[c],Cysteine and Methionine Metabolism,-1000.0,1000.0,H,1,c
h[c],r_0312,H+,actACP[c] + h[c] + nadph[c] <=> 3hbutACP[c] + nadp[c],Fatty Acid Biosynthesis,-1000.0,1000.0,H,1,c
h[c],r_0114,H+,dad_2[c] + h[c] + pi[c] <=> 2dr1p[c] + ade[c],Purine Metabolism,-1000.0,1000.0,H,1,c
h[c],r_0239,H+,h2s[c] + suchms[c] <=> h[c] + hcys__L[c] + succ[c],Cysteine and Methionine Metabolism,-1000.0,1000.0,H,1,c
h[c],r_0478,H+,atp[c] + h[c] + pro__L[c] + trnapro[c] --> amp[c] + ppi[c] + protrna[c],Aminoacyl-tRNA biosynthesis,0.0,1000.0,H,1,c
h[c],r_0518,H+,bhb[c] + nad[c] <=> acac[c] + h[c] + nadh[c],PHB synthesis,-1000.0,1000.0,H,1,c
h[c],r_0042,H+,2.0 fdxrd[c] + h[c] + nadp[c] <=> 2.0 fdxox[c] + nadph[c],Nicotinate and Nicotinamide,-1000.0,1000.0,H,1,c
h[c],r_0311,H+,dxyl5p[c] + nad[c] + phthr[c] --> co2[c] + 2.0 h2o[c] + 2.0 h[c] + nadh[c] + pdx5p[c] + pi[c],Vitamin B6 Metabolism,0.0,1000.0,H,1,c
h[c],r_0888,H+,2ddglcn[c] + nad[c] --> 46dh25dohxn[c] + h[c] + nadh[c],Pentose and glucuronate interconversions,0.0,1000.0,H,1,c
h[c],r_1032,H+,glycs[c] + h[c] + nadph[c] <=> glyc[c] + nadp[c],,-1000.0,1000.0,H,1,c
h[c],r_0163,H+,arg__L[c] + h2o[c] <=> citr__L[c] + h[c] + nh3[c],Arginine biosynthesis,-1000.0,1000.0,H,1,c
h[c],r_0249,H+,g3p[c] + h[c] + pyr[c] --> co2[c] + dxyl5p[c],Terpenoid Backbone Biosynthesis,0.0,1000.0,H,1,c
h[c],r_0547,H+,nadp[c] + syinost[c] --> 2ins[c] + h[c] + nadph[c],Inositol Phosphate Metabolism,0.0,1000.0,H,1,c
h[c],r_0255,H+,h2o[c] + phthr[c] --> 4hthr[c] + h[c] + pi[c],Vitamin B6 Metabolism,0.0,1000.0,H,1,c
h[c],r_0380,H+,achms[c] + h2s[c] <=> ac[c] + h[c] + hcys__L[c],Sulfur Metabolism,-1000.0,1000.0,H,1,c
h[c],r_0632,H+,56dthm[c] + nad[c] <=> h[c] + nadh[c] + thym[c],Pyrimidine Metabolism,-1000.0,1000.0,H,1,c
h[c],r_0014,H+,3htdcoa[c] + nad[c] <=> 3otdcoa[c] + h[c] + nadh[c],Fatty Acid Metabolism,-1000.0,1000.0,H,1,c
h[c],r_0135,H+,gln__L[c] + prlp[c] --> aicar[c] + eig3p[c] + glu__L[c] + h[c],Histidine Metabolism,0.0,1000.0,H,1,c
h[c],r_0258,H+,3hhdcoa[c] + nad[c] <=> 3ohdcoa[c] + h[c] + nadh[c],Fatty Acid Metabolism,-1000.0,1000.0,H,1,c
h[c],r_0367,H+,gdptp[c] + h2o[c] <=> h[c] + pi[c] + ppgpp[c],Purine Metabolism,-1000.0,1000.0,H,1,c
h[c],r_0395,H+,h2o[c] + nicrnt[c] --> h[c] + nicrns[c] + pi[c],Nicotinate and Nicotinamide,0.0,1000.0,H,1,c
h[c],r_0065,H+,atp[c] + glu__L[c] + h[c] --> adp[c] + glu5p[c],Arginine and Proline Metabolism,0.0,1000.0,H,1,c
h[c],r_0901,H+,fmn[c] + h[c] + nadh[c] <=> fmnh2[c] + nad[c],Riboflavin Metabolism,-1000.0,1000.0,H,1,c
h[c],r_0474,H+,h2o[c] + 4.0 ppbng[c] --> 4.0 h[c] + hmbil[c] + 4.0 nh3[c],Porphyrin and Chlorophyll Metabolism,0.0,1000.0,H,1,c
h[c],r_0944,H+,h[c] + pi[c] + uri[c] <=> r1p[c] + ura[c],Pyrimidine Metabolism,-1000.0,1000.0,H,1,c
h[c],r_0306,H+,atp[c] + h2o[c] + pi[e] --> adp[c] + h[c] + 2.0 pi[c],Transport,0.0,1000.0,H,1,c
h[c],r_0590,H+,2obut[c] + h[c] + pyr[c] --> 2ahbut[c] + co2[c],"Valine, Leucine and Isoleucine Biosynthesis",0.0,1000.0,H,1,c
h[c],r_0727,H+,3sulac[c] + nad[c] <=> 3spyr[c] + h[c] + nadh[c],Cysteine and Methionine Metabolism,-1000.0,1000.0,H,1,c
h[c],r_0898,H+,atp[c] + h2o[c] + mg2[c] --> adp[c] + h[c] + mg2[e] + pi[c],[],0.0,1000.0,H,1,c
h[c],r_0248,H+,dcaACP[c] + h[c] + malACP[c] --> 3oddecACP[c] + ACP[c] + co2[c],Fatty Acid Biosynthesis,0.0,1000.0,H,1,c
h[c],r_0471,H+,h2o[c] + nadp[c] + sucsal[c] --> 2.0 h[c] + nadph[c] + succ[c],Nitrogen Metabolism,0.0,1000.0,H,1,c
h[c],r_0053,H+,56dthm[c] + h2o[c] --> 3uib[c] + h[c],Pyrimidine Metabolism,0.0,1000.0,H,1,c
h[c],r_0305,H+,atp[c] + fe2[e] + h2o[c] --> adp[c] + fe2[c] + h[c] + pi[c],Transport,0.0,1000.0,H,1,c
h[c],r_1038,H+,atp[c] + fcl__L[c] --> adp[c] + fc1p[c] + h[c],,0.0,1000.0,H,1,c
h[c],r_0251,H+,4abutn[c] + h2o[c] + nad[c] --> 4abut[c] + 2.0 h[c] + nadh[c],Arginine and Proline Metabolism,0.0,1000.0,H,1,c
h[c],r_0377,H+,atp[c] + h[c] + his__L[c] + trnahis[c] --> amp[c] + histrna[c] + ppi[c],Histidine Metabolism,0.0,1000.0,H,1,c
h[c],r_0472,H+,2.0 atp[c] + gln__L[c] + h2o[c] + hco3[c] --> 2.0 adp[c] + cbp[c] + glu__L[c] + h[c] + pi[c],"Alanine, Aspartate and Glutamate metabolism",0.0,1000.0,H,1,c
h[c],r_0583,H+,h[c] + nadh[c] + qun[c] --> hqn[c] + nad[c],Oxidative Phosphorylation,0.0,1000.0,H,1,c
h[c],r_0089,H+,h[c] + pphn[c] <=> co2[c] + h2o[c] + phpyr[c],Phenylalanine Tyrosine Tryptophan Biosynthesis,-1000.0,1000.0,H,1,c
h[c],r_0304,H+,atp[c] + h2o[c] + mobd[e] --> adp[c] + h[c] + mobd[c] + pi[c],Transport,0.0,1000.0,H,1,c
h[c],r_0586,H+,2.0 ficytC[c] + hqn[c] --> 2.0 focytC[c] + 2.0 h[c] + qun[c],Oxidative Phosphorylation,0.0,1000.0,H,1,c
h[c],r_0757,H+,atp[c] + h[c] + hco3[c] + thr__L[c] --> h2o[c] + lthrcala[c] + ppi[c],Nucleic Acid Processing,0.0,1000.0,H,1,c
h[c],r_0131,H+,5aizc[c] + asp__L[c] + atp[c] <=> 25aics[c] + adp[c] + 2.0 h[c] + pi[c],Purine Metabolism,-1000.0,1000.0,H,1,c
h[c],r_0235,H+,3opalmACP[c] + h[c] + nadph[c] <=> 3hpalmACP[c] + nadp[c],Fatty Acid Biosynthesis,-1000.0,1000.0,H,1,c
h[c],r_0440,H+,asp__L[c] + cbp[c] --> cbasp[c] + 2.0 h[c] + pi[c],"Alanine, Aspartate and Glutamate metabolism",0.0,1000.0,H,1,c
h[c],r_0470,H+,damp[c] + h2o[c] <=> dad_2[c] + h[c] + pi[c],Purine Metabolism,-1000.0,1000.0,H,1,c
h[c],r_0605,H+,Nforglu[c] + h2o[c] <=> for[c] + glu__L[c] + h[c],Histidine Metabolism,-1000.0,1000.0,H,1,c
h[c],r_0024,H+,2.0 h[c] + o2[c] + 2.0 qh2[c] --> 2.0 h2o[c] + 2.0 h[e] + 2.0 q[c],Oxidative Phosphorylation,0.0,1000.0,H,1,c
h[c],r_0063,H+,3hocoa[c] + nad[c] <=> 3oocoa[c] + h[c] + nadh[c],Fatty Acid Metabolism,-1000.0,1000.0,H,1,c
h[c],r_1040,H+,h2o[c] + lald__L[c] + nad[c] <=> 2.0 h[c] + lac__L[c] + nadh[c],,-1000.0,1000.0,H,1,c
h[c],r_0242,H+,h[c] + malACP[c] + ocACP[c] --> 3odecACP[c] + ACP[c] + co2[c],Fatty Acid Biosynthesis,0.0,1000.0,H,1,c
h[c],r_0468,H+,akg[c] + gln__L[c] + h[c] + nadph[c] --> 2.0 glu__L[c] + nadp[c],Nitrogen Metabolism,0.0,1000.0,H,1,c
h[c],r_0006,H+,atp[c] + coa[c] + h[c] + hdca[c] <=> amp[c] + pmtcoa[c] + ppi[c],Fatty Acid Metabolism,-1000.0,1000.0,H,1,c
h[c],r_1041,H+,fuc__L[c] + h[c] <=> fuc__L[e] + h[e],Transport,-1000.0,1000.0,H,1,c
h[c],r_0610,H+,2mecdp[c] + 2.0 fdxrd[c] + 2.0 h[c] --> 2.0 fdxox[c] + h2mb4p[c] + h2o[c],Terpenoid Backbone Biosynthesis,0.0,1000.0,H,1,c
h[c],r_0027,H+,gtp[c] + h2o[c] --> ahdt[c] + for[c] + h[c],Folate Biosynthesis,0.0,1000.0,H,1,c
h[c],r_0078,H+,2.0 fdxrd[c] + h2mb4p[c] + 2.0 h[c] <=> 2.0 fdxox[c] + h2o[c] + ipdp[c],Terpenoid Backbone Biosynthesis,-1000.0,1000.0,H,1,c
h[c],r_0301,H+,air[c] + amet[c] + h2o[c] --> 4ahmmp[c] + co[c] + dad_5[c] + for[c] + 4.0 h[c] + met__L[c] + pi[c],Thiamine Metabolism,0.0,1000.0,H,1,c
h[c],r_0588,H+,atp[c] + h2o[c] + 4.0 h[c] --> adp[c] + 5.0 h[e] + pi[c],Oxidative Phosphorylation,0.0,1000.0,H,1,c
h[c],r_0161,H+,dhf[c] + h[c] + nadph[c] <=> nadp[c] + thf[c],Folate Biosynthesis,-1000.0,1000.0,H,1,c
h[c],r_0259,H+,h[c] + pi[c] + xtsn[c] <=> r1p[c] + xan[c],Purine Metabolism,-1000.0,1000.0,H,1,c
h[c],r_0381,H+,4.0 h[c] + 3.0 nadph[c] + so3[c] --> 3.0 h2o[c] + h2s[c] + 3.0 nadp[c],Sulfur Metabolism,0.0,1000.0,H,1,c
h[c],r_0532,H+,h[e] + pi[e] <=> h[c] + pi[c],Transport,-1000.0,1000.0,H,1,c
h[c],r_0598,H+,26dap_LL[c] + akg[c] <=> glu__L[c] + h2o[c] + h[c] + thdp[c],Lysine Biosynthesis,-1000.0,1000.0,H,1,c
h[c],r_0067,H+,fmn[c] + h2o[c] --> h[c] + pi[c] + ribflv[c],Riboflavin Metabolism,0.0,1000.0,H,1,c
h[c],r_0300,H+,h[c] + orot5p[c] --> co2[c] + ump[c],Pyrimidine Metabolism,0.0,1000.0,H,1,c
h[c],r_0365,H+,56dura[c] + nad[c] <=> h[c] + nadh[c] + ura[c],Pyrimidine Metabolism,-1000.0,1000.0,H,1,c
h[c],r_0466,H+,h[c] + nadph[c] + tddec2eACP[c] --> ddcaACP[c] + nadp[c],Fatty Acid Biosynthesis,0.0,1000.0,H,1,c
h[c],r_0444,H+,accoa[c] + atp[c] + hco3[c] <=> adp[c] + h[c] + malcoa[c] + pi[c],Fatty Acid Biosynthesis,-1000.0,1000.0,H,1,c
h[c],r_0112,H+,2.0 h[e] + succ[e] --> 2.0 h[c] + succ[c],Transport,0.0,1000.0,H,1,c
h[c],r_0951,H+,15gl[c] + h2o[c] <=> glcn[c] + h[c],Pentose phosphate pathway,-1000.0,1000.0,H,1,c
h[c],r_0160,H+,2.0 h[c] + prpp[c] + quln[c] --> co2[c] + nicrnt[c] + ppi[c],Nicotinate and Nicotinamide,0.0,1000.0,H,1,c
h[c],r_0465,H+,atp[c] + h[c] + leu__L[c] + trnaleu[c] --> amp[c] + leutrna[c] + ppi[c],"Valine, Leucine and Isoleucine Biosynthesis",0.0,1000.0,H,1,c
h[c],r_0575,H+,dhf[c] + nad[c] <=> fol[c] + h[c] + nadh[c],One carbon pool by folate,-1000.0,1000.0,H,1,c
h[c],r_0299,H+,atp[c] + h2o[c] + homocitrate[e] <=> adp[c] + h[c] + homocitrate[c] + pi[c],Transport,-1000.0,1000.0,H,1,c
h[c],r_0866,H+,h2o[c] <=> h[c] + pi[c],Peptidoglycan biosynthesis,-1000.0,1000.0,H,1,c
h[c],r_0405,H+,but2eACP[c] + h[c] + nadph[c] --> butACP[c] + nadp[c],Fatty Acid Biosynthesis,0.0,1000.0,H,1,c
h[c],r_0463,H+,amp[c] + h2o[c] --> adn[c] + h[c] + pi[c],Purine Metabolism,0.0,1000.0,H,1,c
h[c],r_0574,H+,asp__L[c] + h2o[c] <=> ala_B[c] + co2[c] + h[c],Pantothenate and CoA Biosynthesis,-1000.0,1000.0,H,1,c
h[c],r_0668,H+,2.0 h[c] + 2.0 nadph[c] + preq0[c] --> 2.0 nadp[c] + preq1[c],Folate Biosynthesis,0.0,1000.0,H,1,c
h[c],r_0297,H+,hom__L[c] + nadp[c] <=> aspsa[c] + h[c] + nadph[c],"Glycine, Serine, and Threonine Metabolism",-1000.0,1000.0,H,1,c
h[c],r_1046,H+,h[c] + rbl_B[c] <=> h[e] + rbl_B[e],Transport,-1000.0,1000.0,H,1,c
h[c],r_0182,H+,but2eACP[c] + h[c] + nadh[c] --> butACP[c] + nad[c],Fatty Acid Biosynthesis,0.0,1000.0,H,1,c
h[c],r_0531,H+,atp[c] + h2o[c] + zn2[e] --> adp[c] + h[c] + pi[c] + zn2[c],Transport,0.0,1000.0,H,1,c
h[c],r_0608,H+,3hbcoa[c] + nadp[c] <=> aacoa[c] + h[c] + nadph[c],Butanoate metabolism,-1000.0,1000.0,H,1,c
h[c],r_0256,H+,6pgl[c] + h2o[c] --> 6pgc[c] + h[c],Pentose Phosphate Pathway,0.0,1000.0,H,1,c
h[c],r_0364,H+,cala[c] + h2o[c] + h[c] <=> ala_B[c] + co2[c] + nh3[c],Pyrimidine Metabolism,-1000.0,1000.0,H,1,c
h[c],r_0462,H+,h[c] + nadph[c] + trdox[c] <=> nadp[c] + trdrd[c],Pyrimidine Metabolism,-1000.0,1000.0,H,1,c
h[c],r_0109,H+,his__L[c] --> h[c] + nh3[c] + urcan[c],Histidine Metabolism,0.0,1000.0,H,1,c
h[c],r_0201,H+,h[c] + nac[c] + prpp[c] <=> nicrnt[c] + ppi[c],Nicotinate and Nicotinamide,-1000.0,1000.0,H,1,c
h[c],r_0637,H+,betald[c] + h2o[c] + nadp[c] <=> glyb[c] + 2.0 h[c] + nadph[c],"Glycine, Serine, and Threonine Metabolism",-1000.0,1000.0,H,1,c
h[c],r_0856,H+,bz[c] + h[c] + nadh[c] + o2[c] --> bz12diol[c] + nad[c],[],0.0,1000.0,H,1,c
h[c],r_1049,H+,atp[c] + rml[c] --> adp[c] + h[c] + rml1p[c],,0.0,1000.0,H,1,c
h[c],r_0108,H+,h[c] + ins[c] + pi[c] <=> hxan[c] + r1p[c],Purine Metabolism,-1000.0,1000.0,H,1,c
h[c],r_0193,H+,dgsn[c] + h[c] + pi[c] <=> 2dr1p[c] + gua[c],Purine Metabolism,-1000.0,1000.0,H,1,c
h[c],r_0039,H+,cyst__L[c] + h2o[c] --> h[c] + hcys__L[c] + nh3[c] + pyr[c],Cysteine and Methionine Metabolism,0.0,1000.0,H,1,c
h[c],r_0294,H+,adn[c] + h[c] + pi[c] <=> ade[c] + r1p[c],Purine Metabolism,-1000.0,1000.0,H,1,c
h[c],r_0448,H+,h[c] + nadph[c] + tmrs2eACP[c] --> myrsACP[c] + nadp[c],Fatty Acid Biosynthesis,0.0,1000.0,H,1,c
h[c],r_0393,H+,ddcacoa[c] + fad[c] + h[c] <=> dd2coa[c] + fadh2[c],Fatty Acid Metabolism,-1000.0,1000.0,H,1,c
h[c],r_0565,H+,h2o[c] + nadp[c] --> h[c] + nad[c] + pi[c],Nicotinate and Nicotinamide,0.0,1000.0,H,1,c
h[c],r_0599,H+,histd[c] + nad[c] --> h[c] + histda[c] + nadh[c],Histidine Metabolism,0.0,1000.0,H,1,c
h[c],r_0673,H+,dhf[c] + nadp[c] <=> fol[c] + h[c] + nadph[c],Folate Biosynthesis,-1000.0,1000.0,H,1,c
h[c],r_0020,H+,dgtp[c] + h2o[c] <=> dgsn[c] + h[c] + pppi[c],Purine Metabolism,-1000.0,1000.0,H,1,c
h[c],r_0398,H+,atp[c] + h[c] + phe__L[c] + trnaphe[c] --> amp[c] + phetrna[c] + ppi[c],Phenylalanine Tyrosine Tryptophan Biosynthesis,0.0,1000.0,H,1,c
h[c],r_0529,H+,dhap[c] + iasp[c] --> 2.0 h2o[c] + h[c] + pi[c] + quln[c],Nicotinate and Nicotinamide,0.0,1000.0,H,1,c
h[c],r_0674,H+,2.0 nad[c] + thf[c] <=> fol[c] + 2.0 h[c] + 2.0 nadh[c],Folate Biosynthesis,-1000.0,1000.0,H,1,c
h[c],r_0291,H+,atp[c] + h2o[c] + pyr[c] --> amp[c] + h[c] + pep[c] + pi[c],Glycolysis / Gluconeogenesis,0.0,1000.0,H,1,c
h[c],r_0241,H+,3hdcoa[c] + nad[c] <=> 3odcoa[c] + h[c] + nadh[c],Fatty Acid Metabolism,-1000.0,1000.0,H,1,c
h[c],r_0362,H+,atp[c] + gly[c] + h[c] + trnagly[c] --> amp[c] + glytrna[c] + ppi[c],Aminoacyl-tRNA biosynthesis,0.0,1000.0,H,1,c
h[c],r_0457,H+,atp[c] + glucys[c] + gly[c] --> adp[c] + gthrd[c] + h[c] + pi[c],Glutathione Metabolism,0.0,1000.0,H,1,c
h[c],r_0528,H+,asp__L[c] + o2[c] --> h2o2[c] + h[c] + iasp[c],Nicotinate and Nicotinamide,0.0,1000.0,H,1,c
h[c],r_1053,H+,34hpp[c] + h[c] <=> 34hpp[e] + h[e],Transport,-1000.0,1000.0,H,1,c
h[c],r_0360,H+,h[c] + nadph[c] + tdec2eACP[c] --> dcaACP[c] + nadp[c],Fatty Acid Biosynthesis,0.0,1000.0,H,1,c
h[c],r_0455,H+,arg__L[c] + atp[c] + h[c] + trnaarg[c] --> amp[c] + argtrna[c] + ppi[c],Arginine biosynthesis,0.0,1000.0,H,1,c
h[c],r_0582,H+,h[c] + nadh[c] + q[c] --> nad[c] + qh2[c],Oxidative Phosphorylation,0.0,1000.0,H,1,c
h[c],r_0676,H+,nadp[c] + pro__L[c] <=> 1pyr5c[c] + h[c] + nadph[c],Arginine and Proline Metabolism,-1000.0,1000.0,H,1,c
h[c],r_0678,H+,nad[c] + tartr__M[c] <=> 23oxsucc[c] + h[c] + nadh[c],Glyoxylate and dicarboxylate metabolism,-1000.0,1000.0,H,1,c
h[c],r_0002,H+,gln__L[c] + h2o[c] --> glu__L[c] + h[c] + nh3[c],Nitrogen Metabolism,0.0,1000.0,H,1,c
h[c],r_0199,H+,h[c] + nadh[c] + toct2eACP[c] --> nad[c] + ocACP[c],Fatty Acid Biosynthesis,0.0,1000.0,H,1,c
h[c],r_0454,H+,2.0 amet[c] + uppg3[c] --> 2.0 ahcys[c] + dscl[c] + 2.0 h[c],Porphyrin and Chlorophyll Metabolism,0.0,1000.0,H,1,c
h[c],r_0679,H+,glyc__R[c] + nadp[c] <=> 2h3oppan[c] + h[c] + nadph[c],Glyoxylate and dicarboxylate metabolism,-1000.0,1000.0,H,1,c
h[c],r_0287,H+,h[c] + ps_cho[c] <=> co2[c] + pe_hs[c],"Glycine, Serine, and Threonine Metabolism",-1000.0,1000.0,H,1,c
h[c],r_0105,H+,acglu[c] + atp[c] + h[c] --> acg5p[c] + adp[c],Arginine biosynthesis,0.0,1000.0,H,1,c
h[c],r_0453,H+,h[c] + lpam[c] + pyr[c] --> adhlam[c] + co2[c],Glycolysis / Gluconeogenesis,0.0,1000.0,H,1,c
h[c],r_0526,H+,glu__L[c] + h2o[c] + nadp[c] <=> akg[c] + 2.0 h[c] + nadph[c] + nh3[c],"Arginine biosynthesis; Alanine, aspartate and glutamate metabolism",-1000.0,1000.0,H,1,c
h[c],r_0128,H+,accoa[c] + h2o[c] + oaa[c] --> cit[c] + coa[c] + h[c],TCA Cycle,0.0,1000.0,H,1,c
h[c],r_0216,H+,atp[c] + gln__L[c] + h2o[c] + utp[c] --> adp[c] + ctp[c] + glu__L[c] + 2.0 h[c] + pi[c],Pyrimidine Metabolism,0.0,1000.0,H,1,c
h[c],r_0359,H+,cmp[c] + h2o[c] --> cytd[c] + h[c] + pi[c],Pyrimidine Metabolism,0.0,1000.0,H,1,c
h[c],r_0840,H+,amet[c] + dscl[c] <=> ahcys[c] + h[c] + pre3a[c],Porphyrin and Chlorophyll Metabolism,-1000.0,1000.0,H,1,c
h[c],r_0103,H+,h2o[c] + histd[c] + 2.0 nad[c] --> 3.0 h[c] + his__L[c] + 2.0 nadh[c],Histidine Metabolism,0.0,1000.0,H,1,c
h[c],r_0191,H+,3omrsACP[c] + h[c] + nadph[c] <=> 3hmrsACP[c] + nadp[c],Fatty Acid Biosynthesis,-1000.0,1000.0,H,1,c
h[c],r_0394,H+,ser__L[c] <=> h[c] + nh3[c] + pyr[c],"Glycine, Serine, and Threonine Metabolism",-1000.0,1000.0,H,1,c
h[c],r_0514,H+,h2o[c] + 2.0 phb[c] --> 3hbbRR[c] + h[c],PHB synthesis,0.0,1000.0,H,1,c
h[c],r_0034,H+,2.0 h[e] + mal__L[e] --> 2.0 h[c] + mal__L[c],Transport,0.0,1000.0,H,1,c
h[c],r_0346,H+,atp[c] + h[c] + trnatrp[c] + trp__L[c] --> amp[c] + ppi[c] + trptrna[c],Phenylalanine Tyrosine Tryptophan Biosynthesis,0.0,1000.0,H,1,c
h[c],r_0839,H+,copre6[c] + h[c] + nadh[c] --> codhpre6[c] + nad[c],Porphyrin Metabolism,0.0,1000.0,H,1,c
h[c],r_0158,H+,atp[c] + h2o[c] --> adp[c] + h[c] + pi[c],Oxidative Phosphorylation,3.0,1000.0,H,1,c
h[c],r_0215,H+,cbp[c] + orn[c] --> citr__L[c] + 2.0 h[c] + pi[c],Arginine biosynthesis,0.0,1000.0,H,1,c
h[c],r_0403,H+,pep[c] + skm5p[c] <=> 3psme[c] + h[c] + pi[c],Phenylalanine Tyrosine Tryptophan Biosynthesis,-1000.0,1000.0,H,1,c
h[c],r_0445,H+,asp__L[c] + gtp[c] + imp[c] --> dcamp[c] + gdp[c] + 2.0 h[c] + pi[c],"Alanine, Aspartate and Glutamate metabolism",0.0,1000.0,H,1,c
h[c],r_0451,H+,fe2[c] + scl[c] --> 2.0 h[c] + sheme[c],Porphyrin Metabolism,0.0,1000.0,H,1,c
h[c],r_0636,H+,betald[c] + h2o[c] + nad[c] <=> glyb[c] + 2.0 h[c] + nadh[c],"Glycine, Serine, and Threonine Metabolism",-1000.0,1000.0,H,1,c
h[c],r_0683,H+,etgl[c] + nad[c] <=> gcald[c] + h[c] + nadh[c],Glyoxylate and dicarboxylate metabolism,-1000.0,1000.0,H,1,c
h[c],r_0026,H+,10fthf[c] + h2o[c] --> for[c] + h[c] + thf[c],One carbon pool by folate,0.0,1000.0,H,1,c
h[c],r_0447,H+,h[c] + mlthf[c] + nadh[c] --> 5mthf[c] + nad[c],One carbon pool by folate,0.0,1000.0,H,1,c
h[c],r_0452,H+,atp[c] + gln__L[c] + h2o[c] + xmp[c] --> amp[c] + glu__L[c] + gmp[c] + h[c] + ppi[c],Purine Metabolism,0.0,1000.0,H,1,c
h[c],r_0621,H+,acacp[c] + nad[c] <=> h[c] + nadh[c] + t23dACP[c],Fatty Acid Biosynthesis,-1000.0,1000.0,H,1,c
h[c],r_0284,H+,din[c] + h[c] + pi[c] <=> 2dr1p[c] + hxan[c],Purine Metabolism,-1000.0,1000.0,H,1,c
h[c],r_1061,H+,gam6p[c] + h2o[c] <=> f6p[c] + h[c] + nh3[c],,-1000.0,1000.0,H,1,c
h[c],r_0516,H+,3hbbRR[c] + h2o[c] <=> 2.0 bhb[c] + h[c],PHB synthesis; Butanoate metabolism,-1000.0,1000.0,H,1,c
h[c],r_1062,H+,4fumacac[c] + h2o[c] --> acac[c] + fum[c] + h[c],,0.0,1000.0,H,1,c
h[c],r_0212,H+,h[c] + nadh[c] + tdec2eACP[c] --> dcaACP[c] + nad[c],Fatty Acid Biosynthesis,0.0,1000.0,H,1,c
h[c],r_0515,H+,aacoa[c] + h[c] + nadph[c] <=> 3hbcoaR[c] + nadp[c],PHB synthesis; Butanoate metabolism; Glyoxylate and dicarboxylate metabolism,-1000.0,1000.0,H,1,c
h[c],r_0619,H+,3haACP[c] + nadp[c] <=> 3oocyACP[c] + h[c] + nadph[c],Fatty Acid Biosynthesis,-1000.0,1000.0,H,1,c
h[c],r_0404,H+,chor[c] + gln__L[c] --> anth[c] + glu__L[c] + h[c] + pyr[c],Phenylalanine Tyrosine Tryptophan Biosynthesis,0.0,1000.0,H,1,c
h[c],r_0568,H+,focytC[c] + h[c] + no2[c] --> ficytC[c] + h2o[c] + no[c],Nitrogen Metabolism,0.0,1000.0,H,1,c
h[c],r_0348,H+,adocbip[c] + gtp[c] + h[c] --> agdpcbi[c] + ppi[c],Porphyrin Metabolism,0.0,1000.0,H,1,c
h[c],r_0777,H+,2.0 amet[c] + fscspc4f4s[c] + 8.0 h[c] + pn6ocllys[c] + 2.0 r2f2sf[c] <=> 2.0 dad_5[c] + 2.0 fdxo_22[c] + 4.0 fe2[c] + fscsp[c] + 2.0 h2s[c] + 2.0 met__L[c] + pn6rdillys[c],Lipoic acid metabolism,-1000.0,1000.0,H,1,c
h[c],r_1065,H+,n4acld[c] --> ecto__L[c] + h2o[c] + h[c],,0.0,1000.0,H,1,c
h[c],r_0231,H+,atp[c] + fpram[c] --> adp[c] + air[c] + h[c] + pi[c],Purine Metabolism,0.0,1000.0,H,1,c
h[c],r_0401,H+,atp[c] + h[c] + so4[c] <=> aps[c] + ppi[c],Sulfur Metabolism,-1000.0,1000.0,H,1,c
h[c],r_0179,H+,3ooctACP[c] + h[c] + nadph[c] <=> 3hoctACP[c] + nadp[c],Fatty Acid Biosynthesis,-1000.0,1000.0,H,1,c
h[c],r_0189,H+,h2o[c] + o2[c] + pyam5p[c] --> h2o2[c] + h[c] + nh3[c] + pydx5p[c],Vitamin B6 Metabolism,0.0,1000.0,H,1,c
h[c],r_0525,H+,glu__L[c] + h2o[c] + nad[c] <=> akg[c] + 2.0 h[c] + nadh[c] + nh3[c],"Arginine biosynthesis; Alanine, aspartate and glutamate metabolism",-1000.0,1000.0,H,1,c
h[c],r_0629,H+,dump[c] + h2o[c] --> duri[c] + h[c] + pi[c],Pyrimidine Metabolism,0.0,1000.0,H,1,c
h[c],r_0690,H+,HC01672[c] + coa[c] <=> accoa[c] + amp[c] + h[c],Pyruvate metabolism,-1000.0,1000.0,H,1,c
h[c],r_0229,H+,3pg[c] + nad[c] <=> 3php[c] + h[c] + nadh[c],"Glycine, Serine, and Threonine Metabolism",-1000.0,1000.0,H,1,c
h[c],r_0358,H+,h2o[c] + ump[c] --> h[c] + pi[c] + uri[c],Pyrimidine Metabolism,0.0,1000.0,H,1,c
h[c],r_0613,H+,h[c] + paps[c] + trdrd[c] --> pap[c] + so3[c] + trdox[c],Sulfur Metabolism,0.0,1000.0,H,1,c
h[c],r_0729,H+,nad[c] + phthr[c] --> 2a3o4pob[c] + 2.0 h[c] + nadh[c],Vitamin B6 Metabolism,0.0,1000.0,H,1,c
h[c],r_0412,H+,h[c] + nadph[c] + toct2eACP[c] --> nadp[c] + ocACP[c],Fatty Acid Biosynthesis,0.0,1000.0,H,1,c
h[c],r_0033,H+,dxyl5p[c] + h[c] + nadph[c] --> 2me4p[c] + nadp[c],Terpenoid Backbone Biosynthesis,0.0,1000.0,H,1,c
h[c],r_0396,H+,ala__L[c] + atp[c] + h[c] + trnaala[c] --> alatrna[c] + amp[c] + ppi[c],Aminoacyl-tRNA biosynthesis,0.0,1000.0,H,1,c
h[c],r_0155,H+,atp[c] + cbl1[e] + h2o[c] --> adp[c] + cbl1[c] + h[c] + pi[c],Porphyrin and Chlorophyll Metabolism,0.0,1000.0,H,1,c
h[c],r_0357,H+,h[c] + nadph[c] + thex2eACP[c] --> hexACP[c] + nadp[c],Fatty Acid Biosynthesis,0.0,1000.0,H,1,c
h[c],r_0571,H+,alac__S[c] + h[c] + nadph[c] --> 23dhmb[c] + nadp[c],Pantothenate and CoA Biosynthesis,0.0,1000.0,H,1,c
h[c],r_0978,H+,atp[c] + glc__aD[c] --> adp[c] + g6p[c] + h[c],,0.0,1000.0,H,1,c
h[c],r_0402,H+,h2o[c] + nmn[c] --> h[c] + pi[c] + rnam[c],Nicotinate and Nicotinamide,0.0,1000.0,H,1,c
h[c],r_0523,H+,dkdi[c] + h2o[c] --> 5ddglcn[c] + h[c],Inositol Phosphate Metabolism,0.0,1000.0,H,1,c
h[c],r_0356,H+,cpppg3[c] + 2.0 h[c] + o2[c] --> 2.0 co2[c] + 2.0 h2o[c] + pppg9[c],Porphyrin and Chlorophyll Metabolism,0.0,1000.0,H,1,c
h[c],r_0522,H+,glycogen[c] + h[c] + pi[c] <=> g1p[c] + glycogen1[c],Glycogen synthesis,-1000.0,1000.0,H,1,c
h[c],r_0117,H+,26dap__M[c] + h[c] <=> co2[c] + lys__L[c],Lysine Biosynthesis,-1000.0,1000.0,H,1,c
h[c],r_0517,H+,acac[c] + atp[c] + coa[c] + h[c] --> aacoa[c] + amp[c] + ppi[c],"PHB synthesis; Valine, leucine and isoleucine degradation; Butanoate metabolism",0.0,1000.0,H,1,c
h[c],r_0715,H+,4.0 fe2[c] + 4.0 h[c] + o2[c] --> 4.0 fe3[c] + 2.0 h2o[c],Porphyrin Metabolism,0.0,1000.0,H,1,c
h[c],r_0825,H+,fald[c] + h2o[c] + nad[c] --> for[c] + h[c] + nadh[c],Carbon metabolism,0.0,1000.0,H,1,c
h[c],r_0124,H+,h[c] + nadh[c] + tmrs2eACP[c] --> myrsACP[c] + nad[c],Fatty Acid Biosynthesis,0.0,1000.0,H,1,c
h[c],r_0225,H+,accoa[c] + h[c] + pi[c] <=> actp[c] + coa[c],Glycolysis / Gluconeogenesis,-1000.0,1000.0,H,1,c
h[c],r_0824,H+,h[c] + nadph[c] + o2[c] + phaccoa[c] --> 212e12diac[c] + h2o[c] + nadp[c],Phenylalanine metabolism,0.0,1000.0,H,1,c
h[c],r_0116,H+,ahdt[c] + 3.0 h2o[c] --> dhnpt[c] + 3.0 h[c] + 3.0 pi[c],Folate Biosynthesis,0.0,1000.0,H,1,c
h[c],r_0194,H+,dhlam[c] + nad[c] --> h[c] + lpam[c] + nadh[c],Glycolysis / Gluconeogenesis,0.0,1000.0,H,1,c
h[c],r_0354,H+,acser[c] + h2s[c] --> ac[c] + cys__L[c] + h[c],Sulfur Metabolism,0.0,1000.0,H,1,c
h[c],r_0527,H+,4per[c] + nad[c] <=> h[c] + nadh[c] + ohpb[c],Vitamin B6 Metabolism,-1000.0,1000.0,H,1,c
h[c],r_0983,H+,atp[c] + fru[c] --> adp[c] + f6p[c] + h[c],,0.0,1000.0,H,1,c
h[c],r_0392,H+,atp[c] + hco3[c] + pyr[c] --> adp[c] + h[c] + oaa[c] + pi[c],Glycolysis / Gluconeogenesis,0.0,1000.0,H,1,c
h[c],r_0821,H+,2.0 amet[c] + dtbt[c] + 2.0 e[c] + 2.0 h[c] + sdo[c] <=> btn[c] + 2.0 dad_5[c] + 2.0 met__L[c],[],-1000.0,1000.0,H,1,c
h[c],r_0096,H+,2.6 atp[c] + ctp[c] + gtp[c] + 1.6 h2o[c] + utp[c] --> 1.6 adp[c] + 1.6 h[c] + 1.6 pi[c] + 4.0 ppi[c] + 4.0 rna[c],Pyrimidine Metabolism,0.0,1000.0,H,1,c
h[c],r_0353,H+,4.0 h[c] + uppg3[c] --> 4.0 co2[c] + cpppg3[c],Porphyrin and Chlorophyll Metabolism,0.0,1000.0,H,1,c
h[c],r_0579,H+,gar[c] + h2o[c] + methf[c] <=> fgam[c] + 2.0 h[c] + thf[c],One carbon pool by folate,-1000.0,1000.0,H,1,c
h[c],r_0617,H+,accoa[c] + h[c] + malACP[c] --> actACP[c] + co2[c] + coa[c],Fatty Acid Biosynthesis,0.0,1000.0,H,1,c
h[c],r_0032,H+,glu5sa[c] <=> 1pyr5c[c] + h2o[c] + h[c],Arginine and Proline Metabolism,-1000.0,1000.0,H,1,c
h[c],r_0122,H+,3dhsk[c] + h[c] + nadph[c] <=> nadp[c] + skm[c],Phenylalanine Tyrosine Tryptophan Biosynthesis,-1000.0,1000.0,H,1,c
h[c],r_0705,H+,h2o[c] + nad[c] + xan[c] --> h[c] + nadh[c] + urate[c],Purine Metabolism,0.0,1000.0,H,1,c
h[c],r_0609,H+,2ppoh[c] + nad[c] <=> acetone[c] + h[c] + nadh[c],Butanoate metabolism,-1000.0,1000.0,H,1,c
h[c],r_0706,H+,h2o[c] + hxan[c] + nad[c] --> h[c] + nadh[c] + xan[c],Purine Metabolism,0.0,1000.0,H,1,c
h[c],r_0989,H+,atp[c] + gal[c] --> adp[c] + gal1p[c] + h[c],,0.0,1000.0,H,1,c
h[c],r_0449,H+,23dhdp[c] + h[c] + nadph[c] --> nadp[c] + thdp[c],Lysine Biosynthesis,0.0,1000.0,H,1,c
h[c],r_0817,H+,idt[c] + nad[c] --> h[c] + nadh[c] + srb__L[c],[],0.0,1000.0,H,1,c
h[c],r_0237,H+,orn[c] --> 2.0 h[c] + nh3[c] + pro__L[c],Arginine and Proline Metabolism,0.0,1000.0,H,1,c
h[c],r_0991,H+,gal[c] + h[c] <=> gal[e] + h[e],Transport,-1000.0,1000.0,H,1,c
h[c],r_0172,H+,inost[c] + nad[c] --> 2ins[c] + h[c] + nadh[c],Inositol Phosphate Metabolism,0.0,1000.0,H,1,c
h[c],r_0390,H+,h2o[c] + pser__L[c] --> h[c] + pi[c] + ser__L[c],"Glycine, Serine, and Threonine Metabolism",0.0,1000.0,H,1,c
h[c],r_0576,H+,2.0 nadp[c] + thf[c] <=> fol[c] + 2.0 h[c] + 2.0 nadph[c],One carbon pool by folate,-1000.0,1000.0,H,1,c
h[c],r_0043,H+,co2[c] + h2o[c] <=> h[c] + hco3[c],Nitrogen Metabolism,-1000.0,1000.0,H,1,c
h[c],r_0099,H+,amet[c] + hcys__L[c] --> ahcys[c] + h[c] + met__L[c],Cysteine and Methionine Metabolism,0.0,1000.0,H,1,c
h[c],r_0407,H+,atp[c] + h[c] + trnatyr[c] + tyr__L[c] --> amp[c] + ppi[c] + tyrtrna[c],Phenylalanine Tyrosine Tryptophan Biosynthesis,0.0,1000.0,H,1,c
h[c],r_0542,H+,g1p[c] + nad[c] <=> 15gl[c] + h[c] + nadh[c],Pentose Phosphate Pathway,-1000.0,1000.0,H,1,c
h[c],r_0012,H+,dmbzid[c] + nicrnt[c] --> 5prdmbz[c] + h[c] + nac[c],Porphyrin Metabolism,0.0,1000.0,H,1,c
h[c],r_0153,H+,h2mb4p[c] + h[c] + nadh[c] --> dmpp[c] + h2o[c] + nad[c],Terpenoid Backbone Biosynthesis,0.0,1000.0,H,1,c
h[c],r_0541,H+,g1p[c] + nadp[c] <=> 15gl[c] + h[c] + nadph[c],Pentose Phosphate Pathway,-1000.0,1000.0,H,1,c
h[c],r_0994,H+,h[c] + raffin[c] <=> h[e] + raffin[e],Transport,-1000.0,1000.0,H,1,c
h[c],r_0373,H+,dcmp[c] + h2o[c] --> dcyt[c] + h[c] + pi[c],Pyrimidine Metabolism,0.0,1000.0,H,1,c
h[c],r_0795,H+,atp[c] + cobalt2[c] + h2o[c] + hgbam[c] --> adp[c] + cob2nda[c] + h[c] + pi[c],Porphyrin and Chlorophyll Metabolism,0.0,1000.0,H,1,c
h[c],r_0409,H+,atp[c] + dhpt[c] + glu__L[c] --> adp[c] + dhf[c] + h[c] + pi[c],Folate Biosynthesis,0.0,1000.0,H,1,c
h[c],r_0810,H+,cati[c] + nad[c] --> dhcrn[c] + h[c] + nadh[c],[],0.0,1000.0,H,1,c
h[c],r_0383,H+,h2o[c] + xmp[c] --> h[c] + pi[c] + xtsn[c],Purine Metabolism,0.0,1000.0,H,1,c
h[c],r_0570,H+,h[c] + 2.0 pyr[c] --> alac__S[c] + co2[c],Pantothenate and CoA Biosynthesis,0.0,1000.0,H,1,c
h[c],r_0616,H+,atp[c] + h[c] + lys__L[c] + trnalys[c] <=> amp[c] + lystrna[c] + ppi[c],Aminoacyl-tRNA biosynthesis,-1000.0,1000.0,H,1,c
h[c],r_0019,H+,3c2hmp[c] + nad[c] <=> 3c4mop[c] + h[c] + nadh[c],"Valine, Leucine and Isoleucine Biosynthesis",-1000.0,1000.0,H,1,c
ppi[c],r_0011,pyrophosphate,ac[c] + atp[c] + coa[c] + h[c] --> accoa[c] + amp[c] + ppi[c],Glycolysis / Gluconeogenesis,0.0,1000.0,HO7P2,-3,c
ppi[c],r_0168,pyrophosphate,gtp[c] + 3.0 h2o[c] <=> 25drapp[c] + for[c] + h[c] + ppi[c],Riboflavin Metabolism,-1000.0,1000.0,HO7P2,-3,c
ppi[c],r_0268,pyrophosphate,atp[c] + cys__L[c] + dxyl5p[c] + tyr__L[c] --> 4hba[c] + 4mpetz[c] + ala__L[c] + amp[c] + co2[c] + h2o[c] + ppi[c],Thiamine Metabolism,0.0,1000.0,HO7P2,-3,c
ppi[c],r_0202,pyrophosphate,atp[c] + nmn[c] <=> nad[c] + ppi[c],Nicotinate and Nicotinamide,-1000.0,1000.0,HO7P2,-3,c
ppi[c],r_0160,pyrophosphate,2.0 h[c] + prpp[c] + quln[c] --> co2[c] + nicrnt[c] + ppi[c],Nicotinate and Nicotinamide,0.0,1000.0,HO7P2,-3,c
ppi[c],r_0378,pyrophosphate,atp[c] + ser__L[c] + trnaser[c] --> amp[c] + ppi[c] + sertrna[c],Aminoacyl-tRNA biosynthesis,0.0,1000.0,HO7P2,-3,c
ppi[c],r_0446,pyrophosphate,hxan[c] + prpp[c] <=> imp[c] + ppi[c],Purine Metabolism,-1000.0,1000.0,HO7P2,-3,c
ppi[c],r_0465,pyrophosphate,atp[c] + h[c] + leu__L[c] + trnaleu[c] --> amp[c] + leutrna[c] + ppi[c],"Valine, Leucine and Isoleucine Biosynthesis",0.0,1000.0,HO7P2,-3,c
ppi[c],r_0437,pyrophosphate,asp__L[c] + atp[c] + h[c] + trnaasp[c] --> amp[c] + asptrna[c] + ppi[c],"Alanine, Aspartate and Glutamate metabolism",0.0,1000.0,HO7P2,-3,c
ppi[c],r_0396,pyrophosphate,ala__L[c] + atp[c] + h[c] + trnaala[c] --> alatrna[c] + amp[c] + ppi[c],Aminoacyl-tRNA biosynthesis,0.0,1000.0,HO7P2,-3,c
ppi[c],r_0732,pyrophosphate,nrp[c] + utp[c] <=> ppi[c] + unrp[c],[],-1000.0,1000.0,HO7P2,-3,c
ppi[c],r_0869,pyrophosphate,gtp[c] + man1p[c] <=> gdpmann[c] + ppi[c],Amino sugar and nucleotide sugar metabolism,-1000.0,1000.0,HO7P2,-3,c
ppi[c],r_0111,pyrophosphate,prpp[c] + xan[c] <=> ppi[c] + xmp[c],Purine Metabolism,-1000.0,1000.0,HO7P2,-3,c
ppi[c],r_0266,pyrophosphate,asp__L[c] + atp[c] + citr__L[c] --> amp[c] + argsuc[c] + ppi[c],"Alanine, Aspartate and Glutamate metabolism",0.0,1000.0,HO7P2,-3,c
ppi[c],r_0623,pyrophosphate,h2o[c] + utp[c] --> ppi[c] + ump[c],Pyrimidine Metabolism,0.0,1000.0,HO7P2,-3,c
ppi[c],r_0165,pyrophosphate,4abz[c] + 6hmhptpp[c] --> dhpt[c] + ppi[c],Folate Biosynthesis,0.0,1000.0,HO7P2,-3,c
ppi[c],r_0413,pyrophosphate,atp[c] + cys__L[c] + h[c] + trnacys[c] --> amp[c] + cystrna[c] + ppi[c],Aminoacyl-tRNA biosynthesis,0.0,1000.0,HO7P2,-3,c
ppi[c],r_0441,pyrophosphate,atp[c] + h[c] + trnaval[c] + val__L[c] --> amp[c] + ppi[c] + valtrna[c],"Valine, Leucine and Isoleucine Biosynthesis",0.0,1000.0,HO7P2,-3,c
ppi[c],r_0209,pyrophosphate,ade[c] + prpp[c] <=> amp[c] + ppi[c],Purine Metabolism,-1000.0,1000.0,HO7P2,-3,c
ppi[c],r_0696,pyrophosphate,dgtp[c] + h2o[c] --> dgmp[c] + ppi[c],Purine Metabolism,0.0,1000.0,HO7P2,-3,c
ppi[c],r_0670,pyrophosphate,38ch2gtp[c] + h2o[c] --> cpmp[c] + ppi[c],Folate Biosynthesis,0.0,1000.0,HO7P2,-3,c
ppi[c],r_0317,pyrophosphate,atp[c] + h[c] + lys__L[c] + trnalys[c] --> amp[c] + lystrna[c] + ppi[c],Lysine Biosynthesis,0.0,1000.0,HO7P2,-3,c
ppi[c],r_0564,pyrophosphate,atp[c] + dnad[c] + h[c] + nh3[c] --> amp[c] + nad[c] + ppi[c],Nicotinate and Nicotinamide,0.0,1000.0,HO7P2,-3,c
ppi[c],r_0277,pyrophosphate,atp[c] + prpp[c] <=> ppi[c] + prbatp[c],Histidine Metabolism,-1000.0,1000.0,HO7P2,-3,c
ppi[c],r_0434,pyrophosphate,atp[c] + h[c] + ile__L[c] + trnaile[c] --> amp[c] + iletrna[c] + ppi[c],"Valine, Leucine and Isoleucine Biosynthesis",0.0,1000.0,HO7P2,-3,c
ppi[c],r_0201,pyrophosphate,h[c] + nac[c] + prpp[c] <=> nicrnt[c] + ppi[c],Nicotinate and Nicotinamide,-1000.0,1000.0,HO7P2,-3,c
ppi[c],r_0355,pyrophosphate,gua[c] + prpp[c] <=> gmp[c] + ppi[c],Purine Metabolism,-1000.0,1000.0,HO7P2,-3,c
ppi[c],r_0517,pyrophosphate,acac[c] + atp[c] + coa[c] + h[c] --> aacoa[c] + amp[c] + ppi[c],"PHB synthesis; Valine, leucine and isoleucine degradation; Butanoate metabolism",0.0,1000.0,HO7P2,-3,c
ppi[c],r_0615,pyrophosphate,atp[c] + ser__L[c] + trnasecys[c] <=> amp[c] + ppi[c] + sertrna_sec[c],Aminoacyl-tRNA biosynthesis,-1000.0,1000.0,HO7P2,-3,c
ppi[c],r_0698,pyrophosphate,gtp[c] + h2o[c] --> gmp[c] + ppi[c],Purine Metabolism,0.0,1000.0,HO7P2,-3,c
ppi[c],r_0374,pyrophosphate,2mahmp[c] + 4mpetz[c] + h[c] --> ppi[c] + thmmp[c],Thiamine Metabolism,0.0,1000.0,HO7P2,-3,c
ppi[c],r_0483,pyrophosphate,4ppan[c] + ctp[c] + cys__L[c] <=> 4ppcys[c] + cmp[c] + ppi[c],Pantothenate and CoA Biosynthesis,-1000.0,1000.0,HO7P2,-3,c
ppi[c],r_0432,pyrophosphate,atp[c] + glu__L[c] + h[c] + trnaglu[c] --> amp[c] + glutrna[c] + ppi[c],"Alanine, Aspartate and Glutamate metabolism",0.0,1000.0,HO7P2,-3,c
ppi[c],r_0872,pyrophosphate,2.0 frdp[c] <=> HC01118[c] + ppi[c],Sesquiterpenoid and triterpenoid biosynthesis,-1000.0,1000.0,HO7P2,-3,c
ppi[c],r_0292,pyrophosphate,dmpp[c] + ipdp[c] --> grdp[c] + ppi[c],Terpenoid Backbone Biosynthesis,0.0,1000.0,HO7P2,-3,c
ppi[c],r_0892,pyrophosphate,ctp[c] + psea[c] <=> cmppsea[c] + ppi[c],Amino sugar and nucleotide sugar metabolism,-1000.0,1000.0,HO7P2,-3,c
ppi[c],r_0044,pyrophosphate,atp[c] + h2o[c] + met__L[c] --> amet[c] + pi[c] + ppi[c],Cysteine and Methionine Metabolism,0.0,1000.0,HO7P2,-3,c
ppi[c],r_0823,pyrophosphate,atp[c] + coa[c] + pac[c] --> amp[c] + phaccoa[c] + ppi[c],Phenylalanine metabolism,0.0,1000.0,HO7P2,-3,c
ppi[c],r_0398,pyrophosphate,atp[c] + h[c] + phe__L[c] + trnaphe[c] --> amp[c] + phetrna[c] + ppi[c],Phenylalanine Tyrosine Tryptophan Biosynthesis,0.0,1000.0,HO7P2,-3,c
ppi[c],r_0766,pyrophosphate,detripp[c] <=> ppi[c],[],-1000.0,1000.0,HO7P2,-3,c
ppi[c],r_0864,pyrophosphate,ctp[c] + kdo[c] <=> ckdo[c] + ppi[c],Lipopolysaccharide biosynthesis,-1000.0,1000.0,HO7P2,-3,c
ppi[c],r_0123,pyrophosphate,asp__L[c] + atp[c] + gln__L[c] + h2o[c] --> amp[c] + asn__L[c] + glu__L[c] + ppi[c],"Alanine, Aspartate and Glutamate metabolism",0.0,1000.0,HO7P2,-3,c
ppi[c],r_0362,pyrophosphate,atp[c] + gly[c] + h[c] + trnagly[c] --> amp[c] + glytrna[c] + ppi[c],Aminoacyl-tRNA biosynthesis,0.0,1000.0,HO7P2,-3,c
ppi[c],r_0001,pyrophosphate,atp[c] + g1p[c] --> adpglc[c] + ppi[c],Glycolysis / Gluconeogenesis,0.0,1000.0,HO7P2,-3,c
ppi[c],r_0455,pyrophosphate,arg__L[c] + atp[c] + h[c] + trnaarg[c] --> amp[c] + argtrna[c] + ppi[c],Arginine biosynthesis,0.0,1000.0,HO7P2,-3,c
ppi[c],r_0428,pyrophosphate,atp[c] + thr__L[c] + trnathr[c] --> amp[c] + ppi[c] + thrtrna[c],Aminoacyl-tRNA biosynthesis,0.0,1000.0,HO7P2,-3,c
ppi[c],r_0096,pyrophosphate,2.6 atp[c] + ctp[c] + gtp[c] + 1.6 h2o[c] + utp[c] --> 1.6 adp[c] + 1.6 h[c] + 1.6 pi[c] + 4.0 ppi[c] + 4.0 rna[c],Pyrimidine Metabolism,0.0,1000.0,HO7P2,-3,c
ppi[c],r_0703,pyrophosphate,atp[c] + nh3[c] + xmp[c] --> amp[c] + gmp[c] + ppi[c],Purine Metabolism,0.0,1000.0,HO7P2,-3,c
ppi[c],r_0129,pyrophosphate,grdp[c] + ipdp[c] --> frdp[c] + ppi[c],Terpenoid Backbone Biosynthesis,0.0,1000.0,HO7P2,-3,c
ppi[c],r_0200,pyrophosphate,atp[c] + pan4p[c] <=> dpcoa[c] + ppi[c],Pantothenate and CoA Biosynthesis,-1000.0,1000.0,HO7P2,-3,c
ppi[c],r_0478,pyrophosphate,atp[c] + h[c] + pro__L[c] + trnapro[c] --> amp[c] + ppi[c] + protrna[c],Aminoacyl-tRNA biosynthesis,0.0,1000.0,HO7P2,-3,c
ppi[c],r_0756,pyrophosphate,4hbz[c] + 5pg35pg[c] <=> 4h3pb[c] + ppi[c],Ubiquinone and other terpenoid-quinone biosynthesis,-1000.0,1000.0,HO7P2,-3,c
ppi[c],r_0499,pyrophosphate,h2o[c] + ppi[c] --> 2.0 h[c] + 2.0 pi[c],Oxidative Phosphorylation,0.0,1000.0,HO7P2,-3,c
ppi[c],r_0274,pyrophosphate,h2o[c] + prbatp[c] --> ppi[c] + prbamp[c],Histidine Metabolism,0.0,1000.0,HO7P2,-3,c
ppi[c],r_0106,pyrophosphate,atp[c] + nicrnt[c] <=> dnad[c] + ppi[c],Nicotinate and Nicotinamide,-1000.0,1000.0,HO7P2,-3,c
ppi[c],r_0633,pyrophosphate,dttp[c] + h2o[c] --> dtmp[c] + ppi[c],Pyrimidine Metabolism,0.0,1000.0,HO7P2,-3,c
ppi[c],r_0217,pyrophosphate,ala_B[c] + atp[c] + pant__R[c] <=> amp[c] + pnto__R[c] + ppi[c],Pantothenate and CoA Biosynthesis,-1000.0,1000.0,HO7P2,-3,c
ppi[c],r_0310,pyrophosphate,frdp[c] + h2o[c] + pheme[c] --> hemeO[c] + ppi[c],Porphyrin and Chlorophyll Metabolism,0.0,1000.0,HO7P2,-3,c
ppi[c],r_0104,pyrophosphate,dutp[c] + h2o[c] --> dump[c] + ppi[c],Pyrimidine Metabolism,0.0,1000.0,HO7P2,-3,c
ppi[c],r_0013,pyrophosphate,orot5p[c] + ppi[c] <=> orot[c] + prpp[c],Pyrimidine Metabolism,-1000.0,1000.0,HO7P2,-3,c
ppi[c],r_0549,pyrophosphate,2mahmp[c] + cthzp[c] --> co2[c] + ppi[c] + thmmp[c],Thiamine Metabolism,0.0,1000.0,HO7P2,-3,c
ppi[c],r_0754,pyrophosphate,2.0 gtp[c] <=> 35cdigmp[c] + 2.0 ppi[c],[],-1000.0,1000.0,HO7P2,-3,c
ppi[c],r_0497,pyrophosphate,atp[c] + dnad[c] + gln__L[c] + h2o[c] --> amp[c] + glu__L[c] + nad[c] + ppi[c],Nicotinate and Nicotinamide,0.0,1000.0,HO7P2,-3,c
ppi[c],r_0382,pyrophosphate,atp[c] + met__L[c] + trnamet[c] --> amp[c] + mettrna[c] + ppi[c],Cysteine and Methionine Metabolism,0.0,1000.0,HO7P2,-3,c
ppi[c],r_0707,pyrophosphate,atp[c] + h2o[c] --> amp[c] + ppi[c],Purine Metabolism,0.0,1000.0,HO7P2,-3,c
ppi[c],r_0990,pyrophosphate,gal1p[c] + utp[c] <=> ppi[c] + udpgal[c],,-1000.0,1000.0,HO7P2,-3,c
ppi[c],r_0346,pyrophosphate,atp[c] + h[c] + trnatrp[c] + trp__L[c] --> amp[c] + ppi[c] + trptrna[c],Phenylalanine Tyrosine Tryptophan Biosynthesis,0.0,1000.0,HO7P2,-3,c
ppi[c],r_0422,pyrophosphate,2me4p[c] + ctp[c] --> 4c2me[c] + ppi[c],Terpenoid Backbone Biosynthesis,0.0,1000.0,HO7P2,-3,c
ppi[c],r_0452,pyrophosphate,atp[c] + gln__L[c] + h2o[c] + xmp[c] --> amp[c] + glu__L[c] + gmp[c] + h[c] + ppi[c],Purine Metabolism,0.0,1000.0,HO7P2,-3,c
ppi[c],r_0886,pyrophosphate,g1p[c] + utp[c] <=> ppi[c] + udpg[c],Pentose and glucuronate interconversions,-1000.0,1000.0,HO7P2,-3,c
ppi[c],r_0407,pyrophosphate,atp[c] + h[c] + trnatyr[c] + tyr__L[c] --> amp[c] + ppi[c] + tyrtrna[c],Phenylalanine Tyrosine Tryptophan Biosynthesis,0.0,1000.0,HO7P2,-3,c
ppi[c],r_0787,pyrophosphate,acgam1p[c] + utp[c] <=> ppi[c] + uacgam[c],Amino sugar and nucleotide sugar metabolism,-1000.0,1000.0,HO7P2,-3,c
ppi[c],r_0814,pyrophosphate,ctp[c] + g1p[c] <=> cdpglc[c] + ppi[c],Amino sugar and nucleotide sugar metabolism,-1000.0,1000.0,HO7P2,-3,c
ppi[c],r_0377,pyrophosphate,atp[c] + h[c] + his__L[c] + trnahis[c] --> amp[c] + histrna[c] + ppi[c],Histidine Metabolism,0.0,1000.0,HO7P2,-3,c
ppi[c],r_0757,pyrophosphate,atp[c] + h[c] + hco3[c] + thr__L[c] --> h2o[c] + lthrcala[c] + ppi[c],Nucleic Acid Processing,0.0,1000.0,HO7P2,-3,c
ppi[c],r_0728,pyrophosphate,atp[c] + h[c] + pi[c] + pyr[c] <=> amp[c] + pep[c] + ppi[c],Glycolysis / Gluconeogenesis,-1000.0,1000.0,HO7P2,-3,c
ppi[c],r_0894,pyrophosphate,h2o[c] + rpntp[c] <=> ppi[c] + prpmn[c],Phosphonate and phosphinate metabolism,-1000.0,1000.0,HO7P2,-3,c
ppi[c],r_0348,pyrophosphate,adocbip[c] + gtp[c] + h[c] --> agdpcbi[c] + ppi[c],Porphyrin Metabolism,0.0,1000.0,HO7P2,-3,c
ppi[c],r_0625,pyrophosphate,ctp[c] + h2o[c] --> cmp[c] + ppi[c],Pyrimidine Metabolism,0.0,1000.0,HO7P2,-3,c
ppi[c],r_0069,pyrophosphate,prpp[c] + ura[c] <=> ppi[c] + ump[c],Pyrimidine Metabolism,-1000.0,1000.0,HO7P2,-3,c
ppi[c],r_0006,pyrophosphate,atp[c] + coa[c] + h[c] + hdca[c] <=> amp[c] + pmtcoa[c] + ppi[c],Fatty Acid Metabolism,-1000.0,1000.0,HO7P2,-3,c
ppi[c],r_0389,pyrophosphate,atp[c] + fmn[c] --> fad[c] + ppi[c],Riboflavin Metabolism,0.0,1000.0,HO7P2,-3,c
ppi[c],r_0143,pyrophosphate,anth[c] + prpp[c] --> ppi[c] + pran[c],Phenylalanine Tyrosine Tryptophan Biosynthesis,0.0,1000.0,HO7P2,-3,c
ppi[c],r_0232,pyrophosphate,gln__L[c] + h2o[c] + prpp[c] --> glu__L[c] + ppi[c] + pram[c],Purine Metabolism,0.0,1000.0,HO7P2,-3,c
ppi[c],r_0401,pyrophosphate,atp[c] + h[c] + so4[c] <=> aps[c] + ppi[c],Sulfur Metabolism,-1000.0,1000.0,HO7P2,-3,c
ppi[c],r_0469,pyrophosphate,h2o[c] + ppgpp[c] --> gdp[c] + ppi[c],Purine Metabolism,0.0,1000.0,HO7P2,-3,c
ppi[c],r_0616,pyrophosphate,atp[c] + h[c] + lys__L[c] + trnalys[c] <=> amp[c] + lystrna[c] + ppi[c],Aminoacyl-tRNA biosynthesis,-1000.0,1000.0,HO7P2,-3,c
ppi[c],r_0800,pyrophosphate,dmpp[c] + trnaadn[c] <=> ppi[c] + trna6iso[c],Zeatin biosynthesis,-1000.0,1000.0,HO7P2,-3,c
ppi[c],r_0833,pyrophosphate,5pdna[c] + atp[c] --> amp[c] + ppi[c],[],0.0,1000.0,HO7P2,-3,c
ppi[c],r_0692,pyrophosphate,aicar[c] + ppi[c] <=> 5a4icam[c] + prpp[c],Purine Metabolism,-1000.0,1000.0,HO7P2,-3,c
ppi[c],r_0771,pyrophosphate,accb[c] + atp[c] + btn[c] --> amp[c] + bccp[c] + ppi[c],[],0.0,1000.0,HO7P2,-3,c
adpglc[c],r_0205,ADPglucose,adpglc[c] + glycogen1[c] --> adp[c] + glycogen[c],Glycolysis / Gluconeogenesis,0.0,1000.0,C16H23N5O15P2,-2,c
adpglc[c],r_0001,ADPglucose,atp[c] + g1p[c] --> adpglc[c] + ppi[c],Glycolysis / Gluconeogenesis,0.0,1000.0,C16H23N5O15P2,-2,c
h2o[c],r_0168,H2O,gtp[c] + 3.0 h2o[c] <=> 25drapp[c] + for[c] + h[c] + ppi[c],Riboflavin Metabolism,-1000.0,1000.0,H2O,0,c
h2o[c],r_0268,H2O,atp[c] + cys__L[c] + dxyl5p[c] + tyr__L[c] --> 4hba[c] + 4mpetz[c] + ala__L[c] + amp[c] + co2[c] + h2o[c] + ppi[c],Thiamine Metabolism,0.0,1000.0,H2O,0,c
h2o[c],r_0890,H2O,24b246tbap[c] + h2o[c] + pep[c] <=> pi[c] + psea[c],Amino sugar and nucleotide sugar metabolism,-1000.0,1000.0,H2O,0,c
h2o[c],r_0051,H2O,dhor__S[c] + h2o[c] <=> cbasp[c] + h[c],Sulfur Metabolism; Purine Metabolism,-1000.0,1000.0,H2O,0,c
h2o[c],r_0345,H2O,h2o[c] + ncam[c] --> h[c] + nac[c] + nh3[c],Nicotinate and Nicotinamide,0.0,1000.0,H2O,0,c
h2o[c],r_0999,H2O,h2o[c] + melib[c] --> gal[c] + glc__aD[c],,0.0,1000.0,H2O,0,c
h2o[c],r_0436,H2O,Largn[c] + h[c] --> co2[c] + h2o[c] + phe__L[c],Phenylalanine Tyrosine Tryptophan Biosynthesis,0.0,1000.0,H2O,0,c
h2o[c],r_0016,H2O,o2[c] + phe__L[c] + thbpt[c] --> dhbpt[c] + h2o[c] + tyr__L[c],Phenylalanine Tyrosine Tryptophan Biosynthesis,0.0,1000.0,H2O,0,c
h2o[c],r_0435,H2O,dgmp[c] + h2o[c] --> dgsn[c] + h[c] + pi[c],Purine Metabolism,0.0,1000.0,H2O,0,c
h2o[c],r_0077,H2O,h2o[c] + imp[c] + nad[c] --> h[c] + nadh[c] + xmp[c],Purine Metabolism,0.0,1000.0,H2O,0,c
h2o[c],r_0276,H2O,3hocoa[c] <=> h2o[c] + oc2coa[c],Fatty Acid Metabolism,-1000.0,1000.0,H2O,0,c
h2o[c],r_0799,H2O,alia[c] <=> h2o[c] + nt[c],[],-1000.0,1000.0,H2O,0,c
h2o[c],r_0857,H2O,5odhf2a[c] + h2o[c] <=> 3oxoadp[c],Benzoate degradation,-1000.0,1000.0,H2O,0,c
h2o[c],r_0862,H2O,h2o[c] + moaciami[c] <=> carbo[c] + nh3[c],[],-1000.0,1000.0,H2O,0,c
h2o[c],r_0908,H2O,2.0 atp[c] + 2.0 gln__L[c] + 2.0 h2o[c] + hgbyr[c] <=> 2.0 adp[c] + 2.0 glu__L[c] + hgbam[c] + 2.0 pi[c],Porphyrin and Chlorophyll Metabolism,-1000.0,1000.0,H2O,0,c
h2o[c],r_0260,H2O,2ippm[c] + h2o[c] <=> 3c3hmp[c],"Valine, Leucine and Isoleucine Biosynthesis",-1000.0,1000.0,H2O,0,c
h2o[c],r_0861,H2O,acgam6p[c] + h2o[c] <=> ac[c] + gam6p[c],Amino sugar and nucleotide sugar metabolism,-1000.0,1000.0,H2O,0,c
h2o[c],r_0722,H2O,h2o[c] + o2[c] + pydam[c] --> h2o2[c] + h[c] + nh3[c] + pydx[c],Vitamin B6 Metabolism,0.0,1000.0,H2O,0,c
h2o[c],r_0171,H2O,acorn[c] + h2o[c] --> ac[c] + orn[c],Arginine biosynthesis,0.0,1000.0,H2O,0,c
h2o[c],r_0873,H2O,fad[c] + h2o[c] + sql[c] <=> fadh2[c] + hdsl[c],[],-1000.0,1000.0,H2O,0,c
h2o[c],r_0503,H2O,h2o[c] + pyam5p[c] --> h[c] + pi[c] + pydam[c],Vitamin B6 Metabolism,0.0,1000.0,H2O,0,c
h2o[c],r_0279,H2O,h2o[c] + hisp[c] --> h[c] + histd[c] + pi[c],Histidine Metabolism,0.0,1000.0,H2O,0,c
h2o[c],r_0429,H2O,h2o[c] + imp[c] --> h[c] + ins[c] + pi[c],Purine Metabolism,0.0,1000.0,H2O,0,c
h2o[c],r_0596,H2O,aspsa[c] + pyr[c] <=> 4hthdp[c] + h2o[c] + h[c],Lysine Biosynthesis,-1000.0,1000.0,H2O,0,c
h2o[c],r_0854,H2O,hthbp[c] <=> dhbpt[c] + h2o[c],[],-1000.0,1000.0,H2O,0,c
h2o[c],r_0280,H2O,adn[c] + h2o[c] --> ins[c] + nh3[c],Purine Metabolism,0.0,1000.0,H2O,0,c
h2o[c],r_0593,H2O,accoa[c] + h2o[c] + pyr[c] --> 2mm__R[c] + coa[c],"Valine, Leucine and Isoleucine Biosynthesis",0.0,1000.0,H2O,0,c
h2o[c],r_0721,H2O,amet[c] + h2o[c] + pre5[c] --> ac[c] + ahcys[c] + pre6a[c],Porphyrin and Chlorophyll Metabolism,0.0,1000.0,H2O,0,c
h2o[c],r_0853,H2O,h2o[c] + ptyp[c] <=> pi[c] + pty[c],[],-1000.0,1000.0,H2O,0,c
h2o[c],r_0113,H2O,ala__L[c] + h2o[c] + nad[c] <=> 2.0 h[c] + nadh[c] + nh3[c] + pyr[c],Sulfur Metabolism; Purine Metabolism,-1000.0,1000.0,H2O,0,c
h2o[c],r_0499,H2O,h2o[c] + ppi[c] --> 2.0 h[c] + 2.0 pi[c],Oxidative Phosphorylation,0.0,1000.0,H2O,0,c
h2o[c],r_0914,H2O,h2o[c] + u24b246tbla[c] <=> 24b246tbap[c] + udp[c],Amino sugar and nucleotide sugar metabolism,-1000.0,1000.0,H2O,0,c
h2o[c],r_0084,H2O,3hhdcoa[c] <=> h2o[c] + hdd2coa[c],Fatty Acid Metabolism,-1000.0,1000.0,H2O,0,c
h2o[c],r_0274,H2O,h2o[c] + prbatp[c] --> ppi[c] + prbamp[c],Histidine Metabolism,0.0,1000.0,H2O,0,c
h2o[c],r_0860,H2O,acgam6p[c] + lac__D[c] <=> acmum6p[c] + h2o[c],Amino sugar and nucleotide sugar metabolism,-1000.0,1000.0,H2O,0,c
h2o[c],r_0010,H2O,ahcys[c] + h2o[c] <=> adn[c] + hcys__L[c],Cysteine and Methionine Metabolism,-1000.0,1000.0,H2O,0,c
h2o[c],r_0749,H2O,h2o[c] + trnaadn[c] <=> nh3[c] + trnahythi[c],[],-1000.0,1000.0,H2O,0,c
h2o[c],r_0104,H2O,dutp[c] + h2o[c] --> dump[c] + ppi[c],Pyrimidine Metabolism,0.0,1000.0,H2O,0,c
h2o[c],r_0425,H2O,atp[c] + fgam[c] + gln__L[c] + h2o[c] --> adp[c] + fpram[c] + glu__L[c] + h[c] + pi[c],Purine Metabolism,0.0,1000.0,H2O,0,c
h2o[c],r_0501,H2O,ACP[c] + h2o[c] --> apoACP[c] + pan4p[c],Pantothenate and CoA Biosynthesis,0.0,1000.0,H2O,0,c
h2o[c],r_0147,H2O,3uib[c] + h2o[c] + h[c] --> 3aib__D[c] + co2[c] + nh3[c],Pyrimidine Metabolism,0.0,1000.0,H2O,0,c
h2o[c],r_0497,H2O,atp[c] + dnad[c] + gln__L[c] + h2o[c] --> amp[c] + glu__L[c] + nad[c] + ppi[c],Nicotinate and Nicotinamide,0.0,1000.0,H2O,0,c
h2o[c],r_0272,H2O,h2o[c] + methf[c] <=> 10fthf[c] + h[c],One carbon pool by folate,-1000.0,1000.0,H2O,0,c
h2o[c],r_0102,H2O,e4p[c] + h2o[c] + pep[c] --> 2dda7p[c] + h[c] + pi[c],Phenylalanine Tyrosine Tryptophan Biosynthesis,0.0,1000.0,H2O,0,c
h2o[c],r_0498,H2O,cytd[c] + h2o[c] --> csn[c] + rib__D[c],Pyrimidine Metabolism,0.0,1000.0,H2O,0,c
h2o[c],r_0059,H2O,4izp[c] + h2o[c] --> nflgln[c],Histidine Metabolism,0.0,1000.0,H2O,0,c
h2o[c],r_0748,H2O,acoa[c] + h2o[c] <=> carbo[c] + coa[c],[],-1000.0,1000.0,H2O,0,c
h2o[c],r_0146,H2O,2ins[c] <=> dkdi[c] + h2o[c],Inositol Phosphate Metabolism,-1000.0,1000.0,H2O,0,c
h2o[c],r_0030,H2O,3hdcoa[c] <=> dc2coa[c] + h2o[c],Fatty Acid Metabolism,-1000.0,1000.0,H2O,0,c
h2o[c],r_0049,H2O,3hhexACP[c] --> h2o[c] + thex2eACP[c],Sulfur Metabolism; Purine Metabolism,0.0,1000.0,H2O,0,c
h2o[c],r_0282,H2O,h2o[c] + urea[c] --> co2[c] + 2.0 nh3[c],Arginine biosynthesis,0.0,1000.0,H2O,0,c
h2o[c],r_0747,H2O,h2o[c] + pglumi[c] <=> nh3[c] + pgluma[c],[],-1000.0,1000.0,H2O,0,c
h2o[c],r_0848,H2O,h2o[c] + pep_met__L[c] + trdox[c] <=> pepmetox[c] + trdrd[c],[],-1000.0,1000.0,H2O,0,c
h2o[c],r_0145,H2O,5mcsn[c] + h2o[c] --> nh3[c] + thym[c],Pyrimidine Metabolism,0.0,1000.0,H2O,0,c
h2o[c],r_0224,H2O,fdp[c] + h2o[c] <=> f6p[c] + h[c] + pi[c],Glycolysis / Gluconeogenesis,-1000.0,1000.0,H2O,0,c
h2o[c],r_0048,H2O,h2o[c] + rnam[c] --> h[c] + ncam[c] + rib__D[c],Sulfur Metabolism; Purine Metabolism,0.0,1000.0,H2O,0,c
h2o[c],r_0223,H2O,agm[c] + h2o[c] --> ptrc[c] + urea[c],Arginine and Proline Metabolism,0.0,1000.0,H2O,0,c
h2o[c],r_0420,H2O,2pg[c] <=> h2o[c] + pep[c],Glycolysis / Gluconeogenesis,-1000.0,1000.0,H2O,0,c
h2o[c],r_0494,H2O,h2o[c] + pdx5p[c] --> h[c] + pi[c] + pydxn[c],Vitamin B6 Metabolism,0.0,1000.0,H2O,0,c
h2o[c],r_0047,H2O,6r5au[c] + db4p[c] <=> dmlz[c] + 2.0 h2o[c] + h[c] + pi[c],Riboflavin Metabolism,-1000.0,1000.0,H2O,0,c
h2o[c],r_0222,H2O,h2o[c] + phom[c] --> h[c] + pi[c] + thr__L[c],"Glycine, Serine, and Threonine Metabolism",0.0,1000.0,H2O,0,c
h2o[c],r_0421,H2O,2cpr5p[c] + h[c] --> 3ig3p[c] + co2[c] + h2o[c],Phenylalanine Tyrosine Tryptophan Biosynthesis,0.0,1000.0,H2O,0,c
h2o[c],r_0923,H2O,Lcyst[c] + h2o[c] <=> h[c] + hso3[c] + nh3[c] + pyr[c],Cysteine and Methionine Metabolism,-1000.0,1000.0,H2O,0,c
h2o[c],r_0269,H2O,h2o[e] <=> h2o[c],Transport,-1000.0,1000.0,H2O,0,c
h2o[c],r_0865,H2O,acptr[c] + h2o[c] + trnaque[c] <=> epqtrna[c] + racptr[c],[],-1000.0,1000.0,H2O,0,c
h2o[c],r_0417,H2O,gmp[c] + h2o[c] --> gsn[c] + h[c] + pi[c],Purine Metabolism,0.0,1000.0,H2O,0,c
h2o[c],r_0492,H2O,2.0 gthrd[c] + h2o2[c] --> gthox[c] + 2.0 h2o[c],Glutathione Metabolism,0.0,1000.0,H2O,0,c
h2o[c],r_0634,H2O,asp__L[c] + h2o[c] + o2[c] --> h2o2[c] + h[c] + nh3[c] + oaa[c],"Alanine, Aspartate and Glutamate metabolism",0.0,1000.0,H2O,0,c
h2o[c],r_0642,H2O,ecto__L[c] + h2o[c] --> aac24dab[c],"Glycine, Serine, and Threonine Metabolism",0.0,1000.0,H2O,0,c
h2o[c],r_0418,H2O,2.0 h2o2[c] --> 2.0 h2o[c] + o2[c],Phenylalanine Tyrosine Tryptophan Biosynthesis,0.0,1000.0,H2O,0,c
h2o[c],r_0087,H2O,3mob[c] + accoa[c] + h2o[c] --> 3c3hmp[c] + coa[c] + h[c],"Valine, Leucine and Isoleucine Biosynthesis",0.0,1000.0,H2O,0,c
h2o[c],r_0324,H2O,3hbutACP[c] <=> but2eACP[c] + h2o[c],Fatty Acid Biosynthesis,-1000.0,1000.0,H2O,0,c
h2o[c],r_0587,H2O,4.0 focytC[c] + 4.0 h[c] + o2[c] --> 4.0 ficytC[c] + 2.0 h2o[c],Oxidative Phosphorylation,0.0,1000.0,H2O,0,c
h2o[c],r_0718,H2O,h[c] + nadh[c] + o2[c] + pre3a[c] --> h2o[c] + nad[c] + pre3b[c],Porphyrin and Chlorophyll Metabolism,0.0,1000.0,H2O,0,c
h2o[c],r_0875,H2O,arsni[c] + trdrd[c] <=> aso3[c] + h2o[c] + trdox[c],[],-1000.0,1000.0,H2O,0,c
h2o[c],r_0167,H2O,3hdecACP[c] --> h2o[c] + tdec2eACP[c],Fatty Acid Biosynthesis,0.0,1000.0,H2O,0,c
h2o[c],r_0270,H2O,16.0 atp[c] + 8.0 fdxrd[c] + 16.0 h2o[c] + n2[c] --> 16.0 adp[c] + 8.0 fdxox[c] + 2.0 fixedNH3[c] + h2[c] + 8.0 h[c] + 16.0 pi[c],Nitrogen Metabolism; Symbiosis,0.0,1000.0,H2O,0,c
h2o[c],r_0871,H2O,atp[c] + h2o[c] + k[c] --> adp[c] + k[e] + pi[c],[],0.0,1000.0,H2O,0,c
h2o[c],r_0141,H2O,2.0 5aop[c] --> 2.0 h2o[c] + h[c] + ppbng[c],Porphyrin and Chlorophyll Metabolism,0.0,1000.0,H2O,0,c
h2o[c],r_0323,H2O,adp[c] + 2.0 h[e] + pi[c] --> atp[c] + h2o[c] + h[c],Oxidative Phosphorylation,0.0,1000.0,H2O,0,c
h2o[c],r_0765,H2O,h2o[c] + rscys[c] <=> gly[c] + sslcys[c],Glutathione Metabolism,-1000.0,1000.0,H2O,0,c
h2o[c],r_0895,H2O,h2o2[c] + racptr[c] <=> acptr[c] + 2.0 h2o[c],[],-1000.0,1000.0,H2O,0,c
h2o[c],r_0166,H2O,6pgc[c] --> 2ddg6p[c] + h2o[c],Pentose Phosphate Pathway,0.0,1000.0,H2O,0,c
h2o[c],r_0487,H2O,5prdmbz[c] + h2o[c] --> h[c] + pi[c] + rdmbzi[c],Porphyrin Metabolism,0.0,1000.0,H2O,0,c
h2o[c],r_0614,H2O,6.0 fdxox[c] + 3.0 h2o[c] + h2s[c] <=> 6.0 fdxrd[c] + 7.0 h[c] + so3[c],Sulfur Metabolism,-1000.0,1000.0,H2O,0,c
h2o[c],r_0641,H2O,aac24dab[c] + h2o[c] --> 24dab[c] + ac[c],"Glycine, Serine, and Threonine Metabolism",0.0,1000.0,H2O,0,c
h2o[c],r_0870,H2O,gdpmann[c] <=> gdpddman[c] + h2o[c],Amino sugar and nucleotide sugar metabolism,-1000.0,1000.0,H2O,0,c
h2o[c],r_0488,H2O,h2o[c] + pydx5p[c] --> h[c] + pi[c] + pydx[c],Vitamin B6 Metabolism,0.0,1000.0,H2O,0,c
h2o[c],r_0320,H2O,h2o[c] + progly[c] --> gly[c] + pro__L[c],Arginine and Proline Metabolism,0.0,1000.0,H2O,0,c
h2o[c],r_0739,H2O,h2o[c] + pep_met__L[c] + trdox[c] <=> pep_met_LRS[c] + trdrd[c],[],-1000.0,1000.0,H2O,0,c
h2o[c],r_0601,H2O,h2o[c] + histda[c] + nad[c] --> 2.0 h[c] + his__L[c] + nadh[c],Histidine Metabolism,0.0,1000.0,H2O,0,c
h2o[c],r_0319,H2O,atp[c] + h2o[c] + so4[e] --> adp[c] + h[c] + pi[c] + so4[c],Transport,0.0,1000.0,H2O,0,c
h2o[c],r_0397,H2O,ctp[c] + h2o[c] --> nh3[c] + utp[c],Pyrimidine Metabolism,0.0,1000.0,H2O,0,c
h2o[c],r_0847,H2O,h2o[c] + met__L[c] + trdox[c] <=> metox[c] + trdrd[c],[],-1000.0,1000.0,H2O,0,c
h2o[c],r_0218,H2O,ade[c] + h2o[c] --> hxan[c] + nh3[c],Purine Metabolism,0.0,1000.0,H2O,0,c
h2o[c],r_0646,H2O,cys__L[c] + h2o[c] <=> h2s[c] + h[c] + nh3[c] + pyr[c],Cysteine and Methionine Metabolism,-1000.0,1000.0,H2O,0,c
h2o[c],r_0932,H2O,h2o[c] + o2[c] + urate[c] <=> 5hiu[c] + h2o2[c],Purine Metabolism,-1000.0,1000.0,H2O,0,c
h2o[c],r_0195,H2O,h2s[c] + ser__L[c] --> cys__L[c] + h2o[c],Cysteine and Methionine Metabolism,0.0,1000.0,H2O,0,c
h2o[c],r_0538,H2O,acald[c] + h2o[c] + nadp[c] <=> ac[c] + 2.0 h[c] + nadph[c],Glycolysis / Gluconeogenesis,-1000.0,1000.0,H2O,0,c
h2o[c],r_0934,H2O,alla[c] + h2o[c] <=> co2[c] + nh3[c] + urdgci[c],Purine Metabolism,-1000.0,1000.0,H2O,0,c
h2o[c],r_0058,H2O,2mecdp[c] + h[c] + nadh[c] --> h2mb4p[c] + h2o[c] + nad[c],Terpenoid Backbone Biosynthesis,0.0,1000.0,H2O,0,c
h2o[c],r_0450,H2O,dctp[c] + h2o[c] --> dutp[c] + nh3[c],Pyrimidine Metabolism,0.0,1000.0,H2O,0,c
h2o[c],r_0604,H2O,h2o[c] + nflgln[c] --> Nforglu[c] + nh3[c],Histidine Metabolism,0.0,1000.0,H2O,0,c
h2o[c],r_0315,H2O,h2o[c] + palmACP[c] <=> ACP[c] + h[c] + hdca[c],Fatty Acid Biosynthesis,-1000.0,1000.0,H2O,0,c
h2o[c],r_0761,H2O,blac[c] + h2o[c] <=> subbaa[c],[],-1000.0,1000.0,H2O,0,c
h2o[c],r_0245,H2O,3htdcoa[c] <=> h2o[c] + td2coa[c],Fatty Acid Metabolism,-1000.0,1000.0,H2O,0,c
h2o[c],r_0370,H2O,3hhcoa[c] <=> h2o[c] + hx2coa[c],Fatty Acid Metabolism,-1000.0,1000.0,H2O,0,c
h2o[c],r_0612,H2O,h2o[c] + paps[c] <=> aps[c] + pi[c],Sulfur Metabolism,-1000.0,1000.0,H2O,0,c
h2o[c],r_0088,H2O,e4p[c] + h2o[c] + nad[c] <=> 4per[c] + 2.0 h[c] + nadh[c],Vitamin B6 Metabolism,-1000.0,1000.0,H2O,0,c
h2o[c],r_0314,H2O,atp[c] + h2o[c] + thm[e] --> adp[c] + h[c] + pi[c] + thm[c],Transport,0.0,1000.0,H2O,0,c
h2o[c],r_0137,H2O,23dhmp[c] --> 3mop[c] + h2o[c],"Valine, Leucine and Isoleucine Biosynthesis",0.0,1000.0,H2O,0,c
h2o[c],r_0252,H2O,atp[c] + h2o[c] + mg2[e] --> adp[c] + h[c] + mg2[c] + pi[c],Transport,0.0,1000.0,H2O,0,c
h2o[c],r_0369,H2O,dtmp[c] + h2o[c] --> h[c] + pi[c] + thymd[c],Pyrimidine Metabolism,0.0,1000.0,H2O,0,c
h2o[c],r_0479,H2O,h2o[c] + suchms[c] <=> 2obut[c] + 2.0 h[c] + nh3[c] + succ[c],Cysteine and Methionine Metabolism,-1000.0,1000.0,H2O,0,c
h2o[c],r_1030,H2O,galctn__L[c] --> 2dh3dgal[c] + h2o[c],,0.0,1000.0,H2O,0,c
h2o[c],r_0535,H2O,co[c] + 2.0 fdxox[c] + h2o[c] --> co2[c] + 2.0 fdxrd[c] + 2.0 h[c],[],0.0,1000.0,H2O,0,c
h2o[c],r_0029,H2O,cdp[c] + trdrd[c] --> dcdp[c] + h2o[c] + trdox[c],Pyrimidine Metabolism,0.0,1000.0,H2O,0,c
h2o[c],r_0311,H2O,dxyl5p[c] + nad[c] + phthr[c] --> co2[c] + 2.0 h2o[c] + 2.0 h[c] + nadh[c] + pdx5p[c] + pi[c],Vitamin B6 Metabolism,0.0,1000.0,H2O,0,c
h2o[c],r_0163,H2O,arg__L[c] + h2o[c] <=> citr__L[c] + h[c] + nh3[c],Arginine biosynthesis,-1000.0,1000.0,H2O,0,c
h2o[c],r_0654,H2O,5mta[c] + h2o[c] <=> 5mtr[c] + ade[c],Cysteine and Methionine Metabolism,-1000.0,1000.0,H2O,0,c
h2o[c],r_0775,H2O,Sfglutth[c] + h2o[c] <=> for[c] + gthrd[c],Carbon metabolism,-1000.0,1000.0,H2O,0,c
h2o[c],r_0896,H2O,1pqq[c] + 3.0 o2[c] <=> 2.0 h2o2[c] + 2.0 h2o[c] + pqq[c],[],-1000.0,1000.0,H2O,0,c
h2o[c],r_0255,H2O,h2o[c] + phthr[c] --> 4hthr[c] + h[c] + pi[c],Vitamin B6 Metabolism,0.0,1000.0,H2O,0,c
h2o[c],r_0310,H2O,frdp[c] + h2o[c] + pheme[c] --> hemeO[c] + ppi[c],Porphyrin and Chlorophyll Metabolism,0.0,1000.0,H2O,0,c
h2o[c],r_0755,H2O,35cdigmp[c] + h2o[c] <=> 5pg35pg[c],[],-1000.0,1000.0,H2O,0,c
h2o[c],r_0367,H2O,gdptp[c] + h2o[c] <=> h[c] + pi[c] + ppgpp[c],Purine Metabolism,-1000.0,1000.0,H2O,0,c
h2o[c],r_0562,H2O,dnad[c] + h2o[c] --> amp[c] + nicrnt[c],Nicotinate and Nicotinamide,0.0,1000.0,H2O,0,c
h2o[c],r_0052,H2O,3hbcoa[c] <=> b2coa[c] + h2o[c],"Alanine, Aspartate and Glutamate metabolism; Pyrimidine Metabolism",-1000.0,1000.0,H2O,0,c
h2o[c],r_0308,H2O,1.5 o2[c] + pppg9[c] --> 3.0 h2o[c] + ppp9[c],Porphyrin and Chlorophyll Metabolism,0.0,1000.0,H2O,0,c
h2o[c],r_0246,H2O,3ig3p[c] + ser__L[c] --> g3p[c] + h2o[c] + trp__L[c],Phenylalanine Tyrosine Tryptophan Biosynthesis,0.0,1000.0,H2O,0,c
h2o[c],r_0395,H2O,h2o[c] + nicrnt[c] --> h[c] + nicrns[c] + pi[c],Nicotinate and Nicotinamide,0.0,1000.0,H2O,0,c
h2o[c],r_0580,H2O,h2o[c] + methf[c] <=> fa[c],One carbon pool by folate,-1000.0,1000.0,H2O,0,c
h2o[c],r_0257,H2O,h2o[c] + prbamp[c] --> prfp[c],Histidine Metabolism,0.0,1000.0,H2O,0,c
h2o[c],r_0411,H2O,fum[c] + h2o[c] <=> mal__L[c],TCA Cycle,-1000.0,1000.0,H2O,0,c
h2o[c],r_0474,H2O,h2o[c] + 4.0 ppbng[c] --> 4.0 h[c] + hmbil[c] + 4.0 nh3[c],Porphyrin and Chlorophyll Metabolism,0.0,1000.0,H2O,0,c
h2o[c],r_0627,H2O,trdrd[c] + udp[c] --> dudp[c] + h2o[c] + trdox[c],Pyrimidine Metabolism,0.0,1000.0,H2O,0,c
h2o[c],r_0898,H2O,atp[c] + h2o[c] + mg2[c] --> adp[c] + h[c] + mg2[e] + pi[c],[],0.0,1000.0,H2O,0,c
h2o[c],r_0306,H2O,atp[c] + h2o[c] + pi[e] --> adp[c] + h[c] + 2.0 pi[c],Transport,0.0,1000.0,H2O,0,c
h2o[c],r_0471,H2O,h2o[c] + nadp[c] + sucsal[c] --> 2.0 h[c] + nadph[c] + succ[c],Nitrogen Metabolism,0.0,1000.0,H2O,0,c
h2o[c],r_0544,H2O,h2o[c] + pail35p_cho[c] --> pail3p_cho[c] + pi[c],Inositol Phosphate Metabolism,0.0,1000.0,H2O,0,c
h2o[c],r_0053,H2O,56dthm[c] + h2o[c] --> 3uib[c] + h[c],Pyrimidine Metabolism,0.0,1000.0,H2O,0,c
h2o[c],r_0305,H2O,atp[c] + fe2[e] + h2o[c] --> adp[c] + fe2[c] + h[c] + pi[c],Transport,0.0,1000.0,H2O,0,c
h2o[c],r_0792,H2O,h2o[c] + u23ga[c] <=> lx[c] + ump[c],Lipopolysaccharide biosynthesis,-1000.0,1000.0,H2O,0,c
h2o[c],r_0251,H2O,4abutn[c] + h2o[c] + nad[c] --> 4abut[c] + 2.0 h[c] + nadh[c],Arginine and Proline Metabolism,0.0,1000.0,H2O,0,c
h2o[c],r_0472,H2O,2.0 atp[c] + gln__L[c] + h2o[c] + hco3[c] --> 2.0 adp[c] + cbp[c] + glu__L[c] + h[c] + pi[c],"Alanine, Aspartate and Glutamate metabolism",0.0,1000.0,H2O,0,c
h2o[c],r_0089,H2O,h[c] + pphn[c] <=> co2[c] + h2o[c] + phpyr[c],Phenylalanine Tyrosine Tryptophan Biosynthesis,-1000.0,1000.0,H2O,0,c
h2o[c],r_0304,H2O,atp[c] + h2o[c] + mobd[e] --> adp[c] + h[c] + mobd[c] + pi[c],Transport,0.0,1000.0,H2O,0,c
h2o[c],r_0757,H2O,atp[c] + h[c] + hco3[c] + thr__L[c] --> h2o[c] + lthrcala[c] + ppi[c],Nucleic Acid Processing,0.0,1000.0,H2O,0,c
h2o[c],r_0852,H2O,atp[c] + h2o[c] + hemeO[c] --> adp[c] + hemeO[e] + pi[c],[],0.0,1000.0,H2O,0,c
h2o[c],r_0470,H2O,damp[c] + h2o[c] <=> dad_2[c] + h[c] + pi[c],Purine Metabolism,-1000.0,1000.0,H2O,0,c
h2o[c],r_0556,H2O,dmpp[c] + h2o[c] <=> dmp[c] + pi[c],Riboflavin Metabolism,-1000.0,1000.0,H2O,0,c
h2o[c],r_0605,H2O,Nforglu[c] + h2o[c] <=> for[c] + glu__L[c] + h[c],Histidine Metabolism,-1000.0,1000.0,H2O,0,c
h2o[c],r_0661,H2O,gtp[c] + h2o[c] --> HC01651[c],Folate Biosynthesis,0.0,1000.0,H2O,0,c
h2o[c],r_0024,H2O,2.0 h[c] + o2[c] + 2.0 qh2[c] --> 2.0 h2o[c] + 2.0 h[e] + 2.0 q[c],Oxidative Phosphorylation,0.0,1000.0,H2O,0,c
h2o[c],r_0894,H2O,h2o[c] + rpntp[c] <=> ppi[c] + prpmn[c],Phosphonate and phosphinate metabolism,-1000.0,1000.0,H2O,0,c
h2o[c],r_1040,H2O,h2o[c] + lald__L[c] + nad[c] <=> 2.0 h[c] + lac__L[c] + nadh[c],,-1000.0,1000.0,H2O,0,c
h2o[c],r_0533,H2O,dad_5[c] + h2o[c] --> 5drib[c] + ade[c],[],0.0,1000.0,H2O,0,c
h2o[c],r_0662,H2O,HC01651[c] + h2o[c] --> HC01652[c] + for[c],Folate Biosynthesis,0.0,1000.0,H2O,0,c
h2o[c],r_0302,H2O,ser__L[c] + thf[c] --> gly[c] + h2o[c] + mlthf[c],"Glycine, Serine, and Threonine Metabolism",0.0,1000.0,H2O,0,c
h2o[c],r_0162,H2O,3hpalmACP[c] --> h2o[c] + tpalm2eACP[c],Fatty Acid Biosynthesis,0.0,1000.0,H2O,0,c
h2o[c],r_0469,H2O,h2o[c] + ppgpp[c] --> gdp[c] + ppi[c],Purine Metabolism,0.0,1000.0,H2O,0,c
h2o[c],r_0548,H2O,air[c] + amet[c] --> 4ampm[c] + co[c] + dad_5[c] + for[c] + h2o[c] + met__L[c],Thiamine Metabolism,0.0,1000.0,H2O,0,c
h2o[c],r_0610,H2O,2mecdp[c] + 2.0 fdxrd[c] + 2.0 h[c] --> 2.0 fdxox[c] + h2mb4p[c] + h2o[c],Terpenoid Backbone Biosynthesis,0.0,1000.0,H2O,0,c
h2o[c],r_0027,H2O,gtp[c] + h2o[c] --> ahdt[c] + for[c] + h[c],Folate Biosynthesis,0.0,1000.0,H2O,0,c
h2o[c],r_0078,H2O,2.0 fdxrd[c] + h2mb4p[c] + 2.0 h[c] <=> 2.0 fdxox[c] + h2o[c] + ipdp[c],Terpenoid Backbone Biosynthesis,-1000.0,1000.0,H2O,0,c
h2o[c],r_0301,H2O,air[c] + amet[c] + h2o[c] --> 4ahmmp[c] + co[c] + dad_5[c] + for[c] + 4.0 h[c] + met__L[c] + pi[c],Thiamine Metabolism,0.0,1000.0,H2O,0,c
h2o[c],r_0588,H2O,atp[c] + h2o[c] + 4.0 h[c] --> adp[c] + 5.0 h[e] + pi[c],Oxidative Phosphorylation,0.0,1000.0,H2O,0,c
h2o[c],r_0779,H2O,5dh4dglc[c] <=> 25dop[c] + co2[c] + h2o[c],Ascorbate and aldarate metabolism,-1000.0,1000.0,H2O,0,c
h2o[c],r_0381,H2O,4.0 h[c] + 3.0 nadph[c] + so3[c] --> 3.0 h2o[c] + h2s[c] + 3.0 nadp[c],Sulfur Metabolism,0.0,1000.0,H2O,0,c
h2o[c],r_0467,H2O,3dhq[c] <=> 3dhsk[c] + h2o[c],Phenylalanine Tyrosine Tryptophan Biosynthesis,-1000.0,1000.0,H2O,0,c
h2o[c],r_0598,H2O,26dap_LL[c] + akg[c] <=> glu__L[c] + h2o[c] + h[c] + thdp[c],Lysine Biosynthesis,-1000.0,1000.0,H2O,0,c
h2o[c],r_0665,H2O,ahdt[c] + h2o[c] --> acald[c] + cph4[c] + pppi[c],Folate Biosynthesis,0.0,1000.0,H2O,0,c
h2o[c],r_0067,H2O,fmn[c] + h2o[c] --> h[c] + pi[c] + ribflv[c],Riboflavin Metabolism,0.0,1000.0,H2O,0,c
h2o[c],r_0789,H2O,anhm[c] + atp[c] + h2o[c] --> acmum6p[c] + adp[c],Amino sugar and nucleotide sugar metabolism,0.0,1000.0,H2O,0,c
h2o[c],r_0545,H2O,h2o[c] + pail4p_cho[c] --> pail_cho[c] + pi[c],Inositol Phosphate Metabolism,0.0,1000.0,H2O,0,c
h2o[c],r_0951,H2O,15gl[c] + h2o[c] <=> glcn[c] + h[c],Pentose phosphate pathway,-1000.0,1000.0,H2O,0,c
h2o[c],r_0238,H2O,dad_2[c] + h2o[c] --> din[c] + nh3[c],Purine Metabolism,0.0,1000.0,H2O,0,c
h2o[c],r_1044,H2O,h2o[c] + salcn6p[c] --> g6p[c] + slgn[c],,0.0,1000.0,H2O,0,c
h2o[c],r_0667,H2O,atp[c] + cdg[c] + nh3[c] --> adp[c] + h2o[c] + pi[c] + preq0[c],Folate Biosynthesis,0.0,1000.0,H2O,0,c
h2o[c],r_0018,H2O,csn[c] + h2o[c] --> nh3[c] + ura[c],Pyrimidine Metabolism,0.0,1000.0,H2O,0,c
h2o[c],r_0299,H2O,atp[c] + h2o[c] + homocitrate[e] <=> adp[c] + h[c] + homocitrate[c] + pi[c],Transport,-1000.0,1000.0,H2O,0,c
h2o[c],r_0866,H2O,h2o[c] <=> h[c] + pi[c],Peptidoglycan biosynthesis,-1000.0,1000.0,H2O,0,c
h2o[c],r_0463,H2O,amp[c] + h2o[c] --> adn[c] + h[c] + pi[c],Purine Metabolism,0.0,1000.0,H2O,0,c
h2o[c],r_0574,H2O,asp__L[c] + h2o[c] <=> ala_B[c] + co2[c] + h[c],Pantothenate and CoA Biosynthesis,-1000.0,1000.0,H2O,0,c
h2o[c],r_0889,H2O,uacgam[c] <=> h2o[c] + udp2aca26ddarah4[c],Amino sugar and nucleotide sugar metabolism,-1000.0,1000.0,H2O,0,c
h2o[c],r_0531,H2O,atp[c] + h2o[c] + zn2[e] --> adp[c] + h[c] + pi[c] + zn2[c],Transport,0.0,1000.0,H2O,0,c
h2o[c],r_0183,H2O,3hmrsACP[c] --> h2o[c] + tmrs2eACP[c],Fatty Acid Biosynthesis,0.0,1000.0,H2O,0,c
h2o[c],r_0256,H2O,6pgl[c] + h2o[c] --> 6pgc[c] + h[c],Pentose Phosphate Pathway,0.0,1000.0,H2O,0,c
h2o[c],r_0364,H2O,cala[c] + h2o[c] + h[c] <=> ala_B[c] + co2[c] + nh3[c],Pyrimidine Metabolism,-1000.0,1000.0,H2O,0,c
h2o[c],r_0670,H2O,38ch2gtp[c] + h2o[c] --> cpmp[c] + ppi[c],Folate Biosynthesis,0.0,1000.0,H2O,0,c
h2o[c],r_0295,H2O,3hoctACP[c] --> h2o[c] + toct2eACP[c],Fatty Acid Biosynthesis,0.0,1000.0,H2O,0,c
h2o[c],r_0884,H2O,mana[c] <=> 2ddglcn[c] + h2o[c],Pentose and glucuronate interconversions,-1000.0,1000.0,H2O,0,c
h2o[c],r_0637,H2O,betald[c] + h2o[c] + nadp[c] <=> glyb[c] + 2.0 h[c] + nadph[c],"Glycine, Serine, and Threonine Metabolism",-1000.0,1000.0,H2O,0,c
h2o[c],r_0671,H2O,dhnpt[c] + pi[c] --> dhppt[c] + h2o[c],Folate Biosynthesis,0.0,1000.0,H2O,0,c
h2o[c],r_0293,H2O,cgly[c] + h2o[c] --> cys__L[c] + gly[c],Glutathione Metabolism,0.0,1000.0,H2O,0,c
h2o[c],r_0672,H2O,4abz[c] + 6hmhpt[c] --> dhpt[c] + h2o[c],Folate Biosynthesis,0.0,1000.0,H2O,0,c
h2o[c],r_0039,H2O,cyst__L[c] + h2o[c] --> h[c] + hcys__L[c] + nh3[c] + pyr[c],Cysteine and Methionine Metabolism,0.0,1000.0,H2O,0,c
h2o[c],r_0796,H2O,23dappa[c] + h2o[c] <=> 2.0 nh3[c] + pyr[c],[],-1000.0,1000.0,H2O,0,c
h2o[c],r_0226,H2O,adn[c] + h2o[c] --> ade[c] + rib__D[c],Purine Metabolism,0.0,1000.0,H2O,0,c
h2o[c],r_0565,H2O,h2o[c] + nadp[c] --> h[c] + nad[c] + pi[c],Nicotinate and Nicotinamide,0.0,1000.0,H2O,0,c
h2o[c],r_0020,H2O,dgtp[c] + h2o[c] <=> dgsn[c] + h[c] + pppi[c],Purine Metabolism,-1000.0,1000.0,H2O,0,c
h2o[c],r_0784,H2O,3rinct[c] + h2o[c] <=> pi[c] + ribbc[c],[],-1000.0,1000.0,H2O,0,c
h2o[c],r_0176,H2O,h2o[c] + nflgln[c] --> frmd[c] + glu__L[c],Histidine Metabolism,0.0,1000.0,H2O,0,c
h2o[c],r_0529,H2O,dhap[c] + iasp[c] --> 2.0 h2o[c] + h[c] + pi[c] + quln[c],Nicotinate and Nicotinamide,0.0,1000.0,H2O,0,c
h2o[c],r_0291,H2O,atp[c] + h2o[c] + pyr[c] --> amp[c] + h[c] + pep[c] + pi[c],Glycolysis / Gluconeogenesis,0.0,1000.0,H2O,0,c
h2o[c],r_0159,H2O,cytd[c] + h2o[c] --> nh3[c] + uri[c],Pyrimidine Metabolism,0.0,1000.0,H2O,0,c
h2o[c],r_0290,H2O,dcyt[c] + h2o[c] --> duri[c] + nh3[c],Pyrimidine Metabolism,0.0,1000.0,H2O,0,c
h2o[c],r_0731,H2O,atp[c] + h2o[c] + lps[c] --> adp[c] + lps[e] + pi[c],[],0.0,1000.0,H2O,0,c
h2o[c],r_0776,H2O,kdo8p[c] + pi[c] <=> ara5p[c] + h2o[c] + pep[c],Lipopolysaccharide biosynthesis,-1000.0,1000.0,H2O,0,c
h2o[c],r_0002,H2O,gln__L[c] + h2o[c] --> glu__L[c] + h[c] + nh3[c],Nitrogen Metabolism,0.0,1000.0,H2O,0,c
h2o[c],r_0288,H2O,arg__L[c] + h2o[c] --> orn[c] + urea[c],Arginine and proline metabolism,0.0,1000.0,H2O,0,c
h2o[c],r_0552,H2O,h2o[c] + thmpp[c] <=> pi[c] + thmmp[c],Thiamine Metabolism,-1000.0,1000.0,H2O,0,c
h2o[c],r_0633,H2O,dttp[c] + h2o[c] --> dtmp[c] + ppi[c],Pyrimidine Metabolism,0.0,1000.0,H2O,0,c
h2o[c],r_1056,H2O,acgal6p[c] + h2o[c] <=> ac[c] + galam6p[c],,-1000.0,1000.0,H2O,0,c
h2o[c],r_0526,H2O,glu__L[c] + h2o[c] + nadp[c] <=> akg[c] + 2.0 h[c] + nadph[c] + nh3[c],"Arginine biosynthesis; Alanine, aspartate and glutamate metabolism",-1000.0,1000.0,H2O,0,c
h2o[c],r_0015,H2O,hcys__L[c] + ser__L[c] --> cyst__L[c] + h2o[c],"Glycine, Serine, and Threonine Metabolism",0.0,1000.0,H2O,0,c
h2o[c],r_0285,H2O,3c2hmp[c] <=> 2ippm[c] + h2o[c],"Valine, Leucine and Isoleucine Biosynthesis",-1000.0,1000.0,H2O,0,c
h2o[c],r_0802,H2O,h2o[c] + u3o3r3hnadg[c] <=> ac[c] + u3dcga[c],[],-1000.0,1000.0,H2O,0,c
h2o[c],r_1057,H2O,galam6p[c] + h2o[c] --> nh3[c] + tag6p__D[c],,0.0,1000.0,H2O,0,c
h2o[c],r_0128,H2O,accoa[c] + h2o[c] + oaa[c] --> cit[c] + coa[c] + h[c],TCA Cycle,0.0,1000.0,H2O,0,c
h2o[c],r_0216,H2O,atp[c] + gln__L[c] + h2o[c] + utp[c] --> adp[c] + ctp[c] + glu__L[c] + 2.0 h[c] + pi[c],Pyrimidine Metabolism,0.0,1000.0,H2O,0,c
h2o[c],r_0359,H2O,cmp[c] + h2o[c] --> cytd[c] + h[c] + pi[c],Pyrimidine Metabolism,0.0,1000.0,H2O,0,c
h2o[c],r_0561,H2O,3a2oprop[c] + dxyl5p[c] --> 2.0 h2o[c] + pdx5p[c] + pi[c],Vitamin B6 Metabolism,0.0,1000.0,H2O,0,c
h2o[c],r_0620,H2O,3haACP[c] <=> h2o[c] + t23dACP[c],Fatty Acid Biosynthesis,-1000.0,1000.0,H2O,0,c
h2o[c],r_0103,H2O,h2o[c] + histd[c] + 2.0 nad[c] --> 3.0 h[c] + his__L[c] + 2.0 nadh[c],Histidine Metabolism,0.0,1000.0,H2O,0,c
h2o[c],r_0514,H2O,h2o[c] + 2.0 phb[c] --> 3hbbRR[c] + h[c],PHB synthesis,0.0,1000.0,H2O,0,c
h2o[c],r_0572,H2O,dpcoa[c] + h2o[c] <=> amp[c] + pan4p[c],Pantothenate and CoA Biosynthesis,-1000.0,1000.0,H2O,0,c
h2o[c],r_0758,H2O,chols[c] + h2o[c] <=> chol[c] + so4[c],Amine and Polyamine Degradation,-1000.0,1000.0,H2O,0,c
h2o[c],r_0158,H2O,atp[c] + h2o[c] --> adp[c] + h[c] + pi[c],Oxidative Phosphorylation,3.0,1000.0,H2O,0,c
h2o[c],r_0636,H2O,betald[c] + h2o[c] + nad[c] <=> glyb[c] + 2.0 h[c] + nadh[c],"Glycine, Serine, and Threonine Metabolism",-1000.0,1000.0,H2O,0,c
h2o[c],r_0026,H2O,10fthf[c] + h2o[c] --> for[c] + h[c] + thf[c],One carbon pool by folate,0.0,1000.0,H2O,0,c
h2o[c],r_0347,H2O,h2o[c] + sl26da[c] --> 26dap_LL[c] + succ[c],Lysine Biosynthesis,0.0,1000.0,H2O,0,c
h2o[c],r_0214,H2O,3hddcoa[c] <=> dd2coa[c] + h2o[c],Fatty Acid Metabolism,-1000.0,1000.0,H2O,0,c
h2o[c],r_0452,H2O,atp[c] + gln__L[c] + h2o[c] + xmp[c] --> amp[c] + glu__L[c] + gmp[c] + h[c] + ppi[c],Purine Metabolism,0.0,1000.0,H2O,0,c
h2o[c],r_0684,H2O,coa[c] + mal__L[c] <=> accoa[c] + glx[c] + h2o[c],Glyoxylate and dicarboxylate metabolism,-1000.0,1000.0,H2O,0,c
h2o[c],r_0040,H2O,indole[c] + ser__L[c] --> h2o[c] + trp__L[c],Phenylalanine Tyrosine Tryptophan Biosynthesis,0.0,1000.0,H2O,0,c
h2o[c],r_1061,H2O,gam6p[c] + h2o[c] <=> f6p[c] + h[c] + nh3[c],,-1000.0,1000.0,H2O,0,c
h2o[c],r_0157,H2O,acon_C[c] + h2o[c] <=> icit[c],TCA Cycle,-1000.0,1000.0,H2O,0,c
h2o[c],r_0516,H2O,3hbbRR[c] + h2o[c] <=> 2.0 bhb[c] + h[c],PHB synthesis; Butanoate metabolism,-1000.0,1000.0,H2O,0,c
h2o[c],r_1062,H2O,4fumacac[c] + h2o[c] --> acac[c] + fum[c] + h[c],,0.0,1000.0,H2O,0,c
h2o[c],r_0573,H2O,56dura[c] + h2o[c] --> cala[c],Pantothenate and CoA Biosynthesis,0.0,1000.0,H2O,0,c
h2o[c],r_0568,H2O,focytC[c] + h[c] + no2[c] --> ficytC[c] + h2o[c] + no[c],Nitrogen Metabolism,0.0,1000.0,H2O,0,c
h2o[c],r_0625,H2O,ctp[c] + h2o[c] --> cmp[c] + ppi[c],Pyrimidine Metabolism,0.0,1000.0,H2O,0,c
h2o[c],r_1065,H2O,n4acld[c] --> ecto__L[c] + h2o[c] + h[c],,0.0,1000.0,H2O,0,c
h2o[c],r_0689,H2O,h2o[c] + lgt__S[c] <=> gthrd[c] + lac__D[c],Pyruvate metabolism,-1000.0,1000.0,H2O,0,c
h2o[c],r_0189,H2O,h2o[c] + o2[c] + pyam5p[c] --> h2o2[c] + h[c] + nh3[c] + pydx5p[c],Vitamin B6 Metabolism,0.0,1000.0,H2O,0,c
h2o[c],r_0525,H2O,glu__L[c] + h2o[c] + nad[c] <=> akg[c] + 2.0 h[c] + nadh[c] + nh3[c],"Arginine biosynthesis; Alanine, aspartate and glutamate metabolism",-1000.0,1000.0,H2O,0,c
h2o[c],r_0629,H2O,dump[c] + h2o[c] --> duri[c] + h[c] + pi[c],Pyrimidine Metabolism,0.0,1000.0,H2O,0,c
h2o[c],r_0974,H2O,malt__D[c] + 2.0 pi[c] --> 2.0 g1p[c] + h2o[c],,0.0,1000.0,H2O,0,c
h2o[c],r_0358,H2O,h2o[c] + ump[c] --> h[c] + pi[c] + uri[c],Pyrimidine Metabolism,0.0,1000.0,H2O,0,c
h2o[c],r_0563,H2O,h2o[c] + nad[c] --> amp[c] + nmn[c],Nicotinate and Nicotinamide,0.0,1000.0,H2O,0,c
h2o[c],r_0977,H2O,cellb[c] + h2o[c] --> 2.0 glc__aD[c],,0.0,1000.0,H2O,0,c
h2o[c],r_0155,H2O,atp[c] + cbl1[e] + h2o[c] --> adp[c] + cbl1[c] + h[c] + pi[c],Porphyrin and Chlorophyll Metabolism,0.0,1000.0,H2O,0,c
h2o[c],r_0623,H2O,h2o[c] + utp[c] --> ppi[c] + ump[c],Pyrimidine Metabolism,0.0,1000.0,H2O,0,c
h2o[c],r_0402,H2O,h2o[c] + nmn[c] --> h[c] + pi[c] + rnam[c],Nicotinate and Nicotinamide,0.0,1000.0,H2O,0,c
h2o[c],r_0523,H2O,dkdi[c] + h2o[c] --> 5ddglcn[c] + h[c],Inositol Phosphate Metabolism,0.0,1000.0,H2O,0,c
h2o[c],r_0606,H2O,5oxpro[c] + atp[c] + 2.0 h2o[c] --> adp[c] + glu__L[c] + pi[c],Glutathione Metabolism,0.0,1000.0,H2O,0,c
h2o[c],r_0696,H2O,dgtp[c] + h2o[c] --> dgmp[c] + ppi[c],Purine Metabolism,0.0,1000.0,H2O,0,c
h2o[c],r_0356,H2O,cpppg3[c] + 2.0 h[c] + o2[c] --> 2.0 co2[c] + 2.0 h2o[c] + pppg9[c],Porphyrin and Chlorophyll Metabolism,0.0,1000.0,H2O,0,c
h2o[c],r_0697,H2O,gdp[c] + trdrd[c] --> dgdp[c] + h2o[c] + trdox[c],Purine Metabolism,0.0,1000.0,H2O,0,c
h2o[c],r_0826,H2O,h2o[c] + tre6p[c] <=> pi[c] + tre[c],Starch and sucrose metabolism,-1000.0,1000.0,H2O,0,c
h2o[c],r_0698,H2O,gtp[c] + h2o[c] --> gmp[c] + ppi[c],Purine Metabolism,0.0,1000.0,H2O,0,c
h2o[c],r_0715,H2O,4.0 fe2[c] + 4.0 h[c] + o2[c] --> 4.0 fe3[c] + 2.0 h2o[c],Porphyrin Metabolism,0.0,1000.0,H2O,0,c
h2o[c],r_0825,H2O,fald[c] + h2o[c] + nad[c] --> for[c] + h[c] + nadh[c],Carbon metabolism,0.0,1000.0,H2O,0,c
h2o[c],r_0699,H2O,3gmp[c] + h2o[c] --> gsn[c] + pi[c],Purine Metabolism,0.0,1000.0,H2O,0,c
h2o[c],r_0824,H2O,h[c] + nadph[c] + o2[c] + phaccoa[c] --> 212e12diac[c] + h2o[c] + nadp[c],Phenylalanine metabolism,0.0,1000.0,H2O,0,c
h2o[c],r_0116,H2O,ahdt[c] + 3.0 h2o[c] --> dhnpt[c] + 3.0 h[c] + 3.0 pi[c],Folate Biosynthesis,0.0,1000.0,H2O,0,c
h2o[c],r_0044,H2O,atp[c] + h2o[c] + met__L[c] --> amet[c] + pi[c] + ppi[c],Cysteine and Methionine Metabolism,0.0,1000.0,H2O,0,c
h2o[c],r_0744,H2O,h2o[c] + pppro[c] <=> pi[c] + protein[c],[],-1000.0,1000.0,H2O,0,c
h2o[c],r_0123,H2O,asp__L[c] + atp[c] + gln__L[c] + h2o[c] --> amp[c] + asn__L[c] + glu__L[c] + ppi[c],"Alanine, Aspartate and Glutamate metabolism",0.0,1000.0,H2O,0,c
h2o[c],r_0240,H2O,3hddecACP[c] --> h2o[c] + tddec2eACP[c],Fatty Acid Biosynthesis,0.0,1000.0,H2O,0,c
h2o[c],r_0559,H2O,fmnh2[c] + o2[c] <=> dmbzid[c] + e4p[c] + h2o[c],Riboflavin Metabolism,-1000.0,1000.0,H2O,0,c
h2o[c],r_0630,H2O,3ump[c] + h2o[c] --> pi[c] + uri[c],Pyrimidine Metabolism,0.0,1000.0,H2O,0,c
h2o[c],r_0174,H2O,23dhmb[c] --> 3mob[c] + h2o[c],"Valine, Leucine and Isoleucine Biosynthesis",0.0,1000.0,H2O,0,c
h2o[c],r_0207,H2O,hmbil[c] --> h2o[c] + uppg3[c],Porphyrin and Chlorophyll Metabolism,0.0,1000.0,H2O,0,c
h2o[c],r_0783,H2O,chitob[c] + h2o[c] <=> 2.0 acgam[c],Amino sugar and nucleotide sugar metabolism,-1000.0,1000.0,H2O,0,c
h2o[c],r_0096,H2O,2.6 atp[c] + ctp[c] + gtp[c] + 1.6 h2o[c] + utp[c] --> 1.6 adp[c] + 1.6 h[c] + 1.6 pi[c] + 4.0 ppi[c] + 4.0 rna[c],Pyrimidine Metabolism,0.0,1000.0,H2O,0,c
h2o[c],r_0579,H2O,gar[c] + h2o[c] + methf[c] <=> fgam[c] + 2.0 h[c] + thf[c],One carbon pool by folate,-1000.0,1000.0,H2O,0,c
h2o[c],r_0032,H2O,glu5sa[c] <=> 1pyr5c[c] + h2o[c] + h[c],Arginine and Proline Metabolism,-1000.0,1000.0,H2O,0,c
h2o[c],r_0203,H2O,25drapp[c] + h2o[c] <=> 5apru[c] + nh3[c],Riboflavin Metabolism,-1000.0,1000.0,H2O,0,c
h2o[c],r_0410,H2O,h2o[c] + imp[c] <=> fprica[c],Purine Metabolism,-1000.0,1000.0,H2O,0,c
h2o[c],r_0555,H2O,fad[c] + h2o[c] <=> amp[c] + fmn[c],Riboflavin Metabolism,-1000.0,1000.0,H2O,0,c
h2o[c],r_0234,H2O,3mob[c] + h2o[c] + mlthf[c] <=> 2dhp[c] + thf[c],Pantothenate and CoA Biosynthesis,-1000.0,1000.0,H2O,0,c
h2o[c],r_0388,H2O,ahcys[c] + h2o[c] --> ade[c] + rhcys[c],Cysteine and Methionine Metabolism,0.0,1000.0,H2O,0,c
h2o[c],r_0551,H2O,dxyl5p[c] + imgly[c] + thiosul[c] --> 2c4mthzep[c] + 2.0 h2o[c] + scp[c],Thiamine Metabolism,0.0,1000.0,H2O,0,c
h2o[c],r_0705,H2O,h2o[c] + nad[c] + xan[c] --> h[c] + nadh[c] + urate[c],Purine Metabolism,0.0,1000.0,H2O,0,c
h2o[c],r_0186,H2O,cit[c] <=> acon_C[c] + h2o[c],TCA Cycle,-1000.0,1000.0,H2O,0,c
h2o[c],r_0706,H2O,h2o[c] + hxan[c] + nad[c] --> h[c] + nadh[c] + xan[c],Purine Metabolism,0.0,1000.0,H2O,0,c
h2o[c],r_0707,H2O,atp[c] + h2o[c] --> amp[c] + ppi[c],Purine Metabolism,0.0,1000.0,H2O,0,c
h2o[c],r_0121,H2O,5aprbu[c] + h2o[c] <=> 6r5au[c] + pi[c],Riboflavin Metabolism,-1000.0,1000.0,H2O,0,c
h2o[c],r_0708,H2O,adp[c] + trdrd[c] --> dadp[c] + h2o[c] + trdox[c],Purine Metabolism,0.0,1000.0,H2O,0,c
h2o[c],r_0815,H2O,cdpglc[c] <=> cdp4dh6doglc[c] + h2o[c],Amino sugar and nucleotide sugar metabolism,-1000.0,1000.0,H2O,0,c
h2o[c],r_0206,H2O,gua[c] + h2o[c] --> nh3[c] + xan[c],Purine Metabolism,0.0,1000.0,H2O,0,c
h2o[c],r_0390,H2O,h2o[c] + pser__L[c] --> h[c] + pi[c] + ser__L[c],"Glycine, Serine, and Threonine Metabolism",0.0,1000.0,H2O,0,c
h2o[c],r_0628,H2O,3cmp[c] + h2o[c] --> cytd[c] + pi[c],Pyrimidine Metabolism,0.0,1000.0,H2O,0,c
h2o[c],r_0043,H2O,co2[c] + h2o[c] <=> h[c] + hco3[c],Nitrogen Metabolism,-1000.0,1000.0,H2O,0,c
h2o[c],r_0788,H2O,rooh[c] + trdrd[c] <=> h2o[c] + roh[c] + trdox[c],[],-1000.0,1000.0,H2O,0,c
h2o[c],r_0993,H2O,h2o[c] + raffin[c] --> gal[c] + sucr[c],,0.0,1000.0,H2O,0,c
h2o[c],r_0153,H2O,h2mb4p[c] + h[c] + nadh[c] --> dmpp[c] + h2o[c] + nad[c],Terpenoid Backbone Biosynthesis,0.0,1000.0,H2O,0,c
h2o[c],r_0184,H2O,eig3p[c] --> h2o[c] + imacp[c],Histidine Metabolism,0.0,1000.0,H2O,0,c
h2o[c],r_0711,H2O,h2o[c] + urdgci[c] <=> nh3[c] + urdglyc[c],Purine Metabolism,-1000.0,1000.0,H2O,0,c
h2o[c],r_0812,H2O,5hiu[c] + h2o[c] <=> 5houdic[c],Purine Metabolism,-1000.0,1000.0,H2O,0,c
h2o[c],r_0204,H2O,h2o[c] + succoa[c] + thdp[c] --> coa[c] + sl2a6o[c],Lysine Biosynthesis,0.0,1000.0,H2O,0,c
h2o[c],r_0373,H2O,dcmp[c] + h2o[c] --> dcyt[c] + h[c] + pi[c],Pyrimidine Metabolism,0.0,1000.0,H2O,0,c
h2o[c],r_0712,H2O,alla[c] + h2o[c] <=> urdglyc[c] + urea[c],Purine Metabolism,-1000.0,1000.0,H2O,0,c
h2o[c],r_0795,H2O,atp[c] + cobalt2[c] + h2o[c] + hgbam[c] --> adp[c] + cob2nda[c] + h[c] + pi[c],Porphyrin and Chlorophyll Metabolism,0.0,1000.0,H2O,0,c
h2o[c],r_0120,H2O,h2o[c] + urcan[c] --> 4izp[c],Histidine Metabolism,0.0,1000.0,H2O,0,c
h2o[c],r_0232,H2O,gln__L[c] + h2o[c] + prpp[c] --> glu__L[c] + ppi[c] + pram[c],Purine Metabolism,0.0,1000.0,H2O,0,c
h2o[c],r_0603,H2O,4izp[c] + h2o[c] + o2[c] --> h2o2[c] + h5p[c],Histidine Metabolism,0.0,1000.0,H2O,0,c
h2o[c],r_0996,H2O,h2o[c] + lcts[c] --> gal[c] + glc__aD[c],,0.0,1000.0,H2O,0,c
h2o[c],r_0383,H2O,h2o[c] + xmp[c] --> h[c] + pi[c] + xtsn[c],Purine Metabolism,0.0,1000.0,H2O,0,c
h2o[c],r_0714,H2O,3amp[c] + h2o[c] --> adn[c] + pi[c],Purine Metabolism,0.0,1000.0,H2O,0,c
h2o[c],r_0809,H2O,acmama[c] + h2o[c] <=> acmum[c] + ala__L[c],[],-1000.0,1000.0,H2O,0,c
h2o[c],r_0737,H2O,forlmepep[c] + h2o[c] <=> for[c] + mepep[c],[],-1000.0,1000.0,H2O,0,c
gln__L[c],r_0132,L-Glutamine,atp[c] + glu__L[c] + nh3[c] --> adp[c] + gln__L[c] + pi[c],Nitrogen Metabolism,0.0,1000.0,C5H10N2O3,0,c
gln__L[c],r_0472,L-Glutamine,2.0 atp[c] + gln__L[c] + h2o[c] + hco3[c] --> 2.0 adp[c] + cbp[c] + glu__L[c] + h[c] + pi[c],"Alanine, Aspartate and Glutamate metabolism",0.0,1000.0,C5H10N2O3,0,c
gln__L[c],r_0375,L-Glutamine,f6p[c] + gln__L[c] --> gam6p[c] + glu__L[c],"Alanine, Aspartate and Glutamate metabolism",0.0,1000.0,C5H10N2O3,0,c
gln__L[c],r_0425,L-Glutamine,atp[c] + fgam[c] + gln__L[c] + h2o[c] --> adp[c] + fpram[c] + glu__L[c] + h[c] + pi[c],Purine Metabolism,0.0,1000.0,C5H10N2O3,0,c
gln__L[c],r_0959,L-Glutamine,0.2614 ade[c] + 0.706188 ala__L[c] + 0.431004 arg__L[c] + 0.155232 asn__L[c] + 0.312228 asp__L[c] + 0.3586 csn[c] + 0.054684 cys__L[c] + 0.17052 gln__L[c] + 0.343392 glu__L[c] + 0.497448 gly[c] + 0.05 glycogen[c] + 0.3586 gua[c] + 0.124068 his__L[c] + 0.322224 ile__L[c] + 0.599172 leu__L[c] + 0.18816 lys__L[c] + 0.143472 met__L[c] + 0.39 pe_hs[c] + 4.86 phb[c] + 0.231672 phe__L[c] + 0.295764 pro__L[c] + 0.01 ptrc[c] + 0.3586 rna[c] + 0.34104 ser__L[c] + 0.30282 thr__L[c] + 0.0722 thym[c] + 0.081144 trp__L[c] + 0.134652 tyr__L[c] + 0.1892 ura[c] + 0.445704 val__L[c] --> biomass[c],Biomass,0.0,1000.0,C5H10N2O3,0,c
gln__L[c],r_0216,L-Glutamine,atp[c] + gln__L[c] + h2o[c] + utp[c] --> adp[c] + ctp[c] + glu__L[c] + 2.0 h[c] + pi[c],Pyrimidine Metabolism,0.0,1000.0,C5H10N2O3,0,c
gln__L[c],r_0404,L-Glutamine,chor[c] + gln__L[c] --> anth[c] + glu__L[c] + h[c] + pyr[c],Phenylalanine Tyrosine Tryptophan Biosynthesis,0.0,1000.0,C5H10N2O3,0,c
gln__L[c],r_0135,L-Glutamine,gln__L[c] + prlp[c] --> aicar[c] + eig3p[c] + glu__L[c] + h[c],Histidine Metabolism,0.0,1000.0,C5H10N2O3,0,c
gln__L[c],r_0468,L-Glutamine,akg[c] + gln__L[c] + h[c] + nadph[c] --> 2.0 glu__L[c] + nadp[c],Nitrogen Metabolism,0.0,1000.0,C5H10N2O3,0,c
gln__L[c],r_0497,L-Glutamine,atp[c] + dnad[c] + gln__L[c] + h2o[c] --> amp[c] + glu__L[c] + nad[c] + ppi[c],Nicotinate and Nicotinamide,0.0,1000.0,C5H10N2O3,0,c
gln__L[c],r_0123,L-Glutamine,asp__L[c] + atp[c] + gln__L[c] + h2o[c] --> amp[c] + asn__L[c] + glu__L[c] + ppi[c],"Alanine, Aspartate and Glutamate metabolism",0.0,1000.0,C5H10N2O3,0,c
gln__L[c],r_0675,L-Glutamine,chor[c] + gln__L[c] <=> 4adcho[c] + glu__L[c],Folate Biosynthesis,-1000.0,1000.0,C5H10N2O3,0,c
gln__L[c],r_0232,L-Glutamine,gln__L[c] + h2o[c] + prpp[c] --> glu__L[c] + ppi[c] + pram[c],Purine Metabolism,0.0,1000.0,C5H10N2O3,0,c
gln__L[c],r_0002,L-Glutamine,gln__L[c] + h2o[c] --> glu__L[c] + h[c] + nh3[c],Nitrogen Metabolism,0.0,1000.0,C5H10N2O3,0,c
gln__L[c],r_0452,L-Glutamine,atp[c] + gln__L[c] + h2o[c] + xmp[c] --> amp[c] + glu__L[c] + gmp[c] + h[c] + ppi[c],Purine Metabolism,0.0,1000.0,C5H10N2O3,0,c
gln__L[c],r_0908,L-Glutamine,2.0 atp[c] + 2.0 gln__L[c] + 2.0 h2o[c] + hgbyr[c] <=> 2.0 adp[c] + 2.0 glu__L[c] + hgbam[c] + 2.0 pi[c],Porphyrin and Chlorophyll Metabolism,-1000.0,1000.0,C5H10N2O3,0,c
glu__L[c],r_0061,L-Glutamate,acorn[c] + glu__L[c] <=> acglu[c] + orn[c],Arginine biosynthesis,-1000.0,1000.0,C5H8NO4,-1,c
glu__L[c],r_0477,L-Glutamate,akg[c] + sl26da[c] <=> glu__L[c] + sl2a6o[c],Lysine Biosynthesis,-1000.0,1000.0,C5H8NO4,-1,c
glu__L[c],r_0526,L-Glutamate,glu__L[c] + h2o[c] + nadp[c] <=> akg[c] + 2.0 h[c] + nadph[c] + nh3[c],"Arginine biosynthesis; Alanine, aspartate and glutamate metabolism",-1000.0,1000.0,C5H8NO4,-1,c
glu__L[c],r_0893,L-Glutamate,akg[c] + u4a46dnabla[c] <=> glu__L[c] + udp2aca26ddarah4[c],Amino sugar and nucleotide sugar metabolism,-1000.0,1000.0,C5H8NO4,-1,c
glu__L[c],r_0476,L-Glutamate,acorn[c] + akg[c] <=> acg5sa[c] + glu__L[c],Arginine biosynthesis,-1000.0,1000.0,C5H8NO4,-1,c
glu__L[c],r_0425,L-Glutamate,atp[c] + fgam[c] + gln__L[c] + h2o[c] --> adp[c] + fpram[c] + glu__L[c] + h[c] + pi[c],Purine Metabolism,0.0,1000.0,C5H8NO4,-1,c
glu__L[c],r_0073,L-Glutamate,glu__L[c] + imacp[c] <=> akg[c] + hisp[c],Histidine Metabolism,-1000.0,1000.0,C5H8NO4,-1,c
glu__L[c],r_0216,L-Glutamate,atp[c] + gln__L[c] + h2o[c] + utp[c] --> adp[c] + ctp[c] + glu__L[c] + 2.0 h[c] + pi[c],Pyrimidine Metabolism,0.0,1000.0,C5H8NO4,-1,c
glu__L[c],r_0135,L-Glutamate,gln__L[c] + prlp[c] --> aicar[c] + eig3p[c] + glu__L[c] + h[c],Histidine Metabolism,0.0,1000.0,C5H8NO4,-1,c
glu__L[c],r_0656,L-Glutamate,4met2obut[c] + glu__L[c] --> akg[c] + met__L[c],Cysteine and Methionine Metabolism,0.0,1000.0,C5H8NO4,-1,c
glu__L[c],r_0497,L-Glutamate,atp[c] + dnad[c] + gln__L[c] + h2o[c] --> amp[c] + glu__L[c] + nad[c] + ppi[c],Nicotinate and Nicotinamide,0.0,1000.0,C5H8NO4,-1,c
glu__L[c],r_0185,L-Glutamate,4mop[c] + glu__L[c] --> akg[c] + leu__L[c],"Valine, Leucine and Isoleucine Biosynthesis",0.0,1000.0,C5H8NO4,-1,c
glu__L[c],r_0037,L-Glutamate,3mop[c] + glu__L[c] --> akg[c] + ile__L[c],"Valine, Leucine and Isoleucine Biosynthesis",0.0,1000.0,C5H8NO4,-1,c
glu__L[c],r_0486,L-Glutamate,glu__L[c] + mmtsa[c] <=> 3aib[c] + akg[c],Pyrimidine Metabolism,-1000.0,1000.0,C5H8NO4,-1,c
glu__L[c],r_0644,L-Glutamate,Lcyst[c] + akg[c] <=> 3spyr[c] + glu__L[c],Cysteine and Methionine Metabolism,-1000.0,1000.0,C5H8NO4,-1,c
glu__L[c],r_0065,L-Glutamate,atp[c] + glu__L[c] + h[c] --> adp[c] + glu5p[c],Arginine and Proline Metabolism,0.0,1000.0,C5H8NO4,-1,c
glu__L[c],r_0606,L-Glutamate,5oxpro[c] + atp[c] + 2.0 h2o[c] --> adp[c] + glu__L[c] + pi[c],Glutathione Metabolism,0.0,1000.0,C5H8NO4,-1,c
glu__L[c],r_0219,L-Glutamate,glu__L[c] + phpyr[c] <=> akg[c] + phe__L[c],Phenylalanine Tyrosine Tryptophan Biosynthesis,-1000.0,1000.0,C5H8NO4,-1,c
glu__L[c],r_0071,L-Glutamate,atp[c] + cys__L[c] + glu__L[c] --> adp[c] + glucys[c] + h[c] + pi[c],Glutathione Metabolism,0.0,1000.0,C5H8NO4,-1,c
glu__L[c],r_0452,L-Glutamate,atp[c] + gln__L[c] + h2o[c] + xmp[c] --> amp[c] + glu__L[c] + gmp[c] + h[c] + ppi[c],Purine Metabolism,0.0,1000.0,C5H8NO4,-1,c
glu__L[c],r_0484,L-Glutamate,glu__L[c] + h[c] --> 4abut[c] + co2[c],Nitrogen Metabolism,0.0,1000.0,C5H8NO4,-1,c
glu__L[c],r_0908,L-Glutamate,2.0 atp[c] + 2.0 gln__L[c] + 2.0 h2o[c] + hgbyr[c] <=> 2.0 adp[c] + 2.0 glu__L[c] + hgbam[c] + 2.0 pi[c],Porphyrin and Chlorophyll Metabolism,-1000.0,1000.0,C5H8NO4,-1,c
glu__L[c],r_0180,L-Glutamate,3mob[c] + glu__L[c] --> akg[c] + val__L[c],"Valine, Leucine and Isoleucine Biosynthesis",0.0,1000.0,C5H8NO4,-1,c
glu__L[c],r_0213,L-Glutamate,glu__D[c] <=> glu__L[c],"Alanine, Aspartate and Glutamate metabolism",-1000.0,1000.0,C5H8NO4,-1,c
glu__L[c],r_0283,L-Glutamate,akg[c] + asp__L[c] <=> glu__L[c] + oaa[c],"Alanine, Aspartate and Glutamate metabolism",-1000.0,1000.0,C5H8NO4,-1,c
glu__L[c],r_0432,L-Glutamate,atp[c] + glu__L[c] + h[c] + trnaglu[c] --> amp[c] + glutrna[c] + ppi[c],"Alanine, Aspartate and Glutamate metabolism",0.0,1000.0,C5H8NO4,-1,c
glu__L[c],r_0132,L-Glutamate,atp[c] + glu__L[c] + nh3[c] --> adp[c] + gln__L[c] + pi[c],Nitrogen Metabolism,0.0,1000.0,C5H8NO4,-1,c
glu__L[c],r_0443,L-Glutamate,glu__L[c] + ohpb[c] <=> akg[c] + phthr[c],Vitamin B6 Metabolism,-1000.0,1000.0,C5H8NO4,-1,c
glu__L[c],r_0472,L-Glutamate,2.0 atp[c] + gln__L[c] + h2o[c] + hco3[c] --> 2.0 adp[c] + cbp[c] + glu__L[c] + h[c] + pi[c],"Alanine, Aspartate and Glutamate metabolism",0.0,1000.0,C5H8NO4,-1,c
glu__L[c],r_0597,L-Glutamate,akg[c] + n6all26d[c] <=> glu__L[c] + nal2a6o[c],Lysine Biosynthesis,-1000.0,1000.0,C5H8NO4,-1,c
glu__L[c],r_0375,L-Glutamate,f6p[c] + gln__L[c] --> gam6p[c] + glu__L[c],"Alanine, Aspartate and Glutamate metabolism",0.0,1000.0,C5H8NO4,-1,c
glu__L[c],r_0648,L-Glutamate,C02356[c] + akg[c] <=> 2obut[c] + glu__L[c],Cysteine and Methionine Metabolism,-1000.0,1000.0,C5H8NO4,-1,c
glu__L[c],r_0092,L-Glutamate,glu__L[e] + h[e] <=> glu__L[c] + h[c],Transport,-1000.0,1000.0,C5H8NO4,-1,c
glu__L[c],r_0605,L-Glutamate,Nforglu[c] + h2o[c] <=> for[c] + glu__L[c] + h[c],Histidine Metabolism,-1000.0,1000.0,C5H8NO4,-1,c
glu__L[c],r_0176,L-Glutamate,h2o[c] + nflgln[c] --> frmd[c] + glu__L[c],Histidine Metabolism,0.0,1000.0,C5H8NO4,-1,c
glu__L[c],r_0959,L-Glutamate,0.2614 ade[c] + 0.706188 ala__L[c] + 0.431004 arg__L[c] + 0.155232 asn__L[c] + 0.312228 asp__L[c] + 0.3586 csn[c] + 0.054684 cys__L[c] + 0.17052 gln__L[c] + 0.343392 glu__L[c] + 0.497448 gly[c] + 0.05 glycogen[c] + 0.3586 gua[c] + 0.124068 his__L[c] + 0.322224 ile__L[c] + 0.599172 leu__L[c] + 0.18816 lys__L[c] + 0.143472 met__L[c] + 0.39 pe_hs[c] + 4.86 phb[c] + 0.231672 phe__L[c] + 0.295764 pro__L[c] + 0.01 ptrc[c] + 0.3586 rna[c] + 0.34104 ser__L[c] + 0.30282 thr__L[c] + 0.0722 thym[c] + 0.081144 trp__L[c] + 0.134652 tyr__L[c] + 0.1892 ura[c] + 0.445704 val__L[c] --> biomass[c],Biomass,0.0,1000.0,C5H8NO4,-1,c
glu__L[c],r_0649,L-Glutamate,C02356[c] + atp[c] + glu__L[c] <=> CE1661[c] + adp[c] + pi[c],Cysteine and Methionine Metabolism,-1000.0,1000.0,C5H8NO4,-1,c
glu__L[c],r_0404,L-Glutamate,chor[c] + gln__L[c] --> anth[c] + glu__L[c] + h[c] + pyr[c],Phenylalanine Tyrosine Tryptophan Biosynthesis,0.0,1000.0,C5H8NO4,-1,c
glu__L[c],r_0468,L-Glutamate,akg[c] + gln__L[c] + h[c] + nadph[c] --> 2.0 glu__L[c] + nadp[c],Nitrogen Metabolism,0.0,1000.0,C5H8NO4,-1,c
glu__L[c],r_0123,L-Glutamate,asp__L[c] + atp[c] + gln__L[c] + h2o[c] --> amp[c] + asn__L[c] + glu__L[c] + ppi[c],"Alanine, Aspartate and Glutamate metabolism",0.0,1000.0,C5H8NO4,-1,c
glu__L[c],r_0675,L-Glutamate,chor[c] + gln__L[c] <=> 4adcho[c] + glu__L[c],Folate Biosynthesis,-1000.0,1000.0,C5H8NO4,-1,c
glu__L[c],r_0232,L-Glutamate,gln__L[c] + h2o[c] + prpp[c] --> glu__L[c] + ppi[c] + pram[c],Purine Metabolism,0.0,1000.0,C5H8NO4,-1,c
glu__L[c],r_0409,L-Glutamate,atp[c] + dhpt[c] + glu__L[c] --> adp[c] + dhf[c] + h[c] + pi[c],Folate Biosynthesis,0.0,1000.0,C5H8NO4,-1,c
glu__L[c],r_0081,L-Glutamate,akg[c] + tyr__L[c] <=> 34hpp[c] + glu__L[c],Phenylalanine Tyrosine Tryptophan Biosynthesis,-1000.0,1000.0,C5H8NO4,-1,c
glu__L[c],r_0115,L-Glutamate,akg[c] + orn[c] <=> glu5sa[c] + glu__L[c],Arginine and Proline Metabolism,-1000.0,1000.0,C5H8NO4,-1,c
glu__L[c],r_0525,L-Glutamate,glu__L[c] + h2o[c] + nad[c] <=> akg[c] + 2.0 h[c] + nadh[c] + nh3[c],"Arginine biosynthesis; Alanine, aspartate and glutamate metabolism",-1000.0,1000.0,C5H8NO4,-1,c
glu__L[c],r_0086,L-Glutamate,accoa[c] + glu__L[c] --> acglu[c] + coa[c] + h[c],Arginine biosynthesis,0.0,1000.0,C5H8NO4,-1,c
glu__L[c],r_0149,L-Glutamate,4abut[c] + akg[c] --> glu__L[c] + sucsal[c],Nitrogen Metabolism,0.0,1000.0,C5H8NO4,-1,c
glu__L[c],r_0598,L-Glutamate,26dap_LL[c] + akg[c] <=> glu__L[c] + h2o[c] + h[c] + thdp[c],Lysine Biosynthesis,-1000.0,1000.0,C5H8NO4,-1,c
glu__L[c],r_0002,L-Glutamate,gln__L[c] + h2o[c] --> glu__L[c] + h[c] + nh3[c],Nitrogen Metabolism,0.0,1000.0,C5H8NO4,-1,c
glu__L[c],r_0939,L-Glutamate,aspsa[c] + glu__L[c] <=> 24dab[c] + akg[c],"Glycine, Serine, and Threonine Metabolism",-1000.0,1000.0,C5H8NO4,-1,c
glu__L[c],r_0427,L-Glutamate,3php[c] + glu__L[c] <=> akg[c] + pser__L[c],"Glycine, Serine, and Threonine Metabolism",-1000.0,1000.0,C5H8NO4,-1,c
nh3[c],r_0203,Ammonia,25drapp[c] + h2o[c] <=> 5apru[c] + nh3[c],Riboflavin Metabolism,-1000.0,1000.0,H3N,0,c
nh3[c],r_0163,Ammonia,arg__L[c] + h2o[c] <=> citr__L[c] + h[c] + nh3[c],Arginine biosynthesis,-1000.0,1000.0,H3N,0,c
nh3[c],r_0749,Ammonia,h2o[c] + trnaadn[c] <=> nh3[c] + trnahythi[c],[],-1000.0,1000.0,H3N,0,c
nh3[c],r_0018,Ammonia,csn[c] + h2o[c] --> nh3[c] + ura[c],Pyrimidine Metabolism,0.0,1000.0,H3N,0,c
nh3[c],r_0666,Ammonia,cph4[c] --> cdg[c] + nh3[c],Folate Biosynthesis,0.0,1000.0,H3N,0,c
nh3[c],r_0667,Ammonia,atp[c] + cdg[c] + nh3[c] --> adp[c] + h2o[c] + pi[c] + preq0[c],Folate Biosynthesis,0.0,1000.0,H3N,0,c
nh3[c],r_0526,Ammonia,glu__L[c] + h2o[c] + nadp[c] <=> akg[c] + 2.0 h[c] + nadph[c] + nh3[c],"Arginine biosynthesis; Alanine, aspartate and glutamate metabolism",-1000.0,1000.0,H3N,0,c
nh3[c],r_1057,Ammonia,galam6p[c] + h2o[c] --> nh3[c] + tag6p__D[c],,0.0,1000.0,H3N,0,c
nh3[c],r_0345,Ammonia,h2o[c] + ncam[c] --> h[c] + nac[c] + nh3[c],Nicotinate and Nicotinamide,0.0,1000.0,H3N,0,c
nh3[c],r_0046,Ammonia,thr__L[c] --> 2obut[c] + h[c] + nh3[c],"Glycine, Serine, and Threonine Metabolism",0.0,1000.0,H3N,0,c
nh3[c],r_0147,Ammonia,3uib[c] + h2o[c] + h[c] --> 3aib__D[c] + co2[c] + nh3[c],Pyrimidine Metabolism,0.0,1000.0,H3N,0,c
nh3[c],r_0394,Ammonia,ser__L[c] <=> h[c] + nh3[c] + pyr[c],"Glycine, Serine, and Threonine Metabolism",-1000.0,1000.0,H3N,0,c
nh3[c],r_0364,Ammonia,cala[c] + h2o[c] + h[c] <=> ala_B[c] + co2[c] + nh3[c],Pyrimidine Metabolism,-1000.0,1000.0,H3N,0,c
nh3[c],r_0237,Ammonia,orn[c] --> 2.0 h[c] + nh3[c] + pro__L[c],Arginine and Proline Metabolism,0.0,1000.0,H3N,0,c
nh3[c],r_0397,Ammonia,ctp[c] + h2o[c] --> nh3[c] + utp[c],Pyrimidine Metabolism,0.0,1000.0,H3N,0,c
nh3[c],r_0564,Ammonia,atp[c] + dnad[c] + h[c] + nh3[c] --> amp[c] + nad[c] + ppi[c],Nicotinate and Nicotinamide,0.0,1000.0,H3N,0,c
nh3[c],r_0577,Ammonia,s8ams[c] + thf[c] <=> dhlpyprot[c] + mlthf[c] + nh3[c],One carbon pool by folate,-1000.0,1000.0,H3N,0,c
nh3[c],r_0862,Ammonia,h2o[c] + moaciami[c] <=> carbo[c] + nh3[c],[],-1000.0,1000.0,H3N,0,c
nh3[c],r_0474,Ammonia,h2o[c] + 4.0 ppbng[c] --> 4.0 h[c] + hmbil[c] + 4.0 nh3[c],Porphyrin and Chlorophyll Metabolism,0.0,1000.0,H3N,0,c
nh3[c],r_0119,Ammonia,nh3[e] <=> nh3[c],Transport,-1000.0,1000.0,H3N,0,c
nh3[c],r_0282,Ammonia,h2o[c] + urea[c] --> co2[c] + 2.0 nh3[c],Arginine biosynthesis,0.0,1000.0,H3N,0,c
nh3[c],r_0109,Ammonia,his__L[c] --> h[c] + nh3[c] + urcan[c],Histidine Metabolism,0.0,1000.0,H3N,0,c
nh3[c],r_0206,Ammonia,gua[c] + h2o[c] --> nh3[c] + xan[c],Purine Metabolism,0.0,1000.0,H3N,0,c
nh3[c],r_0747,Ammonia,h2o[c] + pglumi[c] <=> nh3[c] + pgluma[c],[],-1000.0,1000.0,H3N,0,c
nh3[c],r_0218,Ammonia,ade[c] + h2o[c] --> hxan[c] + nh3[c],Purine Metabolism,0.0,1000.0,H3N,0,c
nh3[c],r_0646,Ammonia,cys__L[c] + h2o[c] <=> h2s[c] + h[c] + nh3[c] + pyr[c],Cysteine and Methionine Metabolism,-1000.0,1000.0,H3N,0,c
nh3[c],r_1061,Ammonia,gam6p[c] + h2o[c] <=> f6p[c] + h[c] + nh3[c],,-1000.0,1000.0,H3N,0,c
nh3[c],r_0145,Ammonia,5mcsn[c] + h2o[c] --> nh3[c] + thym[c],Pyrimidine Metabolism,0.0,1000.0,H3N,0,c
nh3[c],r_0039,Ammonia,cyst__L[c] + h2o[c] --> h[c] + hcys__L[c] + nh3[c] + pyr[c],Cysteine and Methionine Metabolism,0.0,1000.0,H3N,0,c
nh3[c],r_0796,Ammonia,23dappa[c] + h2o[c] <=> 2.0 nh3[c] + pyr[c],[],-1000.0,1000.0,H3N,0,c
nh3[c],r_0450,Ammonia,dctp[c] + h2o[c] --> dutp[c] + nh3[c],Pyrimidine Metabolism,0.0,1000.0,H3N,0,c
nh3[c],r_0934,Ammonia,alla[c] + h2o[c] <=> co2[c] + nh3[c] + urdgci[c],Purine Metabolism,-1000.0,1000.0,H3N,0,c
nh3[c],r_0624,Ammonia,atp[c] + nh3[c] + utp[c] --> adp[c] + ctp[c] + h[c] + pi[c],Pyrimidine Metabolism,0.0,1000.0,H3N,0,c
nh3[c],r_0132,Ammonia,atp[c] + glu__L[c] + nh3[c] --> adp[c] + gln__L[c] + pi[c],Nitrogen Metabolism,0.0,1000.0,H3N,0,c
nh3[c],r_0722,Ammonia,h2o[c] + o2[c] + pydam[c] --> h2o2[c] + h[c] + nh3[c] + pydx[c],Vitamin B6 Metabolism,0.0,1000.0,H3N,0,c
nh3[c],r_0711,Ammonia,h2o[c] + urdgci[c] <=> nh3[c] + urdglyc[c],Purine Metabolism,-1000.0,1000.0,H3N,0,c
nh3[c],r_0604,Ammonia,h2o[c] + nflgln[c] --> Nforglu[c] + nh3[c],Histidine Metabolism,0.0,1000.0,H3N,0,c
nh3[c],r_0923,Ammonia,Lcyst[c] + h2o[c] <=> h[c] + hso3[c] + nh3[c] + pyr[c],Cysteine and Methionine Metabolism,-1000.0,1000.0,H3N,0,c
nh3[c],r_0031,Ammonia,asp__L[c] --> fum[c] + h[c] + nh3[c],"Alanine, Aspartate and Glutamate metabolism",0.0,1000.0,H3N,0,c
nh3[c],r_0263,Ammonia,gly[c] + nad[c] + thf[c] --> co2[c] + h[c] + mlthf[c] + nadh[c] + nh3[c],One carbon pool by folate,0.0,1000.0,H3N,0,c
nh3[c],r_0159,Ammonia,cytd[c] + h2o[c] --> nh3[c] + uri[c],Pyrimidine Metabolism,0.0,1000.0,H3N,0,c
nh3[c],r_0290,Ammonia,dcyt[c] + h2o[c] --> duri[c] + nh3[c],Pyrimidine Metabolism,0.0,1000.0,H3N,0,c
nh3[c],r_0634,Ammonia,asp__L[c] + h2o[c] + o2[c] --> h2o2[c] + h[c] + nh3[c] + oaa[c],"Alanine, Aspartate and Glutamate metabolism",0.0,1000.0,H3N,0,c
nh3[c],r_0479,Ammonia,h2o[c] + suchms[c] <=> 2obut[c] + 2.0 h[c] + nh3[c] + succ[c],Cysteine and Methionine Metabolism,-1000.0,1000.0,H3N,0,c
nh3[c],r_0189,Ammonia,h2o[c] + o2[c] + pyam5p[c] --> h2o2[c] + h[c] + nh3[c] + pydx5p[c],Vitamin B6 Metabolism,0.0,1000.0,H3N,0,c
nh3[c],r_0525,Ammonia,glu__L[c] + h2o[c] + nad[c] <=> akg[c] + 2.0 h[c] + nadh[c] + nh3[c],"Arginine biosynthesis; Alanine, aspartate and glutamate metabolism",-1000.0,1000.0,H3N,0,c
nh3[c],r_0280,Ammonia,adn[c] + h2o[c] --> ins[c] + nh3[c],Purine Metabolism,0.0,1000.0,H3N,0,c
nh3[c],r_0703,Ammonia,atp[c] + nh3[c] + xmp[c] --> amp[c] + gmp[c] + ppi[c],Purine Metabolism,0.0,1000.0,H3N,0,c
nh3[c],r_0002,Ammonia,gln__L[c] + h2o[c] --> glu__L[c] + h[c] + nh3[c],Nitrogen Metabolism,0.0,1000.0,H3N,0,c
nh3[c],r_0113,Ammonia,ala__L[c] + h2o[c] + nad[c] <=> 2.0 h[c] + nadh[c] + nh3[c] + pyr[c],Sulfur Metabolism; Purine Metabolism,-1000.0,1000.0,H3N,0,c
nh3[c],r_0238,Ammonia,dad_2[c] + h2o[c] --> din[c] + nh3[c],Purine Metabolism,0.0,1000.0,H3N,0,c
nadh[c],r_1021,Nicotinamide adenine dinucleotide - reduced,nad[c] + quin[c] <=> 3dhq[c] + h[c] + nadh[c],,-1000.0,1000.0,C21H27N7O14P2,-2,c
nadh[c],r_0229,Nicotinamide adenine dinucleotide - reduced,3pg[c] + nad[c] <=> 3php[c] + h[c] + nadh[c],"Glycine, Serine, and Threonine Metabolism",-1000.0,1000.0,C21H27N7O14P2,-2,c
nadh[c],r_0575,Nicotinamide adenine dinucleotide - reduced,dhf[c] + nad[c] <=> fol[c] + h[c] + nadh[c],One carbon pool by folate,-1000.0,1000.0,C21H27N7O14P2,-2,c
nadh[c],r_0321,Nicotinamide adenine dinucleotide - reduced,2.0 h[e] + nadh[c] + nadp[c] --> 2.0 h[c] + nad[c] + nadph[c],Transport,0.0,1000.0,C21H27N7O14P2,-2,c
nadh[c],r_0904,Nicotinamide adenine dinucleotide - reduced,nad[c] + pphn[c] <=> 34hpp[c] + co2[c] + h[c] + nadh[c],Phenylalanine Tyrosine Tryptophan Biosynthesis,-1000.0,1000.0,C21H27N7O14P2,-2,c
nadh[c],r_0850,Nicotinamide adenine dinucleotide - reduced,nad[c] + sng3p[c] --> dhap[c] + h[c] + nadh[c],Glycerophospholipid metabolism,0.0,1000.0,C21H27N7O14P2,-2,c
nadh[c],r_0182,Nicotinamide adenine dinucleotide - reduced,but2eACP[c] + h[c] + nadh[c] --> butACP[c] + nad[c],Fatty Acid Biosynthesis,0.0,1000.0,C21H27N7O14P2,-2,c
nadh[c],r_0464,Nicotinamide adenine dinucleotide - reduced,g3p[c] + nad[c] + pi[c] <=> 13dpg[c] + nadh[c],Glycolysis / Gluconeogenesis,-1000.0,1000.0,C21H27N7O14P2,-2,c
nadh[c],r_0601,Nicotinamide adenine dinucleotide - reduced,h2o[c] + histda[c] + nad[c] --> 2.0 h[c] + his__L[c] + nadh[c],Histidine Metabolism,0.0,1000.0,C21H27N7O14P2,-2,c
nadh[c],r_0859,Nicotinamide adenine dinucleotide - reduced,4hthdp[c] + h[c] + nadh[c] <=> nad[c] + thdp[c],Lysine Biosynthesis,-1000.0,1000.0,C21H27N7O14P2,-2,c
nadh[c],r_1024,Nicotinamide adenine dinucleotide - reduced,lac__L[c] + nad[c] <=> h[c] + nadh[c] + pyr[c],,-1000.0,1000.0,C21H27N7O14P2,-2,c
nadh[c],r_0077,Nicotinamide adenine dinucleotide - reduced,h2o[c] + imp[c] + nad[c] --> h[c] + nadh[c] + xmp[c],Purine Metabolism,0.0,1000.0,C21H27N7O14P2,-2,c
nadh[c],r_0584,Nicotinamide adenine dinucleotide - reduced,nad[c] + qh2[c] --> h[c] + nadh[c] + q[c],Oxidative Phosphorylation,0.0,1000.0,C21H27N7O14P2,-2,c
nadh[c],r_0003,Nicotinamide adenine dinucleotide - reduced,aacoa[c] + h[c] + nadh[c] <=> 3hbcoa[c] + nad[c],Fatty Acid Metabolism,-1000.0,1000.0,C21H27N7O14P2,-2,c
nadh[c],r_0363,Nicotinamide adenine dinucleotide - reduced,nad[c] + nadph[c] --> nadh[c] + nadp[c],Nicotinate and Nicotinamide,0.0,1000.0,C21H27N7O14P2,-2,c
nadh[c],r_0856,Nicotinamide adenine dinucleotide - reduced,bz[c] + h[c] + nadh[c] + o2[c] --> bz12diol[c] + nad[c],[],0.0,1000.0,C21H27N7O14P2,-2,c
nadh[c],r_0539,Nicotinamide adenine dinucleotide - reduced,acald[c] + h[c] + nadh[c] <=> etoh[c] + nad[c],Glycolysis / Gluconeogenesis,-1000.0,1000.0,C21H27N7O14P2,-2,c
nadh[c],r_0825,Nicotinamide adenine dinucleotide - reduced,fald[c] + h2o[c] + nad[c] --> for[c] + h[c] + nadh[c],Carbon metabolism,0.0,1000.0,C21H27N7O14P2,-2,c
nadh[c],r_0460,Nicotinamide adenine dinucleotide - reduced,coa[c] + msa[c] + nad[c] --> accoa[c] + co2[c] + nadh[c],Inositol Phosphate Metabolism,0.0,1000.0,C21H27N7O14P2,-2,c
nadh[c],r_0058,Nicotinamide adenine dinucleotide - reduced,2mecdp[c] + h[c] + nadh[c] --> h2mb4p[c] + h2o[c] + nad[c],Terpenoid Backbone Biosynthesis,0.0,1000.0,C21H27N7O14P2,-2,c
nadh[c],r_0124,Nicotinamide adenine dinucleotide - reduced,h[c] + nadh[c] + tmrs2eACP[c] --> myrsACP[c] + nad[c],Fatty Acid Biosynthesis,0.0,1000.0,C21H27N7O14P2,-2,c
nadh[c],r_0599,Nicotinamide adenine dinucleotide - reduced,histd[c] + nad[c] --> h[c] + histda[c] + nadh[c],Histidine Metabolism,0.0,1000.0,C21H27N7O14P2,-2,c
nadh[c],r_0194,Nicotinamide adenine dinucleotide - reduced,dhlam[c] + nad[c] --> h[c] + lpam[c] + nadh[c],Glycolysis / Gluconeogenesis,0.0,1000.0,C21H27N7O14P2,-2,c
nadh[c],r_0527,Nicotinamide adenine dinucleotide - reduced,4per[c] + nad[c] <=> h[c] + nadh[c] + ohpb[c],Vitamin B6 Metabolism,-1000.0,1000.0,C21H27N7O14P2,-2,c
nadh[c],r_0674,Nicotinamide adenine dinucleotide - reduced,2.0 nad[c] + thf[c] <=> fol[c] + 2.0 h[c] + 2.0 nadh[c],Folate Biosynthesis,-1000.0,1000.0,C21H27N7O14P2,-2,c
nadh[c],r_0088,Nicotinamide adenine dinucleotide - reduced,e4p[c] + h2o[c] + nad[c] <=> 4per[c] + 2.0 h[c] + nadh[c],Vitamin B6 Metabolism,-1000.0,1000.0,C21H27N7O14P2,-2,c
nadh[c],r_0881,Nicotinamide adenine dinucleotide - reduced,3hmp[c] + nad[c] --> 2mop[c] + h[c] + nadh[c],[],0.0,1000.0,C21H27N7O14P2,-2,c
nadh[c],r_0936,Nicotinamide adenine dinucleotide - reduced,dhlpyprot[c] + nad[c] <=> h[c] + lprot[c] + nadh[c],"Glycine, Serine, and Threonine Metabolism",-1000.0,1000.0,C21H27N7O14P2,-2,c
nadh[c],r_0241,Nicotinamide adenine dinucleotide - reduced,3hdcoa[c] + nad[c] <=> 3odcoa[c] + h[c] + nadh[c],Fatty Acid Metabolism,-1000.0,1000.0,C21H27N7O14P2,-2,c
nadh[c],r_0546,Nicotinamide adenine dinucleotide - reduced,2ins[c] + nad[c] --> 3desins[c] + h[c] + nadh[c],Inositol Phosphate Metabolism,0.0,1000.0,C21H27N7O14P2,-2,c
nadh[c],r_0582,Nicotinamide adenine dinucleotide - reduced,h[c] + nadh[c] + q[c] --> nad[c] + qh2[c],Oxidative Phosphorylation,0.0,1000.0,C21H27N7O14P2,-2,c
nadh[c],r_0136,Nicotinamide adenine dinucleotide - reduced,3hddcoa[c] + nad[c] <=> 3oddcoa[c] + h[c] + nadh[c],Fatty Acid Metabolism,-1000.0,1000.0,C21H27N7O14P2,-2,c
nadh[c],r_0651,Nicotinamide adenine dinucleotide - reduced,hom__L[c] + nad[c] <=> aspsa[c] + h[c] + nadh[c],Cysteine and Methionine Metabolism,-1000.0,1000.0,C21H27N7O14P2,-2,c
nadh[c],r_1008,Nicotinamide adenine dinucleotide - reduced,mnl[c] + nad[c] <=> fru[c] + h[c] + nadh[c],,-1000.0,1000.0,C21H27N7O14P2,-2,c
nadh[c],r_0678,Nicotinamide adenine dinucleotide - reduced,nad[c] + tartr__M[c] <=> 23oxsucc[c] + h[c] + nadh[c],Glyoxylate and dicarboxylate metabolism,-1000.0,1000.0,C21H27N7O14P2,-2,c
nadh[c],r_0589,Nicotinamide adenine dinucleotide - reduced,nad[c] + r3mmal[c] --> 2obut[c] + co2[c] + nadh[c],"Valine, Leucine and Isoleucine Biosynthesis",0.0,1000.0,C21H27N7O14P2,-2,c
nadh[c],r_0888,Nicotinamide adenine dinucleotide - reduced,2ddglcn[c] + nad[c] --> 46dh25dohxn[c] + h[c] + nadh[c],Pentose and glucuronate interconversions,0.0,1000.0,C21H27N7O14P2,-2,c
nadh[c],r_0518,Nicotinamide adenine dinucleotide - reduced,bhb[c] + nad[c] <=> acac[c] + h[c] + nadh[c],PHB synthesis,-1000.0,1000.0,C21H27N7O14P2,-2,c
nadh[c],r_0113,Nicotinamide adenine dinucleotide - reduced,ala__L[c] + h2o[c] + nad[c] <=> 2.0 h[c] + nadh[c] + nh3[c] + pyr[c],Sulfur Metabolism; Purine Metabolism,-1000.0,1000.0,C21H27N7O14P2,-2,c
nadh[c],r_0311,Nicotinamide adenine dinucleotide - reduced,dxyl5p[c] + nad[c] + phthr[c] --> co2[c] + 2.0 h2o[c] + 2.0 h[c] + nadh[c] + pdx5p[c] + pi[c],Vitamin B6 Metabolism,0.0,1000.0,C21H27N7O14P2,-2,c
nadh[c],r_0199,Nicotinamide adenine dinucleotide - reduced,h[c] + nadh[c] + toct2eACP[c] --> nad[c] + ocACP[c],Fatty Acid Biosynthesis,0.0,1000.0,C21H27N7O14P2,-2,c
nadh[c],r_0267,Nicotinamide adenine dinucleotide - reduced,3hhcoa[c] + nad[c] <=> 3ohcoa[c] + h[c] + nadh[c],Fatty Acid Metabolism,-1000.0,1000.0,C21H27N7O14P2,-2,c
nadh[c],r_0426,Nicotinamide adenine dinucleotide - reduced,dscl[c] + nad[c] --> h[c] + nadh[c] + scl[c],Porphyrin Metabolism,0.0,1000.0,C21H27N7O14P2,-2,c
nadh[c],r_0705,Nicotinamide adenine dinucleotide - reduced,h2o[c] + nad[c] + xan[c] --> h[c] + nadh[c] + urate[c],Purine Metabolism,0.0,1000.0,C21H27N7O14P2,-2,c
nadh[c],r_0014,Nicotinamide adenine dinucleotide - reduced,3htdcoa[c] + nad[c] <=> 3otdcoa[c] + h[c] + nadh[c],Fatty Acid Metabolism,-1000.0,1000.0,C21H27N7O14P2,-2,c
nadh[c],r_0632,Nicotinamide adenine dinucleotide - reduced,56dthm[c] + nad[c] <=> h[c] + nadh[c] + thym[c],Pyrimidine Metabolism,-1000.0,1000.0,C21H27N7O14P2,-2,c
nadh[c],r_0262,Nicotinamide adenine dinucleotide - reduced,5.0 h[c] + nadh[c] + q[c] <=> 4.0 h[e] + nad[c] + qh2[c],Oxidative Phosphorylation,-1000.0,1000.0,C21H27N7O14P2,-2,c
nadh[c],r_1011,Nicotinamide adenine dinucleotide - reduced,abt__D[c] + nad[c] <=> h[c] + nadh[c] + rbl__D[c],,-1000.0,1000.0,C21H27N7O14P2,-2,c
nadh[c],r_0609,Nicotinamide adenine dinucleotide - reduced,2ppoh[c] + nad[c] <=> acetone[c] + h[c] + nadh[c],Butanoate metabolism,-1000.0,1000.0,C21H27N7O14P2,-2,c
nadh[c],r_0706,Nicotinamide adenine dinucleotide - reduced,h2o[c] + hxan[c] + nad[c] --> h[c] + nadh[c] + xan[c],Purine Metabolism,0.0,1000.0,C21H27N7O14P2,-2,c
nadh[c],r_0258,Nicotinamide adenine dinucleotide - reduced,3hhdcoa[c] + nad[c] <=> 3ohdcoa[c] + h[c] + nadh[c],Fatty Acid Metabolism,-1000.0,1000.0,C21H27N7O14P2,-2,c
nadh[c],r_0817,Nicotinamide adenine dinucleotide - reduced,idt[c] + nad[c] --> h[c] + nadh[c] + srb__L[c],[],0.0,1000.0,C21H27N7O14P2,-2,c
nadh[c],r_0103,Nicotinamide adenine dinucleotide - reduced,h2o[c] + histd[c] + 2.0 nad[c] --> 3.0 h[c] + his__L[c] + 2.0 nadh[c],Histidine Metabolism,0.0,1000.0,C21H27N7O14P2,-2,c
nadh[c],r_0839,Nicotinamide adenine dinucleotide - reduced,copre6[c] + h[c] + nadh[c] --> codhpre6[c] + nad[c],Porphyrin Metabolism,0.0,1000.0,C21H27N7O14P2,-2,c
nadh[c],r_0901,Nicotinamide adenine dinucleotide - reduced,fmn[c] + h[c] + nadh[c] <=> fmnh2[c] + nad[c],Riboflavin Metabolism,-1000.0,1000.0,C21H27N7O14P2,-2,c
nadh[c],r_0281,Nicotinamide adenine dinucleotide - reduced,nad[c] + pro__L[c] --> 1pyr5c[c] + h[c] + nadh[c],Arginine and Proline Metabolism,0.0,1000.0,C21H27N7O14P2,-2,c
nadh[c],r_0447,Nicotinamide adenine dinucleotide - reduced,h[c] + mlthf[c] + nadh[c] --> 5mthf[c] + nad[c],One carbon pool by folate,0.0,1000.0,C21H27N7O14P2,-2,c
nadh[c],r_0636,Nicotinamide adenine dinucleotide - reduced,betald[c] + h2o[c] + nad[c] <=> glyb[c] + 2.0 h[c] + nadh[c],"Glycine, Serine, and Threonine Metabolism",-1000.0,1000.0,C21H27N7O14P2,-2,c
nadh[c],r_0683,Nicotinamide adenine dinucleotide - reduced,etgl[c] + nad[c] <=> gcald[c] + h[c] + nadh[c],Glyoxylate and dicarboxylate metabolism,-1000.0,1000.0,C21H27N7O14P2,-2,c
nadh[c],r_0727,Nicotinamide adenine dinucleotide - reduced,3sulac[c] + nad[c] <=> 3spyr[c] + h[c] + nadh[c],Cysteine and Methionine Metabolism,-1000.0,1000.0,C21H27N7O14P2,-2,c
nadh[c],r_0190,Nicotinamide adenine dinucleotide - reduced,nad[c] + thr__L[c] --> 2aobut[c] + h[c] + nadh[c],"Glycine, Serine, and Threonine Metabolism",0.0,1000.0,C21H27N7O14P2,-2,c
nadh[c],r_0172,Nicotinamide adenine dinucleotide - reduced,inost[c] + nad[c] --> 2ins[c] + h[c] + nadh[c],Inositol Phosphate Metabolism,0.0,1000.0,C21H27N7O14P2,-2,c
nadh[c],r_0621,Nicotinamide adenine dinucleotide - reduced,acacp[c] + nad[c] <=> h[c] + nadh[c] + t23dACP[c],Fatty Acid Biosynthesis,-1000.0,1000.0,C21H27N7O14P2,-2,c
nadh[c],r_0261,Nicotinamide adenine dinucleotide - reduced,h[c] + nadh[c] + thex2eACP[c] --> hexACP[c] + nad[c],Fatty Acid Biosynthesis,0.0,1000.0,C21H27N7O14P2,-2,c
nadh[c],r_0542,Nicotinamide adenine dinucleotide - reduced,g1p[c] + nad[c] <=> 15gl[c] + h[c] + nadh[c],Pentose Phosphate Pathway,-1000.0,1000.0,C21H27N7O14P2,-2,c
nadh[c],r_0685,Nicotinamide adenine dinucleotide - reduced,for[c] + nad[c] <=> co2[c] + nadh[c],Glyoxylate and dicarboxylate metabolism,-1000.0,1000.0,C21H27N7O14P2,-2,c
nadh[c],r_0251,Nicotinamide adenine dinucleotide - reduced,4abutn[c] + h2o[c] + nad[c] --> 4abut[c] + 2.0 h[c] + nadh[c],Arginine and Proline Metabolism,0.0,1000.0,C21H27N7O14P2,-2,c
nadh[c],r_0583,Nicotinamide adenine dinucleotide - reduced,h[c] + nadh[c] + qun[c] --> hqn[c] + nad[c],Oxidative Phosphorylation,0.0,1000.0,C21H27N7O14P2,-2,c
nadh[c],r_0173,Nicotinamide adenine dinucleotide - reduced,h[c] + nadh[c] + tddec2eACP[c] --> ddcaACP[c] + nad[c],Fatty Acid Biosynthesis,0.0,1000.0,C21H27N7O14P2,-2,c
nadh[c],r_0264,Nicotinamide adenine dinucleotide - reduced,mal__L[c] + nad[c] <=> h[c] + nadh[c] + oaa[c],Glycolysis / Gluconeogenesis;TCA Cycle,-1000.0,1000.0,C21H27N7O14P2,-2,c
nadh[c],r_0153,Nicotinamide adenine dinucleotide - reduced,h2mb4p[c] + h[c] + nadh[c] --> dmpp[c] + h2o[c] + nad[c],Terpenoid Backbone Biosynthesis,0.0,1000.0,C21H27N7O14P2,-2,c
nadh[c],r_0212,Nicotinamide adenine dinucleotide - reduced,h[c] + nadh[c] + tdec2eACP[c] --> dcaACP[c] + nad[c],Fatty Acid Biosynthesis,0.0,1000.0,C21H27N7O14P2,-2,c
nadh[c],r_0063,Nicotinamide adenine dinucleotide - reduced,3hocoa[c] + nad[c] <=> 3oocoa[c] + h[c] + nadh[c],Fatty Acid Metabolism,-1000.0,1000.0,C21H27N7O14P2,-2,c
nadh[c],r_1040,Nicotinamide adenine dinucleotide - reduced,h2o[c] + lald__L[c] + nad[c] <=> 2.0 h[c] + lac__L[c] + nadh[c],,-1000.0,1000.0,C21H27N7O14P2,-2,c
nadh[c],r_0263,Nicotinamide adenine dinucleotide - reduced,gly[c] + nad[c] + thf[c] --> co2[c] + h[c] + mlthf[c] + nadh[c] + nh3[c],One carbon pool by folate,0.0,1000.0,C21H27N7O14P2,-2,c
nadh[c],r_0810,Nicotinamide adenine dinucleotide - reduced,cati[c] + nad[c] --> dhcrn[c] + h[c] + nadh[c],[],0.0,1000.0,C21H27N7O14P2,-2,c
nadh[c],r_0491,Nicotinamide adenine dinucleotide - reduced,icit[c] + nad[c] <=> akg[c] + co2[c] + nadh[c],TCA Cycle,-1000.0,1000.0,C21H27N7O14P2,-2,c
nadh[c],r_0718,Nicotinamide adenine dinucleotide - reduced,h[c] + nadh[c] + o2[c] + pre3a[c] --> h2o[c] + nad[c] + pre3b[c],Porphyrin and Chlorophyll Metabolism,0.0,1000.0,C21H27N7O14P2,-2,c
nadh[c],r_0019,Nicotinamide adenine dinucleotide - reduced,3c2hmp[c] + nad[c] <=> 3c4mop[c] + h[c] + nadh[c],"Valine, Leucine and Isoleucine Biosynthesis",-1000.0,1000.0,C21H27N7O14P2,-2,c
nadh[c],r_0525,Nicotinamide adenine dinucleotide - reduced,glu__L[c] + h2o[c] + nad[c] <=> akg[c] + 2.0 h[c] + nadh[c] + nh3[c],"Arginine biosynthesis; Alanine, aspartate and glutamate metabolism",-1000.0,1000.0,C21H27N7O14P2,-2,c
nadh[c],r_0322,Nicotinamide adenine dinucleotide - reduced,h[c] + nadh[c] + tpalm2eACP[c] --> nad[c] + palmACP[c],Fatty Acid Biosynthesis,0.0,1000.0,C21H27N7O14P2,-2,c
nadh[c],r_0729,Nicotinamide adenine dinucleotide - reduced,nad[c] + phthr[c] --> 2a3o4pob[c] + 2.0 h[c] + nadh[c],Vitamin B6 Metabolism,0.0,1000.0,C21H27N7O14P2,-2,c
nadh[c],r_0365,Nicotinamide adenine dinucleotide - reduced,56dura[c] + nad[c] <=> h[c] + nadh[c] + ura[c],Pyrimidine Metabolism,-1000.0,1000.0,C21H27N7O14P2,-2,c
aacoa[c],r_0608,Acetoacetyl-CoA,3hbcoa[c] + nadp[c] <=> aacoa[c] + h[c] + nadph[c],Butanoate metabolism,-1000.0,1000.0,C25H37N7O18P3S,-3,c
aacoa[c],r_0515,Acetoacetyl-CoA,aacoa[c] + h[c] + nadph[c] <=> 3hbcoaR[c] + nadp[c],PHB synthesis; Butanoate metabolism; Glyoxylate and dicarboxylate metabolism,-1000.0,1000.0,C25H37N7O18P3S,-3,c
aacoa[c],r_0140,Acetoacetyl-CoA,2.0 accoa[c] <=> aacoa[c] + coa[c],Fatty Acid Metabolism,-1000.0,1000.0,C25H37N7O18P3S,-3,c
aacoa[c],r_0517,Acetoacetyl-CoA,acac[c] + atp[c] + coa[c] + h[c] --> aacoa[c] + amp[c] + ppi[c],"PHB synthesis; Valine, leucine and isoleucine degradation; Butanoate metabolism",0.0,1000.0,C25H37N7O18P3S,-3,c
aacoa[c],r_0519,Acetoacetyl-CoA,acac[c] + succoa[c] <=> aacoa[c] + succ[c],"PHB synthesis; Valine, leucine and isoleucine degradation; Butanoate metabolism",-1000.0,1000.0,C25H37N7O18P3S,-3,c
aacoa[c],r_0003,Acetoacetyl-CoA,aacoa[c] + h[c] + nadh[c] <=> 3hbcoa[c] + nad[c],Fatty Acid Metabolism,-1000.0,1000.0,C25H37N7O18P3S,-3,c
nad[c],r_1021,Nicotinamide adenine dinucleotide,nad[c] + quin[c] <=> 3dhq[c] + h[c] + nadh[c],,-1000.0,1000.0,C21H26N7O14P2,-1,c
nad[c],r_0229,Nicotinamide adenine dinucleotide,3pg[c] + nad[c] <=> 3php[c] + h[c] + nadh[c],"Glycine, Serine, and Threonine Metabolism",-1000.0,1000.0,C21H26N7O14P2,-1,c
nad[c],r_0202,Nicotinamide adenine dinucleotide,atp[c] + nmn[c] <=> nad[c] + ppi[c],Nicotinate and Nicotinamide,-1000.0,1000.0,C21H26N7O14P2,-1,c
nad[c],r_0563,Nicotinamide adenine dinucleotide,h2o[c] + nad[c] --> amp[c] + nmn[c],Nicotinate and Nicotinamide,0.0,1000.0,C21H26N7O14P2,-1,c
nad[c],r_0575,Nicotinamide adenine dinucleotide,dhf[c] + nad[c] <=> fol[c] + h[c] + nadh[c],One carbon pool by folate,-1000.0,1000.0,C21H26N7O14P2,-1,c
nad[c],r_0321,Nicotinamide adenine dinucleotide,2.0 h[e] + nadh[c] + nadp[c] --> 2.0 h[c] + nad[c] + nadph[c],Transport,0.0,1000.0,C21H26N7O14P2,-1,c
nad[c],r_0904,Nicotinamide adenine dinucleotide,nad[c] + pphn[c] <=> 34hpp[c] + co2[c] + h[c] + nadh[c],Phenylalanine Tyrosine Tryptophan Biosynthesis,-1000.0,1000.0,C21H26N7O14P2,-1,c
nad[c],r_0850,Nicotinamide adenine dinucleotide,nad[c] + sng3p[c] --> dhap[c] + h[c] + nadh[c],Glycerophospholipid metabolism,0.0,1000.0,C21H26N7O14P2,-1,c
nad[c],r_0182,Nicotinamide adenine dinucleotide,but2eACP[c] + h[c] + nadh[c] --> butACP[c] + nad[c],Fatty Acid Biosynthesis,0.0,1000.0,C21H26N7O14P2,-1,c
nad[c],r_0464,Nicotinamide adenine dinucleotide,g3p[c] + nad[c] + pi[c] <=> 13dpg[c] + nadh[c],Glycolysis / Gluconeogenesis,-1000.0,1000.0,C21H26N7O14P2,-1,c
nad[c],r_0601,Nicotinamide adenine dinucleotide,h2o[c] + histda[c] + nad[c] --> 2.0 h[c] + his__L[c] + nadh[c],Histidine Metabolism,0.0,1000.0,C21H26N7O14P2,-1,c
nad[c],r_0859,Nicotinamide adenine dinucleotide,4hthdp[c] + h[c] + nadh[c] <=> nad[c] + thdp[c],Lysine Biosynthesis,-1000.0,1000.0,C21H26N7O14P2,-1,c
nad[c],r_1024,Nicotinamide adenine dinucleotide,lac__L[c] + nad[c] <=> h[c] + nadh[c] + pyr[c],,-1000.0,1000.0,C21H26N7O14P2,-1,c
nad[c],r_0077,Nicotinamide adenine dinucleotide,h2o[c] + imp[c] + nad[c] --> h[c] + nadh[c] + xmp[c],Purine Metabolism,0.0,1000.0,C21H26N7O14P2,-1,c
nad[c],r_0584,Nicotinamide adenine dinucleotide,nad[c] + qh2[c] --> h[c] + nadh[c] + q[c],Oxidative Phosphorylation,0.0,1000.0,C21H26N7O14P2,-1,c
nad[c],r_0003,Nicotinamide adenine dinucleotide,aacoa[c] + h[c] + nadh[c] <=> 3hbcoa[c] + nad[c],Fatty Acid Metabolism,-1000.0,1000.0,C21H26N7O14P2,-1,c
nad[c],r_0564,Nicotinamide adenine dinucleotide,atp[c] + dnad[c] + h[c] + nh3[c] --> amp[c] + nad[c] + ppi[c],Nicotinate and Nicotinamide,0.0,1000.0,C21H26N7O14P2,-1,c
nad[c],r_0363,Nicotinamide adenine dinucleotide,nad[c] + nadph[c] --> nadh[c] + nadp[c],Nicotinate and Nicotinamide,0.0,1000.0,C21H26N7O14P2,-1,c
nad[c],r_0856,Nicotinamide adenine dinucleotide,bz[c] + h[c] + nadh[c] + o2[c] --> bz12diol[c] + nad[c],[],0.0,1000.0,C21H26N7O14P2,-1,c
nad[c],r_0539,Nicotinamide adenine dinucleotide,acald[c] + h[c] + nadh[c] <=> etoh[c] + nad[c],Glycolysis / Gluconeogenesis,-1000.0,1000.0,C21H26N7O14P2,-1,c
nad[c],r_0825,Nicotinamide adenine dinucleotide,fald[c] + h2o[c] + nad[c] --> for[c] + h[c] + nadh[c],Carbon metabolism,0.0,1000.0,C21H26N7O14P2,-1,c
nad[c],r_0460,Nicotinamide adenine dinucleotide,coa[c] + msa[c] + nad[c] --> accoa[c] + co2[c] + nadh[c],Inositol Phosphate Metabolism,0.0,1000.0,C21H26N7O14P2,-1,c
nad[c],r_0058,Nicotinamide adenine dinucleotide,2mecdp[c] + h[c] + nadh[c] --> h2mb4p[c] + h2o[c] + nad[c],Terpenoid Backbone Biosynthesis,0.0,1000.0,C21H26N7O14P2,-1,c
nad[c],r_0124,Nicotinamide adenine dinucleotide,h[c] + nadh[c] + tmrs2eACP[c] --> myrsACP[c] + nad[c],Fatty Acid Biosynthesis,0.0,1000.0,C21H26N7O14P2,-1,c
nad[c],r_0565,Nicotinamide adenine dinucleotide,h2o[c] + nadp[c] --> h[c] + nad[c] + pi[c],Nicotinate and Nicotinamide,0.0,1000.0,C21H26N7O14P2,-1,c
nad[c],r_0599,Nicotinamide adenine dinucleotide,histd[c] + nad[c] --> h[c] + histda[c] + nadh[c],Histidine Metabolism,0.0,1000.0,C21H26N7O14P2,-1,c
nad[c],r_0194,Nicotinamide adenine dinucleotide,dhlam[c] + nad[c] --> h[c] + lpam[c] + nadh[c],Glycolysis / Gluconeogenesis,0.0,1000.0,C21H26N7O14P2,-1,c
nad[c],r_0527,Nicotinamide adenine dinucleotide,4per[c] + nad[c] <=> h[c] + nadh[c] + ohpb[c],Vitamin B6 Metabolism,-1000.0,1000.0,C21H26N7O14P2,-1,c
nad[c],r_0674,Nicotinamide adenine dinucleotide,2.0 nad[c] + thf[c] <=> fol[c] + 2.0 h[c] + 2.0 nadh[c],Folate Biosynthesis,-1000.0,1000.0,C21H26N7O14P2,-1,c
nad[c],r_0088,Nicotinamide adenine dinucleotide,e4p[c] + h2o[c] + nad[c] <=> 4per[c] + 2.0 h[c] + nadh[c],Vitamin B6 Metabolism,-1000.0,1000.0,C21H26N7O14P2,-1,c
nad[c],r_0881,Nicotinamide adenine dinucleotide,3hmp[c] + nad[c] --> 2mop[c] + h[c] + nadh[c],[],0.0,1000.0,C21H26N7O14P2,-1,c
nad[c],r_0936,Nicotinamide adenine dinucleotide,dhlpyprot[c] + nad[c] <=> h[c] + lprot[c] + nadh[c],"Glycine, Serine, and Threonine Metabolism",-1000.0,1000.0,C21H26N7O14P2,-1,c
nad[c],r_0241,Nicotinamide adenine dinucleotide,3hdcoa[c] + nad[c] <=> 3odcoa[c] + h[c] + nadh[c],Fatty Acid Metabolism,-1000.0,1000.0,C21H26N7O14P2,-1,c
nad[c],r_0546,Nicotinamide adenine dinucleotide,2ins[c] + nad[c] --> 3desins[c] + h[c] + nadh[c],Inositol Phosphate Metabolism,0.0,1000.0,C21H26N7O14P2,-1,c
nad[c],r_0582,Nicotinamide adenine dinucleotide,h[c] + nadh[c] + q[c] --> nad[c] + qh2[c],Oxidative Phosphorylation,0.0,1000.0,C21H26N7O14P2,-1,c
nad[c],r_0136,Nicotinamide adenine dinucleotide,3hddcoa[c] + nad[c] <=> 3oddcoa[c] + h[c] + nadh[c],Fatty Acid Metabolism,-1000.0,1000.0,C21H26N7O14P2,-1,c
nad[c],r_0651,Nicotinamide adenine dinucleotide,hom__L[c] + nad[c] <=> aspsa[c] + h[c] + nadh[c],Cysteine and Methionine Metabolism,-1000.0,1000.0,C21H26N7O14P2,-1,c
nad[c],r_1008,Nicotinamide adenine dinucleotide,mnl[c] + nad[c] <=> fru[c] + h[c] + nadh[c],,-1000.0,1000.0,C21H26N7O14P2,-1,c
nad[c],r_0678,Nicotinamide adenine dinucleotide,nad[c] + tartr__M[c] <=> 23oxsucc[c] + h[c] + nadh[c],Glyoxylate and dicarboxylate metabolism,-1000.0,1000.0,C21H26N7O14P2,-1,c
nad[c],r_0589,Nicotinamide adenine dinucleotide,nad[c] + r3mmal[c] --> 2obut[c] + co2[c] + nadh[c],"Valine, Leucine and Isoleucine Biosynthesis",0.0,1000.0,C21H26N7O14P2,-1,c
nad[c],r_0518,Nicotinamide adenine dinucleotide,bhb[c] + nad[c] <=> acac[c] + h[c] + nadh[c],PHB synthesis,-1000.0,1000.0,C21H26N7O14P2,-1,c
nad[c],r_0311,Nicotinamide adenine dinucleotide,dxyl5p[c] + nad[c] + phthr[c] --> co2[c] + 2.0 h2o[c] + 2.0 h[c] + nadh[c] + pdx5p[c] + pi[c],Vitamin B6 Metabolism,0.0,1000.0,C21H26N7O14P2,-1,c
nad[c],r_0113,Nicotinamide adenine dinucleotide,ala__L[c] + h2o[c] + nad[c] <=> 2.0 h[c] + nadh[c] + nh3[c] + pyr[c],Sulfur Metabolism; Purine Metabolism,-1000.0,1000.0,C21H26N7O14P2,-1,c
nad[c],r_0888,Nicotinamide adenine dinucleotide,2ddglcn[c] + nad[c] --> 46dh25dohxn[c] + h[c] + nadh[c],Pentose and glucuronate interconversions,0.0,1000.0,C21H26N7O14P2,-1,c
nad[c],r_0199,Nicotinamide adenine dinucleotide,h[c] + nadh[c] + toct2eACP[c] --> nad[c] + ocACP[c],Fatty Acid Biosynthesis,0.0,1000.0,C21H26N7O14P2,-1,c
nad[c],r_0267,Nicotinamide adenine dinucleotide,3hhcoa[c] + nad[c] <=> 3ohcoa[c] + h[c] + nadh[c],Fatty Acid Metabolism,-1000.0,1000.0,C21H26N7O14P2,-1,c
nad[c],r_0426,Nicotinamide adenine dinucleotide,dscl[c] + nad[c] --> h[c] + nadh[c] + scl[c],Porphyrin Metabolism,0.0,1000.0,C21H26N7O14P2,-1,c
nad[c],r_0705,Nicotinamide adenine dinucleotide,h2o[c] + nad[c] + xan[c] --> h[c] + nadh[c] + urate[c],Purine Metabolism,0.0,1000.0,C21H26N7O14P2,-1,c
nad[c],r_0014,Nicotinamide adenine dinucleotide,3htdcoa[c] + nad[c] <=> 3otdcoa[c] + h[c] + nadh[c],Fatty Acid Metabolism,-1000.0,1000.0,C21H26N7O14P2,-1,c
nad[c],r_0632,Nicotinamide adenine dinucleotide,56dthm[c] + nad[c] <=> h[c] + nadh[c] + thym[c],Pyrimidine Metabolism,-1000.0,1000.0,C21H26N7O14P2,-1,c
nad[c],r_0262,Nicotinamide adenine dinucleotide,5.0 h[c] + nadh[c] + q[c] <=> 4.0 h[e] + nad[c] + qh2[c],Oxidative Phosphorylation,-1000.0,1000.0,C21H26N7O14P2,-1,c
nad[c],r_1011,Nicotinamide adenine dinucleotide,abt__D[c] + nad[c] <=> h[c] + nadh[c] + rbl__D[c],,-1000.0,1000.0,C21H26N7O14P2,-1,c
nad[c],r_0609,Nicotinamide adenine dinucleotide,2ppoh[c] + nad[c] <=> acetone[c] + h[c] + nadh[c],Butanoate metabolism,-1000.0,1000.0,C21H26N7O14P2,-1,c
nad[c],r_0706,Nicotinamide adenine dinucleotide,h2o[c] + hxan[c] + nad[c] --> h[c] + nadh[c] + xan[c],Purine Metabolism,0.0,1000.0,C21H26N7O14P2,-1,c
nad[c],r_0258,Nicotinamide adenine dinucleotide,3hhdcoa[c] + nad[c] <=> 3ohdcoa[c] + h[c] + nadh[c],Fatty Acid Metabolism,-1000.0,1000.0,C21H26N7O14P2,-1,c
nad[c],r_0497,Nicotinamide adenine dinucleotide,atp[c] + dnad[c] + gln__L[c] + h2o[c] --> amp[c] + glu__L[c] + nad[c] + ppi[c],Nicotinate and Nicotinamide,0.0,1000.0,C21H26N7O14P2,-1,c
nad[c],r_0817,Nicotinamide adenine dinucleotide,idt[c] + nad[c] --> h[c] + nadh[c] + srb__L[c],[],0.0,1000.0,C21H26N7O14P2,-1,c
nad[c],r_0103,Nicotinamide adenine dinucleotide,h2o[c] + histd[c] + 2.0 nad[c] --> 3.0 h[c] + his__L[c] + 2.0 nadh[c],Histidine Metabolism,0.0,1000.0,C21H26N7O14P2,-1,c
nad[c],r_0839,Nicotinamide adenine dinucleotide,copre6[c] + h[c] + nadh[c] --> codhpre6[c] + nad[c],Porphyrin Metabolism,0.0,1000.0,C21H26N7O14P2,-1,c
nad[c],r_0901,Nicotinamide adenine dinucleotide,fmn[c] + h[c] + nadh[c] <=> fmnh2[c] + nad[c],Riboflavin Metabolism,-1000.0,1000.0,C21H26N7O14P2,-1,c
nad[c],r_0281,Nicotinamide adenine dinucleotide,nad[c] + pro__L[c] --> 1pyr5c[c] + h[c] + nadh[c],Arginine and Proline Metabolism,0.0,1000.0,C21H26N7O14P2,-1,c
nad[c],r_0801,Nicotinamide adenine dinucleotide,5pdna[c] + nad[c] --> amp[c] + nmn[c],[],0.0,1000.0,C21H26N7O14P2,-1,c
nad[c],r_0447,Nicotinamide adenine dinucleotide,h[c] + mlthf[c] + nadh[c] --> 5mthf[c] + nad[c],One carbon pool by folate,0.0,1000.0,C21H26N7O14P2,-1,c
nad[c],r_0636,Nicotinamide adenine dinucleotide,betald[c] + h2o[c] + nad[c] <=> glyb[c] + 2.0 h[c] + nadh[c],"Glycine, Serine, and Threonine Metabolism",-1000.0,1000.0,C21H26N7O14P2,-1,c
nad[c],r_0683,Nicotinamide adenine dinucleotide,etgl[c] + nad[c] <=> gcald[c] + h[c] + nadh[c],Glyoxylate and dicarboxylate metabolism,-1000.0,1000.0,C21H26N7O14P2,-1,c
nad[c],r_0727,Nicotinamide adenine dinucleotide,3sulac[c] + nad[c] <=> 3spyr[c] + h[c] + nadh[c],Cysteine and Methionine Metabolism,-1000.0,1000.0,C21H26N7O14P2,-1,c
nad[c],r_0190,Nicotinamide adenine dinucleotide,nad[c] + thr__L[c] --> 2aobut[c] + h[c] + nadh[c],"Glycine, Serine, and Threonine Metabolism",0.0,1000.0,C21H26N7O14P2,-1,c
nad[c],r_0172,Nicotinamide adenine dinucleotide,inost[c] + nad[c] --> 2ins[c] + h[c] + nadh[c],Inositol Phosphate Metabolism,0.0,1000.0,C21H26N7O14P2,-1,c
nad[c],r_0621,Nicotinamide adenine dinucleotide,acacp[c] + nad[c] <=> h[c] + nadh[c] + t23dACP[c],Fatty Acid Biosynthesis,-1000.0,1000.0,C21H26N7O14P2,-1,c
nad[c],r_0261,Nicotinamide adenine dinucleotide,h[c] + nadh[c] + thex2eACP[c] --> hexACP[c] + nad[c],Fatty Acid Biosynthesis,0.0,1000.0,C21H26N7O14P2,-1,c
nad[c],r_0542,Nicotinamide adenine dinucleotide,g1p[c] + nad[c] <=> 15gl[c] + h[c] + nadh[c],Pentose Phosphate Pathway,-1000.0,1000.0,C21H26N7O14P2,-1,c
nad[c],r_0566,Nicotinamide adenine dinucleotide,atp[c] + nad[c] --> adp[c] + nadp[c],Nicotinate and Nicotinamide,0.0,1000.0,C21H26N7O14P2,-1,c
nad[c],r_0685,Nicotinamide adenine dinucleotide,for[c] + nad[c] <=> co2[c] + nadh[c],Glyoxylate and dicarboxylate metabolism,-1000.0,1000.0,C21H26N7O14P2,-1,c
nad[c],r_0251,Nicotinamide adenine dinucleotide,4abutn[c] + h2o[c] + nad[c] --> 4abut[c] + 2.0 h[c] + nadh[c],Arginine and Proline Metabolism,0.0,1000.0,C21H26N7O14P2,-1,c
nad[c],r_0583,Nicotinamide adenine dinucleotide,h[c] + nadh[c] + qun[c] --> hqn[c] + nad[c],Oxidative Phosphorylation,0.0,1000.0,C21H26N7O14P2,-1,c
nad[c],r_0173,Nicotinamide adenine dinucleotide,h[c] + nadh[c] + tddec2eACP[c] --> ddcaACP[c] + nad[c],Fatty Acid Biosynthesis,0.0,1000.0,C21H26N7O14P2,-1,c
nad[c],r_0264,Nicotinamide adenine dinucleotide,mal__L[c] + nad[c] <=> h[c] + nadh[c] + oaa[c],Glycolysis / Gluconeogenesis;TCA Cycle,-1000.0,1000.0,C21H26N7O14P2,-1,c
nad[c],r_0153,Nicotinamide adenine dinucleotide,h2mb4p[c] + h[c] + nadh[c] --> dmpp[c] + h2o[c] + nad[c],Terpenoid Backbone Biosynthesis,0.0,1000.0,C21H26N7O14P2,-1,c
nad[c],r_0212,Nicotinamide adenine dinucleotide,h[c] + nadh[c] + tdec2eACP[c] --> dcaACP[c] + nad[c],Fatty Acid Biosynthesis,0.0,1000.0,C21H26N7O14P2,-1,c
nad[c],r_0063,Nicotinamide adenine dinucleotide,3hocoa[c] + nad[c] <=> 3oocoa[c] + h[c] + nadh[c],Fatty Acid Metabolism,-1000.0,1000.0,C21H26N7O14P2,-1,c
nad[c],r_1040,Nicotinamide adenine dinucleotide,h2o[c] + lald__L[c] + nad[c] <=> 2.0 h[c] + lac__L[c] + nadh[c],,-1000.0,1000.0,C21H26N7O14P2,-1,c
nad[c],r_0263,Nicotinamide adenine dinucleotide,gly[c] + nad[c] + thf[c] --> co2[c] + h[c] + mlthf[c] + nadh[c] + nh3[c],One carbon pool by folate,0.0,1000.0,C21H26N7O14P2,-1,c
nad[c],r_0810,Nicotinamide adenine dinucleotide,cati[c] + nad[c] --> dhcrn[c] + h[c] + nadh[c],[],0.0,1000.0,C21H26N7O14P2,-1,c
nad[c],r_0491,Nicotinamide adenine dinucleotide,icit[c] + nad[c] <=> akg[c] + co2[c] + nadh[c],TCA Cycle,-1000.0,1000.0,C21H26N7O14P2,-1,c
nad[c],r_0718,Nicotinamide adenine dinucleotide,h[c] + nadh[c] + o2[c] + pre3a[c] --> h2o[c] + nad[c] + pre3b[c],Porphyrin and Chlorophyll Metabolism,0.0,1000.0,C21H26N7O14P2,-1,c
nad[c],r_0019,Nicotinamide adenine dinucleotide,3c2hmp[c] + nad[c] <=> 3c4mop[c] + h[c] + nadh[c],"Valine, Leucine and Isoleucine Biosynthesis",-1000.0,1000.0,C21H26N7O14P2,-1,c
nad[c],r_0525,Nicotinamide adenine dinucleotide,glu__L[c] + h2o[c] + nad[c] <=> akg[c] + 2.0 h[c] + nadh[c] + nh3[c],"Arginine biosynthesis; Alanine, aspartate and glutamate metabolism",-1000.0,1000.0,C21H26N7O14P2,-1,c
nad[c],r_0322,Nicotinamide adenine dinucleotide,h[c] + nadh[c] + tpalm2eACP[c] --> nad[c] + palmACP[c],Fatty Acid Biosynthesis,0.0,1000.0,C21H26N7O14P2,-1,c
nad[c],r_0729,Nicotinamide adenine dinucleotide,nad[c] + phthr[c] --> 2a3o4pob[c] + 2.0 h[c] + nadh[c],Vitamin B6 Metabolism,0.0,1000.0,C21H26N7O14P2,-1,c
nad[c],r_0365,Nicotinamide adenine dinucleotide,56dura[c] + nad[c] <=> h[c] + nadh[c] + ura[c],Pyrimidine Metabolism,-1000.0,1000.0,C21H26N7O14P2,-1,c
3hbcoa[c],r_0608,(S)-3-Hydroxybutanoyl-CoA,3hbcoa[c] + nadp[c] <=> aacoa[c] + h[c] + nadph[c],Butanoate metabolism,-1000.0,1000.0,C25H39N7O18P3S,-3,c
3hbcoa[c],r_0052,(S)-3-Hydroxybutanoyl-CoA,3hbcoa[c] <=> b2coa[c] + h2o[c],"Alanine, Aspartate and Glutamate metabolism; Pyrimidine Metabolism",-1000.0,1000.0,C25H39N7O18P3S,-3,c
3hbcoa[c],r_0003,(S)-3-Hydroxybutanoyl-CoA,aacoa[c] + h[c] + nadh[c] <=> 3hbcoa[c] + nad[c],Fatty Acid Metabolism,-1000.0,1000.0,C25H39N7O18P3S,-3,c
s[c],r_0004,sulfur atom,4.0 fe2[c] + 4.0 s[c] --> Iron[c],Sulfur Metabolism; Symbiosis,0.0,1000.0,S,0,c
s[c],r_0138,sulfur atom,cys__L[c] --> ala__L[c] + s[c],Sulfur Metabolism; Symbiosis,0.0,1000.0,S,0,c
fe2[c],r_0082,Fe2+,fe2[c] + ppp9[c] <=> 2.0 h[c] + pheme[c],Porphyrin and Chlorophyll Metabolism,-1000.0,1000.0,Fe,2,c
fe2[c],r_0004,Fe2+,4.0 fe2[c] + 4.0 s[c] --> Iron[c],Sulfur Metabolism; Symbiosis,0.0,1000.0,Fe,2,c
fe2[c],r_0777,Fe2+,2.0 amet[c] + fscspc4f4s[c] + 8.0 h[c] + pn6ocllys[c] + 2.0 r2f2sf[c] <=> 2.0 dad_5[c] + 2.0 fdxo_22[c] + 4.0 fe2[c] + fscsp[c] + 2.0 h2s[c] + 2.0 met__L[c] + pn6rdillys[c],Lipoic acid metabolism,-1000.0,1000.0,Fe,2,c
fe2[c],r_0305,Fe2+,atp[c] + fe2[e] + h2o[c] --> adp[c] + fe2[c] + h[c] + pi[c],Transport,0.0,1000.0,Fe,2,c
fe2[c],r_0715,Fe2+,4.0 fe2[c] + 4.0 h[c] + o2[c] --> 4.0 fe3[c] + 2.0 h2o[c],Porphyrin Metabolism,0.0,1000.0,Fe,2,c
fe2[c],r_0451,Fe2+,fe2[c] + scl[c] --> 2.0 h[c] + sheme[c],Porphyrin Metabolism,0.0,1000.0,Fe,2,c
Iron[c],r_0004,Iron sulfur cluster,4.0 fe2[c] + 4.0 s[c] --> Iron[c],Sulfur Metabolism; Symbiosis,0.0,1000.0,Fe2S2,0,c
Iron[c],r_0507,Iron sulfur cluster,Iron[c] + adocbl[c] + atp[c] + gthox[c] + hemeO[c] + homocitrate[c] + mg2[c] + mobd[c] + nac[c] + pi[c] + pydxn[c] + thm[c] + zn2[c] --> Symbiotic_Cofactors[c],Symbiosis,0.0,1000.0,Fe2S2,0,c
nadph[c],r_0592,Nicotinamide adenine dinucleotide phosphate - reduced,23dhmp[c] + nadp[c] <=> 3hmop[c] + h[c] + nadph[c],"Valine, Leucine and Isoleucine Biosynthesis",-1000.0,1000.0,C21H27N7O17P3,-3,c
nadph[c],r_0033,Nicotinamide adenine dinucleotide phosphate - reduced,dxyl5p[c] + h[c] + nadph[c] --> 2me4p[c] + nadp[c],Terpenoid Backbone Biosynthesis,0.0,1000.0,C21H27N7O17P3,-3,c
nadph[c],r_0412,Nicotinamide adenine dinucleotide phosphate - reduced,h[c] + nadph[c] + toct2eACP[c] --> nadp[c] + ocACP[c],Fatty Acid Biosynthesis,0.0,1000.0,C21H27N7O17P3,-3,c
nadph[c],r_0074,Nicotinamide adenine dinucleotide phosphate - reduced,2dhp[c] + h[c] + nadph[c] <=> nadp[c] + pant__R[c],Pantothenate and CoA Biosynthesis,-1000.0,1000.0,C21H27N7O17P3,-3,c
nadph[c],r_0321,Nicotinamide adenine dinucleotide phosphate - reduced,2.0 h[e] + nadh[c] + nadp[c] --> 2.0 h[c] + nad[c] + nadph[c],Transport,0.0,1000.0,C21H27N7O17P3,-3,c
nadph[c],r_0297,Nicotinamide adenine dinucleotide phosphate - reduced,hom__L[c] + nadp[c] <=> aspsa[c] + h[c] + nadph[c],"Glycine, Serine, and Threonine Metabolism",-1000.0,1000.0,C21H27N7O17P3,-3,c
nadph[c],r_0405,Nicotinamide adenine dinucleotide phosphate - reduced,but2eACP[c] + h[c] + nadph[c] --> butACP[c] + nadp[c],Fatty Acid Biosynthesis,0.0,1000.0,C21H27N7O17P3,-3,c
nadph[c],r_0668,Nicotinamide adenine dinucleotide phosphate - reduced,2.0 h[c] + 2.0 nadph[c] + preq0[c] --> 2.0 nadp[c] + preq1[c],Folate Biosynthesis,0.0,1000.0,C21H27N7O17P3,-3,c
nadph[c],r_0414,Nicotinamide adenine dinucleotide phosphate - reduced,gthox[c] + h[c] + nadph[c] <=> 2.0 gthrd[c] + nadp[c],Glutathione Metabolism,-1000.0,1000.0,C21H27N7O17P3,-3,c
nadph[c],r_0798,Nicotinamide adenine dinucleotide phosphate - reduced,h[c] + nadph[c] + qun[c] --> hqn[c] + nadp[c],Aminobenzoate degradation,0.0,1000.0,C21H27N7O17P3,-3,c
nadph[c],r_0357,Nicotinamide adenine dinucleotide phosphate - reduced,h[c] + nadph[c] + thex2eACP[c] --> hexACP[c] + nadp[c],Fatty Acid Biosynthesis,0.0,1000.0,C21H27N7O17P3,-3,c
nadph[c],r_0571,Nicotinamide adenine dinucleotide phosphate - reduced,alac__S[c] + h[c] + nadph[c] --> 23dhmb[c] + nadp[c],Pantothenate and CoA Biosynthesis,0.0,1000.0,C21H27N7O17P3,-3,c
nadph[c],r_0608,Nicotinamide adenine dinucleotide phosphate - reduced,3hbcoa[c] + nadp[c] <=> aacoa[c] + h[c] + nadph[c],Butanoate metabolism,-1000.0,1000.0,C21H27N7O17P3,-3,c
nadph[c],r_0906,Nicotinamide adenine dinucleotide phosphate - reduced,nadp[c] + pre6b[c] <=> h[c] + nadph[c] + pre6a[c],Porphyrin and Chlorophyll Metabolism,-1000.0,1000.0,C21H27N7O17P3,-3,c
nadph[c],r_0462,Nicotinamide adenine dinucleotide phosphate - reduced,h[c] + nadph[c] + trdox[c] <=> nadp[c] + trdrd[c],Pyrimidine Metabolism,-1000.0,1000.0,C21H27N7O17P3,-3,c
nadph[c],r_0139,Nicotinamide adenine dinucleotide phosphate - reduced,3oddecACP[c] + h[c] + nadph[c] <=> 3hddecACP[c] + nadp[c],Fatty Acid Biosynthesis,-1000.0,1000.0,C21H27N7O17P3,-3,c
nadph[c],r_0363,Nicotinamide adenine dinucleotide phosphate - reduced,nad[c] + nadph[c] --> nadh[c] + nadp[c],Nicotinate and Nicotinamide,0.0,1000.0,C21H27N7O17P3,-3,c
nadph[c],r_0637,Nicotinamide adenine dinucleotide phosphate - reduced,betald[c] + h2o[c] + nadp[c] <=> glyb[c] + 2.0 h[c] + nadph[c],"Glycine, Serine, and Threonine Metabolism",-1000.0,1000.0,C21H27N7O17P3,-3,c
nadph[c],r_0318,Nicotinamide adenine dinucleotide phosphate - reduced,h[c] + nadph[c] + tpalm2eACP[c] --> nadp[c] + palmACP[c],Fatty Acid Biosynthesis,0.0,1000.0,C21H27N7O17P3,-3,c
nadph[c],r_0433,Nicotinamide adenine dinucleotide phosphate - reduced,5apru[c] + h[c] + nadph[c] <=> 5aprbu[c] + nadp[c],Riboflavin Metabolism,-1000.0,1000.0,C21H27N7O17P3,-3,c
nadph[c],r_0448,Nicotinamide adenine dinucleotide phosphate - reduced,h[c] + nadph[c] + tmrs2eACP[c] --> myrsACP[c] + nadp[c],Fatty Acid Biosynthesis,0.0,1000.0,C21H27N7O17P3,-3,c
nadph[c],r_0538,Nicotinamide adenine dinucleotide phosphate - reduced,acald[c] + h2o[c] + nadp[c] <=> ac[c] + 2.0 h[c] + nadph[c],Glycolysis / Gluconeogenesis,-1000.0,1000.0,C21H27N7O17P3,-3,c
nadph[c],r_0521,Nicotinamide adenine dinucleotide phosphate - reduced,mal__L[c] + nadp[c] --> co2[c] + nadph[c] + pyr[c],Pyruvate metabolism,0.0,1000.0,C21H27N7O17P3,-3,c
nadph[c],r_0824,Nicotinamide adenine dinucleotide phosphate - reduced,h[c] + nadph[c] + o2[c] + phaccoa[c] --> 212e12diac[c] + h2o[c] + nadp[c],Phenylalanine metabolism,0.0,1000.0,C21H27N7O17P3,-3,c
nadph[c],r_0459,Nicotinamide adenine dinucleotide phosphate - reduced,6pgc[c] + nadp[c] --> co2[c] + nadph[c] + ru5p__D[c],Pentose Phosphate Pathway,0.0,1000.0,C21H27N7O17P3,-3,c
nadph[c],r_0673,Nicotinamide adenine dinucleotide phosphate - reduced,dhf[c] + nadp[c] <=> fol[c] + h[c] + nadph[c],Folate Biosynthesis,-1000.0,1000.0,C21H27N7O17P3,-3,c
nadph[c],r_0008,Nicotinamide adenine dinucleotide phosphate - reduced,g6p[c] + nadp[c] --> 6pgl[c] + h[c] + nadph[c],Pentose Phosphate Pathway,0.0,1000.0,C21H27N7O17P3,-3,c
nadph[c],r_1005,Nicotinamide adenine dinucleotide phosphate - reduced,nadp[c] + sbt__D[c] <=> glc__aD[c] + h[c] + nadph[c],,-1000.0,1000.0,C21H27N7O17P3,-3,c
nadph[c],r_0804,Nicotinamide adenine dinucleotide phosphate - reduced,nadp[c] + uamr[c] <=> h[c] + nadph[c] + uaccg[c],Amino sugar and nucleotide sugar metabolism,-1000.0,1000.0,C21H27N7O17P3,-3,c
nadph[c],r_1029,Nicotinamide adenine dinucleotide phosphate - reduced,galctn__L[c] + nadp[c] <=> galur[c] + h[c] + nadph[c],,-1000.0,1000.0,C21H27N7O17P3,-3,c
nadph[c],r_0595,Nicotinamide adenine dinucleotide phosphate - reduced,23dhmb[c] + nadp[c] <=> 3hmoa[c] + h[c] + nadph[c],"Valine, Leucine and Isoleucine Biosynthesis",-1000.0,1000.0,C21H27N7O17P3,-3,c
nadph[c],r_0313,Nicotinamide adenine dinucleotide phosphate - reduced,2ahbut[c] + h[c] + nadph[c] <=> 23dhmp[c] + nadp[c],"Valine, Leucine and Isoleucine Biosynthesis",-1000.0,1000.0,C21H27N7O17P3,-3,c
nadph[c],r_0937,Nicotinamide adenine dinucleotide phosphate - reduced,athr__L[c] + nadp[c] --> 2aobut[c] + h[c] + nadph[c],"Glycine, Serine, and Threonine Metabolism",0.0,1000.0,C21H27N7O17P3,-3,c
nadph[c],r_0360,Nicotinamide adenine dinucleotide phosphate - reduced,h[c] + nadph[c] + tdec2eACP[c] --> dcaACP[c] + nadp[c],Fatty Acid Biosynthesis,0.0,1000.0,C21H27N7O17P3,-3,c
nadph[c],r_0676,Nicotinamide adenine dinucleotide phosphate - reduced,nadp[c] + pro__L[c] <=> 1pyr5c[c] + h[c] + nadph[c],Arginine and Proline Metabolism,-1000.0,1000.0,C21H27N7O17P3,-3,c
nadph[c],r_0312,Nicotinamide adenine dinucleotide phosphate - reduced,actACP[c] + h[c] + nadph[c] <=> 3hbutACP[c] + nadp[c],Fatty Acid Biosynthesis,-1000.0,1000.0,C21H27N7O17P3,-3,c
nadph[c],r_0502,Nicotinamide adenine dinucleotide phosphate - reduced,56dthm[c] + nadp[c] <=> h[c] + nadph[c] + thym[c],Pyrimidine Metabolism,-1000.0,1000.0,C21H27N7O17P3,-3,c
nadph[c],r_0456,Nicotinamide adenine dinucleotide phosphate - reduced,mlthf[c] + nadp[c] <=> methf[c] + nadph[c],One carbon pool by folate,-1000.0,1000.0,C21H27N7O17P3,-3,c
nadph[c],r_1032,Nicotinamide adenine dinucleotide phosphate - reduced,glycs[c] + h[c] + nadph[c] <=> glyc[c] + nadp[c],,-1000.0,1000.0,C21H27N7O17P3,-3,c
nadph[c],r_0042,Nicotinamide adenine dinucleotide phosphate - reduced,2.0 fdxrd[c] + h[c] + nadp[c] <=> 2.0 fdxox[c] + nadph[c],Nicotinate and Nicotinamide,-1000.0,1000.0,C21H27N7O17P3,-3,c
nadph[c],r_0025,Nicotinamide adenine dinucleotide phosphate - reduced,4pasp[c] + nadph[c] --> aspsa[c] + nadp[c] + pi[c],"Glycine, Serine, and Threonine Metabolism",0.0,1000.0,C21H27N7O17P3,-3,c
nadph[c],r_0154,Nicotinamide adenine dinucleotide phosphate - reduced,acg5sa[c] + nadp[c] + pi[c] <=> acg5p[c] + nadph[c],Arginine biosynthesis,-1000.0,1000.0,C21H27N7O17P3,-3,c
nadph[c],r_0679,Nicotinamide adenine dinucleotide phosphate - reduced,glyc__R[c] + nadp[c] <=> 2h3oppan[c] + h[c] + nadph[c],Glyoxylate and dicarboxylate metabolism,-1000.0,1000.0,C21H27N7O17P3,-3,c
nadph[c],r_0547,Nicotinamide adenine dinucleotide phosphate - reduced,nadp[c] + syinost[c] --> 2ins[c] + h[c] + nadph[c],Inositol Phosphate Metabolism,0.0,1000.0,C21H27N7O17P3,-3,c
nadph[c],r_0122,Nicotinamide adenine dinucleotide phosphate - reduced,3dhsk[c] + h[c] + nadph[c] <=> nadp[c] + skm[c],Phenylalanine Tyrosine Tryptophan Biosynthesis,-1000.0,1000.0,C21H27N7O17P3,-3,c
nadph[c],r_0526,Nicotinamide adenine dinucleotide phosphate - reduced,glu__L[c] + h2o[c] + nadp[c] <=> akg[c] + 2.0 h[c] + nadph[c] + nh3[c],"Arginine biosynthesis; Alanine, aspartate and glutamate metabolism",-1000.0,1000.0,C21H27N7O17P3,-3,c
nadph[c],r_0083,Nicotinamide adenine dinucleotide phosphate - reduced,23dhmb[c] + nadp[c] <=> alac__S[c] + h[c] + nadph[c],"Valine, Leucine and Isoleucine Biosynthesis",-1000.0,1000.0,C21H27N7O17P3,-3,c
nadph[c],r_0005,Nicotinamide adenine dinucleotide phosphate - reduced,3odecACP[c] + h[c] + nadph[c] <=> 3hdecACP[c] + nadp[c],Fatty Acid Biosynthesis,-1000.0,1000.0,C21H27N7O17P3,-3,c
nadph[c],r_0449,Nicotinamide adenine dinucleotide phosphate - reduced,23dhdp[c] + h[c] + nadph[c] --> nadp[c] + thdp[c],Lysine Biosynthesis,0.0,1000.0,C21H27N7O17P3,-3,c
nadph[c],r_0607,Nicotinamide adenine dinucleotide phosphate - reduced,icit[c] + nadp[c] --> akg[c] + co2[c] + nadph[c],Glutathione Metabolism,0.0,1000.0,C21H27N7O17P3,-3,c
nadph[c],r_0191,Nicotinamide adenine dinucleotide phosphate - reduced,3omrsACP[c] + h[c] + nadph[c] <=> 3hmrsACP[c] + nadp[c],Fatty Acid Biosynthesis,-1000.0,1000.0,C21H27N7O17P3,-3,c
nadph[c],r_0576,Nicotinamide adenine dinucleotide phosphate - reduced,2.0 nadp[c] + thf[c] <=> fol[c] + 2.0 h[c] + 2.0 nadph[c],One carbon pool by folate,-1000.0,1000.0,C21H27N7O17P3,-3,c
nadph[c],r_0471,Nicotinamide adenine dinucleotide phosphate - reduced,h2o[c] + nadp[c] + sucsal[c] --> 2.0 h[c] + nadph[c] + succ[c],Nitrogen Metabolism,0.0,1000.0,C21H27N7O17P3,-3,c
nadph[c],r_0419,Nicotinamide adenine dinucleotide phosphate - reduced,glu5p[c] + nadph[c] --> glu5sa[c] + nadp[c] + pi[c],Arginine and Proline Metabolism,0.0,1000.0,C21H27N7O17P3,-3,c
nadph[c],r_0849,Nicotinamide adenine dinucleotide phosphate - reduced,nadp[c] + sng3p[c] --> dhap[c] + h[c] + nadph[c],Glycerophospholipid metabolism,0.0,1000.0,C21H27N7O17P3,-3,c
nadph[c],r_0541,Nicotinamide adenine dinucleotide phosphate - reduced,g1p[c] + nadp[c] <=> 15gl[c] + h[c] + nadph[c],Pentose Phosphate Pathway,-1000.0,1000.0,C21H27N7O17P3,-3,c
nadph[c],r_0515,Nicotinamide adenine dinucleotide phosphate - reduced,aacoa[c] + h[c] + nadph[c] <=> 3hbcoaR[c] + nadp[c],PHB synthesis; Butanoate metabolism; Glyoxylate and dicarboxylate metabolism,-1000.0,1000.0,C21H27N7O17P3,-3,c
nadph[c],r_0619,Nicotinamide adenine dinucleotide phosphate - reduced,3haACP[c] + nadp[c] <=> 3oocyACP[c] + h[c] + nadph[c],Fatty Acid Biosynthesis,-1000.0,1000.0,C21H27N7O17P3,-3,c
nadph[c],r_0235,Nicotinamide adenine dinucleotide phosphate - reduced,3opalmACP[c] + h[c] + nadph[c] <=> 3hpalmACP[c] + nadp[c],Fatty Acid Biosynthesis,-1000.0,1000.0,C21H27N7O17P3,-3,c
nadph[c],r_0468,Nicotinamide adenine dinucleotide phosphate - reduced,akg[c] + gln__L[c] + h[c] + nadph[c] --> 2.0 glu__L[c] + nadp[c],Nitrogen Metabolism,0.0,1000.0,C21H27N7O17P3,-3,c
nadph[c],r_0221,Nicotinamide adenine dinucleotide phosphate - reduced,3ohexACP[c] + h[c] + nadph[c] <=> 3hhexACP[c] + nadp[c],Fatty Acid Biosynthesis,-1000.0,1000.0,C21H27N7O17P3,-3,c
nadph[c],r_0179,Nicotinamide adenine dinucleotide phosphate - reduced,3ooctACP[c] + h[c] + nadph[c] <=> 3hoctACP[c] + nadp[c],Fatty Acid Biosynthesis,-1000.0,1000.0,C21H27N7O17P3,-3,c
nadph[c],r_0161,Nicotinamide adenine dinucleotide phosphate - reduced,dhf[c] + h[c] + nadph[c] <=> nadp[c] + thf[c],Folate Biosynthesis,-1000.0,1000.0,C21H27N7O17P3,-3,c
nadph[c],r_0381,Nicotinamide adenine dinucleotide phosphate - reduced,4.0 h[c] + 3.0 nadph[c] + so3[c] --> 3.0 h2o[c] + h2s[c] + 3.0 nadp[c],Sulfur Metabolism,0.0,1000.0,C21H27N7O17P3,-3,c
nadph[c],r_0490,Nicotinamide adenine dinucleotide phosphate - reduced,glutrna[c] + h[c] + nadph[c] --> glu1sa[c] + nadp[c] + trnaglu[c],Porphyrin and Chlorophyll Metabolism,0.0,1000.0,C21H27N7O17P3,-3,c
nadph[c],r_0466,Nicotinamide adenine dinucleotide phosphate - reduced,h[c] + nadph[c] + tddec2eACP[c] --> ddcaACP[c] + nadp[c],Fatty Acid Biosynthesis,0.0,1000.0,C21H27N7O17P3,-3,c
3odecACP[c],r_0242,3-Oxodecanoyl-[acyl-carrier protein],h[c] + malACP[c] + ocACP[c] --> 3odecACP[c] + ACP[c] + co2[c],Fatty Acid Biosynthesis,0.0,1000.0,C21H36N2O8PSR,-1,c
3odecACP[c],r_0005,3-Oxodecanoyl-[acyl-carrier protein],3odecACP[c] + h[c] + nadph[c] <=> 3hdecACP[c] + nadp[c],Fatty Acid Biosynthesis,-1000.0,1000.0,C21H36N2O8PSR,-1,c
nadp[c],r_0592,Nicotinamide adenine dinucleotide phosphate,23dhmp[c] + nadp[c] <=> 3hmop[c] + h[c] + nadph[c],"Valine, Leucine and Isoleucine Biosynthesis",-1000.0,1000.0,C21H26N7O17P3,-2,c
nadp[c],r_0033,Nicotinamide adenine dinucleotide phosphate,dxyl5p[c] + h[c] + nadph[c] --> 2me4p[c] + nadp[c],Terpenoid Backbone Biosynthesis,0.0,1000.0,C21H26N7O17P3,-2,c
nadp[c],r_0412,Nicotinamide adenine dinucleotide phosphate,h[c] + nadph[c] + toct2eACP[c] --> nadp[c] + ocACP[c],Fatty Acid Biosynthesis,0.0,1000.0,C21H26N7O17P3,-2,c
nadp[c],r_0074,Nicotinamide adenine dinucleotide phosphate,2dhp[c] + h[c] + nadph[c] <=> nadp[c] + pant__R[c],Pantothenate and CoA Biosynthesis,-1000.0,1000.0,C21H26N7O17P3,-2,c
nadp[c],r_0321,Nicotinamide adenine dinucleotide phosphate,2.0 h[e] + nadh[c] + nadp[c] --> 2.0 h[c] + nad[c] + nadph[c],Transport,0.0,1000.0,C21H26N7O17P3,-2,c
nadp[c],r_0297,Nicotinamide adenine dinucleotide phosphate,hom__L[c] + nadp[c] <=> aspsa[c] + h[c] + nadph[c],"Glycine, Serine, and Threonine Metabolism",-1000.0,1000.0,C21H26N7O17P3,-2,c
nadp[c],r_0405,Nicotinamide adenine dinucleotide phosphate,but2eACP[c] + h[c] + nadph[c] --> butACP[c] + nadp[c],Fatty Acid Biosynthesis,0.0,1000.0,C21H26N7O17P3,-2,c
nadp[c],r_0668,Nicotinamide adenine dinucleotide phosphate,2.0 h[c] + 2.0 nadph[c] + preq0[c] --> 2.0 nadp[c] + preq1[c],Folate Biosynthesis,0.0,1000.0,C21H26N7O17P3,-2,c
nadp[c],r_0414,Nicotinamide adenine dinucleotide phosphate,gthox[c] + h[c] + nadph[c] <=> 2.0 gthrd[c] + nadp[c],Glutathione Metabolism,-1000.0,1000.0,C21H26N7O17P3,-2,c
nadp[c],r_0798,Nicotinamide adenine dinucleotide phosphate,h[c] + nadph[c] + qun[c] --> hqn[c] + nadp[c],Aminobenzoate degradation,0.0,1000.0,C21H26N7O17P3,-2,c
nadp[c],r_0357,Nicotinamide adenine dinucleotide phosphate,h[c] + nadph[c] + thex2eACP[c] --> hexACP[c] + nadp[c],Fatty Acid Biosynthesis,0.0,1000.0,C21H26N7O17P3,-2,c
nadp[c],r_0571,Nicotinamide adenine dinucleotide phosphate,alac__S[c] + h[c] + nadph[c] --> 23dhmb[c] + nadp[c],Pantothenate and CoA Biosynthesis,0.0,1000.0,C21H26N7O17P3,-2,c
nadp[c],r_0608,Nicotinamide adenine dinucleotide phosphate,3hbcoa[c] + nadp[c] <=> aacoa[c] + h[c] + nadph[c],Butanoate metabolism,-1000.0,1000.0,C21H26N7O17P3,-2,c
nadp[c],r_0906,Nicotinamide adenine dinucleotide phosphate,nadp[c] + pre6b[c] <=> h[c] + nadph[c] + pre6a[c],Porphyrin and Chlorophyll Metabolism,-1000.0,1000.0,C21H26N7O17P3,-2,c
nadp[c],r_0462,Nicotinamide adenine dinucleotide phosphate,h[c] + nadph[c] + trdox[c] <=> nadp[c] + trdrd[c],Pyrimidine Metabolism,-1000.0,1000.0,C21H26N7O17P3,-2,c
nadp[c],r_0139,Nicotinamide adenine dinucleotide phosphate,3oddecACP[c] + h[c] + nadph[c] <=> 3hddecACP[c] + nadp[c],Fatty Acid Biosynthesis,-1000.0,1000.0,C21H26N7O17P3,-2,c
nadp[c],r_0363,Nicotinamide adenine dinucleotide phosphate,nad[c] + nadph[c] --> nadh[c] + nadp[c],Nicotinate and Nicotinamide,0.0,1000.0,C21H26N7O17P3,-2,c
nadp[c],r_0637,Nicotinamide adenine dinucleotide phosphate,betald[c] + h2o[c] + nadp[c] <=> glyb[c] + 2.0 h[c] + nadph[c],"Glycine, Serine, and Threonine Metabolism",-1000.0,1000.0,C21H26N7O17P3,-2,c
nadp[c],r_0318,Nicotinamide adenine dinucleotide phosphate,h[c] + nadph[c] + tpalm2eACP[c] --> nadp[c] + palmACP[c],Fatty Acid Biosynthesis,0.0,1000.0,C21H26N7O17P3,-2,c
nadp[c],r_0433,Nicotinamide adenine dinucleotide phosphate,5apru[c] + h[c] + nadph[c] <=> 5aprbu[c] + nadp[c],Riboflavin Metabolism,-1000.0,1000.0,C21H26N7O17P3,-2,c
nadp[c],r_0448,Nicotinamide adenine dinucleotide phosphate,h[c] + nadph[c] + tmrs2eACP[c] --> myrsACP[c] + nadp[c],Fatty Acid Biosynthesis,0.0,1000.0,C21H26N7O17P3,-2,c
nadp[c],r_0538,Nicotinamide adenine dinucleotide phosphate,acald[c] + h2o[c] + nadp[c] <=> ac[c] + 2.0 h[c] + nadph[c],Glycolysis / Gluconeogenesis,-1000.0,1000.0,C21H26N7O17P3,-2,c
nadp[c],r_0521,Nicotinamide adenine dinucleotide phosphate,mal__L[c] + nadp[c] --> co2[c] + nadph[c] + pyr[c],Pyruvate metabolism,0.0,1000.0,C21H26N7O17P3,-2,c
nadp[c],r_0824,Nicotinamide adenine dinucleotide phosphate,h[c] + nadph[c] + o2[c] + phaccoa[c] --> 212e12diac[c] + h2o[c] + nadp[c],Phenylalanine metabolism,0.0,1000.0,C21H26N7O17P3,-2,c
nadp[c],r_0459,Nicotinamide adenine dinucleotide phosphate,6pgc[c] + nadp[c] --> co2[c] + nadph[c] + ru5p__D[c],Pentose Phosphate Pathway,0.0,1000.0,C21H26N7O17P3,-2,c
nadp[c],r_0565,Nicotinamide adenine dinucleotide phosphate,h2o[c] + nadp[c] --> h[c] + nad[c] + pi[c],Nicotinate and Nicotinamide,0.0,1000.0,C21H26N7O17P3,-2,c
nadp[c],r_0673,Nicotinamide adenine dinucleotide phosphate,dhf[c] + nadp[c] <=> fol[c] + h[c] + nadph[c],Folate Biosynthesis,-1000.0,1000.0,C21H26N7O17P3,-2,c
nadp[c],r_0008,Nicotinamide adenine dinucleotide phosphate,g6p[c] + nadp[c] --> 6pgl[c] + h[c] + nadph[c],Pentose Phosphate Pathway,0.0,1000.0,C21H26N7O17P3,-2,c
nadp[c],r_1005,Nicotinamide adenine dinucleotide phosphate,nadp[c] + sbt__D[c] <=> glc__aD[c] + h[c] + nadph[c],,-1000.0,1000.0,C21H26N7O17P3,-2,c
nadp[c],r_0804,Nicotinamide adenine dinucleotide phosphate,nadp[c] + uamr[c] <=> h[c] + nadph[c] + uaccg[c],Amino sugar and nucleotide sugar metabolism,-1000.0,1000.0,C21H26N7O17P3,-2,c
nadp[c],r_1029,Nicotinamide adenine dinucleotide phosphate,galctn__L[c] + nadp[c] <=> galur[c] + h[c] + nadph[c],,-1000.0,1000.0,C21H26N7O17P3,-2,c
nadp[c],r_0595,Nicotinamide adenine dinucleotide phosphate,23dhmb[c] + nadp[c] <=> 3hmoa[c] + h[c] + nadph[c],"Valine, Leucine and Isoleucine Biosynthesis",-1000.0,1000.0,C21H26N7O17P3,-2,c
nadp[c],r_0313,Nicotinamide adenine dinucleotide phosphate,2ahbut[c] + h[c] + nadph[c] <=> 23dhmp[c] + nadp[c],"Valine, Leucine and Isoleucine Biosynthesis",-1000.0,1000.0,C21H26N7O17P3,-2,c
nadp[c],r_0937,Nicotinamide adenine dinucleotide phosphate,athr__L[c] + nadp[c] --> 2aobut[c] + h[c] + nadph[c],"Glycine, Serine, and Threonine Metabolism",0.0,1000.0,C21H26N7O17P3,-2,c
nadp[c],r_0360,Nicotinamide adenine dinucleotide phosphate,h[c] + nadph[c] + tdec2eACP[c] --> dcaACP[c] + nadp[c],Fatty Acid Biosynthesis,0.0,1000.0,C21H26N7O17P3,-2,c
nadp[c],r_0676,Nicotinamide adenine dinucleotide phosphate,nadp[c] + pro__L[c] <=> 1pyr5c[c] + h[c] + nadph[c],Arginine and Proline Metabolism,-1000.0,1000.0,C21H26N7O17P3,-2,c
nadp[c],r_0312,Nicotinamide adenine dinucleotide phosphate,actACP[c] + h[c] + nadph[c] <=> 3hbutACP[c] + nadp[c],Fatty Acid Biosynthesis,-1000.0,1000.0,C21H26N7O17P3,-2,c
nadp[c],r_0502,Nicotinamide adenine dinucleotide phosphate,56dthm[c] + nadp[c] <=> h[c] + nadph[c] + thym[c],Pyrimidine Metabolism,-1000.0,1000.0,C21H26N7O17P3,-2,c
nadp[c],r_0456,Nicotinamide adenine dinucleotide phosphate,mlthf[c] + nadp[c] <=> methf[c] + nadph[c],One carbon pool by folate,-1000.0,1000.0,C21H26N7O17P3,-2,c
nadp[c],r_1032,Nicotinamide adenine dinucleotide phosphate,glycs[c] + h[c] + nadph[c] <=> glyc[c] + nadp[c],,-1000.0,1000.0,C21H26N7O17P3,-2,c
nadp[c],r_0042,Nicotinamide adenine dinucleotide phosphate,2.0 fdxrd[c] + h[c] + nadp[c] <=> 2.0 fdxox[c] + nadph[c],Nicotinate and Nicotinamide,-1000.0,1000.0,C21H26N7O17P3,-2,c
nadp[c],r_0025,Nicotinamide adenine dinucleotide phosphate,4pasp[c] + nadph[c] --> aspsa[c] + nadp[c] + pi[c],"Glycine, Serine, and Threonine Metabolism",0.0,1000.0,C21H26N7O17P3,-2,c
nadp[c],r_0154,Nicotinamide adenine dinucleotide phosphate,acg5sa[c] + nadp[c] + pi[c] <=> acg5p[c] + nadph[c],Arginine biosynthesis,-1000.0,1000.0,C21H26N7O17P3,-2,c
nadp[c],r_0679,Nicotinamide adenine dinucleotide phosphate,glyc__R[c] + nadp[c] <=> 2h3oppan[c] + h[c] + nadph[c],Glyoxylate and dicarboxylate metabolism,-1000.0,1000.0,C21H26N7O17P3,-2,c
nadp[c],r_0547,Nicotinamide adenine dinucleotide phosphate,nadp[c] + syinost[c] --> 2ins[c] + h[c] + nadph[c],Inositol Phosphate Metabolism,0.0,1000.0,C21H26N7O17P3,-2,c
nadp[c],r_0122,Nicotinamide adenine dinucleotide phosphate,3dhsk[c] + h[c] + nadph[c] <=> nadp[c] + skm[c],Phenylalanine Tyrosine Tryptophan Biosynthesis,-1000.0,1000.0,C21H26N7O17P3,-2,c
nadp[c],r_0526,Nicotinamide adenine dinucleotide phosphate,glu__L[c] + h2o[c] + nadp[c] <=> akg[c] + 2.0 h[c] + nadph[c] + nh3[c],"Arginine biosynthesis; Alanine, aspartate and glutamate metabolism",-1000.0,1000.0,C21H26N7O17P3,-2,c
nadp[c],r_0083,Nicotinamide adenine dinucleotide phosphate,23dhmb[c] + nadp[c] <=> alac__S[c] + h[c] + nadph[c],"Valine, Leucine and Isoleucine Biosynthesis",-1000.0,1000.0,C21H26N7O17P3,-2,c
nadp[c],r_0005,Nicotinamide adenine dinucleotide phosphate,3odecACP[c] + h[c] + nadph[c] <=> 3hdecACP[c] + nadp[c],Fatty Acid Biosynthesis,-1000.0,1000.0,C21H26N7O17P3,-2,c
nadp[c],r_0449,Nicotinamide adenine dinucleotide phosphate,23dhdp[c] + h[c] + nadph[c] --> nadp[c] + thdp[c],Lysine Biosynthesis,0.0,1000.0,C21H26N7O17P3,-2,c
nadp[c],r_0607,Nicotinamide adenine dinucleotide phosphate,icit[c] + nadp[c] --> akg[c] + co2[c] + nadph[c],Glutathione Metabolism,0.0,1000.0,C21H26N7O17P3,-2,c
nadp[c],r_0191,Nicotinamide adenine dinucleotide phosphate,3omrsACP[c] + h[c] + nadph[c] <=> 3hmrsACP[c] + nadp[c],Fatty Acid Biosynthesis,-1000.0,1000.0,C21H26N7O17P3,-2,c
nadp[c],r_0576,Nicotinamide adenine dinucleotide phosphate,2.0 nadp[c] + thf[c] <=> fol[c] + 2.0 h[c] + 2.0 nadph[c],One carbon pool by folate,-1000.0,1000.0,C21H26N7O17P3,-2,c
nadp[c],r_0471,Nicotinamide adenine dinucleotide phosphate,h2o[c] + nadp[c] + sucsal[c] --> 2.0 h[c] + nadph[c] + succ[c],Nitrogen Metabolism,0.0,1000.0,C21H26N7O17P3,-2,c
nadp[c],r_0419,Nicotinamide adenine dinucleotide phosphate,glu5p[c] + nadph[c] --> glu5sa[c] + nadp[c] + pi[c],Arginine and Proline Metabolism,0.0,1000.0,C21H26N7O17P3,-2,c
nadp[c],r_0849,Nicotinamide adenine dinucleotide phosphate,nadp[c] + sng3p[c] --> dhap[c] + h[c] + nadph[c],Glycerophospholipid metabolism,0.0,1000.0,C21H26N7O17P3,-2,c
nadp[c],r_0566,Nicotinamide adenine dinucleotide phosphate,atp[c] + nad[c] --> adp[c] + nadp[c],Nicotinate and Nicotinamide,0.0,1000.0,C21H26N7O17P3,-2,c
nadp[c],r_0541,Nicotinamide adenine dinucleotide phosphate,g1p[c] + nadp[c] <=> 15gl[c] + h[c] + nadph[c],Pentose Phosphate Pathway,-1000.0,1000.0,C21H26N7O17P3,-2,c
nadp[c],r_0515,Nicotinamide adenine dinucleotide phosphate,aacoa[c] + h[c] + nadph[c] <=> 3hbcoaR[c] + nadp[c],PHB synthesis; Butanoate metabolism; Glyoxylate and dicarboxylate metabolism,-1000.0,1000.0,C21H26N7O17P3,-2,c
nadp[c],r_0619,Nicotinamide adenine dinucleotide phosphate,3haACP[c] + nadp[c] <=> 3oocyACP[c] + h[c] + nadph[c],Fatty Acid Biosynthesis,-1000.0,1000.0,C21H26N7O17P3,-2,c
nadp[c],r_0235,Nicotinamide adenine dinucleotide phosphate,3opalmACP[c] + h[c] + nadph[c] <=> 3hpalmACP[c] + nadp[c],Fatty Acid Biosynthesis,-1000.0,1000.0,C21H26N7O17P3,-2,c
nadp[c],r_0468,Nicotinamide adenine dinucleotide phosphate,akg[c] + gln__L[c] + h[c] + nadph[c] --> 2.0 glu__L[c] + nadp[c],Nitrogen Metabolism,0.0,1000.0,C21H26N7O17P3,-2,c
nadp[c],r_0221,Nicotinamide adenine dinucleotide phosphate,3ohexACP[c] + h[c] + nadph[c] <=> 3hhexACP[c] + nadp[c],Fatty Acid Biosynthesis,-1000.0,1000.0,C21H26N7O17P3,-2,c
nadp[c],r_0179,Nicotinamide adenine dinucleotide phosphate,3ooctACP[c] + h[c] + nadph[c] <=> 3hoctACP[c] + nadp[c],Fatty Acid Biosynthesis,-1000.0,1000.0,C21H26N7O17P3,-2,c
nadp[c],r_0161,Nicotinamide adenine dinucleotide phosphate,dhf[c] + h[c] + nadph[c] <=> nadp[c] + thf[c],Folate Biosynthesis,-1000.0,1000.0,C21H26N7O17P3,-2,c
nadp[c],r_0381,Nicotinamide adenine dinucleotide phosphate,4.0 h[c] + 3.0 nadph[c] + so3[c] --> 3.0 h2o[c] + h2s[c] + 3.0 nadp[c],Sulfur Metabolism,0.0,1000.0,C21H26N7O17P3,-2,c
nadp[c],r_0490,Nicotinamide adenine dinucleotide phosphate,glutrna[c] + h[c] + nadph[c] --> glu1sa[c] + nadp[c] + trnaglu[c],Porphyrin and Chlorophyll Metabolism,0.0,1000.0,C21H26N7O17P3,-2,c
nadp[c],r_0466,Nicotinamide adenine dinucleotide phosphate,h[c] + nadph[c] + tddec2eACP[c] --> ddcaACP[c] + nadp[c],Fatty Acid Biosynthesis,0.0,1000.0,C21H26N7O17P3,-2,c
3hdecACP[c],r_0167,(R)-3-Hydroxydecanoyl-[acyl-carrier protein],3hdecACP[c] --> h2o[c] + tdec2eACP[c],Fatty Acid Biosynthesis,0.0,1000.0,C21H38N2O8PSR,-1,c
3hdecACP[c],r_0005,(R)-3-Hydroxydecanoyl-[acyl-carrier protein],3odecACP[c] + h[c] + nadph[c] <=> 3hdecACP[c] + nadp[c],Fatty Acid Biosynthesis,-1000.0,1000.0,C21H38N2O8PSR,-1,c
coa[c],r_0640,Coenzyme A,gly[c] + h[c] + succoa[c] --> 5aop[c] + co2[c] + coa[c],"Glycine, Serine, and Threonine Metabolism",0.0,1000.0,C21H33N7O16P3S,-3,c
coa[c],r_0011,Coenzyme A,ac[c] + atp[c] + coa[c] + h[c] --> accoa[c] + amp[c] + ppi[c],Glycolysis / Gluconeogenesis,0.0,1000.0,C21H33N7O16P3S,-3,c
coa[c],r_0438,Coenzyme A,accoa[c] + ddcacoa[c] + h[c] <=> 3otdcoa[c] + coa[c],Fatty Acid Metabolism,-1000.0,1000.0,C21H33N7O16P3S,-3,c
coa[c],r_0891,Coenzyme A,accoa[c] + u4a46dnabla[c] <=> coa[c] + u24b246tbla[c],Amino sugar and nucleotide sugar metabolism,-1000.0,1000.0,C21H33N7O16P3S,-3,c
coa[c],r_0041,Coenzyme A,adhlam[c] + coa[c] <=> accoa[c] + dhlam[c],Glycolysis / Gluconeogenesis;TCA Cycle,-1000.0,1000.0,C21H33N7O16P3S,-3,c
coa[c],r_0384,Coenzyme A,accoa[c] + dccoa[c] <=> 3oddcoa[c] + coa[c],Fatty Acid Metabolism,-1000.0,1000.0,C21H33N7O16P3S,-3,c
coa[c],r_0140,Coenzyme A,2.0 accoa[c] <=> aacoa[c] + coa[c],Fatty Acid Metabolism,-1000.0,1000.0,C21H33N7O16P3S,-3,c
coa[c],r_0128,Coenzyme A,accoa[c] + h2o[c] + oaa[c] --> cit[c] + coa[c] + h[c],TCA Cycle,0.0,1000.0,C21H33N7O16P3S,-3,c
coa[c],r_0513,Coenzyme A,3hbcoaR[c] --> coa[c] + phb[c],PHB synthesis,0.0,1000.0,C21H33N7O16P3S,-3,c
coa[c],r_0057,Coenzyme A,hom__L[c] + succoa[c] --> coa[c] + suchms[c],Cysteine and Methionine Metabolism,0.0,1000.0,C21H33N7O16P3S,-3,c
coa[c],r_0475,Coenzyme A,coa[c] + sdhlam[c] --> dhlam[c] + succoa[c],TCA Cycle,0.0,1000.0,C21H33N7O16P3S,-3,c
coa[c],r_0917,Coenzyme A,accoa[c] + gam1p[c] <=> acgam1p[c] + coa[c],Amino sugar and nucleotide sugar metabolism,-1000.0,1000.0,C21H33N7O16P3S,-3,c
coa[c],r_0748,Coenzyme A,acoa[c] + h2o[c] <=> carbo[c] + coa[c],[],-1000.0,1000.0,C21H33N7O16P3S,-3,c
coa[c],r_0133,Coenzyme A,ACP[c] + malcoa[c] <=> coa[c] + malACP[c],Fatty Acid Biosynthesis,-1000.0,1000.0,C21H33N7O16P3S,-3,c
coa[c],r_0244,Coenzyme A,accoa[c] + ser__L[c] --> acser[c] + coa[c],Sulfur Metabolism,0.0,1000.0,C21H33N7O16P3S,-3,c
coa[c],r_0658,Coenzyme A,accoa[c] + ppcoa[c] --> 2maacoa[c] + coa[c],"Valine, leucine and isoleucine degradation",0.0,1000.0,C21H33N7O16P3S,-3,c
coa[c],r_0461,Coenzyme A,accoa[c] + tdcoa[c] <=> 3ohdcoa[c] + coa[c],Fatty Acid Metabolism,-1000.0,1000.0,C21H33N7O16P3S,-3,c
coa[c],r_0684,Coenzyme A,coa[c] + mal__L[c] <=> accoa[c] + glx[c] + h2o[c],Glyoxylate and dicarboxylate metabolism,-1000.0,1000.0,C21H33N7O16P3S,-3,c
coa[c],r_0517,Coenzyme A,acac[c] + atp[c] + coa[c] + h[c] --> aacoa[c] + amp[c] + ppi[c],"PHB synthesis; Valine, leucine and isoleucine degradation; Butanoate metabolism",0.0,1000.0,C21H33N7O16P3S,-3,c
coa[c],r_0460,Coenzyme A,coa[c] + msa[c] + nad[c] --> accoa[c] + co2[c] + nadh[c],Inositol Phosphate Metabolism,0.0,1000.0,C21H33N7O16P3S,-3,c
coa[c],r_0225,Coenzyme A,accoa[c] + h[c] + pi[c] <=> actp[c] + coa[c],Glycolysis / Gluconeogenesis,-1000.0,1000.0,C21H33N7O16P3S,-3,c
coa[c],r_0877,Coenzyme A,accoa[c] + succoa[c] <=> coa[c] + oxadpcoa[c],Benzoate degradation,-1000.0,1000.0,C21H33N7O16P3S,-3,c
coa[c],r_0399,Coenzyme A,accoa[c] + gly[c] <=> 2aobut[c] + coa[c],"Glycine, Serine, and Threonine Metabolism",-1000.0,1000.0,C21H33N7O16P3S,-3,c
coa[c],r_1064,Coenzyme A,24dab[c] + accoa[c] --> coa[c] + n4acld[c],,0.0,1000.0,C21H33N7O16P3S,-3,c
coa[c],r_0823,Coenzyme A,atp[c] + coa[c] + pac[c] --> amp[c] + phaccoa[c] + ppi[c],Phenylalanine metabolism,0.0,1000.0,C21H33N7O16P3S,-3,c
coa[c],r_0204,Coenzyme A,h2o[c] + succoa[c] + thdp[c] --> coa[c] + sl2a6o[c],Lysine Biosynthesis,0.0,1000.0,C21H33N7O16P3S,-3,c
coa[c],r_0094,Coenzyme A,atp[c] + coa[c] + succ[c] <=> adp[c] + pi[c] + succoa[c],Sulfur Metabolism; Purine Metabolism,-1000.0,1000.0,C21H33N7O16P3S,-3,c
coa[c],r_0006,Coenzyme A,atp[c] + coa[c] + h[c] + hdca[c] <=> amp[c] + pmtcoa[c] + ppi[c],Fatty Acid Metabolism,-1000.0,1000.0,C21H33N7O16P3S,-3,c
coa[c],r_0170,Coenzyme A,apoACP[c] + coa[c] --> ACP[c] + pap[c],Pantothenate and CoA Biosynthesis,0.0,1000.0,C21H33N7O16P3S,-3,c
coa[c],r_0361,Coenzyme A,accoa[c] + hxcoa[c] <=> 3oocoa[c] + coa[c],Fatty Acid Metabolism,-1000.0,1000.0,C21H33N7O16P3S,-3,c
coa[c],r_0087,Coenzyme A,3mob[c] + accoa[c] + h2o[c] --> 3c3hmp[c] + coa[c] + h[c],"Valine, Leucine and Isoleucine Biosynthesis",0.0,1000.0,C21H33N7O16P3S,-3,c
coa[c],r_0130,Coenzyme A,accoa[c] + btcoa[c] <=> 3ohcoa[c] + coa[c],Fatty Acid Metabolism,-1000.0,1000.0,C21H33N7O16P3S,-3,c
coa[c],r_0230,Coenzyme A,ACP[c] + accoa[c] <=> acACP[c] + coa[c],Fatty Acid Biosynthesis,-1000.0,1000.0,C21H33N7O16P3S,-3,c
coa[c],r_0400,Coenzyme A,accoa[c] + occoa[c] <=> 3odcoa[c] + coa[c],Fatty Acid Metabolism,-1000.0,1000.0,C21H33N7O16P3S,-3,c
coa[c],r_0690,Coenzyme A,HC01672[c] + coa[c] <=> accoa[c] + amp[c] + h[c],Pyruvate metabolism,-1000.0,1000.0,C21H33N7O16P3S,-3,c
coa[c],r_0086,Coenzyme A,accoa[c] + glu__L[c] --> acglu[c] + coa[c] + h[c],Arginine biosynthesis,0.0,1000.0,C21H33N7O16P3S,-3,c
coa[c],r_0593,Coenzyme A,accoa[c] + h2o[c] + pyr[c] --> 2mm__R[c] + coa[c],"Valine, Leucine and Isoleucine Biosynthesis",0.0,1000.0,C21H33N7O16P3S,-3,c
coa[c],r_0617,Coenzyme A,accoa[c] + h[c] + malACP[c] --> actACP[c] + co2[c] + coa[c],Fatty Acid Biosynthesis,0.0,1000.0,C21H33N7O16P3S,-3,c
coa[c],r_0820,Coenzyme A,ala__L[c] + pmcoa[c] <=> 8aonn[c] + co2[c] + coa[c],Biotin metabolism,-1000.0,1000.0,C21H33N7O16P3S,-3,c
coa[c],r_0156,Coenzyme A,atp[c] + dpcoa[c] --> adp[c] + coa[c],Pantothenate and CoA Biosynthesis,0.0,1000.0,C21H33N7O16P3S,-3,c
hdca[c],BIOMASS_0508,Hexadecanoate (n-C16:0),0.00816736 Symbiotic_Cofactors[c] + 0.816736 ade[c] + 0.816736 ala__L[c] + 0.816736 arg__L[c] + 0.816736 asp__L[c] + 0.816736 fixedNH3[c] + 0.816736 glycogen[c] + 0.816736 hdca[c] + 0.816736 ile__L[c] + 0.816736 phb[c] + 0.816736 ura[c] + 0.816736 val__L[c] <=> Symbiotic_product[c] + 0.816736 ala__L[e] + 0.816736 asp__L[e] + 0.816736 fixedNH3[e] + 0.816736 glycogen1[c],Symbiosis,-1000.0,1000.0,C16H31O2,-1,c
hdca[c],r_0006,Hexadecanoate (n-C16:0),atp[c] + coa[c] + h[c] + hdca[c] <=> amp[c] + pmtcoa[c] + ppi[c],Fatty Acid Metabolism,-1000.0,1000.0,C16H31O2,-1,c
hdca[c],r_0315,Hexadecanoate (n-C16:0),h2o[c] + palmACP[c] <=> ACP[c] + h[c] + hdca[c],Fatty Acid Biosynthesis,-1000.0,1000.0,C16H31O2,-1,c
amp[c],r_0555,AMP,fad[c] + h2o[c] <=> amp[c] + fmn[c],Riboflavin Metabolism,-1000.0,1000.0,C10H13N5O7P,-1,c
amp[c],r_0011,AMP,ac[c] + atp[c] + coa[c] + h[c] --> accoa[c] + amp[c] + ppi[c],Glycolysis / Gluconeogenesis,0.0,1000.0,C10H13N5O7P,-1,c
amp[c],r_0268,AMP,atp[c] + cys__L[c] + dxyl5p[c] + tyr__L[c] --> 4hba[c] + 4mpetz[c] + ala__L[c] + amp[c] + co2[c] + h2o[c] + ppi[c],Thiamine Metabolism,0.0,1000.0,C10H13N5O7P,-1,c
amp[c],r_0563,AMP,h2o[c] + nad[c] --> amp[c] + nmn[c],Nicotinate and Nicotinamide,0.0,1000.0,C10H13N5O7P,-1,c
amp[c],r_0378,AMP,atp[c] + ser__L[c] + trnaser[c] --> amp[c] + ppi[c] + sertrna[c],Aminoacyl-tRNA biosynthesis,0.0,1000.0,C10H13N5O7P,-1,c
amp[c],r_0465,AMP,atp[c] + h[c] + leu__L[c] + trnaleu[c] --> amp[c] + leutrna[c] + ppi[c],"Valine, Leucine and Isoleucine Biosynthesis",0.0,1000.0,C10H13N5O7P,-1,c
amp[c],r_0217,AMP,ala_B[c] + atp[c] + pant__R[c] <=> amp[c] + pnto__R[c] + ppi[c],Pantothenate and CoA Biosynthesis,-1000.0,1000.0,C10H13N5O7P,-1,c
amp[c],r_0437,AMP,asp__L[c] + atp[c] + h[c] + trnaasp[c] --> amp[c] + asptrna[c] + ppi[c],"Alanine, Aspartate and Glutamate metabolism",0.0,1000.0,C10H13N5O7P,-1,c
amp[c],r_0396,AMP,ala__L[c] + atp[c] + h[c] + trnaala[c] --> alatrna[c] + amp[c] + ppi[c],Aminoacyl-tRNA biosynthesis,0.0,1000.0,C10H13N5O7P,-1,c
amp[c],r_0463,AMP,amp[c] + h2o[c] --> adn[c] + h[c] + pi[c],Purine Metabolism,0.0,1000.0,C10H13N5O7P,-1,c
amp[c],r_0266,AMP,asp__L[c] + atp[c] + citr__L[c] --> amp[c] + argsuc[c] + ppi[c],"Alanine, Aspartate and Glutamate metabolism",0.0,1000.0,C10H13N5O7P,-1,c
amp[c],r_0562,AMP,dnad[c] + h2o[c] --> amp[c] + nicrnt[c],Nicotinate and Nicotinamide,0.0,1000.0,C10H13N5O7P,-1,c
amp[c],r_0497,AMP,atp[c] + dnad[c] + gln__L[c] + h2o[c] --> amp[c] + glu__L[c] + nad[c] + ppi[c],Nicotinate and Nicotinamide,0.0,1000.0,C10H13N5O7P,-1,c
amp[c],r_0733,AMP,lthrcala[c] + trnaadn[c] <=> amp[c] + n6lthrtrna[c],[],-1000.0,1000.0,C10H13N5O7P,-1,c
amp[c],r_0382,AMP,atp[c] + met__L[c] + trnamet[c] --> amp[c] + mettrna[c] + ppi[c],Cysteine and Methionine Metabolism,0.0,1000.0,C10H13N5O7P,-1,c
amp[c],r_0707,AMP,atp[c] + h2o[c] --> amp[c] + ppi[c],Purine Metabolism,0.0,1000.0,C10H13N5O7P,-1,c
amp[c],r_0413,AMP,atp[c] + cys__L[c] + h[c] + trnacys[c] --> amp[c] + cystrna[c] + ppi[c],Aminoacyl-tRNA biosynthesis,0.0,1000.0,C10H13N5O7P,-1,c
amp[c],r_0346,AMP,atp[c] + h[c] + trnatrp[c] + trp__L[c] --> amp[c] + ppi[c] + trptrna[c],Phenylalanine Tyrosine Tryptophan Biosynthesis,0.0,1000.0,C10H13N5O7P,-1,c
amp[c],r_0441,AMP,atp[c] + h[c] + trnaval[c] + val__L[c] --> amp[c] + ppi[c] + valtrna[c],"Valine, Leucine and Isoleucine Biosynthesis",0.0,1000.0,C10H13N5O7P,-1,c
amp[c],r_0554,AMP,adp[c] + thmpp[c] --> amp[c] + thmtp[c],Thiamine Metabolism,0.0,1000.0,C10H13N5O7P,-1,c
amp[c],r_0572,AMP,dpcoa[c] + h2o[c] <=> amp[c] + pan4p[c],Pantothenate and CoA Biosynthesis,-1000.0,1000.0,C10H13N5O7P,-1,c
amp[c],r_0209,AMP,ade[c] + prpp[c] <=> amp[c] + ppi[c],Purine Metabolism,-1000.0,1000.0,C10H13N5O7P,-1,c
amp[c],r_0801,AMP,5pdna[c] + nad[c] --> amp[c] + nmn[c],[],0.0,1000.0,C10H13N5O7P,-1,c
amp[c],r_0317,AMP,atp[c] + h[c] + lys__L[c] + trnalys[c] --> amp[c] + lystrna[c] + ppi[c],Lysine Biosynthesis,0.0,1000.0,C10H13N5O7P,-1,c
amp[c],r_0564,AMP,atp[c] + dnad[c] + h[c] + nh3[c] --> amp[c] + nad[c] + ppi[c],Nicotinate and Nicotinamide,0.0,1000.0,C10H13N5O7P,-1,c
amp[c],r_0434,AMP,atp[c] + h[c] + ile__L[c] + trnaile[c] --> amp[c] + iletrna[c] + ppi[c],"Valine, Leucine and Isoleucine Biosynthesis",0.0,1000.0,C10H13N5O7P,-1,c
amp[c],r_0424,AMP,atp[c] + gtp[c] --> amp[c] + gdptp[c],Purine Metabolism,0.0,1000.0,C10H13N5O7P,-1,c
amp[c],r_0553,AMP,atp[c] + thm[c] --> amp[c] + thmpp[c],Thiamine Metabolism,0.0,1000.0,C10H13N5O7P,-1,c
amp[c],r_0452,AMP,atp[c] + gln__L[c] + h2o[c] + xmp[c] --> amp[c] + glu__L[c] + gmp[c] + h[c] + ppi[c],Purine Metabolism,0.0,1000.0,C10H13N5O7P,-1,c
amp[c],r_0517,AMP,acac[c] + atp[c] + coa[c] + h[c] --> aacoa[c] + amp[c] + ppi[c],"PHB synthesis; Valine, leucine and isoleucine degradation; Butanoate metabolism",0.0,1000.0,C10H13N5O7P,-1,c
amp[c],r_0615,AMP,atp[c] + ser__L[c] + trnasecys[c] <=> amp[c] + ppi[c] + sertrna_sec[c],Aminoacyl-tRNA biosynthesis,-1000.0,1000.0,C10H13N5O7P,-1,c
amp[c],r_0407,AMP,atp[c] + h[c] + trnatyr[c] + tyr__L[c] --> amp[c] + ppi[c] + tyrtrna[c],Phenylalanine Tyrosine Tryptophan Biosynthesis,0.0,1000.0,C10H13N5O7P,-1,c
amp[c],r_0273,AMP,atp[c] + r5p[c] --> amp[c] + prpp[c],Purine Metabolism,0.0,1000.0,C10H13N5O7P,-1,c
amp[c],r_0377,AMP,atp[c] + h[c] + his__L[c] + trnahis[c] --> amp[c] + histrna[c] + ppi[c],Histidine Metabolism,0.0,1000.0,C10H13N5O7P,-1,c
amp[c],r_0432,AMP,atp[c] + glu__L[c] + h[c] + trnaglu[c] --> amp[c] + glutrna[c] + ppi[c],"Alanine, Aspartate and Glutamate metabolism",0.0,1000.0,C10H13N5O7P,-1,c
amp[c],r_0045,AMP,6hmhpt[c] + atp[c] <=> 6hmhptpp[c] + amp[c],Folate Biosynthesis,-1000.0,1000.0,C10H13N5O7P,-1,c
amp[c],r_0728,AMP,atp[c] + h[c] + pi[c] + pyr[c] <=> amp[c] + pep[c] + ppi[c],Glycolysis / Gluconeogenesis,-1000.0,1000.0,C10H13N5O7P,-1,c
amp[c],r_0823,AMP,atp[c] + coa[c] + pac[c] --> amp[c] + phaccoa[c] + ppi[c],Phenylalanine metabolism,0.0,1000.0,C10H13N5O7P,-1,c
amp[c],r_0493,AMP,aps[c] + 2.0 gthrd[c] --> amp[c] + gthox[c] + so3[c],Sulfur Metabolism,0.0,1000.0,C10H13N5O7P,-1,c
amp[c],r_0291,AMP,atp[c] + h2o[c] + pyr[c] --> amp[c] + h[c] + pep[c] + pi[c],Glycolysis / Gluconeogenesis,0.0,1000.0,C10H13N5O7P,-1,c
amp[c],r_0398,AMP,atp[c] + h[c] + phe__L[c] + trnaphe[c] --> amp[c] + phetrna[c] + ppi[c],Phenylalanine Tyrosine Tryptophan Biosynthesis,0.0,1000.0,C10H13N5O7P,-1,c
amp[c],r_0066,AMP,amp[c] + atp[c] <=> 2.0 adp[c],Purine Metabolism,-1000.0,1000.0,C10H13N5O7P,-1,c
amp[c],r_0006,AMP,atp[c] + coa[c] + h[c] + hdca[c] <=> amp[c] + pmtcoa[c] + ppi[c],Fatty Acid Metabolism,-1000.0,1000.0,C10H13N5O7P,-1,c
amp[c],r_0123,AMP,asp__L[c] + atp[c] + gln__L[c] + h2o[c] --> amp[c] + asn__L[c] + glu__L[c] + ppi[c],"Alanine, Aspartate and Glutamate metabolism",0.0,1000.0,C10H13N5O7P,-1,c
amp[c],r_0362,AMP,atp[c] + gly[c] + h[c] + trnagly[c] --> amp[c] + glytrna[c] + ppi[c],Aminoacyl-tRNA biosynthesis,0.0,1000.0,C10H13N5O7P,-1,c
amp[c],r_0243,AMP,dcamp[c] --> amp[c] + fum[c],"Alanine, Aspartate and Glutamate metabolism",0.0,1000.0,C10H13N5O7P,-1,c
amp[c],r_0455,AMP,arg__L[c] + atp[c] + h[c] + trnaarg[c] --> amp[c] + argtrna[c] + ppi[c],Arginine biosynthesis,0.0,1000.0,C10H13N5O7P,-1,c
amp[c],r_0616,AMP,atp[c] + h[c] + lys__L[c] + trnalys[c] <=> amp[c] + lystrna[c] + ppi[c],Aminoacyl-tRNA biosynthesis,-1000.0,1000.0,C10H13N5O7P,-1,c
amp[c],r_0690,AMP,HC01672[c] + coa[c] <=> accoa[c] + amp[c] + h[c],Pyruvate metabolism,-1000.0,1000.0,C10H13N5O7P,-1,c
amp[c],r_0833,AMP,5pdna[c] + atp[c] --> amp[c] + ppi[c],[],0.0,1000.0,C10H13N5O7P,-1,c
amp[c],r_0428,AMP,atp[c] + thr__L[c] + trnathr[c] --> amp[c] + ppi[c] + thrtrna[c],Aminoacyl-tRNA biosynthesis,0.0,1000.0,C10H13N5O7P,-1,c
amp[c],r_0703,AMP,atp[c] + nh3[c] + xmp[c] --> amp[c] + gmp[c] + ppi[c],Purine Metabolism,0.0,1000.0,C10H13N5O7P,-1,c
amp[c],r_0478,AMP,atp[c] + h[c] + pro__L[c] + trnapro[c] --> amp[c] + ppi[c] + protrna[c],Aminoacyl-tRNA biosynthesis,0.0,1000.0,C10H13N5O7P,-1,c
amp[c],r_0771,AMP,accb[c] + atp[c] + btn[c] --> amp[c] + bccp[c] + ppi[c],[],0.0,1000.0,C10H13N5O7P,-1,c
pmtcoa[c],r_0385,Palmitoyl-CoA (n-C16:0CoA),fad[c] + pmtcoa[c] --> fadh2[c] + hdd2coa[c],Fatty Acid Metabolism,0.0,1000.0,C37H63N7O17P3S,-3,c
pmtcoa[c],r_0006,Palmitoyl-CoA (n-C16:0CoA),atp[c] + coa[c] + h[c] + hdca[c] <=> amp[c] + pmtcoa[c] + ppi[c],Fatty Acid Metabolism,-1000.0,1000.0,C37H63N7O17P3S,-3,c
duri[c],r_0629,Deoxyuridine,dump[c] + h2o[c] --> duri[c] + h[c] + pi[c],Pyrimidine Metabolism,0.0,1000.0,C9H12N2O5,0,c
duri[c],r_0290,Deoxyuridine,dcyt[c] + h2o[c] --> duri[c] + nh3[c],Pyrimidine Metabolism,0.0,1000.0,C9H12N2O5,0,c
duri[c],r_0007,Deoxyuridine,duri[c] + h[c] + pi[c] <=> 2dr1p[c] + ura[c],Pyrimidine Metabolism,-1000.0,1000.0,C9H12N2O5,0,c
duri[c],r_0118,Deoxyuridine,atp[c] + duri[c] --> adp[c] + dump[c],Pyrimidine Metabolism,0.0,1000.0,C9H12N2O5,0,c
pi[c],r_0890,orthophosphate,24b246tbap[c] + h2o[c] + pep[c] <=> pi[c] + psea[c],Amino sugar and nucleotide sugar metabolism,-1000.0,1000.0,HO4P,-2,c
pi[c],r_0299,orthophosphate,atp[c] + h2o[c] + homocitrate[e] <=> adp[c] + h[c] + homocitrate[c] + pi[c],Transport,-1000.0,1000.0,HO4P,-2,c
pi[c],r_0545,orthophosphate,h2o[c] + pail4p_cho[c] --> pail_cho[c] + pi[c],Inositol Phosphate Metabolism,0.0,1000.0,HO4P,-2,c
pi[c],r_0667,orthophosphate,atp[c] + cdg[c] + nh3[c] --> adp[c] + h2o[c] + pi[c] + preq0[c],Folate Biosynthesis,0.0,1000.0,HO4P,-2,c
pi[c],r_0866,orthophosphate,h2o[c] <=> h[c] + pi[c],Peptidoglycan biosynthesis,-1000.0,1000.0,HO4P,-2,c
pi[c],r_0463,orthophosphate,amp[c] + h2o[c] --> adn[c] + h[c] + pi[c],Purine Metabolism,0.0,1000.0,HO4P,-2,c
pi[c],r_0464,orthophosphate,g3p[c] + nad[c] + pi[c] <=> 13dpg[c] + nadh[c],Glycolysis / Gluconeogenesis,-1000.0,1000.0,HO4P,-2,c
pi[c],r_0531,orthophosphate,atp[c] + h2o[c] + zn2[e] --> adp[c] + h[c] + pi[c] + zn2[c],Transport,0.0,1000.0,HO4P,-2,c
pi[c],r_0435,orthophosphate,dgmp[c] + h2o[c] --> dgsn[c] + h[c] + pi[c],Purine Metabolism,0.0,1000.0,HO4P,-2,c
pi[c],r_0671,orthophosphate,dhnpt[c] + pi[c] --> dhppt[c] + h2o[c],Folate Biosynthesis,0.0,1000.0,HO4P,-2,c
pi[c],r_0064,orthophosphate,3psme[c] --> chor[c] + h[c] + pi[c],Phenylalanine Tyrosine Tryptophan Biosynthesis,0.0,1000.0,HO4P,-2,c
pi[c],r_0507,orthophosphate,Iron[c] + adocbl[c] + atp[c] + gthox[c] + hemeO[c] + homocitrate[c] + mg2[c] + mobd[c] + nac[c] + pi[c] + pydxn[c] + thm[c] + zn2[c] --> Symbiotic_Cofactors[c],Symbiosis,0.0,1000.0,HO4P,-2,c
pi[c],r_0631,orthophosphate,pi[c] + thymd[c] <=> 2dr1p[c] + thym[c],Pyrimidine Metabolism,-1000.0,1000.0,HO4P,-2,c
pi[c],r_0908,orthophosphate,2.0 atp[c] + 2.0 gln__L[c] + 2.0 h2o[c] + hgbyr[c] <=> 2.0 adp[c] + 2.0 glu__L[c] + hgbam[c] + 2.0 pi[c],Porphyrin and Chlorophyll Metabolism,-1000.0,1000.0,HO4P,-2,c
pi[c],r_0108,orthophosphate,h[c] + ins[c] + pi[c] <=> hxan[c] + r1p[c],Purine Metabolism,-1000.0,1000.0,HO4P,-2,c
pi[c],r_0193,orthophosphate,dgsn[c] + h[c] + pi[c] <=> 2dr1p[c] + gua[c],Purine Metabolism,-1000.0,1000.0,HO4P,-2,c
pi[c],r_0294,orthophosphate,adn[c] + h[c] + pi[c] <=> ade[c] + r1p[c],Purine Metabolism,-1000.0,1000.0,HO4P,-2,c
pi[c],r_0624,orthophosphate,atp[c] + nh3[c] + utp[c] --> adp[c] + ctp[c] + h[c] + pi[c],Pyrimidine Metabolism,0.0,1000.0,HO4P,-2,c
pi[c],r_0565,orthophosphate,h2o[c] + nadp[c] --> h[c] + nad[c] + pi[c],Nicotinate and Nicotinamide,0.0,1000.0,HO4P,-2,c
pi[c],r_0784,orthophosphate,3rinct[c] + h2o[c] <=> pi[c] + ribbc[c],[],-1000.0,1000.0,HO4P,-2,c
pi[c],r_0807,orthophosphate,atp[c] + glu__D[c] + uama[c] --> adp[c] + pi[c] + uamag[c],Peptidoglycan biosynthesis,0.0,1000.0,HO4P,-2,c
pi[c],r_0291,orthophosphate,atp[c] + h2o[c] + pyr[c] --> amp[c] + h[c] + pep[c] + pi[c],Glycolysis / Gluconeogenesis,0.0,1000.0,HO4P,-2,c
pi[c],r_0529,orthophosphate,dhap[c] + iasp[c] --> 2.0 h2o[c] + h[c] + pi[c] + quln[c],Nicotinate and Nicotinamide,0.0,1000.0,HO4P,-2,c
pi[c],r_0038,orthophosphate,2dda7p[c] --> 3dhq[c] + h[c] + pi[c],Phenylalanine Tyrosine Tryptophan Biosynthesis,0.0,1000.0,HO4P,-2,c
pi[c],r_0279,orthophosphate,h2o[c] + hisp[c] --> h[c] + histd[c] + pi[c],Histidine Metabolism,0.0,1000.0,HO4P,-2,c
pi[c],r_0503,orthophosphate,h2o[c] + pyam5p[c] --> h[c] + pi[c] + pydam[c],Vitamin B6 Metabolism,0.0,1000.0,HO4P,-2,c
pi[c],r_0457,orthophosphate,atp[c] + glucys[c] + gly[c] --> adp[c] + gthrd[c] + h[c] + pi[c],Glutathione Metabolism,0.0,1000.0,HO4P,-2,c
pi[c],r_0731,orthophosphate,atp[c] + h2o[c] + lps[c] --> adp[c] + lps[e] + pi[c],[],0.0,1000.0,HO4P,-2,c
pi[c],r_0429,orthophosphate,h2o[c] + imp[c] --> h[c] + ins[c] + pi[c],Purine Metabolism,0.0,1000.0,HO4P,-2,c
pi[c],r_0805,orthophosphate,ala__L[c] + atp[c] + uamr[c] --> adp[c] + pi[c] + uama[c],Peptidoglycan biosynthesis,0.0,1000.0,HO4P,-2,c
pi[c],r_0776,orthophosphate,kdo8p[c] + pi[c] <=> ara5p[c] + h2o[c] + pep[c],Lipopolysaccharide biosynthesis,-1000.0,1000.0,HO4P,-2,c
pi[c],r_0853,orthophosphate,h2o[c] + ptyp[c] <=> pi[c] + pty[c],[],-1000.0,1000.0,HO4P,-2,c
pi[c],r_0499,orthophosphate,h2o[c] + ppi[c] --> 2.0 h[c] + 2.0 pi[c],Oxidative Phosphorylation,0.0,1000.0,HO4P,-2,c
pi[c],r_0552,orthophosphate,h2o[c] + thmpp[c] <=> pi[c] + thmmp[c],Thiamine Metabolism,-1000.0,1000.0,HO4P,-2,c
pi[c],r_0858,orthophosphate,dhap[c] <=> mthgxl[c] + pi[c],Propanoate metabolism,-1000.0,1000.0,HO4P,-2,c
pi[c],r_0425,orthophosphate,atp[c] + fgam[c] + gln__L[c] + h2o[c] --> adp[c] + fpram[c] + glu__L[c] + h[c] + pi[c],Purine Metabolism,0.0,1000.0,HO4P,-2,c
pi[c],r_0803,orthophosphate,2.0 ala__D[c] + atp[c] --> adp[c] + alaala[c] + pi[c],Peptidoglycan biosynthesis,0.0,1000.0,HO4P,-2,c
pi[c],r_0216,orthophosphate,atp[c] + gln__L[c] + h2o[c] + utp[c] --> adp[c] + ctp[c] + glu__L[c] + 2.0 h[c] + pi[c],Pyrimidine Metabolism,0.0,1000.0,HO4P,-2,c
pi[c],r_0359,orthophosphate,cmp[c] + h2o[c] --> cytd[c] + h[c] + pi[c],Pyrimidine Metabolism,0.0,1000.0,HO4P,-2,c
pi[c],r_0561,orthophosphate,3a2oprop[c] + dxyl5p[c] --> 2.0 h2o[c] + pdx5p[c] + pi[c],Vitamin B6 Metabolism,0.0,1000.0,HO4P,-2,c
pi[c],r_0102,orthophosphate,e4p[c] + h2o[c] + pep[c] --> 2dda7p[c] + h[c] + pi[c],Phenylalanine Tyrosine Tryptophan Biosynthesis,0.0,1000.0,HO4P,-2,c
pi[c],r_0158,orthophosphate,atp[c] + h2o[c] --> adp[c] + h[c] + pi[c],Oxidative Phosphorylation,3.0,1000.0,HO4P,-2,c
pi[c],r_0215,orthophosphate,cbp[c] + orn[c] --> citr__L[c] + 2.0 h[c] + pi[c],Arginine biosynthesis,0.0,1000.0,HO4P,-2,c
pi[c],r_0403,orthophosphate,pep[c] + skm5p[c] <=> 3psme[c] + h[c] + pi[c],Phenylalanine Tyrosine Tryptophan Biosynthesis,-1000.0,1000.0,HO4P,-2,c
pi[c],r_0445,orthophosphate,asp__L[c] + gtp[c] + imp[c] --> dcamp[c] + gdp[c] + 2.0 h[c] + pi[c],"Alanine, Aspartate and Glutamate metabolism",0.0,1000.0,HO4P,-2,c
pi[c],r_0284,orthophosphate,din[c] + h[c] + pi[c] <=> 2dr1p[c] + hxan[c],Purine Metabolism,-1000.0,1000.0,HO4P,-2,c
pi[c],r_0558,orthophosphate,dmp[c] + fmnh2[c] <=> pi[c] + prf2[c],Riboflavin Metabolism,-1000.0,1000.0,HO4P,-2,c
pi[c],r_0224,orthophosphate,fdp[c] + h2o[c] <=> f6p[c] + h[c] + pi[c],Glycolysis / Gluconeogenesis,-1000.0,1000.0,HO4P,-2,c
pi[c],r_0419,orthophosphate,glu5p[c] + nadph[c] --> glu5sa[c] + nadp[c] + pi[c],Arginine and Proline Metabolism,0.0,1000.0,HO4P,-2,c
pi[c],r_0047,orthophosphate,6r5au[c] + db4p[c] <=> dmlz[c] + 2.0 h2o[c] + h[c] + pi[c],Riboflavin Metabolism,-1000.0,1000.0,HO4P,-2,c
pi[c],r_0494,orthophosphate,h2o[c] + pdx5p[c] --> h[c] + pi[c] + pydxn[c],Vitamin B6 Metabolism,0.0,1000.0,HO4P,-2,c
pi[c],r_0728,orthophosphate,atp[c] + h[c] + pi[c] + pyr[c] <=> amp[c] + pep[c] + ppi[c],Glycolysis / Gluconeogenesis,-1000.0,1000.0,HO4P,-2,c
pi[c],r_0075,orthophosphate,atp[c] + gly[c] + pram[c] --> adp[c] + gar[c] + h[c] + pi[c],Purine Metabolism,0.0,1000.0,HO4P,-2,c
pi[c],r_0222,orthophosphate,h2o[c] + phom[c] --> h[c] + pi[c] + thr__L[c],"Glycine, Serine, and Threonine Metabolism",0.0,1000.0,HO4P,-2,c
pi[c],r_0417,orthophosphate,gmp[c] + h2o[c] --> gsn[c] + h[c] + pi[c],Purine Metabolism,0.0,1000.0,HO4P,-2,c
pi[c],r_0231,orthophosphate,atp[c] + fpram[c] --> adp[c] + air[c] + h[c] + pi[c],Purine Metabolism,0.0,1000.0,HO4P,-2,c
pi[c],r_0567,orthophosphate,pi[c] + rnam[c] <=> ncam[c] + r1p[c],Nicotinate and Nicotinamide,-1000.0,1000.0,HO4P,-2,c
pi[c],r_0271,orthophosphate,nac[c] + r1p[c] <=> nicrns[c] + pi[c],Nicotinate and Nicotinamide,-1000.0,1000.0,HO4P,-2,c
pi[c],r_0629,orthophosphate,dump[c] + h2o[c] --> duri[c] + h[c] + pi[c],Pyrimidine Metabolism,0.0,1000.0,HO4P,-2,c
pi[c],r_0974,orthophosphate,malt__D[c] + 2.0 pi[c] --> 2.0 g1p[c] + h2o[c],,0.0,1000.0,HO4P,-2,c
pi[c],r_0270,orthophosphate,16.0 atp[c] + 8.0 fdxrd[c] + 16.0 h2o[c] + n2[c] --> 16.0 adp[c] + 8.0 fdxox[c] + 2.0 fixedNH3[c] + h2[c] + 8.0 h[c] + 16.0 pi[c],Nitrogen Metabolism; Symbiosis,0.0,1000.0,HO4P,-2,c
pi[c],r_0871,orthophosphate,atp[c] + h2o[c] + k[c] --> adp[c] + k[e] + pi[c],[],0.0,1000.0,HO4P,-2,c
pi[c],r_0358,orthophosphate,h2o[c] + ump[c] --> h[c] + pi[c] + uri[c],Pyrimidine Metabolism,0.0,1000.0,HO4P,-2,c
pi[c],r_0581,orthophosphate,atp[c] + fa[c] --> adp[c] + e[c] + methf[c] + pi[c],One carbon pool by folate,0.0,1000.0,HO4P,-2,c
pi[c],r_0323,orthophosphate,adp[c] + 2.0 h[e] + pi[c] --> atp[c] + h2o[c] + h[c],Oxidative Phosphorylation,0.0,1000.0,HO4P,-2,c
pi[c],r_0487,orthophosphate,5prdmbz[c] + h2o[c] --> h[c] + pi[c] + rdmbzi[c],Porphyrin Metabolism,0.0,1000.0,HO4P,-2,c
pi[c],r_0694,orthophosphate,air[c] + atp[c] + hco3[c] --> 5ca1rpi[c] + adp[c] + pi[c],Purine Metabolism,0.0,1000.0,HO4P,-2,c
pi[c],r_0488,orthophosphate,h2o[c] + pydx5p[c] --> h[c] + pi[c] + pydx[c],Vitamin B6 Metabolism,0.0,1000.0,HO4P,-2,c
pi[c],r_0643,orthophosphate,h2s[c] + pser__L[c] --> cys__L[c] + h[c] + pi[c],Cysteine and Methionine Metabolism,0.0,1000.0,HO4P,-2,c
pi[c],r_0155,orthophosphate,atp[c] + cbl1[e] + h2o[c] --> adp[c] + cbl1[c] + h[c] + pi[c],Porphyrin and Chlorophyll Metabolism,0.0,1000.0,HO4P,-2,c
pi[c],r_0319,orthophosphate,atp[c] + h2o[c] + so4[e] --> adp[c] + h[c] + pi[c] + so4[c],Transport,0.0,1000.0,HO4P,-2,c
pi[c],r_0762,orthophosphate,adelgluladp[c] + pi[c] --> adp[c] + lgluadp[c],[],0.0,1000.0,HO4P,-2,c
pi[c],r_0402,orthophosphate,h2o[c] + nmn[c] --> h[c] + pi[c] + rnam[c],Nicotinate and Nicotinamide,0.0,1000.0,HO4P,-2,c
pi[c],r_0606,orthophosphate,5oxpro[c] + atp[c] + 2.0 h2o[c] --> adp[c] + glu__L[c] + pi[c],Glutathione Metabolism,0.0,1000.0,HO4P,-2,c
pi[c],r_0072,orthophosphate,gsn[c] + h[c] + pi[c] <=> gua[c] + r1p[c],Purine Metabolism,-1000.0,1000.0,HO4P,-2,c
pi[c],r_0931,orthophosphate,asp__L[c] + atp[c] + dgmp[c] <=> adp[c] + dsmp[c] + pi[c],Purine Metabolism,-1000.0,1000.0,HO4P,-2,c
pi[c],r_0522,orthophosphate,glycogen[c] + h[c] + pi[c] <=> g1p[c] + glycogen1[c],Glycogen synthesis,-1000.0,1000.0,HO4P,-2,c
pi[c],r_0826,orthophosphate,h2o[c] + tre6p[c] <=> pi[c] + tre[c],Starch and sucrose metabolism,-1000.0,1000.0,HO4P,-2,c
pi[c],r_0071,orthophosphate,atp[c] + cys__L[c] + glu__L[c] --> adp[c] + glucys[c] + h[c] + pi[c],Glutathione Metabolism,0.0,1000.0,HO4P,-2,c
pi[c],r_0007,orthophosphate,duri[c] + h[c] + pi[c] <=> 2dr1p[c] + ura[c],Pyrimidine Metabolism,-1000.0,1000.0,HO4P,-2,c
pi[c],r_0316,orthophosphate,alaala[c] + atp[c] + ugmd[c] --> adp[c] + h[c] + pi[c] + ugmda[c],Lysine Biosynthesis,0.0,1000.0,HO4P,-2,c
pi[c],r_0225,orthophosphate,accoa[c] + h[c] + pi[c] <=> actp[c] + coa[c],Glycolysis / Gluconeogenesis,-1000.0,1000.0,HO4P,-2,c
pi[c],r_0699,orthophosphate,3gmp[c] + h2o[c] --> gsn[c] + pi[c],Purine Metabolism,0.0,1000.0,HO4P,-2,c
pi[c],r_0371,orthophosphate,26dap__M[c] + atp[c] + uamag[c] --> adp[c] + h[c] + pi[c] + ugmd[c],Lysine Biosynthesis,0.0,1000.0,HO4P,-2,c
pi[c],r_0044,orthophosphate,atp[c] + h2o[c] + met__L[c] --> amet[c] + pi[c] + ppi[c],Cysteine and Methionine Metabolism,0.0,1000.0,HO4P,-2,c
pi[c],r_0116,orthophosphate,ahdt[c] + 3.0 h2o[c] --> dhnpt[c] + 3.0 h[c] + 3.0 pi[c],Folate Biosynthesis,0.0,1000.0,HO4P,-2,c
pi[c],r_0744,orthophosphate,h2o[c] + pppro[c] <=> pi[c] + protein[c],[],-1000.0,1000.0,HO4P,-2,c
pi[c],r_0314,orthophosphate,atp[c] + h2o[c] + thm[e] --> adp[c] + h[c] + pi[c] + thm[c],Transport,0.0,1000.0,HO4P,-2,c
pi[c],r_0612,orthophosphate,h2o[c] + paps[c] <=> aps[c] + pi[c],Sulfur Metabolism,-1000.0,1000.0,HO4P,-2,c
pi[c],r_0649,orthophosphate,C02356[c] + atp[c] + glu__L[c] <=> CE1661[c] + adp[c] + pi[c],Cysteine and Methionine Metabolism,-1000.0,1000.0,HO4P,-2,c
pi[c],r_0392,orthophosphate,atp[c] + hco3[c] + pyr[c] --> adp[c] + h[c] + oaa[c] + pi[c],Glycolysis / Gluconeogenesis,0.0,1000.0,HO4P,-2,c
pi[c],r_0630,orthophosphate,3ump[c] + h2o[c] --> pi[c] + uri[c],Pyrimidine Metabolism,0.0,1000.0,HO4P,-2,c
pi[c],r_0769,orthophosphate,acacp[c] + pi[c] <=> ACP[c] + actp[c],[],-1000.0,1000.0,HO4P,-2,c
pi[c],r_0252,orthophosphate,atp[c] + h2o[c] + mg2[e] --> adp[c] + h[c] + mg2[c] + pi[c],Transport,0.0,1000.0,HO4P,-2,c
pi[c],r_0369,orthophosphate,dtmp[c] + h2o[c] --> h[c] + pi[c] + thymd[c],Pyrimidine Metabolism,0.0,1000.0,HO4P,-2,c
pi[c],r_0650,orthophosphate,CE1661[c] + atp[c] + gly[c] <=> adp[c] + opmt[c] + pi[c],Cysteine and Methionine Metabolism,-1000.0,1000.0,HO4P,-2,c
pi[c],r_0096,orthophosphate,2.6 atp[c] + ctp[c] + gtp[c] + 1.6 h2o[c] + utp[c] --> 1.6 adp[c] + 1.6 h[c] + 1.6 pi[c] + 4.0 ppi[c] + 4.0 rna[c],Pyrimidine Metabolism,0.0,1000.0,HO4P,-2,c
pi[c],r_0986,orthophosphate,pi[c] + sucr[c] --> fru[c] + g1p[c],,0.0,1000.0,HO4P,-2,c
pi[c],r_0311,orthophosphate,dxyl5p[c] + nad[c] + phthr[c] --> co2[c] + 2.0 h2o[c] + 2.0 h[c] + nadh[c] + pdx5p[c] + pi[c],Vitamin B6 Metabolism,0.0,1000.0,HO4P,-2,c
pi[c],r_0114,orthophosphate,dad_2[c] + h[c] + pi[c] <=> 2dr1p[c] + ade[c],Purine Metabolism,-1000.0,1000.0,HO4P,-2,c
pi[c],r_0025,orthophosphate,4pasp[c] + nadph[c] --> aspsa[c] + nadp[c] + pi[c],"Glycine, Serine, and Threonine Metabolism",0.0,1000.0,HO4P,-2,c
pi[c],r_0154,orthophosphate,acg5sa[c] + nadp[c] + pi[c] <=> acg5p[c] + nadph[c],Arginine biosynthesis,-1000.0,1000.0,HO4P,-2,c
pi[c],r_0819,orthophosphate,atp[c] + co2[c] + dann[c] --> adp[c] + dtbt[c] + pi[c],Biotin metabolism,0.0,1000.0,HO4P,-2,c
pi[c],r_0255,orthophosphate,h2o[c] + phthr[c] --> 4hthr[c] + h[c] + pi[c],Vitamin B6 Metabolism,0.0,1000.0,HO4P,-2,c
pi[c],r_0367,orthophosphate,gdptp[c] + h2o[c] <=> h[c] + pi[c] + ppgpp[c],Purine Metabolism,-1000.0,1000.0,HO4P,-2,c
pi[c],r_0395,orthophosphate,h2o[c] + nicrnt[c] --> h[c] + nicrns[c] + pi[c],Nicotinate and Nicotinamide,0.0,1000.0,HO4P,-2,c
pi[c],r_0745,orthophosphate,pep[c] + uacgam[c] <=> pi[c] + uaccg[c],Amino sugar and nucleotide sugar metabolism,-1000.0,1000.0,HO4P,-2,c
pi[c],r_0121,orthophosphate,5aprbu[c] + h2o[c] <=> 6r5au[c] + pi[c],Riboflavin Metabolism,-1000.0,1000.0,HO4P,-2,c
pi[c],r_0306,orthophosphate,atp[c] + h2o[c] + pi[e] --> adp[c] + h[c] + 2.0 pi[c],Transport,0.0,1000.0,HO4P,-2,c
pi[c],r_0898,orthophosphate,atp[c] + h2o[c] + mg2[c] --> adp[c] + h[c] + mg2[e] + pi[c],[],0.0,1000.0,HO4P,-2,c
pi[c],r_0944,orthophosphate,h[c] + pi[c] + uri[c] <=> r1p[c] + ura[c],Pyrimidine Metabolism,-1000.0,1000.0,HO4P,-2,c
pi[c],r_0390,orthophosphate,h2o[c] + pser__L[c] --> h[c] + pi[c] + ser__L[c],"Glycine, Serine, and Threonine Metabolism",0.0,1000.0,HO4P,-2,c
pi[c],r_0628,orthophosphate,3cmp[c] + h2o[c] --> cytd[c] + pi[c],Pyrimidine Metabolism,0.0,1000.0,HO4P,-2,c
pi[c],r_0305,orthophosphate,atp[c] + fe2[e] + h2o[c] --> adp[c] + fe2[c] + h[c] + pi[c],Transport,0.0,1000.0,HO4P,-2,c
pi[c],r_0544,orthophosphate,h2o[c] + pail35p_cho[c] --> pail3p_cho[c] + pi[c],Inositol Phosphate Metabolism,0.0,1000.0,HO4P,-2,c
pi[c],r_0132,orthophosphate,atp[c] + glu__L[c] + nh3[c] --> adp[c] + gln__L[c] + pi[c],Nitrogen Metabolism,0.0,1000.0,HO4P,-2,c
pi[c],r_0304,orthophosphate,atp[c] + h2o[c] + mobd[e] --> adp[c] + h[c] + mobd[c] + pi[c],Transport,0.0,1000.0,HO4P,-2,c
pi[c],r_0472,orthophosphate,2.0 atp[c] + gln__L[c] + h2o[c] + hco3[c] --> 2.0 adp[c] + cbp[c] + glu__L[c] + h[c] + pi[c],"Alanine, Aspartate and Glutamate metabolism",0.0,1000.0,HO4P,-2,c
pi[c],r_0852,orthophosphate,atp[c] + h2o[c] + hemeO[c] --> adp[c] + hemeO[e] + pi[c],[],0.0,1000.0,HO4P,-2,c
pi[c],r_0470,orthophosphate,damp[c] + h2o[c] <=> dad_2[c] + h[c] + pi[c],Purine Metabolism,-1000.0,1000.0,HO4P,-2,c
pi[c],r_0131,orthophosphate,5aizc[c] + asp__L[c] + atp[c] <=> 25aics[c] + adp[c] + 2.0 h[c] + pi[c],Purine Metabolism,-1000.0,1000.0,HO4P,-2,c
pi[c],r_0440,orthophosphate,asp__L[c] + cbp[c] --> cbasp[c] + 2.0 h[c] + pi[c],"Alanine, Aspartate and Glutamate metabolism",0.0,1000.0,HO4P,-2,c
pi[c],r_0556,orthophosphate,dmpp[c] + h2o[c] <=> dmp[c] + pi[c],Riboflavin Metabolism,-1000.0,1000.0,HO4P,-2,c
pi[c],r_0094,orthophosphate,atp[c] + coa[c] + succ[c] <=> adp[c] + pi[c] + succoa[c],Sulfur Metabolism; Purine Metabolism,-1000.0,1000.0,HO4P,-2,c
pi[c],r_0373,orthophosphate,dcmp[c] + h2o[c] --> dcyt[c] + h[c] + pi[c],Pyrimidine Metabolism,0.0,1000.0,HO4P,-2,c
pi[c],r_0578,orthophosphate,atp[c] + for[c] + thf[c] <=> 10fthf[c] + adp[c] + pi[c],One carbon pool by folate,-1000.0,1000.0,HO4P,-2,c
pi[c],r_0795,orthophosphate,atp[c] + cobalt2[c] + h2o[c] + hgbam[c] --> adp[c] + cob2nda[c] + h[c] + pi[c],Porphyrin and Chlorophyll Metabolism,0.0,1000.0,HO4P,-2,c
pi[c],r_0774,orthophosphate,atp[c] + btnCCP[c] + hco3[c] --> adp[c] + carP[c] + pi[c],[],0.0,1000.0,HO4P,-2,c
pi[c],r_0409,orthophosphate,atp[c] + dhpt[c] + glu__L[c] --> adp[c] + dhf[c] + h[c] + pi[c],Folate Biosynthesis,0.0,1000.0,HO4P,-2,c
pi[c],r_0301,orthophosphate,air[c] + amet[c] + h2o[c] --> 4ahmmp[c] + co[c] + dad_5[c] + for[c] + 4.0 h[c] + met__L[c] + pi[c],Thiamine Metabolism,0.0,1000.0,HO4P,-2,c
pi[c],r_0588,orthophosphate,atp[c] + h2o[c] + 4.0 h[c] --> adp[c] + 5.0 h[e] + pi[c],Oxidative Phosphorylation,0.0,1000.0,HO4P,-2,c
pi[c],r_0383,orthophosphate,h2o[c] + xmp[c] --> h[c] + pi[c] + xtsn[c],Purine Metabolism,0.0,1000.0,HO4P,-2,c
pi[c],r_0714,orthophosphate,3amp[c] + h2o[c] --> adn[c] + pi[c],Purine Metabolism,0.0,1000.0,HO4P,-2,c
pi[c],r_0067,orthophosphate,fmn[c] + h2o[c] --> h[c] + pi[c] + ribflv[c],Riboflavin Metabolism,0.0,1000.0,HO4P,-2,c
pi[c],r_0259,orthophosphate,h[c] + pi[c] + xtsn[c] <=> r1p[c] + xan[c],Purine Metabolism,-1000.0,1000.0,HO4P,-2,c
pi[c],r_0532,orthophosphate,h[e] + pi[e] <=> h[c] + pi[c],Transport,-1000.0,1000.0,HO4P,-2,c
pi[c],r_0444,orthophosphate,accoa[c] + atp[c] + hco3[c] <=> adp[c] + h[c] + malcoa[c] + pi[c],Fatty Acid Biosynthesis,-1000.0,1000.0,HO4P,-2,c
2dr1p[c],r_0193,2-Deoxy-D-ribose 1-phosphate,dgsn[c] + h[c] + pi[c] <=> 2dr1p[c] + gua[c],Purine Metabolism,-1000.0,1000.0,C5H10O7P,-1,c
2dr1p[c],r_0007,2-Deoxy-D-ribose 1-phosphate,duri[c] + h[c] + pi[c] <=> 2dr1p[c] + ura[c],Pyrimidine Metabolism,-1000.0,1000.0,C5H10O7P,-1,c
2dr1p[c],r_0726,2-Deoxy-D-ribose 1-phosphate,2dr1p[c] --> 2dr5p[c],Purine Metabolism,0.0,1000.0,C5H10O7P,-1,c
2dr1p[c],r_0284,2-Deoxy-D-ribose 1-phosphate,din[c] + h[c] + pi[c] <=> 2dr1p[c] + hxan[c],Purine Metabolism,-1000.0,1000.0,C5H10O7P,-1,c
2dr1p[c],r_0114,2-Deoxy-D-ribose 1-phosphate,dad_2[c] + h[c] + pi[c] <=> 2dr1p[c] + ade[c],Purine Metabolism,-1000.0,1000.0,C5H10O7P,-1,c
2dr1p[c],r_0631,2-Deoxy-D-ribose 1-phosphate,pi[c] + thymd[c] <=> 2dr1p[c] + thym[c],Pyrimidine Metabolism,-1000.0,1000.0,C5H10O7P,-1,c
ura[c],BIOMASS_0508,Uracil,0.00816736 Symbiotic_Cofactors[c] + 0.816736 ade[c] + 0.816736 ala__L[c] + 0.816736 arg__L[c] + 0.816736 asp__L[c] + 0.816736 fixedNH3[c] + 0.816736 glycogen[c] + 0.816736 hdca[c] + 0.816736 ile__L[c] + 0.816736 phb[c] + 0.816736 ura[c] + 0.816736 val__L[c] <=> Symbiotic_product[c] + 0.816736 ala__L[e] + 0.816736 asp__L[e] + 0.816736 fixedNH3[e] + 0.816736 glycogen1[c],Symbiosis,-1000.0,1000.0,C4H4N2O2,0,c
ura[c],r_0944,Uracil,h[c] + pi[c] + uri[c] <=> r1p[c] + ura[c],Pyrimidine Metabolism,-1000.0,1000.0,C4H4N2O2,0,c
ura[c],r_0007,Uracil,duri[c] + h[c] + pi[c] <=> 2dr1p[c] + ura[c],Pyrimidine Metabolism,-1000.0,1000.0,C4H4N2O2,0,c
ura[c],r_0959,Uracil,0.2614 ade[c] + 0.706188 ala__L[c] + 0.431004 arg__L[c] + 0.155232 asn__L[c] + 0.312228 asp__L[c] + 0.3586 csn[c] + 0.054684 cys__L[c] + 0.17052 gln__L[c] + 0.343392 glu__L[c] + 0.497448 gly[c] + 0.05 glycogen[c] + 0.3586 gua[c] + 0.124068 his__L[c] + 0.322224 ile__L[c] + 0.599172 leu__L[c] + 0.18816 lys__L[c] + 0.143472 met__L[c] + 0.39 pe_hs[c] + 4.86 phb[c] + 0.231672 phe__L[c] + 0.295764 pro__L[c] + 0.01 ptrc[c] + 0.3586 rna[c] + 0.34104 ser__L[c] + 0.30282 thr__L[c] + 0.0722 thym[c] + 0.081144 trp__L[c] + 0.134652 tyr__L[c] + 0.1892 ura[c] + 0.445704 val__L[c] --> biomass[c],Biomass,0.0,1000.0,C4H4N2O2,0,c
ura[c],r_0018,Uracil,csn[c] + h2o[c] --> nh3[c] + ura[c],Pyrimidine Metabolism,0.0,1000.0,C4H4N2O2,0,c
ura[c],r_0069,Uracil,prpp[c] + ura[c] <=> ppi[c] + ump[c],Pyrimidine Metabolism,-1000.0,1000.0,C4H4N2O2,0,c
ura[c],r_0365,Uracil,56dura[c] + nad[c] <=> h[c] + nadh[c] + ura[c],Pyrimidine Metabolism,-1000.0,1000.0,C4H4N2O2,0,c
g6p[c],r_0070,D-Glucose 6-phosphate,g6p[c] <=> f6p[c],Glycolysis / Gluconeogenesis,-1000.0,1000.0,C6H12O9P,-1,c
g6p[c],r_0008,D-Glucose 6-phosphate,g6p[c] + nadp[c] --> 6pgl[c] + h[c] + nadph[c],Pentose Phosphate Pathway,0.0,1000.0,C6H12O9P,-1,c
g6p[c],r_0827,D-Glucose 6-phosphate,g6p[c] + udpg[c] <=> tre6p[c] + udp[c],[],-1000.0,1000.0,C6H12O9P,-1,c
g6p[c],r_1044,D-Glucose 6-phosphate,h2o[c] + salcn6p[c] --> g6p[c] + slgn[c],,0.0,1000.0,C6H12O9P,-1,c
g6p[c],r_0439,D-Glucose 6-phosphate,g1p[c] <=> g6p[c],Glycolysis / Gluconeogenesis,-1000.0,1000.0,C6H12O9P,-1,c
g6p[c],r_0978,D-Glucose 6-phosphate,atp[c] + glc__aD[c] --> adp[c] + g6p[c] + h[c],,0.0,1000.0,C6H12O9P,-1,c
g6p[c],r_0537,D-Glucose 6-phosphate,atp[c] + g1p[c] --> adp[c] + g6p[c],Glycolysis / Gluconeogenesis,0.0,1000.0,C6H12O9P,-1,c
6pgl[c],r_0256,"6-phospho-D-glucono-1,5-lactone",6pgl[c] + h2o[c] --> 6pgc[c] + h[c],Pentose Phosphate Pathway,0.0,1000.0,C6H10O9P,-1,c
6pgl[c],r_0008,"6-phospho-D-glucono-1,5-lactone",g6p[c] + nadp[c] --> 6pgl[c] + h[c] + nadph[c],Pentose Phosphate Pathway,0.0,1000.0,C6H10O9P,-1,c
3c4mop[c],r_0009,(2S)-2-Isopropyl-3-oxosuccinate,3c4mop[c] + h[c] --> 4mop[c] + co2[c],"Valine, Leucine and Isoleucine Biosynthesis",0.0,1000.0,C7H8O5,-2,c
3c4mop[c],r_0019,(2S)-2-Isopropyl-3-oxosuccinate,3c2hmp[c] + nad[c] <=> 3c4mop[c] + h[c] + nadh[c],"Valine, Leucine and Isoleucine Biosynthesis",-1000.0,1000.0,C7H8O5,-2,c
co2[c],r_0489,CO2,h[c] + ptcys[c] <=> co2[c] + ptth[c],Pantothenate and CoA Biosynthesis,-1000.0,1000.0,CO2,0,c
co2[c],r_0640,CO2,gly[c] + h[c] + succoa[c] --> 5aop[c] + co2[c] + coa[c],"Glycine, Serine, and Threonine Metabolism",0.0,1000.0,CO2,0,c
co2[c],r_0268,CO2,atp[c] + cys__L[c] + dxyl5p[c] + tyr__L[c] --> 4hba[c] + 4mpetz[c] + ala__L[c] + amp[c] + co2[c] + h2o[c] + ppi[c],Thiamine Metabolism,0.0,1000.0,CO2,0,c
co2[c],r_0160,CO2,2.0 h[c] + prpp[c] + quln[c] --> co2[c] + nicrnt[c] + ppi[c],Nicotinate and Nicotinamide,0.0,1000.0,CO2,0,c
co2[c],r_0220,CO2,co2[e] <=> co2[c],Transport,-1000.0,1000.0,CO2,0,c
co2[c],r_0904,CO2,nad[c] + pphn[c] <=> 34hpp[c] + co2[c] + h[c] + nadh[c],Phenylalanine Tyrosine Tryptophan Biosynthesis,-1000.0,1000.0,CO2,0,c
co2[c],r_0574,CO2,asp__L[c] + h2o[c] <=> ala_B[c] + co2[c] + h[c],Pantothenate and CoA Biosynthesis,-1000.0,1000.0,CO2,0,c
co2[c],r_0009,CO2,3c4mop[c] + h[c] --> 4mop[c] + co2[c],"Valine, Leucine and Isoleucine Biosynthesis",0.0,1000.0,CO2,0,c
co2[c],r_0436,CO2,Largn[c] + h[c] --> co2[c] + h2o[c] + phe__L[c],Phenylalanine Tyrosine Tryptophan Biosynthesis,0.0,1000.0,CO2,0,c
co2[c],r_0618,CO2,acacp[c] + malACP[c] --> 3oocyACP[c] + ACP[c] + co2[c],Fatty Acid Biosynthesis,0.0,1000.0,CO2,0,c
co2[c],r_0716,CO2,uppg1[c] --> 4.0 co2[c] + cpppg1[c],Porphyrin Metabolism,0.0,1000.0,CO2,0,c
co2[c],r_0090,CO2,h[c] + orn[c] --> co2[c] + ptrc[c],Arginine and Proline Metabolism,0.0,1000.0,CO2,0,c
co2[c],r_0442,CO2,4ppcys[c] + h[c] <=> co2[c] + pan4p[c],Pantothenate and CoA Biosynthesis,-1000.0,1000.0,CO2,0,c
co2[c],r_0364,CO2,cala[c] + h2o[c] + h[c] <=> ala_B[c] + co2[c] + nh3[c],Pyrimidine Metabolism,-1000.0,1000.0,CO2,0,c
co2[c],r_0485,CO2,akg[c] + h[c] + lpam[c] <=> co2[c] + sdhlam[c],TCA Cycle,-1000.0,1000.0,CO2,0,c
co2[c],r_0907,CO2,2.0 amet[c] + pre6b[c] <=> 2.0 ahcys[c] + co2[c] + pre8[c],Porphyrin and Chlorophyll Metabolism,-1000.0,1000.0,CO2,0,c
co2[c],r_0356,CO2,cpppg3[c] + 2.0 h[c] + o2[c] --> 2.0 co2[c] + 2.0 h2o[c] + pppg9[c],Porphyrin and Chlorophyll Metabolism,0.0,1000.0,CO2,0,c
co2[c],r_0484,CO2,glu__L[c] + h[c] --> 4abut[c] + co2[c],Nitrogen Metabolism,0.0,1000.0,CO2,0,c
co2[c],r_0117,CO2,26dap__M[c] + h[c] <=> co2[c] + lys__L[c],Lysine Biosynthesis,-1000.0,1000.0,CO2,0,c
co2[c],r_0460,CO2,coa[c] + msa[c] + nad[c] --> accoa[c] + co2[c] + nadh[c],Inositol Phosphate Metabolism,0.0,1000.0,CO2,0,c
co2[c],r_0934,CO2,alla[c] + h2o[c] <=> co2[c] + nh3[c] + urdgci[c],Purine Metabolism,-1000.0,1000.0,CO2,0,c
co2[c],r_0076,CO2,h[c] + malACP[c] + myrsACP[c] --> 3opalmACP[c] + ACP[c] + co2[c],Fatty Acid Biosynthesis,0.0,1000.0,CO2,0,c
co2[c],r_0521,CO2,mal__L[c] + nadp[c] --> co2[c] + nadph[c] + pyr[c],Pyruvate metabolism,0.0,1000.0,CO2,0,c
co2[c],r_0459,CO2,6pgc[c] + nadp[c] --> co2[c] + nadph[c] + ru5p__D[c],Pentose Phosphate Pathway,0.0,1000.0,CO2,0,c
co2[c],r_0227,CO2,h[c] + pyr[c] + thmpp[c] --> 2ahethmpp[c] + co2[c],TCA Cycle,0.0,1000.0,CO2,0,c
co2[c],r_0482,CO2,arg__L[c] + h[c] --> agm[c] + co2[c],Arginine and Proline Metabolism,0.0,1000.0,CO2,0,c
co2[c],r_0536,CO2,atp[c] + h[c] + oaa[c] --> adp[c] + co2[c] + pep[c],Glycolysis / Gluconeogenesis;TCA Cycle,0.0,1000.0,CO2,0,c
co2[c],r_0150,CO2,butACP[c] + h[c] + malACP[c] --> 3ohexACP[c] + ACP[c] + co2[c],Fatty Acid Biosynthesis,0.0,1000.0,CO2,0,c
co2[c],r_0091,CO2,acACP[c] + h[c] + malACP[c] --> ACP[c] + actACP[c] + co2[c],Fatty Acid Biosynthesis,0.0,1000.0,CO2,0,c
co2[c],r_0844,CO2,34hpp[c] + o2[c] <=> co2[c] + hgentis[c],Tyrosine metabolism,-1000.0,1000.0,CO2,0,c
co2[c],r_0254,CO2,ddcaACP[c] + h[c] + malACP[c] --> 3omrsACP[c] + ACP[c] + co2[c],Fatty Acid Biosynthesis,0.0,1000.0,CO2,0,c
co2[c],r_0535,CO2,co[c] + 2.0 fdxox[c] + h2o[c] --> co2[c] + 2.0 fdxrd[c] + 2.0 h[c],[],0.0,1000.0,CO2,0,c
co2[c],r_0353,CO2,4.0 h[c] + uppg3[c] --> 4.0 co2[c] + cpppg3[c],Porphyrin and Chlorophyll Metabolism,0.0,1000.0,CO2,0,c
co2[c],r_0617,CO2,accoa[c] + h[c] + malACP[c] --> actACP[c] + co2[c] + coa[c],Fatty Acid Biosynthesis,0.0,1000.0,CO2,0,c
co2[c],r_0820,CO2,ala__L[c] + pmcoa[c] <=> 8aonn[c] + co2[c] + coa[c],Biotin metabolism,-1000.0,1000.0,CO2,0,c
co2[c],r_0589,CO2,nad[c] + r3mmal[c] --> 2obut[c] + co2[c] + nadh[c],"Valine, Leucine and Isoleucine Biosynthesis",0.0,1000.0,CO2,0,c
co2[c],r_0311,CO2,dxyl5p[c] + nad[c] + phthr[c] --> co2[c] + 2.0 h2o[c] + 2.0 h[c] + nadh[c] + pdx5p[c] + pi[c],Vitamin B6 Metabolism,0.0,1000.0,CO2,0,c
co2[c],r_0819,CO2,atp[c] + co2[c] + dann[c] --> adp[c] + dtbt[c] + pi[c],Biotin metabolism,0.0,1000.0,CO2,0,c
co2[c],r_0287,CO2,h[c] + ps_cho[c] <=> co2[c] + pe_hs[c],"Glycine, Serine, and Threonine Metabolism",-1000.0,1000.0,CO2,0,c
co2[c],r_0717,CO2,2.0 amet[c] + cpppg3[c] --> 2.0 co2[c] + 2.0 dad_5[c] + 2.0 met__L[c] + pppg9[c],Porphyrin and Chlorophyll Metabolism,0.0,1000.0,CO2,0,c
co2[c],r_0249,CO2,g3p[c] + h[c] + pyr[c] --> co2[c] + dxyl5p[c],Terpenoid Backbone Biosynthesis,0.0,1000.0,CO2,0,c
co2[c],r_0148,CO2,h[c] + hexACP[c] + malACP[c] --> 3ooctACP[c] + ACP[c] + co2[c],Fatty Acid Biosynthesis,0.0,1000.0,CO2,0,c
co2[c],r_0453,CO2,h[c] + lpam[c] + pyr[c] --> adhlam[c] + co2[c],Glycolysis / Gluconeogenesis,0.0,1000.0,CO2,0,c
co2[c],r_0549,CO2,2mahmp[c] + cthzp[c] --> co2[c] + ppi[c] + thmmp[c],Thiamine Metabolism,0.0,1000.0,CO2,0,c
co2[c],r_0681,CO2,2.0 glx[c] <=> 2h3oppan[c] + co2[c],Glyoxylate and dicarboxylate metabolism,-1000.0,1000.0,CO2,0,c
co2[c],r_0147,CO2,3uib[c] + h2o[c] + h[c] --> 3aib__D[c] + co2[c] + nh3[c],Pyrimidine Metabolism,0.0,1000.0,CO2,0,c
co2[c],r_0607,CO2,icit[c] + nadp[c] --> akg[c] + co2[c] + nadph[c],Glutathione Metabolism,0.0,1000.0,CO2,0,c
co2[c],r_0878,CO2,4cml[c] <=> 5odhf2a[c] + co2[c],Benzoate degradation,-1000.0,1000.0,CO2,0,c
co2[c],r_0590,CO2,2obut[c] + h[c] + pyr[c] --> 2ahbut[c] + co2[c],"Valine, Leucine and Isoleucine Biosynthesis",0.0,1000.0,CO2,0,c
co2[c],r_0282,CO2,h2o[c] + urea[c] --> co2[c] + 2.0 nh3[c],Arginine biosynthesis,0.0,1000.0,CO2,0,c
co2[c],r_0043,CO2,co2[c] + h2o[c] <=> h[c] + hco3[c],Nitrogen Metabolism,-1000.0,1000.0,CO2,0,c
co2[c],r_0813,CO2,5houdic[c] <=> alltn[c] + co2[c],Purine Metabolism,-1000.0,1000.0,CO2,0,c
co2[c],r_0248,CO2,dcaACP[c] + h[c] + malACP[c] --> 3oddecACP[c] + ACP[c] + co2[c],Fatty Acid Biosynthesis,0.0,1000.0,CO2,0,c
co2[c],r_0496,CO2,air[c] + co2[c] <=> 5aizc[c] + h[c],Purine Metabolism,-1000.0,1000.0,CO2,0,c
co2[c],r_0685,CO2,for[c] + nad[c] <=> co2[c] + nadh[c],Glyoxylate and dicarboxylate metabolism,-1000.0,1000.0,CO2,0,c
co2[c],r_0835,CO2,orn__D[c] <=> co2[c] + ptrc[c],[],-1000.0,1000.0,CO2,0,c
co2[c],r_0089,CO2,h[c] + pphn[c] <=> co2[c] + h2o[c] + phpyr[c],Phenylalanine Tyrosine Tryptophan Biosynthesis,-1000.0,1000.0,CO2,0,c
co2[c],r_0687,CO2,eoaa[c] <=> co2[c] + pyr[c],Pyruvate metabolism,-1000.0,1000.0,CO2,0,c
co2[c],r_0836,CO2,lys__D[c] <=> 15dap[c] + co2[c],[],-1000.0,1000.0,CO2,0,c
co2[c],r_0794,CO2,thrp[c] <=> applp[c] + co2[c],Porphyrin Metabolism,-1000.0,1000.0,CO2,0,c
co2[c],r_0421,CO2,2cpr5p[c] + h[c] --> 3ig3p[c] + co2[c] + h2o[c],Phenylalanine Tyrosine Tryptophan Biosynthesis,0.0,1000.0,CO2,0,c
co2[c],r_0242,CO2,h[c] + malACP[c] + ocACP[c] --> 3odecACP[c] + ACP[c] + co2[c],Fatty Acid Biosynthesis,0.0,1000.0,CO2,0,c
co2[c],r_0263,CO2,gly[c] + nad[c] + thf[c] --> co2[c] + h[c] + mlthf[c] + nadh[c] + nh3[c],One carbon pool by folate,0.0,1000.0,CO2,0,c
co2[c],r_0779,CO2,5dh4dglc[c] <=> 25dop[c] + co2[c] + h2o[c],Ascorbate and aldarate metabolism,-1000.0,1000.0,CO2,0,c
co2[c],r_0491,CO2,icit[c] + nad[c] <=> akg[c] + co2[c] + nadh[c],TCA Cycle,-1000.0,1000.0,CO2,0,c
co2[c],r_0570,CO2,h[c] + 2.0 pyr[c] --> alac__S[c] + co2[c],Pantothenate and CoA Biosynthesis,0.0,1000.0,CO2,0,c
co2[c],r_0300,CO2,h[c] + orot5p[c] --> co2[c] + ump[c],Pyrimidine Metabolism,0.0,1000.0,CO2,0,c
co2[c],r_0639,CO2,gly[c] + lprot[c] --> co2[c] + s8ams[c],"Glycine, Serine, and Threonine Metabolism",0.0,1000.0,CO2,0,c
4mop[c],r_0009,4-Methyl-2-oxopentanoate,3c4mop[c] + h[c] --> 4mop[c] + co2[c],"Valine, Leucine and Isoleucine Biosynthesis",0.0,1000.0,C6H9O3,-1,c
4mop[c],r_0185,4-Methyl-2-oxopentanoate,4mop[c] + glu__L[c] --> akg[c] + leu__L[c],"Valine, Leucine and Isoleucine Biosynthesis",0.0,1000.0,C6H9O3,-1,c
ahcys[c],r_0720,S-Adenosyl-L-homocysteine,amet[c] + pre4[c] --> ahcys[c] + pre5[c],Porphyrin and Chlorophyll Metabolism,0.0,1000.0,C14H20N6O5S,0,c
ahcys[c],r_0099,S-Adenosyl-L-homocysteine,amet[c] + hcys__L[c] --> ahcys[c] + h[c] + met__L[c],Cysteine and Methionine Metabolism,0.0,1000.0,C14H20N6O5S,0,c
ahcys[c],r_0454,S-Adenosyl-L-homocysteine,2.0 amet[c] + uppg3[c] --> 2.0 ahcys[c] + dscl[c] + 2.0 h[c],Porphyrin and Chlorophyll Metabolism,0.0,1000.0,C14H20N6O5S,0,c
ahcys[c],r_0600,S-Adenosyl-L-homocysteine,amet[c] + his__L[c] --> Npmehis[c] + ahcys[c],Histidine Metabolism,0.0,1000.0,C14H20N6O5S,0,c
ahcys[c],r_0831,S-Adenosyl-L-homocysteine,3detlbq[c] + amet[c] <=> ahcys[c] + qh2[c],[],-1000.0,1000.0,C14H20N6O5S,0,c
ahcys[c],r_0175,S-Adenosyl-L-homocysteine,amet[c] + dna[c] --> ahcys[c] + dna5mtc[c] + h[c],Cysteine and Methionine Metabolism,0.0,1000.0,C14H20N6O5S,0,c
ahcys[c],r_0010,S-Adenosyl-L-homocysteine,ahcys[c] + h2o[c] <=> adn[c] + hcys__L[c],Cysteine and Methionine Metabolism,-1000.0,1000.0,C14H20N6O5S,0,c
ahcys[c],r_0388,S-Adenosyl-L-homocysteine,ahcys[c] + h2o[c] --> ade[c] + rhcys[c],Cysteine and Methionine Metabolism,0.0,1000.0,C14H20N6O5S,0,c
ahcys[c],r_0759,S-Adenosyl-L-homocysteine,acon_T[c] + amet[c] <=> ahcys[c] + e3me2en[c],[],-1000.0,1000.0,C14H20N6O5S,0,c
ahcys[c],r_0740,S-Adenosyl-L-homocysteine,amet[c] + procslcys[c] <=> ahcys[c] + procslmees[c],Terpenoid Backbone Biosynthesis,-1000.0,1000.0,C14H20N6O5S,0,c
ahcys[c],r_0764,S-Adenosyl-L-homocysteine,aderna[c] + 2.0 amet[c] <=> 2.0 ahcys[c] + n6dirrna[c],[],-1000.0,1000.0,C14H20N6O5S,0,c
ahcys[c],r_0851,S-Adenosyl-L-homocysteine,amet[c] + trnagua[c] <=> ahcys[c] + trnan1megu[c],[],-1000.0,1000.0,C14H20N6O5S,0,c
ahcys[c],r_0734,S-Adenosyl-L-homocysteine,2.0 amet[c] + sdo[c] + trna6iso[c] <=> 2mn6ditrna[c] + ahcys[c] + dad_5[c] + met__L[c],[],-1000.0,1000.0,C14H20N6O5S,0,c
ahcys[c],r_0840,S-Adenosyl-L-homocysteine,amet[c] + dscl[c] <=> ahcys[c] + h[c] + pre3a[c],Porphyrin and Chlorophyll Metabolism,-1000.0,1000.0,C14H20N6O5S,0,c
ahcys[c],r_0828,S-Adenosyl-L-homocysteine,amet[c] + pglumi[c] <=> ahcys[c] + pn5mlglu[c],[],-1000.0,1000.0,C14H20N6O5S,0,c
ahcys[c],r_0719,S-Adenosyl-L-homocysteine,amet[c] + pre3b[c] --> ahcys[c] + pre4[c],Porphyrin and Chlorophyll Metabolism,0.0,1000.0,C14H20N6O5S,0,c
ahcys[c],r_0785,S-Adenosyl-L-homocysteine,amet[c] + pliso[c] <=> ahcys[c] + plisome[c],[],-1000.0,1000.0,C14H20N6O5S,0,c
ahcys[c],r_0602,S-Adenosyl-L-homocysteine,3.0 amet[c] + h[c] + his__L[c] --> 3.0 ahcys[c] + hercyn[c],Histidine Metabolism,0.0,1000.0,C14H20N6O5S,0,c
ahcys[c],r_0907,S-Adenosyl-L-homocysteine,2.0 amet[c] + pre6b[c] <=> 2.0 ahcys[c] + co2[c] + pre8[c],Porphyrin and Chlorophyll Metabolism,-1000.0,1000.0,C14H20N6O5S,0,c
ahcys[c],r_0750,S-Adenosyl-L-homocysteine,amet[c] + rrna[c] <=> ahcys[c] + rrnan2me[c],[],-1000.0,1000.0,C14H20N6O5S,0,c
ahcys[c],r_0721,S-Adenosyl-L-homocysteine,amet[c] + h2o[c] + pre5[c] --> ac[c] + ahcys[c] + pre6a[c],Porphyrin and Chlorophyll Metabolism,0.0,1000.0,C14H20N6O5S,0,c
ahcys[c],r_0868,S-Adenosyl-L-homocysteine,2m6atp14b[c] + amet[c] <=> 6m3m2atp14b[c] + ahcys[c],[],-1000.0,1000.0,C14H20N6O5S,0,c
ahcys[c],r_0741,S-Adenosyl-L-homocysteine,amet[c] + ch4s[c] <=> ahcys[c] + dms[c],[],-1000.0,1000.0,C14H20N6O5S,0,c
ahcys[c],r_0736,S-Adenosyl-L-homocysteine,2tn6ditrna[c] + amet[c] <=> 2mn6ditrna[c] + ahcys[c],[],-1000.0,1000.0,C14H20N6O5S,0,c
ahcys[c],r_0830,S-Adenosyl-L-homocysteine,2po6hy[c] + amet[c] <=> 2po6me[c] + ahcys[c],Ubiquinone and other terpenoid-quinone biosynthesis,-1000.0,1000.0,C14H20N6O5S,0,c
ahcys[c],r_0867,S-Adenosyl-L-homocysteine,amet[c] + dmmq[c] <=> ahcys[c] + mql[c],[],-1000.0,1000.0,C14H20N6O5S,0,c
hcys__L[c],r_0039,L-Homocysteine,cyst__L[c] + h2o[c] --> h[c] + hcys__L[c] + nh3[c] + pyr[c],Cysteine and Methionine Metabolism,0.0,1000.0,C4H9NO2S,0,c
hcys__L[c],r_0099,L-Homocysteine,amet[c] + hcys__L[c] --> ahcys[c] + h[c] + met__L[c],Cysteine and Methionine Metabolism,0.0,1000.0,C4H9NO2S,0,c
hcys__L[c],r_0010,L-Homocysteine,ahcys[c] + h2o[c] <=> adn[c] + hcys__L[c],Cysteine and Methionine Metabolism,-1000.0,1000.0,C4H9NO2S,0,c
hcys__L[c],r_0366,L-Homocysteine,5mthf[c] + hcys__L[c] --> met__L[c] + thf[c],Cysteine and Methionine Metabolism,0.0,1000.0,C4H9NO2S,0,c
hcys__L[c],r_0638,L-Homocysteine,glyb[c] + hcys__L[c] --> dmgly[c] + met__L[c],"Glycine, Serine, and Threonine Metabolism",0.0,1000.0,C4H9NO2S,0,c
hcys__L[c],r_0015,L-Homocysteine,hcys__L[c] + ser__L[c] --> cyst__L[c] + h2o[c],"Glycine, Serine, and Threonine Metabolism",0.0,1000.0,C4H9NO2S,0,c
hcys__L[c],r_0380,L-Homocysteine,achms[c] + h2s[c] <=> ac[c] + h[c] + hcys__L[c],Sulfur Metabolism,-1000.0,1000.0,C4H9NO2S,0,c
hcys__L[c],r_0239,L-Homocysteine,h2s[c] + suchms[c] <=> h[c] + hcys__L[c] + succ[c],Cysteine and Methionine Metabolism,-1000.0,1000.0,C4H9NO2S,0,c
adn[c],r_0294,Adenosine,adn[c] + h[c] + pi[c] <=> ade[c] + r1p[c],Purine Metabolism,-1000.0,1000.0,C10H13N5O4,0,c
adn[c],r_0280,Adenosine,adn[c] + h2o[c] --> ins[c] + nh3[c],Purine Metabolism,0.0,1000.0,C10H13N5O4,0,c
adn[c],r_0463,Adenosine,amp[c] + h2o[c] --> adn[c] + h[c] + pi[c],Purine Metabolism,0.0,1000.0,C10H13N5O4,0,c
adn[c],r_0010,Adenosine,ahcys[c] + h2o[c] <=> adn[c] + hcys__L[c],Cysteine and Methionine Metabolism,-1000.0,1000.0,C10H13N5O4,0,c
adn[c],r_0226,Adenosine,adn[c] + h2o[c] --> ade[c] + rib__D[c],Purine Metabolism,0.0,1000.0,C10H13N5O4,0,c
adn[c],r_0714,Adenosine,3amp[c] + h2o[c] --> adn[c] + pi[c],Purine Metabolism,0.0,1000.0,C10H13N5O4,0,c
ac[c],r_1056,Acetate,acgal6p[c] + h2o[c] <=> ac[c] + galam6p[c],,-1000.0,1000.0,C2H3O2,-1,c
ac[c],r_0538,Acetate,acald[c] + h2o[c] + nadp[c] <=> ac[c] + 2.0 h[c] + nadph[c],Glycolysis / Gluconeogenesis,-1000.0,1000.0,C2H3O2,-1,c
ac[c],r_0011,Acetate,ac[c] + atp[c] + coa[c] + h[c] --> accoa[c] + amp[c] + ppi[c],Glycolysis / Gluconeogenesis,0.0,1000.0,C2H3O2,-1,c
ac[c],r_0970,Acetate,ac[c] <=> ac[e],Transport,-1000.0,1000.0,C2H3O2,-1,c
ac[c],r_0641,Acetate,aac24dab[c] + h2o[c] --> 24dab[c] + ac[c],"Glycine, Serine, and Threonine Metabolism",0.0,1000.0,C2H3O2,-1,c
ac[c],r_0802,Acetate,h2o[c] + u3o3r3hnadg[c] <=> ac[c] + u3dcga[c],[],-1000.0,1000.0,C2H3O2,-1,c
ac[c],r_0481,Acetate,achms[c] + cys__L[c] <=> ac[c] + cyst__L[c] + h[c],Cysteine and Methionine Metabolism,-1000.0,1000.0,C2H3O2,-1,c
ac[c],r_0380,Acetate,achms[c] + h2s[c] <=> ac[c] + h[c] + hcys__L[c],Sulfur Metabolism,-1000.0,1000.0,C2H3O2,-1,c
ac[c],r_0171,Acetate,acorn[c] + h2o[c] --> ac[c] + orn[c],Arginine biosynthesis,0.0,1000.0,C2H3O2,-1,c
ac[c],r_0655,Acetate,achms[c] + ch4s[c] <=> ac[c] + met__L[c],Cysteine and Methionine Metabolism,-1000.0,1000.0,C2H3O2,-1,c
ac[c],r_0354,Acetate,acser[c] + h2s[c] --> ac[c] + cys__L[c] + h[c],Sulfur Metabolism,0.0,1000.0,C2H3O2,-1,c
ac[c],r_0721,Acetate,amet[c] + h2o[c] + pre5[c] --> ac[c] + ahcys[c] + pre6a[c],Porphyrin and Chlorophyll Metabolism,0.0,1000.0,C2H3O2,-1,c
ac[c],r_0144,Acetate,ac[c] + atp[c] + h[c] <=> actp[c] + adp[c],Glycolysis / Gluconeogenesis,-1000.0,1000.0,C2H3O2,-1,c
ac[c],r_0861,Acetate,acgam6p[c] + h2o[c] <=> ac[c] + gam6p[c],Amino sugar and nucleotide sugar metabolism,-1000.0,1000.0,C2H3O2,-1,c
dmbzid[c],r_0012,"5,6-Dimethylbenzimidazole",dmbzid[c] + nicrnt[c] --> 5prdmbz[c] + h[c] + nac[c],Porphyrin Metabolism,0.0,1000.0,C9H10N2,0,c
dmbzid[c],r_0559,"5,6-Dimethylbenzimidazole",fmnh2[c] + o2[c] <=> dmbzid[c] + e4p[c] + h2o[c],Riboflavin Metabolism,-1000.0,1000.0,C9H10N2,0,c
nicrnt[c],r_0012,Nicotinate D-ribonucleotide,dmbzid[c] + nicrnt[c] --> 5prdmbz[c] + h[c] + nac[c],Porphyrin Metabolism,0.0,1000.0,C11H13NO9P,-1,c
nicrnt[c],r_0106,Nicotinate D-ribonucleotide,atp[c] + nicrnt[c] <=> dnad[c] + ppi[c],Nicotinate and Nicotinamide,-1000.0,1000.0,C11H13NO9P,-1,c
nicrnt[c],r_0201,Nicotinate D-ribonucleotide,h[c] + nac[c] + prpp[c] <=> nicrnt[c] + ppi[c],Nicotinate and Nicotinamide,-1000.0,1000.0,C11H13NO9P,-1,c
nicrnt[c],r_0395,Nicotinate D-ribonucleotide,h2o[c] + nicrnt[c] --> h[c] + nicrns[c] + pi[c],Nicotinate and Nicotinamide,0.0,1000.0,C11H13NO9P,-1,c
nicrnt[c],r_0160,Nicotinate D-ribonucleotide,2.0 h[c] + prpp[c] + quln[c] --> co2[c] + nicrnt[c] + ppi[c],Nicotinate and Nicotinamide,0.0,1000.0,C11H13NO9P,-1,c
nicrnt[c],r_0562,Nicotinate D-ribonucleotide,dnad[c] + h2o[c] --> amp[c] + nicrnt[c],Nicotinate and Nicotinamide,0.0,1000.0,C11H13NO9P,-1,c
5prdmbz[c],r_0012,"N1-(5-Phospho-alpha-D-ribosyl)-5,6-dimethylbenzimidazole",dmbzid[c] + nicrnt[c] --> 5prdmbz[c] + h[c] + nac[c],Porphyrin Metabolism,0.0,1000.0,C14H18N2O7P,-1,c
5prdmbz[c],r_0487,"N1-(5-Phospho-alpha-D-ribosyl)-5,6-dimethylbenzimidazole",5prdmbz[c] + h2o[c] --> h[c] + pi[c] + rdmbzi[c],Porphyrin Metabolism,0.0,1000.0,C14H18N2O7P,-1,c
nac[c],r_0345,Nicotinate,h2o[c] + ncam[c] --> h[c] + nac[c] + nh3[c],Nicotinate and Nicotinamide,0.0,1000.0,C6H4NO2,-1,c
nac[c],r_0012,Nicotinate,dmbzid[c] + nicrnt[c] --> 5prdmbz[c] + h[c] + nac[c],Porphyrin Metabolism,0.0,1000.0,C6H4NO2,-1,c
nac[c],r_0201,Nicotinate,h[c] + nac[c] + prpp[c] <=> nicrnt[c] + ppi[c],Nicotinate and Nicotinamide,-1000.0,1000.0,C6H4NO2,-1,c
nac[c],r_0271,Nicotinate,nac[c] + r1p[c] <=> nicrns[c] + pi[c],Nicotinate and Nicotinamide,-1000.0,1000.0,C6H4NO2,-1,c
nac[c],r_0507,Nicotinate,Iron[c] + adocbl[c] + atp[c] + gthox[c] + hemeO[c] + homocitrate[c] + mg2[c] + mobd[c] + nac[c] + pi[c] + pydxn[c] + thm[c] + zn2[c] --> Symbiotic_Cofactors[c],Symbiosis,0.0,1000.0,C6H4NO2,-1,c
orot5p[c],r_0300,Orotidine 5-phosphate,h[c] + orot5p[c] --> co2[c] + ump[c],Pyrimidine Metabolism,0.0,1000.0,C10H11N2O11P,-2,c
orot5p[c],r_0013,Orotidine 5-phosphate,orot5p[c] + ppi[c] <=> orot[c] + prpp[c],Pyrimidine Metabolism,-1000.0,1000.0,C10H11N2O11P,-2,c
orot[c],r_0500,Orotate,dhor__S[c] + o2[c] <=> h2o2[c] + orot[c],Pyrimidine Metabolism,-1000.0,1000.0,C5H3N2O4,-1,c
orot[c],r_0622,Orotate,dhor__S[c] + qun[c] <=> hqn[c] + orot[c],Pyrimidine Metabolism,-1000.0,1000.0,C5H3N2O4,-1,c
orot[c],r_0013,Orotate,orot5p[c] + ppi[c] <=> orot[c] + prpp[c],Pyrimidine Metabolism,-1000.0,1000.0,C5H3N2O4,-1,c
3htdcoa[c],r_0014,(S)-3-Hydroxytetradecanoyl-CoA,3htdcoa[c] + nad[c] <=> 3otdcoa[c] + h[c] + nadh[c],Fatty Acid Metabolism,-1000.0,1000.0,C35H59N7O18P3S,-3,c
3htdcoa[c],r_0245,(S)-3-Hydroxytetradecanoyl-CoA,3htdcoa[c] <=> h2o[c] + td2coa[c],Fatty Acid Metabolism,-1000.0,1000.0,C35H59N7O18P3S,-3,c
3otdcoa[c],r_0014,3-Oxotetradecanoyl-CoA,3htdcoa[c] + nad[c] <=> 3otdcoa[c] + h[c] + nadh[c],Fatty Acid Metabolism,-1000.0,1000.0,C35H57N7O18P3S,-3,c
3otdcoa[c],r_0438,3-Oxotetradecanoyl-CoA,accoa[c] + ddcacoa[c] + h[c] <=> 3otdcoa[c] + coa[c],Fatty Acid Metabolism,-1000.0,1000.0,C35H57N7O18P3S,-3,c
ser__L[c],r_0195,L-Serine,h2s[c] + ser__L[c] --> cys__L[c] + h2o[c],Cysteine and Methionine Metabolism,0.0,1000.0,C3H7NO3,0,c
ser__L[c],r_0394,L-Serine,ser__L[c] <=> h[c] + nh3[c] + pyr[c],"Glycine, Serine, and Threonine Metabolism",-1000.0,1000.0,C3H7NO3,0,c
ser__L[c],r_0959,L-Serine,0.2614 ade[c] + 0.706188 ala__L[c] + 0.431004 arg__L[c] + 0.155232 asn__L[c] + 0.312228 asp__L[c] + 0.3586 csn[c] + 0.054684 cys__L[c] + 0.17052 gln__L[c] + 0.343392 glu__L[c] + 0.497448 gly[c] + 0.05 glycogen[c] + 0.3586 gua[c] + 0.124068 his__L[c] + 0.322224 ile__L[c] + 0.599172 leu__L[c] + 0.18816 lys__L[c] + 0.143472 met__L[c] + 0.39 pe_hs[c] + 4.86 phb[c] + 0.231672 phe__L[c] + 0.295764 pro__L[c] + 0.01 ptrc[c] + 0.3586 rna[c] + 0.34104 ser__L[c] + 0.30282 thr__L[c] + 0.0722 thym[c] + 0.081144 trp__L[c] + 0.134652 tyr__L[c] + 0.1892 ura[c] + 0.445704 val__L[c] --> biomass[c],Biomass,0.0,1000.0,C3H7NO3,0,c
ser__L[c],r_0246,L-Serine,3ig3p[c] + ser__L[c] --> g3p[c] + h2o[c] + trp__L[c],Phenylalanine Tyrosine Tryptophan Biosynthesis,0.0,1000.0,C3H7NO3,0,c
ser__L[c],r_0378,L-Serine,atp[c] + ser__L[c] + trnaser[c] --> amp[c] + ppi[c] + sertrna[c],Aminoacyl-tRNA biosynthesis,0.0,1000.0,C3H7NO3,0,c
ser__L[c],r_0015,L-Serine,hcys__L[c] + ser__L[c] --> cyst__L[c] + h2o[c],"Glycine, Serine, and Threonine Metabolism",0.0,1000.0,C3H7NO3,0,c
ser__L[c],r_0275,L-Serine,cdpdag_cho[c] + ser__L[c] --> cmp[c] + h[c] + ps_cho[c],"Glycine, Serine, and Threonine Metabolism",0.0,1000.0,C3H7NO3,0,c
ser__L[c],r_0615,L-Serine,atp[c] + ser__L[c] + trnasecys[c] <=> amp[c] + ppi[c] + sertrna_sec[c],Aminoacyl-tRNA biosynthesis,-1000.0,1000.0,C3H7NO3,0,c
ser__L[c],r_0244,L-Serine,accoa[c] + ser__L[c] --> acser[c] + coa[c],Sulfur Metabolism,0.0,1000.0,C3H7NO3,0,c
ser__L[c],r_0390,L-Serine,h2o[c] + pser__L[c] --> h[c] + pi[c] + ser__L[c],"Glycine, Serine, and Threonine Metabolism",0.0,1000.0,C3H7NO3,0,c
ser__L[c],r_0040,L-Serine,indole[c] + ser__L[c] --> h2o[c] + trp__L[c],Phenylalanine Tyrosine Tryptophan Biosynthesis,0.0,1000.0,C3H7NO3,0,c
ser__L[c],r_0302,L-Serine,ser__L[c] + thf[c] --> gly[c] + h2o[c] + mlthf[c],"Glycine, Serine, and Threonine Metabolism",0.0,1000.0,C3H7NO3,0,c
cyst__L[c],r_0480,L-Cystathionine,cys__L[c] + suchms[c] --> cyst__L[c] + h[c] + succ[c],Cysteine and Methionine Metabolism,0.0,1000.0,C7H14N2O4S,0,c
cyst__L[c],r_0039,L-Cystathionine,cyst__L[c] + h2o[c] --> h[c] + hcys__L[c] + nh3[c] + pyr[c],Cysteine and Methionine Metabolism,0.0,1000.0,C7H14N2O4S,0,c
cyst__L[c],r_0015,L-Cystathionine,hcys__L[c] + ser__L[c] --> cyst__L[c] + h2o[c],"Glycine, Serine, and Threonine Metabolism",0.0,1000.0,C7H14N2O4S,0,c
cyst__L[c],r_0481,L-Cystathionine,achms[c] + cys__L[c] <=> ac[c] + cyst__L[c] + h[c],Cysteine and Methionine Metabolism,-1000.0,1000.0,C7H14N2O4S,0,c
o2[c],r_0560,O2,o2[c] + pydxn[c] <=> h2o2[c] + pydx[c],Vitamin B6 Metabolism,-1000.0,1000.0,O2,0,c
o2[c],r_0896,O2,1pqq[c] + 3.0 o2[c] <=> 2.0 h2o2[c] + 2.0 h2o[c] + pqq[c],[],-1000.0,1000.0,O2,0,c
o2[c],r_0722,O2,h2o[c] + o2[c] + pydam[c] --> h2o2[c] + h[c] + nh3[c] + pydx[c],Vitamin B6 Metabolism,0.0,1000.0,O2,0,c
o2[c],r_0500,O2,dhor__S[c] + o2[c] <=> h2o2[c] + orot[c],Pyrimidine Metabolism,-1000.0,1000.0,O2,0,c
o2[c],r_0824,O2,h[c] + nadph[c] + o2[c] + phaccoa[c] --> 212e12diac[c] + h2o[c] + nadp[c],Phenylalanine metabolism,0.0,1000.0,O2,0,c
o2[c],r_0054,O2,o2[c] + pdx5p[c] <=> h2o2[c] + pydx5p[c],Vitamin B6 Metabolism,-1000.0,1000.0,O2,0,c
o2[c],r_0208,O2,o2[e] <=> o2[c],Transport,-1000.0,1000.0,O2,0,c
o2[c],r_0024,O2,2.0 h[c] + o2[c] + 2.0 qh2[c] --> 2.0 h2o[c] + 2.0 h[e] + 2.0 q[c],Oxidative Phosphorylation,0.0,1000.0,O2,0,c
o2[c],r_0855,O2,catechol[c] + o2[c] <=> ccmuac[c],Benzoate degradation,-1000.0,1000.0,O2,0,c
o2[c],r_0016,O2,o2[c] + phe__L[c] + thbpt[c] --> dhbpt[c] + h2o[c] + tyr__L[c],Phenylalanine Tyrosine Tryptophan Biosynthesis,0.0,1000.0,O2,0,c
o2[c],r_0308,O2,1.5 o2[c] + pppg9[c] --> 3.0 h2o[c] + ppp9[c],Porphyrin and Chlorophyll Metabolism,0.0,1000.0,O2,0,c
o2[c],r_0559,O2,fmnh2[c] + o2[c] <=> dmbzid[c] + e4p[c] + h2o[c],Riboflavin Metabolism,-1000.0,1000.0,O2,0,c
o2[c],r_0634,O2,asp__L[c] + h2o[c] + o2[c] --> h2o2[c] + h[c] + nh3[c] + oaa[c],"Alanine, Aspartate and Glutamate metabolism",0.0,1000.0,O2,0,c
o2[c],r_0528,O2,asp__L[c] + o2[c] --> h2o2[c] + h[c] + iasp[c],Nicotinate and Nicotinamide,0.0,1000.0,O2,0,c
o2[c],r_0550,O2,gly[c] + o2[c] --> h2o2[c] + imgly[c],Thiamine Metabolism,0.0,1000.0,O2,0,c
o2[c],r_0603,O2,4izp[c] + h2o[c] + o2[c] --> h2o2[c] + h5p[c],Histidine Metabolism,0.0,1000.0,O2,0,c
o2[c],r_0844,O2,34hpp[c] + o2[c] <=> co2[c] + hgentis[c],Tyrosine metabolism,-1000.0,1000.0,O2,0,c
o2[c],r_0932,O2,h2o[c] + o2[c] + urate[c] <=> 5hiu[c] + h2o2[c],Purine Metabolism,-1000.0,1000.0,O2,0,c
o2[c],r_0418,O2,2.0 h2o2[c] --> 2.0 h2o[c] + o2[c],Phenylalanine Tyrosine Tryptophan Biosynthesis,0.0,1000.0,O2,0,c
o2[c],r_0587,O2,4.0 focytC[c] + 4.0 h[c] + o2[c] --> 4.0 ficytC[c] + 2.0 h2o[c],Oxidative Phosphorylation,0.0,1000.0,O2,0,c
o2[c],r_0760,O2,2.0 h[c] + 2.0 sox[c] <=> h2o2[c] + o2[c],superoxide radicals degradation,-1000.0,1000.0,O2,0,c
o2[c],r_0718,O2,h[c] + nadh[c] + o2[c] + pre3a[c] --> h2o[c] + nad[c] + pre3b[c],Porphyrin and Chlorophyll Metabolism,0.0,1000.0,O2,0,c
o2[c],r_0843,O2,hgentis[c] + o2[c] <=> 4mlacac[c],Tyrosine metabolism,-1000.0,1000.0,O2,0,c
o2[c],r_0879,O2,34dhbz[c] + o2[c] <=> CCbuttc[c],Benzoate degradation,-1000.0,1000.0,O2,0,c
o2[c],r_0189,O2,h2o[c] + o2[c] + pyam5p[c] --> h2o2[c] + h[c] + nh3[c] + pydx5p[c],Vitamin B6 Metabolism,0.0,1000.0,O2,0,c
o2[c],r_0356,O2,cpppg3[c] + 2.0 h[c] + o2[c] --> 2.0 co2[c] + 2.0 h2o[c] + pppg9[c],Porphyrin and Chlorophyll Metabolism,0.0,1000.0,O2,0,c
o2[c],r_0856,O2,bz[c] + h[c] + nadh[c] + o2[c] --> bz12diol[c] + nad[c],[],0.0,1000.0,O2,0,c
o2[c],r_0883,O2,34dhpacet[c] + o2[c] <=> 5cmhmsa[c],Tyrosine metabolism,-1000.0,1000.0,O2,0,c
o2[c],r_0715,O2,4.0 fe2[c] + 4.0 h[c] + o2[c] --> 4.0 fe3[c] + 2.0 h2o[c],Porphyrin Metabolism,0.0,1000.0,O2,0,c
thbpt[c],r_0016,Tetrahydrobiopterin,o2[c] + phe__L[c] + thbpt[c] --> dhbpt[c] + h2o[c] + tyr__L[c],Phenylalanine Tyrosine Tryptophan Biosynthesis,0.0,1000.0,C9H15N5O3,0,c
thbpt[c],r_0903,Tetrahydrobiopterin,thbpt[c] <=> ,Transport,-1000.0,1000.0,C9H15N5O3,0,c
phe__L[c],r_1070,L-Phenylalanine,asp__L[c] + phpyr[c] <=> oaa[c] + phe__L[c],,-1000.0,1000.0,C9H11NO2,0,c
phe__L[c],r_0959,L-Phenylalanine,0.2614 ade[c] + 0.706188 ala__L[c] + 0.431004 arg__L[c] + 0.155232 asn__L[c] + 0.312228 asp__L[c] + 0.3586 csn[c] + 0.054684 cys__L[c] + 0.17052 gln__L[c] + 0.343392 glu__L[c] + 0.497448 gly[c] + 0.05 glycogen[c] + 0.3586 gua[c] + 0.124068 his__L[c] + 0.322224 ile__L[c] + 0.599172 leu__L[c] + 0.18816 lys__L[c] + 0.143472 met__L[c] + 0.39 pe_hs[c] + 4.86 phb[c] + 0.231672 phe__L[c] + 0.295764 pro__L[c] + 0.01 ptrc[c] + 0.3586 rna[c] + 0.34104 ser__L[c] + 0.30282 thr__L[c] + 0.0722 thym[c] + 0.081144 trp__L[c] + 0.134652 tyr__L[c] + 0.1892 ura[c] + 0.445704 val__L[c] --> biomass[c],Biomass,0.0,1000.0,C9H11NO2,0,c
phe__L[c],r_0398,L-Phenylalanine,atp[c] + h[c] + phe__L[c] + trnaphe[c] --> amp[c] + phetrna[c] + ppi[c],Phenylalanine Tyrosine Tryptophan Biosynthesis,0.0,1000.0,C9H11NO2,0,c
phe__L[c],r_0436,L-Phenylalanine,Largn[c] + h[c] --> co2[c] + h2o[c] + phe__L[c],Phenylalanine Tyrosine Tryptophan Biosynthesis,0.0,1000.0,C9H11NO2,0,c
phe__L[c],r_0016,L-Phenylalanine,o2[c] + phe__L[c] + thbpt[c] --> dhbpt[c] + h2o[c] + tyr__L[c],Phenylalanine Tyrosine Tryptophan Biosynthesis,0.0,1000.0,C9H11NO2,0,c
phe__L[c],r_0219,L-Phenylalanine,glu__L[c] + phpyr[c] <=> akg[c] + phe__L[c],Phenylalanine Tyrosine Tryptophan Biosynthesis,-1000.0,1000.0,C9H11NO2,0,c
tyr__L[c],r_0407,L-Tyrosine,atp[c] + h[c] + trnatyr[c] + tyr__L[c] --> amp[c] + ppi[c] + tyrtrna[c],Phenylalanine Tyrosine Tryptophan Biosynthesis,0.0,1000.0,C9H11NO3,0,c
tyr__L[c],r_0268,L-Tyrosine,atp[c] + cys__L[c] + dxyl5p[c] + tyr__L[c] --> 4hba[c] + 4mpetz[c] + ala__L[c] + amp[c] + co2[c] + h2o[c] + ppi[c],Thiamine Metabolism,0.0,1000.0,C9H11NO3,0,c
tyr__L[c],r_0081,L-Tyrosine,akg[c] + tyr__L[c] <=> 34hpp[c] + glu__L[c],Phenylalanine Tyrosine Tryptophan Biosynthesis,-1000.0,1000.0,C9H11NO3,0,c
tyr__L[c],r_0959,L-Tyrosine,0.2614 ade[c] + 0.706188 ala__L[c] + 0.431004 arg__L[c] + 0.155232 asn__L[c] + 0.312228 asp__L[c] + 0.3586 csn[c] + 0.054684 cys__L[c] + 0.17052 gln__L[c] + 0.343392 glu__L[c] + 0.497448 gly[c] + 0.05 glycogen[c] + 0.3586 gua[c] + 0.124068 his__L[c] + 0.322224 ile__L[c] + 0.599172 leu__L[c] + 0.18816 lys__L[c] + 0.143472 met__L[c] + 0.39 pe_hs[c] + 4.86 phb[c] + 0.231672 phe__L[c] + 0.295764 pro__L[c] + 0.01 ptrc[c] + 0.3586 rna[c] + 0.34104 ser__L[c] + 0.30282 thr__L[c] + 0.0722 thym[c] + 0.081144 trp__L[c] + 0.134652 tyr__L[c] + 0.1892 ura[c] + 0.445704 val__L[c] --> biomass[c],Biomass,0.0,1000.0,C9H11NO3,0,c
tyr__L[c],r_0016,L-Tyrosine,o2[c] + phe__L[c] + thbpt[c] --> dhbpt[c] + h2o[c] + tyr__L[c],Phenylalanine Tyrosine Tryptophan Biosynthesis,0.0,1000.0,C9H11NO3,0,c
dhbpt[c],r_0854,"6,7-Dihydrobiopterin",hthbp[c] <=> dhbpt[c] + h2o[c],[],-1000.0,1000.0,C9H13N5O3,0,c
dhbpt[c],r_0016,"6,7-Dihydrobiopterin",o2[c] + phe__L[c] + thbpt[c] --> dhbpt[c] + h2o[c] + tyr__L[c],Phenylalanine Tyrosine Tryptophan Biosynthesis,0.0,1000.0,C9H13N5O3,0,c
xu5p__D[c],r_0017,D-Xylulose 5-phosphate,r5p[c] + xu5p__D[c] <=> g3p[c] + s7p[c],Pentose Phosphate Pathway,-1000.0,1000.0,C5H10O8P,-1,c
xu5p__D[c],r_0152,D-Xylulose 5-phosphate,e4p[c] + xu5p__D[c] <=> f6p[c] + g3p[c],Pentose Phosphate Pathway,-1000.0,1000.0,C5H10O8P,-1,c
xu5p__D[c],r_0028,D-Xylulose 5-phosphate,ru5p__D[c] <=> xu5p__D[c],Pentose Phosphate Pathway,-1000.0,1000.0,C5H10O8P,-1,c
xu5p__D[c],r_0838,D-Xylulose 5-phosphate,atp[c] + xylu__D[c] --> adp[c] + xu5p__D[c],Pentose and glucuronate interconversions,0.0,1000.0,C5H10O8P,-1,c
xu5p__D[c],r_0723,D-Xylulose 5-phosphate,f6p[c] + g3p[c] <=> e4p[c] + xu5p__D[c],Pentose Phosphate Pathway,-1000.0,1000.0,C5H10O8P,-1,c
r5p[c],r_0017,alpha-D-Ribose 5-phosphate,r5p[c] + xu5p__D[c] <=> g3p[c] + s7p[c],Pentose Phosphate Pathway,-1000.0,1000.0,C5H10O8P,-1,c
r5p[c],r_0178,alpha-D-Ribose 5-phosphate,atp[c] + rib__D[c] <=> adp[c] + r5p[c],Pentose Phosphate Pathway,-1000.0,1000.0,C5H10O8P,-1,c
r5p[c],r_0273,alpha-D-Ribose 5-phosphate,atp[c] + r5p[c] --> amp[c] + prpp[c],Purine Metabolism,0.0,1000.0,C5H10O8P,-1,c
r5p[c],r_0250,alpha-D-Ribose 5-phosphate,r5p[c] --> r1p[c],Purine Metabolism,0.0,1000.0,C5H10O8P,-1,c
r5p[c],r_0197,alpha-D-Ribose 5-phosphate,r5p[c] <=> ru5p__D[c],Pentose Phosphate Pathway,-1000.0,1000.0,C5H10O8P,-1,c
g3p[c],r_0464,Glyceraldehyde 3-phosphate,g3p[c] + nad[c] + pi[c] <=> 13dpg[c] + nadh[c],Glycolysis / Gluconeogenesis,-1000.0,1000.0,C3H6O6P,-1,c
g3p[c],r_0753,Glyceraldehyde 3-phosphate,2dh3dgal6p[c] <=> g3p[c] + pyr[c],Galactose metabolism,-1000.0,1000.0,C3H6O6P,-1,c
g3p[c],r_0152,Glyceraldehyde 3-phosphate,e4p[c] + xu5p__D[c] <=> f6p[c] + g3p[c],Pentose Phosphate Pathway,-1000.0,1000.0,C3H6O6P,-1,c
g3p[c],r_0246,Glyceraldehyde 3-phosphate,3ig3p[c] + ser__L[c] --> g3p[c] + h2o[c] + trp__L[c],Phenylalanine Tyrosine Tryptophan Biosynthesis,0.0,1000.0,C3H6O6P,-1,c
g3p[c],r_0125,Glyceraldehyde 3-phosphate,g3p[c] + s7p[c] <=> e4p[c] + f6p[c],Pentose Phosphate Pathway,-1000.0,1000.0,C3H6O6P,-1,c
g3p[c],r_0249,Glyceraldehyde 3-phosphate,g3p[c] + h[c] + pyr[c] --> co2[c] + dxyl5p[c],Terpenoid Backbone Biosynthesis,0.0,1000.0,C3H6O6P,-1,c
g3p[c],r_0376,Glyceraldehyde 3-phosphate,2ddg6p[c] --> g3p[c] + pyr[c],Pentose Phosphate Pathway,0.0,1000.0,C3H6O6P,-1,c
g3p[c],r_0017,Glyceraldehyde 3-phosphate,r5p[c] + xu5p__D[c] <=> g3p[c] + s7p[c],Pentose Phosphate Pathway,-1000.0,1000.0,C3H6O6P,-1,c
g3p[c],r_0097,Glyceraldehyde 3-phosphate,dhap[c] <=> g3p[c],Glycolysis / Gluconeogenesis,-1000.0,1000.0,C3H6O6P,-1,c
g3p[c],r_0278,Glyceraldehyde 3-phosphate,fdp[c] <=> dhap[c] + g3p[c],Glycolysis / Gluconeogenesis,-1000.0,1000.0,C3H6O6P,-1,c
g3p[c],r_0540,Glyceraldehyde 3-phosphate,2dr5p[c] <=> acald[c] + g3p[c],Pentose Phosphate Pathway,-1000.0,1000.0,C3H6O6P,-1,c
g3p[c],r_0036,Glyceraldehyde 3-phosphate,3ig3p[c] <=> g3p[c] + indole[c],Phenylalanine Tyrosine Tryptophan Biosynthesis,-1000.0,1000.0,C3H6O6P,-1,c
g3p[c],r_0723,Glyceraldehyde 3-phosphate,f6p[c] + g3p[c] <=> e4p[c] + xu5p__D[c],Pentose Phosphate Pathway,-1000.0,1000.0,C3H6O6P,-1,c
s7p[c],r_0017,Sedoheptulose 7-phosphate,r5p[c] + xu5p__D[c] <=> g3p[c] + s7p[c],Pentose Phosphate Pathway,-1000.0,1000.0,C7H14O10P,-1,c
s7p[c],r_0125,Sedoheptulose 7-phosphate,g3p[c] + s7p[c] <=> e4p[c] + f6p[c],Pentose Phosphate Pathway,-1000.0,1000.0,C7H14O10P,-1,c
csn[c],r_0498,Cytosine,cytd[c] + h2o[c] --> csn[c] + rib__D[c],Pyrimidine Metabolism,0.0,1000.0,C4H5N3O,0,c
csn[c],r_0018,Cytosine,csn[c] + h2o[c] --> nh3[c] + ura[c],Pyrimidine Metabolism,0.0,1000.0,C4H5N3O,0,c
csn[c],r_0959,Cytosine,0.2614 ade[c] + 0.706188 ala__L[c] + 0.431004 arg__L[c] + 0.155232 asn__L[c] + 0.312228 asp__L[c] + 0.3586 csn[c] + 0.054684 cys__L[c] + 0.17052 gln__L[c] + 0.343392 glu__L[c] + 0.497448 gly[c] + 0.05 glycogen[c] + 0.3586 gua[c] + 0.124068 his__L[c] + 0.322224 ile__L[c] + 0.599172 leu__L[c] + 0.18816 lys__L[c] + 0.143472 met__L[c] + 0.39 pe_hs[c] + 4.86 phb[c] + 0.231672 phe__L[c] + 0.295764 pro__L[c] + 0.01 ptrc[c] + 0.3586 rna[c] + 0.34104 ser__L[c] + 0.30282 thr__L[c] + 0.0722 thym[c] + 0.081144 trp__L[c] + 0.134652 tyr__L[c] + 0.1892 ura[c] + 0.445704 val__L[c] --> biomass[c],Biomass,0.0,1000.0,C4H5N3O,0,c
3c2hmp[c],r_0285,"(2R,3S)-3-Isopropylmalate",3c2hmp[c] <=> 2ippm[c] + h2o[c],"Valine, Leucine and Isoleucine Biosynthesis",-1000.0,1000.0,C7H10O5,-2,c
3c2hmp[c],r_0019,"(2R,3S)-3-Isopropylmalate",3c2hmp[c] + nad[c] <=> 3c4mop[c] + h[c] + nadh[c],"Valine, Leucine and Isoleucine Biosynthesis",-1000.0,1000.0,C7H10O5,-2,c
dgtp[c],r_0696,dGTP,dgtp[c] + h2o[c] --> dgmp[c] + ppi[c],Purine Metabolism,0.0,1000.0,C10H13N5O13P3,-3,c
dgtp[c],r_0100,dGTP,atp[c] + dgdp[c] <=> adp[c] + dgtp[c],Purine Metabolism,-1000.0,1000.0,C10H13N5O13P3,-3,c
dgtp[c],r_0929,dGTP,dgtp[c] <=> dna[c],Purine Metabolism,-1000.0,1000.0,C10H13N5O13P3,-3,c
dgtp[c],r_0020,dGTP,dgtp[c] + h2o[c] <=> dgsn[c] + h[c] + pppi[c],Purine Metabolism,-1000.0,1000.0,C10H13N5O13P3,-3,c
pppi[c],r_0035,triphosphate,atp[c] + cbi[c] <=> adocbi[c] + pppi[c],Porphyrin Metabolism,-1000.0,1000.0,HO10P3,-4,c
pppi[c],r_0665,triphosphate,ahdt[c] + h2o[c] --> acald[c] + cph4[c] + pppi[c],Folate Biosynthesis,0.0,1000.0,HO10P3,-4,c
pppi[c],r_0020,triphosphate,dgtp[c] + h2o[c] <=> dgsn[c] + h[c] + pppi[c],Purine Metabolism,-1000.0,1000.0,HO10P3,-4,c
pppi[c],r_0247,triphosphate,atp[c] + cbl1[c] <=> adocbl[c] + pppi[c],Porphyrin and Chlorophyll Metabolism,-1000.0,1000.0,HO10P3,-4,c
dgsn[c],r_0193,Deoxyguanosine,dgsn[c] + h[c] + pi[c] <=> 2dr1p[c] + gua[c],Purine Metabolism,-1000.0,1000.0,C10H13N5O4,0,c
dgsn[c],r_0020,Deoxyguanosine,dgtp[c] + h2o[c] <=> dgsn[c] + h[c] + pppi[c],Purine Metabolism,-1000.0,1000.0,C10H13N5O4,0,c
dgsn[c],r_0435,Deoxyguanosine,dgmp[c] + h2o[c] --> dgsn[c] + h[c] + pi[c],Purine Metabolism,0.0,1000.0,C10H13N5O4,0,c
d5kg[c],r_0021,2-Deoxy-5-keto-D-gluconic acid,atp[c] + d5kg[c] --> adp[c] + d5kgp[c],Inositol Phosphate Metabolism,0.0,1000.0,C6H9O6,-1,c
d5kg[c],r_0524,2-Deoxy-5-keto-D-gluconic acid,5ddglcn[c] --> d5kg[c],Inositol Phosphate Metabolism,0.0,1000.0,C6H9O6,-1,c
adp[c],r_0188,ADP,atp[c] + pydx[c] --> adp[c] + pydx5p[c],Vitamin B6 Metabolism,0.0,1000.0,C10H13N5O10P2,-2,c
adp[c],r_0323,ADP,adp[c] + 2.0 h[e] + pi[c] --> atp[c] + h2o[c] + h[c],Oxidative Phosphorylation,0.0,1000.0,C10H13N5O10P2,-2,c
adp[c],r_0156,ADP,atp[c] + dpcoa[c] --> adp[c] + coa[c],Pantothenate and CoA Biosynthesis,0.0,1000.0,C10H13N5O10P2,-2,c
adp[c],r_0725,ADP,2dr5p[c] + adp[c] <=> 5drib[c] + atp[c],Pentose Phosphate Pathway,-1000.0,1000.0,C10H13N5O10P2,-2,c
adp[c],r_0416,ADP,atp[c] + ptcys[c] <=> 4ppcys[c] + adp[c],Pantothenate and CoA Biosynthesis,-1000.0,1000.0,C10H13N5O10P2,-2,c
adp[c],r_0693,ADP,atp[c] + didp[c] <=> adp[c] + ditp[c],Purine Metabolism,-1000.0,1000.0,C10H13N5O10P2,-2,c
adp[c],r_0299,ADP,atp[c] + h2o[c] + homocitrate[e] <=> adp[c] + h[c] + homocitrate[c] + pi[c],Transport,-1000.0,1000.0,C10H13N5O10P2,-2,c
adp[c],r_0626,ADP,atp[c] + dump[c] --> adp[c] + dudp[c],Pyrimidine Metabolism,0.0,1000.0,C10H13N5O10P2,-2,c
adp[c],r_0667,ADP,atp[c] + cdg[c] + nh3[c] --> adp[c] + h2o[c] + pi[c] + preq0[c],Folate Biosynthesis,0.0,1000.0,C10H13N5O10P2,-2,c
adp[c],r_0742,ADP,atp[c] --> adp[c],[],0.0,1000.0,C10H13N5O10P2,-2,c
adp[c],r_0098,ADP,atp[c] + gmp[c] <=> adp[c] + gdp[c],Purine Metabolism,-1000.0,1000.0,C10H13N5O10P2,-2,c
adp[c],r_0752,ADP,atp[c] + lipidAds[c] --> adp[c] + tetdglu16d14bis[c],Lipopolysaccharide biosynthesis,0.0,1000.0,C10H13N5O10P2,-2,c
adp[c],r_0178,ADP,atp[c] + rib__D[c] <=> adp[c] + r5p[c],Pentose Phosphate Pathway,-1000.0,1000.0,C10H13N5O10P2,-2,c
adp[c],r_0694,ADP,air[c] + atp[c] + hco3[c] --> 5ca1rpi[c] + adp[c] + pi[c],Purine Metabolism,0.0,1000.0,C10H13N5O10P2,-2,c
adp[c],r_0196,ADP,atp[c] + hom__L[c] --> adp[c] + phom[c],"Glycine, Serine, and Threonine Metabolism",0.0,1000.0,C10H13N5O10P2,-2,c
adp[c],r_0155,ADP,atp[c] + cbl1[e] + h2o[c] --> adp[c] + cbl1[c] + h[c] + pi[c],Porphyrin and Chlorophyll Metabolism,0.0,1000.0,C10H13N5O10P2,-2,c
adp[c],r_0978,ADP,atp[c] + glc__aD[c] --> adp[c] + g6p[c] + h[c],,0.0,1000.0,C10H13N5O10P2,-2,c
adp[c],r_0253,ADP,atp[c] + thymd[c] --> adp[c] + dtmp[c],Pyrimidine Metabolism,0.0,1000.0,C10H13N5O10P2,-2,c
adp[c],r_0296,ADP,atp[c] + udp[c] <=> adp[c] + utp[c],Pyrimidine Metabolism,-1000.0,1000.0,C10H13N5O10P2,-2,c
adp[c],r_0531,ADP,atp[c] + h2o[c] + zn2[e] --> adp[c] + h[c] + pi[c] + zn2[c],Transport,0.0,1000.0,C10H13N5O10P2,-2,c
adp[c],r_0319,ADP,atp[c] + h2o[c] + so4[e] --> adp[c] + h[c] + pi[c] + so4[c],Transport,0.0,1000.0,C10H13N5O10P2,-2,c
adp[c],r_0554,ADP,adp[c] + thmpp[c] --> amp[c] + thmtp[c],Thiamine Metabolism,0.0,1000.0,C10H13N5O10P2,-2,c
adp[c],r_0762,ADP,adelgluladp[c] + pi[c] --> adp[c] + lgluadp[c],[],0.0,1000.0,C10H13N5O10P2,-2,c
adp[c],r_0606,ADP,5oxpro[c] + atp[c] + 2.0 h2o[c] --> adp[c] + glu__L[c] + pi[c],Glutathione Metabolism,0.0,1000.0,C10H13N5O10P2,-2,c
adp[c],r_0931,ADP,asp__L[c] + atp[c] + dgmp[c] <=> adp[c] + dsmp[c] + pi[c],Purine Metabolism,-1000.0,1000.0,C10H13N5O10P2,-2,c
adp[c],r_0110,ADP,atp[c] + pydxn[c] --> adp[c] + pdx5p[c],Vitamin B6 Metabolism,0.0,1000.0,C10H13N5O10P2,-2,c
adp[c],r_1002,ADP,atp[c] + man[c] --> adp[c] + h[c] + man6p[c],,0.0,1000.0,C10H13N5O10P2,-2,c
adp[c],r_0022,ADP,atp[c] + gdp[c] <=> adp[c] + gtp[c],Purine Metabolism,-1000.0,1000.0,C10H13N5O10P2,-2,c
adp[c],r_1049,ADP,atp[c] + rml[c] --> adp[c] + h[c] + rml1p[c],,0.0,1000.0,C10H13N5O10P2,-2,c
adp[c],r_0071,ADP,atp[c] + cys__L[c] + glu__L[c] --> adp[c] + glucys[c] + h[c] + pi[c],Glutathione Metabolism,0.0,1000.0,C10H13N5O10P2,-2,c
adp[c],r_0151,ADP,atp[c] + dtdp[c] <=> adp[c] + dttp[c],Pyrimidine Metabolism,-1000.0,1000.0,C10H13N5O10P2,-2,c
adp[c],r_0908,ADP,2.0 atp[c] + 2.0 gln__L[c] + 2.0 h2o[c] + hgbyr[c] <=> 2.0 adp[c] + 2.0 glu__L[c] + hgbam[c] + 2.0 pi[c],Porphyrin and Chlorophyll Metabolism,-1000.0,1000.0,C10H13N5O10P2,-2,c
adp[c],r_0386,ADP,atp[c] + cmp[c] <=> adp[c] + cdp[c],Pyrimidine Metabolism,-1000.0,1000.0,C10H13N5O10P2,-2,c
adp[c],r_0118,ADP,atp[c] + duri[c] --> adp[c] + dump[c],Pyrimidine Metabolism,0.0,1000.0,C10H13N5O10P2,-2,c
adp[c],r_0316,ADP,alaala[c] + atp[c] + ugmd[c] --> adp[c] + h[c] + pi[c] + ugmda[c],Lysine Biosynthesis,0.0,1000.0,C10H13N5O10P2,-2,c
adp[c],r_0624,ADP,atp[c] + nh3[c] + utp[c] --> adp[c] + ctp[c] + h[c] + pi[c],Pyrimidine Metabolism,0.0,1000.0,C10H13N5O10P2,-2,c
adp[c],r_0169,ADP,asp__L[c] + atp[c] + h[c] --> 4pasp[c] + adp[c],"Glycine, Serine, and Threonine Metabolism",0.0,1000.0,C10H13N5O10P2,-2,c
adp[c],r_0371,ADP,26dap__M[c] + atp[c] + uamag[c] --> adp[c] + h[c] + pi[c] + ugmd[c],Lysine Biosynthesis,0.0,1000.0,C10H13N5O10P2,-2,c
adp[c],r_0537,ADP,atp[c] + g1p[c] --> adp[c] + g6p[c],Glycolysis / Gluconeogenesis,0.0,1000.0,C10H13N5O10P2,-2,c
adp[c],r_0807,ADP,atp[c] + glu__D[c] + uama[c] --> adp[c] + pi[c] + uamag[c],Peptidoglycan biosynthesis,0.0,1000.0,C10H13N5O10P2,-2,c
adp[c],r_0700,ADP,atp[c] + dzdp[c] --> adp[c] + dztp[c],Purine Metabolism,0.0,1000.0,C10H13N5O10P2,-2,c
adp[c],r_0983,ADP,atp[c] + fru[c] --> adp[c] + f6p[c] + h[c],,0.0,1000.0,C10H13N5O10P2,-2,c
adp[c],r_0314,ADP,atp[c] + h2o[c] + thm[e] --> adp[c] + h[c] + pi[c] + thm[c],Transport,0.0,1000.0,C10H13N5O10P2,-2,c
adp[c],r_0536,ADP,atp[c] + h[c] + oaa[c] --> adp[c] + co2[c] + pep[c],Glycolysis / Gluconeogenesis;TCA Cycle,0.0,1000.0,C10H13N5O10P2,-2,c
adp[c],r_0649,ADP,C02356[c] + atp[c] + glu__L[c] <=> CE1661[c] + adp[c] + pi[c],Cysteine and Methionine Metabolism,-1000.0,1000.0,C10H13N5O10P2,-2,c
adp[c],r_0392,ADP,atp[c] + hco3[c] + pyr[c] --> adp[c] + h[c] + oaa[c] + pi[c],Glycolysis / Gluconeogenesis,0.0,1000.0,C10H13N5O10P2,-2,c
adp[c],r_0701,ADP,atp[c] + dzmp[c] --> adp[c] + dzdp[c],Purine Metabolism,0.0,1000.0,C10H13N5O10P2,-2,c
adp[c],r_0457,ADP,atp[c] + glucys[c] + gly[c] --> adp[c] + gthrd[c] + h[c] + pi[c],Glutathione Metabolism,0.0,1000.0,C10H13N5O10P2,-2,c
adp[c],r_0731,ADP,atp[c] + h2o[c] + lps[c] --> adp[c] + lps[e] + pi[c],[],0.0,1000.0,C10H13N5O10P2,-2,c
adp[c],r_0252,ADP,atp[c] + h2o[c] + mg2[e] --> adp[c] + h[c] + mg2[c] + pi[c],Transport,0.0,1000.0,C10H13N5O10P2,-2,c
adp[c],r_0650,ADP,CE1661[c] + atp[c] + gly[c] <=> adp[c] + opmt[c] + pi[c],Cysteine and Methionine Metabolism,-1000.0,1000.0,C10H13N5O10P2,-2,c
adp[c],r_0504,ADP,atp[c] + dcmp[c] <=> adp[c] + dcdp[c],Pyrimidine Metabolism,-1000.0,1000.0,C10H13N5O10P2,-2,c
adp[c],r_0805,ADP,ala__L[c] + atp[c] + uamr[c] --> adp[c] + pi[c] + uama[c],Peptidoglycan biosynthesis,0.0,1000.0,C10H13N5O10P2,-2,c
adp[c],r_0096,ADP,2.6 atp[c] + ctp[c] + gtp[c] + 1.6 h2o[c] + utp[c] --> 1.6 adp[c] + 1.6 h[c] + 1.6 pi[c] + 4.0 ppi[c] + 4.0 rna[c],Pyrimidine Metabolism,0.0,1000.0,C10H13N5O10P2,-2,c
adp[c],r_0793,ADP,12dgr_TB[c] + atp[c] --> adp[c] + pa_cho[c],Glycerolipid metabolism,0.0,1000.0,C10H13N5O10P2,-2,c
adp[c],r_0080,ADP,atp[c] + cdp[c] <=> adp[c] + ctp[c],Pyrimidine Metabolism,-1000.0,1000.0,C10H13N5O10P2,-2,c
adp[c],r_0704,ADP,atp[c] + idp[c] <=> adp[c] + itp[c],Purine Metabolism,-1000.0,1000.0,C10H13N5O10P2,-2,c
adp[c],r_0819,ADP,atp[c] + co2[c] + dann[c] --> adp[c] + dtbt[c] + pi[c],Biotin metabolism,0.0,1000.0,C10H13N5O10P2,-2,c
adp[c],r_0352,ADP,4c2me[c] + atp[c] --> 2p4c2me[c] + adp[c],Terpenoid Backbone Biosynthesis,0.0,1000.0,C10H13N5O10P2,-2,c
adp[c],r_0079,ADP,atp[c] + dudp[c] <=> adp[c] + dutp[c],Pyrimidine Metabolism,-1000.0,1000.0,C10H13N5O10P2,-2,c
adp[c],r_0351,ADP,atp[c] + ribflv[c] --> adp[c] + fmn[c],Riboflavin Metabolism,0.0,1000.0,C10H13N5O10P2,-2,c
adp[c],r_0060,ADP,atp[c] + skm[c] --> adp[c] + skm5p[c],Phenylalanine Tyrosine Tryptophan Biosynthesis,0.0,1000.0,C10H13N5O10P2,-2,c
adp[c],r_0105,ADP,acglu[c] + atp[c] + h[c] --> acg5p[c] + adp[c],Arginine biosynthesis,0.0,1000.0,C10H13N5O10P2,-2,c
adp[c],r_0181,ADP,atp[c] + ump[c] <=> adp[c] + udp[c],Pyrimidine Metabolism,-1000.0,1000.0,C10H13N5O10P2,-2,c
adp[c],r_0425,ADP,atp[c] + fgam[c] + gln__L[c] + h2o[c] --> adp[c] + fpram[c] + glu__L[c] + h[c] + pi[c],Purine Metabolism,0.0,1000.0,C10H13N5O10P2,-2,c
adp[c],r_0803,ADP,2.0 ala__D[c] + atp[c] --> adp[c] + alaala[c] + pi[c],Peptidoglycan biosynthesis,0.0,1000.0,C10H13N5O10P2,-2,c
adp[c],r_0989,ADP,atp[c] + gal[c] --> adp[c] + gal1p[c] + h[c],,0.0,1000.0,C10H13N5O10P2,-2,c
adp[c],r_0216,ADP,atp[c] + gln__L[c] + h2o[c] + utp[c] --> adp[c] + ctp[c] + glu__L[c] + 2.0 h[c] + pi[c],Pyrimidine Metabolism,0.0,1000.0,C10H13N5O10P2,-2,c
adp[c],r_0897,ADP,atp[c] + ru5p__D[c] --> adp[c] + rb15bp[c],Carbon metabolism,0.0,1000.0,C10H13N5O10P2,-2,c
adp[c],r_0423,ADP,atp[c] + ptth[c] <=> adp[c] + pan4p[c],Pantothenate and CoA Biosynthesis,-1000.0,1000.0,C10H13N5O10P2,-2,c
adp[c],r_0100,ADP,atp[c] + dgdp[c] <=> adp[c] + dgtp[c],Purine Metabolism,-1000.0,1000.0,C10H13N5O10P2,-2,c
adp[c],r_0543,ADP,atp[c] + glcn[c] --> 6pgc[c] + adp[c],Pentose Phosphate Pathway,0.0,1000.0,C10H13N5O10P2,-2,c
adp[c],r_0065,ADP,atp[c] + glu__L[c] + h[c] --> adp[c] + glu5p[c],Arginine and Proline Metabolism,0.0,1000.0,C10H13N5O10P2,-2,c
adp[c],r_0473,ADP,4ampm[c] + atp[c] --> 2mahmp[c] + adp[c],Thiamine Metabolism,0.0,1000.0,C10H13N5O10P2,-2,c
adp[c],r_0943,ADP,atp[c] + pnto__R[c] <=> 4ppan[c] + adp[c],Pantothenate and CoA Biosynthesis,-1000.0,1000.0,C10H13N5O10P2,-2,c
adp[c],r_0918,ADP,acgam[c] + atp[c] <=> acgam6p[c] + adp[c],Amino sugar and nucleotide sugar metabolism,-1000.0,1000.0,C10H13N5O10P2,-2,c
adp[c],r_0557,ADP,atp[c] + pl[c] <=> adp[c] + dmp[c],Riboflavin Metabolism,-1000.0,1000.0,C10H13N5O10P2,-2,c
adp[c],r_0708,ADP,adp[c] + trdrd[c] --> dadp[c] + h2o[c] + trdox[c],Purine Metabolism,0.0,1000.0,C10H13N5O10P2,-2,c
adp[c],r_0158,ADP,atp[c] + h2o[c] --> adp[c] + h[c] + pi[c],Oxidative Phosphorylation,3.0,1000.0,C10H13N5O10P2,-2,c
adp[c],r_0068,ADP,atp[c] + pydam[c] --> adp[c] + pyam5p[c],Vitamin B6 Metabolism,0.0,1000.0,C10H13N5O10P2,-2,c
adp[c],r_0306,ADP,atp[c] + h2o[c] + pi[e] --> adp[c] + h[c] + 2.0 pi[c],Transport,0.0,1000.0,C10H13N5O10P2,-2,c
adp[c],r_0898,ADP,atp[c] + h2o[c] + mg2[c] --> adp[c] + h[c] + mg2[e] + pi[c],[],0.0,1000.0,C10H13N5O10P2,-2,c
adp[c],r_0495,ADP,atp[c] + f6p[c] --> adp[c] + fdp[c],Glycolysis / Gluconeogenesis,0.0,1000.0,C10H13N5O10P2,-2,c
adp[c],r_1014,ADP,atp[c] + rbl__D[c] --> adp[c] + h[c] + ru5p__D[c],,0.0,1000.0,C10H13N5O10P2,-2,c
adp[c],r_0709,ADP,atp[c] + dadp[c] <=> adp[c] + datp[c],Purine Metabolism,-1000.0,1000.0,C10H13N5O10P2,-2,c
adp[c],r_0408,ADP,4ahmmp[c] + atp[c] --> 4ampm[c] + adp[c],Thiamine Metabolism,0.0,1000.0,C10H13N5O10P2,-2,c
adp[c],r_0838,ADP,atp[c] + xylu__D[c] --> adp[c] + xu5p__D[c],Pentose and glucuronate interconversions,0.0,1000.0,C10H13N5O10P2,-2,c
adp[c],r_0055,ADP,adocbi[c] + atp[c] --> adocbip[c] + adp[c] + h[c],"Valine, Leucine and Isoleucine Degradation",0.0,1000.0,C10H13N5O10P2,-2,c
adp[c],r_0871,ADP,atp[c] + h2o[c] + k[c] --> adp[c] + k[e] + pi[c],[],0.0,1000.0,C10H13N5O10P2,-2,c
adp[c],r_0305,ADP,atp[c] + fe2[e] + h2o[c] --> adp[c] + fe2[c] + h[c] + pi[c],Transport,0.0,1000.0,C10H13N5O10P2,-2,c
adp[c],r_1038,ADP,atp[c] + fcl__L[c] --> adp[c] + fc1p[c] + h[c],,0.0,1000.0,C10H13N5O10P2,-2,c
adp[c],r_0205,ADP,adpglc[c] + glycogen1[c] --> adp[c] + glycogen[c],Glycolysis / Gluconeogenesis,0.0,1000.0,C10H13N5O10P2,-2,c
adp[c],r_0710,ADP,atp[c] + damp[c] <=> adp[c] + dadp[c],Purine Metabolism,-1000.0,1000.0,C10H13N5O10P2,-2,c
adp[c],r_0566,ADP,atp[c] + nad[c] --> adp[c] + nadp[c],Nicotinate and Nicotinamide,0.0,1000.0,C10H13N5O10P2,-2,c
adp[c],r_0021,ADP,atp[c] + d5kg[c] --> adp[c] + d5kgp[c],Inositol Phosphate Metabolism,0.0,1000.0,C10H13N5O10P2,-2,c
adp[c],r_0132,ADP,atp[c] + glu__L[c] + nh3[c] --> adp[c] + gln__L[c] + pi[c],Nitrogen Metabolism,0.0,1000.0,C10H13N5O10P2,-2,c
adp[c],r_0304,ADP,atp[c] + h2o[c] + mobd[e] --> adp[c] + h[c] + mobd[c] + pi[c],Transport,0.0,1000.0,C10H13N5O10P2,-2,c
adp[c],r_0472,ADP,2.0 atp[c] + gln__L[c] + h2o[c] + hco3[c] --> 2.0 adp[c] + cbp[c] + glu__L[c] + h[c] + pi[c],"Alanine, Aspartate and Glutamate metabolism",0.0,1000.0,C10H13N5O10P2,-2,c
adp[c],r_0852,ADP,atp[c] + h2o[c] + hemeO[c] --> adp[c] + hemeO[e] + pi[c],[],0.0,1000.0,C10H13N5O10P2,-2,c
adp[c],r_0444,ADP,accoa[c] + atp[c] + hco3[c] <=> adp[c] + h[c] + malcoa[c] + pi[c],Fatty Acid Biosynthesis,-1000.0,1000.0,C10H13N5O10P2,-2,c
adp[c],r_0131,ADP,5aizc[c] + asp__L[c] + atp[c] <=> 25aics[c] + adp[c] + 2.0 h[c] + pi[c],Purine Metabolism,-1000.0,1000.0,C10H13N5O10P2,-2,c
adp[c],r_0075,ADP,atp[c] + gly[c] + pram[c] --> adp[c] + gar[c] + h[c] + pi[c],Purine Metabolism,0.0,1000.0,C10H13N5O10P2,-2,c
adp[c],r_0144,ADP,ac[c] + atp[c] + h[c] <=> actp[c] + adp[c],Glycolysis / Gluconeogenesis,-1000.0,1000.0,C10H13N5O10P2,-2,c
adp[c],r_0094,ADP,atp[c] + coa[c] + succ[c] <=> adp[c] + pi[c] + succoa[c],Sulfur Metabolism; Purine Metabolism,-1000.0,1000.0,C10H13N5O10P2,-2,c
adp[c],r_0578,ADP,atp[c] + for[c] + thf[c] <=> 10fthf[c] + adp[c] + pi[c],One carbon pool by folate,-1000.0,1000.0,C10H13N5O10P2,-2,c
adp[c],r_0795,ADP,atp[c] + cobalt2[c] + h2o[c] + hgbam[c] --> adp[c] + cob2nda[c] + h[c] + pi[c],Porphyrin and Chlorophyll Metabolism,0.0,1000.0,C10H13N5O10P2,-2,c
adp[c],r_0066,ADP,amp[c] + atp[c] <=> 2.0 adp[c],Purine Metabolism,-1000.0,1000.0,C10H13N5O10P2,-2,c
adp[c],r_0811,ADP,atp[c] + glyc[c] --> adp[c] + sng3p[c],Glycerolipid metabolism,0.0,1000.0,C10H13N5O10P2,-2,c
adp[c],r_0774,ADP,atp[c] + btnCCP[c] + hco3[c] --> adp[c] + carP[c] + pi[c],[],0.0,1000.0,C10H13N5O10P2,-2,c
adp[c],r_0885,ADP,atp[c] + pty[c] --> adp[c] + e[c] + ptyp[c],[],0.0,1000.0,C10H13N5O10P2,-2,c
adp[c],r_0056,ADP,adp[c] + pep[c] --> atp[c] + pyr[c],"Valine, Leucine and Isoleucine Degradation",0.0,1000.0,C10H13N5O10P2,-2,c
adp[c],r_0198,ADP,atp[c] + dtmp[c] <=> adp[c] + dtdp[c],Pyrimidine Metabolism,-1000.0,1000.0,C10H13N5O10P2,-2,c
adp[c],r_0409,ADP,atp[c] + dhpt[c] + glu__L[c] --> adp[c] + dhf[c] + h[c] + pi[c],Folate Biosynthesis,0.0,1000.0,C10H13N5O10P2,-2,c
adp[c],r_0231,ADP,atp[c] + fpram[c] --> adp[c] + air[c] + h[c] + pi[c],Purine Metabolism,0.0,1000.0,C10H13N5O10P2,-2,c
adp[c],r_0588,ADP,atp[c] + h2o[c] + 4.0 h[c] --> adp[c] + 5.0 h[e] + pi[c],Oxidative Phosphorylation,0.0,1000.0,C10H13N5O10P2,-2,c
adp[c],r_0142,ADP,3pg[c] + atp[c] + h[c] <=> 13dpg[c] + adp[c],Glycolysis / Gluconeogenesis,-1000.0,1000.0,C10H13N5O10P2,-2,c
adp[c],r_0023,ADP,atp[c] + dcdp[c] <=> adp[c] + dctp[c],Pyrimidine Metabolism,-1000.0,1000.0,C10H13N5O10P2,-2,c
adp[c],r_0789,ADP,anhm[c] + atp[c] + h2o[c] --> acmum6p[c] + adp[c],Amino sugar and nucleotide sugar metabolism,0.0,1000.0,C10H13N5O10P2,-2,c
adp[c],r_0270,ADP,16.0 atp[c] + 8.0 fdxrd[c] + 16.0 h2o[c] + n2[c] --> 16.0 adp[c] + 8.0 fdxox[c] + 2.0 fixedNH3[c] + h2[c] + 8.0 h[c] + 16.0 pi[c],Nitrogen Metabolism; Symbiosis,0.0,1000.0,C10H13N5O10P2,-2,c
adp[c],r_0581,ADP,atp[c] + fa[c] --> adp[c] + e[c] + methf[c] + pi[c],One carbon pool by folate,0.0,1000.0,C10H13N5O10P2,-2,c
adp[c],r_0298,ADP,atp[c] + dgmp[c] <=> adp[c] + dgdp[c],Purine Metabolism,-1000.0,1000.0,C10H13N5O10P2,-2,c
d5kgp[c],r_0021,2-Deoxy-5-keto-D-gluconic acid 6-phosphate,atp[c] + d5kg[c] --> adp[c] + d5kgp[c],Inositol Phosphate Metabolism,0.0,1000.0,C6H9O9P,-2,c
d5kgp[c],r_0134,2-Deoxy-5-keto-D-gluconic acid 6-phosphate,d5kgp[c] --> dhap[c] + msa[c],Inositol Phosphate Metabolism,0.0,1000.0,C6H9O9P,-2,c
gdp[c],r_0098,GDP,atp[c] + gmp[c] <=> adp[c] + gdp[c],Purine Metabolism,-1000.0,1000.0,C10H13N5O11P2,-2,c
gdp[c],r_0697,GDP,gdp[c] + trdrd[c] --> dgdp[c] + h2o[c] + trdox[c],Purine Metabolism,0.0,1000.0,C10H13N5O11P2,-2,c
gdp[c],r_0022,GDP,atp[c] + gdp[c] <=> adp[c] + gtp[c],Purine Metabolism,-1000.0,1000.0,C10H13N5O11P2,-2,c
gdp[c],r_0469,GDP,h2o[c] + ppgpp[c] --> gdp[c] + ppi[c],Purine Metabolism,0.0,1000.0,C10H13N5O11P2,-2,c
gdp[c],r_0445,GDP,asp__L[c] + gtp[c] + imp[c] --> dcamp[c] + gdp[c] + 2.0 h[c] + pi[c],"Alanine, Aspartate and Glutamate metabolism",0.0,1000.0,C10H13N5O11P2,-2,c
gtp[c],r_0669,GTP,amet[c] + gtp[c] + racptr[c] --> 38ch2gtp[c] + acptr[c] + dad_5[c] + met__L[c],Folate Biosynthesis,0.0,1000.0,C10H13N5O14P3,-3,c
gtp[c],r_0168,GTP,gtp[c] + 3.0 h2o[c] <=> 25drapp[c] + for[c] + h[c] + ppi[c],Riboflavin Metabolism,-1000.0,1000.0,C10H13N5O14P3,-3,c
gtp[c],r_0027,GTP,gtp[c] + h2o[c] --> ahdt[c] + for[c] + h[c],Folate Biosynthesis,0.0,1000.0,C10H13N5O14P3,-3,c
gtp[c],r_0445,GTP,asp__L[c] + gtp[c] + imp[c] --> dcamp[c] + gdp[c] + 2.0 h[c] + pi[c],"Alanine, Aspartate and Glutamate metabolism",0.0,1000.0,C10H13N5O14P3,-3,c
gtp[c],r_0661,GTP,gtp[c] + h2o[c] --> HC01651[c],Folate Biosynthesis,0.0,1000.0,C10H13N5O14P3,-3,c
gtp[c],r_0096,GTP,2.6 atp[c] + ctp[c] + gtp[c] + 1.6 h2o[c] + utp[c] --> 1.6 adp[c] + 1.6 h[c] + 1.6 pi[c] + 4.0 ppi[c] + 4.0 rna[c],Pyrimidine Metabolism,0.0,1000.0,C10H13N5O14P3,-3,c
gtp[c],r_0022,GTP,atp[c] + gdp[c] <=> adp[c] + gtp[c],Purine Metabolism,-1000.0,1000.0,C10H13N5O14P3,-3,c
gtp[c],r_0424,GTP,atp[c] + gtp[c] --> amp[c] + gdptp[c],Purine Metabolism,0.0,1000.0,C10H13N5O14P3,-3,c
gtp[c],r_0869,GTP,gtp[c] + man1p[c] <=> gdpmann[c] + ppi[c],Amino sugar and nucleotide sugar metabolism,-1000.0,1000.0,C10H13N5O14P3,-3,c
gtp[c],r_0348,GTP,adocbip[c] + gtp[c] + h[c] --> agdpcbi[c] + ppi[c],Porphyrin Metabolism,0.0,1000.0,C10H13N5O14P3,-3,c
gtp[c],r_0754,GTP,2.0 gtp[c] <=> 35cdigmp[c] + 2.0 ppi[c],[],-1000.0,1000.0,C10H13N5O14P3,-3,c
gtp[c],r_0698,GTP,gtp[c] + h2o[c] --> gmp[c] + ppi[c],Purine Metabolism,0.0,1000.0,C10H13N5O14P3,-3,c
dcdp[c],r_0029,dCDP,cdp[c] + trdrd[c] --> dcdp[c] + h2o[c] + trdox[c],Pyrimidine Metabolism,0.0,1000.0,C9H13N3O10P2,-2,c
dcdp[c],r_0023,dCDP,atp[c] + dcdp[c] <=> adp[c] + dctp[c],Pyrimidine Metabolism,-1000.0,1000.0,C9H13N3O10P2,-2,c
dcdp[c],r_0504,dCDP,atp[c] + dcmp[c] <=> adp[c] + dcdp[c],Pyrimidine Metabolism,-1000.0,1000.0,C9H13N3O10P2,-2,c
dctp[c],r_0023,dCTP,atp[c] + dcdp[c] <=> adp[c] + dctp[c],Pyrimidine Metabolism,-1000.0,1000.0,C9H13N3O13P3,-3,c
dctp[c],r_0450,dCTP,dctp[c] + h2o[c] --> dutp[c] + nh3[c],Pyrimidine Metabolism,0.0,1000.0,C9H13N3O13P3,-3,c
qh2[c],r_0024,Ubiquinol,2.0 h[c] + o2[c] + 2.0 qh2[c] --> 2.0 h2o[c] + 2.0 h[e] + 2.0 q[c],Oxidative Phosphorylation,0.0,1000.0,C19H28O4,0,c
qh2[c],r_0262,Ubiquinol,5.0 h[c] + nadh[c] + q[c] <=> 4.0 h[e] + nad[c] + qh2[c],Oxidative Phosphorylation,-1000.0,1000.0,C19H28O4,0,c
qh2[c],r_0303,Ubiquinol,fadh2[c] + q[c] <=> fad[c] + qh2[c],Oxidative Phosphorylation,-1000.0,1000.0,C19H28O4,0,c
qh2[c],r_0584,Ubiquinol,nad[c] + qh2[c] --> h[c] + nadh[c] + q[c],Oxidative Phosphorylation,0.0,1000.0,C19H28O4,0,c
qh2[c],r_0831,Ubiquinol,3detlbq[c] + amet[c] <=> ahcys[c] + qh2[c],[],-1000.0,1000.0,C19H28O4,0,c
qh2[c],r_0763,Ubiquinol,etfrd[c] + q[c] --> etfox[c] + qh2[c],[],0.0,1000.0,C19H28O4,0,c
qh2[c],r_0582,Ubiquinol,h[c] + nadh[c] + q[c] --> nad[c] + qh2[c],Oxidative Phosphorylation,0.0,1000.0,C19H28O4,0,c
q[c],r_0024,Ubiquinone,2.0 h[c] + o2[c] + 2.0 qh2[c] --> 2.0 h2o[c] + 2.0 h[e] + 2.0 q[c],Oxidative Phosphorylation,0.0,1000.0,C19H26O4,0,c
q[c],r_0262,Ubiquinone,5.0 h[c] + nadh[c] + q[c] <=> 4.0 h[e] + nad[c] + qh2[c],Oxidative Phosphorylation,-1000.0,1000.0,C19H26O4,0,c
q[c],r_0303,Ubiquinone,fadh2[c] + q[c] <=> fad[c] + qh2[c],Oxidative Phosphorylation,-1000.0,1000.0,C19H26O4,0,c
q[c],r_0584,Ubiquinone,nad[c] + qh2[c] --> h[c] + nadh[c] + q[c],Oxidative Phosphorylation,0.0,1000.0,C19H26O4,0,c
q[c],r_0763,Ubiquinone,etfrd[c] + q[c] --> etfox[c] + qh2[c],[],0.0,1000.0,C19H26O4,0,c
q[c],r_0582,Ubiquinone,h[c] + nadh[c] + q[c] --> nad[c] + qh2[c],Oxidative Phosphorylation,0.0,1000.0,C19H26O4,0,c
h[e],r_0323,H+,adp[c] + 2.0 h[e] + pi[c] --> atp[c] + h2o[c] + h[c],Oxidative Phosphorylation,0.0,1000.0,H,1,e
h[e],r_1053,H+,34hpp[c] + h[c] <=> 34hpp[e] + h[e],Transport,-1000.0,1000.0,H,1,e
h[e],r_0034,H+,2.0 h[e] + mal__L[e] --> 2.0 h[c] + mal__L[c],Transport,0.0,1000.0,H,1,e
h[e],r_0336,H+,h[e] <=> ,Exchange,-1000.0,1000.0,H,1,e
h[e],r_0588,H+,atp[c] + h2o[c] + 4.0 h[c] --> adp[c] + 5.0 h[e] + pi[c],Oxidative Phosphorylation,0.0,1000.0,H,1,e
h[e],r_0991,H+,gal[c] + h[c] <=> gal[e] + h[e],Transport,-1000.0,1000.0,H,1,e
h[e],r_0321,H+,2.0 h[e] + nadh[c] + nadp[c] --> 2.0 h[c] + nad[c] + nadph[c],Transport,0.0,1000.0,H,1,e
h[e],r_0994,H+,h[c] + raffin[c] <=> h[e] + raffin[e],Transport,-1000.0,1000.0,H,1,e
h[e],r_0092,H+,glu__L[e] + h[e] <=> glu__L[c] + h[c],Transport,-1000.0,1000.0,H,1,e
h[e],r_0024,H+,2.0 h[c] + o2[c] + 2.0 qh2[c] --> 2.0 h2o[c] + 2.0 h[e] + 2.0 q[c],Oxidative Phosphorylation,0.0,1000.0,H,1,e
h[e],r_0262,H+,5.0 h[c] + nadh[c] + q[c] <=> 4.0 h[e] + nad[c] + qh2[c],Oxidative Phosphorylation,-1000.0,1000.0,H,1,e
h[e],r_0532,H+,h[e] + pi[e] <=> h[c] + pi[c],Transport,-1000.0,1000.0,H,1,e
h[e],r_1046,H+,h[c] + rbl_B[c] <=> h[e] + rbl_B[e],Transport,-1000.0,1000.0,H,1,e
h[e],r_1041,H+,fuc__L[c] + h[c] <=> fuc__L[e] + h[e],Transport,-1000.0,1000.0,H,1,e
h[e],r_0112,H+,2.0 h[e] + succ[e] --> 2.0 h[c] + succ[c],Transport,0.0,1000.0,H,1,e
4pasp[c],r_0025,4-Phospho-L-aspartate,4pasp[c] + nadph[c] --> aspsa[c] + nadp[c] + pi[c],"Glycine, Serine, and Threonine Metabolism",0.0,1000.0,C4H7NO7P,-1,c
4pasp[c],r_0169,4-Phospho-L-aspartate,asp__L[c] + atp[c] + h[c] --> 4pasp[c] + adp[c],"Glycine, Serine, and Threonine Metabolism",0.0,1000.0,C4H7NO7P,-1,c
aspsa[c],r_0025,L-Aspartate 4-semialdehyde,4pasp[c] + nadph[c] --> aspsa[c] + nadp[c] + pi[c],"Glycine, Serine, and Threonine Metabolism",0.0,1000.0,C4H7NO3,0,c
aspsa[c],r_0651,L-Aspartate 4-semialdehyde,hom__L[c] + nad[c] <=> aspsa[c] + h[c] + nadh[c],Cysteine and Methionine Metabolism,-1000.0,1000.0,C4H7NO3,0,c
aspsa[c],r_0297,L-Aspartate 4-semialdehyde,hom__L[c] + nadp[c] <=> aspsa[c] + h[c] + nadph[c],"Glycine, Serine, and Threonine Metabolism",-1000.0,1000.0,C4H7NO3,0,c
aspsa[c],r_0596,L-Aspartate 4-semialdehyde,aspsa[c] + pyr[c] <=> 4hthdp[c] + h2o[c] + h[c],Lysine Biosynthesis,-1000.0,1000.0,C4H7NO3,0,c
aspsa[c],r_0939,L-Aspartate 4-semialdehyde,aspsa[c] + glu__L[c] <=> 24dab[c] + akg[c],"Glycine, Serine, and Threonine Metabolism",-1000.0,1000.0,C4H7NO3,0,c
10fthf[c],r_0272,10-Formyltetrahydrofolate,h2o[c] + methf[c] <=> 10fthf[c] + h[c],One carbon pool by folate,-1000.0,1000.0,C20H21N7O7,-2,c
10fthf[c],r_0431,10-Formyltetrahydrofolate,10fthf[c] + mettrna[c] --> fmettrna[c] + h[c] + thf[c],One carbon pool by folate,0.0,1000.0,C20H21N7O7,-2,c
10fthf[c],r_0228,10-Formyltetrahydrofolate,10fthf[c] + gar[c] --> fgam[c] + h[c] + thf[c],Purine Metabolism,0.0,1000.0,C20H21N7O7,-2,c
10fthf[c],r_0578,10-Formyltetrahydrofolate,atp[c] + for[c] + thf[c] <=> 10fthf[c] + adp[c] + pi[c],One carbon pool by folate,-1000.0,1000.0,C20H21N7O7,-2,c
10fthf[c],r_0415,10-Formyltetrahydrofolate,10fthf[c] + aicar[c] --> fprica[c] + thf[c],Purine Metabolism,0.0,1000.0,C20H21N7O7,-2,c
10fthf[c],r_0026,10-Formyltetrahydrofolate,10fthf[c] + h2o[c] --> for[c] + h[c] + thf[c],One carbon pool by folate,0.0,1000.0,C20H21N7O7,-2,c
thf[c],r_0263,"5,6,7,8-Tetrahydrofolate",gly[c] + nad[c] + thf[c] --> co2[c] + h[c] + mlthf[c] + nadh[c] + nh3[c],One carbon pool by folate,0.0,1000.0,C19H21N7O6,-2,c
thf[c],r_0228,"5,6,7,8-Tetrahydrofolate",10fthf[c] + gar[c] --> fgam[c] + h[c] + thf[c],Purine Metabolism,0.0,1000.0,C19H21N7O6,-2,c
thf[c],r_0674,"5,6,7,8-Tetrahydrofolate",2.0 nad[c] + thf[c] <=> fol[c] + 2.0 h[c] + 2.0 nadh[c],Folate Biosynthesis,-1000.0,1000.0,C19H21N7O6,-2,c
thf[c],r_0366,"5,6,7,8-Tetrahydrofolate",5mthf[c] + hcys__L[c] --> met__L[c] + thf[c],Cysteine and Methionine Metabolism,0.0,1000.0,C19H21N7O6,-2,c
thf[c],r_0234,"5,6,7,8-Tetrahydrofolate",3mob[c] + h2o[c] + mlthf[c] <=> 2dhp[c] + thf[c],Pantothenate and CoA Biosynthesis,-1000.0,1000.0,C19H21N7O6,-2,c
thf[c],r_0415,"5,6,7,8-Tetrahydrofolate",10fthf[c] + aicar[c] --> fprica[c] + thf[c],Purine Metabolism,0.0,1000.0,C19H21N7O6,-2,c
thf[c],r_0026,"5,6,7,8-Tetrahydrofolate",10fthf[c] + h2o[c] --> for[c] + h[c] + thf[c],One carbon pool by folate,0.0,1000.0,C19H21N7O6,-2,c
thf[c],r_0577,"5,6,7,8-Tetrahydrofolate",s8ams[c] + thf[c] <=> dhlpyprot[c] + mlthf[c] + nh3[c],One carbon pool by folate,-1000.0,1000.0,C19H21N7O6,-2,c
thf[c],r_0431,"5,6,7,8-Tetrahydrofolate",10fthf[c] + mettrna[c] --> fmettrna[c] + h[c] + thf[c],One carbon pool by folate,0.0,1000.0,C19H21N7O6,-2,c
thf[c],r_0161,"5,6,7,8-Tetrahydrofolate",dhf[c] + h[c] + nadph[c] <=> nadp[c] + thf[c],Folate Biosynthesis,-1000.0,1000.0,C19H21N7O6,-2,c
thf[c],r_0579,"5,6,7,8-Tetrahydrofolate",gar[c] + h2o[c] + methf[c] <=> fgam[c] + 2.0 h[c] + thf[c],One carbon pool by folate,-1000.0,1000.0,C19H21N7O6,-2,c
thf[c],r_0576,"5,6,7,8-Tetrahydrofolate",2.0 nadp[c] + thf[c] <=> fol[c] + 2.0 h[c] + 2.0 nadph[c],One carbon pool by folate,-1000.0,1000.0,C19H21N7O6,-2,c
thf[c],r_0578,"5,6,7,8-Tetrahydrofolate",atp[c] + for[c] + thf[c] <=> 10fthf[c] + adp[c] + pi[c],One carbon pool by folate,-1000.0,1000.0,C19H21N7O6,-2,c
thf[c],r_0302,"5,6,7,8-Tetrahydrofolate",ser__L[c] + thf[c] --> gly[c] + h2o[c] + mlthf[c],"Glycine, Serine, and Threonine Metabolism",0.0,1000.0,C19H21N7O6,-2,c
for[c],r_0168,Formate,gtp[c] + 3.0 h2o[c] <=> 25drapp[c] + for[c] + h[c] + ppi[c],Riboflavin Metabolism,-1000.0,1000.0,CHO2,-1,c
for[c],r_0685,Formate,for[c] + nad[c] <=> co2[c] + nadh[c],Glyoxylate and dicarboxylate metabolism,-1000.0,1000.0,CHO2,-1,c
for[c],r_0775,Formate,Sfglutth[c] + h2o[c] <=> for[c] + gthrd[c],Carbon metabolism,-1000.0,1000.0,CHO2,-1,c
for[c],r_0027,Formate,gtp[c] + h2o[c] --> ahdt[c] + for[c] + h[c],Folate Biosynthesis,0.0,1000.0,CHO2,-1,c
for[c],r_0301,Formate,air[c] + amet[c] + h2o[c] --> 4ahmmp[c] + co[c] + dad_5[c] + for[c] + 4.0 h[c] + met__L[c] + pi[c],Thiamine Metabolism,0.0,1000.0,CHO2,-1,c
for[c],r_0548,Formate,air[c] + amet[c] --> 4ampm[c] + co[c] + dad_5[c] + for[c] + h2o[c] + met__L[c],Thiamine Metabolism,0.0,1000.0,CHO2,-1,c
for[c],r_0737,Formate,forlmepep[c] + h2o[c] <=> for[c] + mepep[c],[],-1000.0,1000.0,CHO2,-1,c
for[c],r_0026,Formate,10fthf[c] + h2o[c] --> for[c] + h[c] + thf[c],One carbon pool by folate,0.0,1000.0,CHO2,-1,c
for[c],r_0825,Formate,fald[c] + h2o[c] + nad[c] --> for[c] + h[c] + nadh[c],Carbon metabolism,0.0,1000.0,CHO2,-1,c
for[c],r_0085,Formate,ru5p__D[c] <=> db4p[c] + for[c] + h[c],Riboflavin Metabolism,-1000.0,1000.0,CHO2,-1,c
for[c],r_0605,Formate,Nforglu[c] + h2o[c] <=> for[c] + glu__L[c] + h[c],Histidine Metabolism,-1000.0,1000.0,CHO2,-1,c
for[c],r_0578,Formate,atp[c] + for[c] + thf[c] <=> 10fthf[c] + adp[c] + pi[c],One carbon pool by folate,-1000.0,1000.0,CHO2,-1,c
for[c],r_0972,Formate,for[c] <=> for[e],Transport,-1000.0,1000.0,CHO2,-1,c
for[c],r_0662,Formate,HC01651[c] + h2o[c] --> HC01652[c] + for[c],Folate Biosynthesis,0.0,1000.0,CHO2,-1,c
ru5p__D[c],r_0085,D-Ribulose 5-phosphate,ru5p__D[c] <=> db4p[c] + for[c] + h[c],Riboflavin Metabolism,-1000.0,1000.0,C5H10O8P,-1,c
ru5p__D[c],r_1014,D-Ribulose 5-phosphate,atp[c] + rbl__D[c] --> adp[c] + h[c] + ru5p__D[c],,0.0,1000.0,C5H10O8P,-1,c
ru5p__D[c],r_0028,D-Ribulose 5-phosphate,ru5p__D[c] <=> xu5p__D[c],Pentose Phosphate Pathway,-1000.0,1000.0,C5H10O8P,-1,c
ru5p__D[c],r_0197,D-Ribulose 5-phosphate,r5p[c] <=> ru5p__D[c],Pentose Phosphate Pathway,-1000.0,1000.0,C5H10O8P,-1,c
ru5p__D[c],r_0897,D-Ribulose 5-phosphate,atp[c] + ru5p__D[c] --> adp[c] + rb15bp[c],Carbon metabolism,0.0,1000.0,C5H10O8P,-1,c
ru5p__D[c],r_0459,D-Ribulose 5-phosphate,6pgc[c] + nadp[c] --> co2[c] + nadph[c] + ru5p__D[c],Pentose Phosphate Pathway,0.0,1000.0,C5H10O8P,-1,c
cdp[c],r_0029,CDP,cdp[c] + trdrd[c] --> dcdp[c] + h2o[c] + trdox[c],Pyrimidine Metabolism,0.0,1000.0,C9H13N3O11P2,-2,c
cdp[c],r_0386,CDP,atp[c] + cmp[c] <=> adp[c] + cdp[c],Pyrimidine Metabolism,-1000.0,1000.0,C9H13N3O11P2,-2,c
cdp[c],r_0080,CDP,atp[c] + cdp[c] <=> adp[c] + ctp[c],Pyrimidine Metabolism,-1000.0,1000.0,C9H13N3O11P2,-2,c
trdrd[c],r_0647,Reduced thioredoxin,mercppyr[c] + trdrd[c] <=> h2s[c] + pyr[c] + trdox[c],Cysteine and Methionine Metabolism,-1000.0,1000.0,H2R,0,c
trdrd[c],r_0462,Reduced thioredoxin,h[c] + nadph[c] + trdox[c] <=> nadp[c] + trdrd[c],Pyrimidine Metabolism,-1000.0,1000.0,H2R,0,c
trdrd[c],r_0708,Reduced thioredoxin,adp[c] + trdrd[c] --> dadp[c] + h2o[c] + trdox[c],Purine Metabolism,0.0,1000.0,H2R,0,c
trdrd[c],r_0875,Reduced thioredoxin,arsni[c] + trdrd[c] <=> aso3[c] + h2o[c] + trdox[c],[],-1000.0,1000.0,H2R,0,c
trdrd[c],r_0847,Reduced thioredoxin,h2o[c] + met__L[c] + trdox[c] <=> metox[c] + trdrd[c],[],-1000.0,1000.0,H2R,0,c
trdrd[c],r_0029,Reduced thioredoxin,cdp[c] + trdrd[c] --> dcdp[c] + h2o[c] + trdox[c],Pyrimidine Metabolism,0.0,1000.0,H2R,0,c
trdrd[c],r_0627,Reduced thioredoxin,trdrd[c] + udp[c] --> dudp[c] + h2o[c] + trdox[c],Pyrimidine Metabolism,0.0,1000.0,H2R,0,c
trdrd[c],r_0697,Reduced thioredoxin,gdp[c] + trdrd[c] --> dgdp[c] + h2o[c] + trdox[c],Purine Metabolism,0.0,1000.0,H2R,0,c
trdrd[c],r_0848,Reduced thioredoxin,h2o[c] + pep_met__L[c] + trdox[c] <=> pepmetox[c] + trdrd[c],[],-1000.0,1000.0,H2R,0,c
trdrd[c],r_0788,Reduced thioredoxin,rooh[c] + trdrd[c] <=> h2o[c] + roh[c] + trdox[c],[],-1000.0,1000.0,H2R,0,c
trdrd[c],r_0739,Reduced thioredoxin,h2o[c] + pep_met__L[c] + trdox[c] <=> pep_met_LRS[c] + trdrd[c],[],-1000.0,1000.0,H2R,0,c
trdrd[c],r_0613,Reduced thioredoxin,h[c] + paps[c] + trdrd[c] --> pap[c] + so3[c] + trdox[c],Sulfur Metabolism,0.0,1000.0,H2R,0,c
trdox[c],r_0647,Oxidized thioredoxin,mercppyr[c] + trdrd[c] <=> h2s[c] + pyr[c] + trdox[c],Cysteine and Methionine Metabolism,-1000.0,1000.0,R,0,c
trdox[c],r_0462,Oxidized thioredoxin,h[c] + nadph[c] + trdox[c] <=> nadp[c] + trdrd[c],Pyrimidine Metabolism,-1000.0,1000.0,R,0,c
trdox[c],r_0708,Oxidized thioredoxin,adp[c] + trdrd[c] --> dadp[c] + h2o[c] + trdox[c],Purine Metabolism,0.0,1000.0,R,0,c
trdox[c],r_0875,Oxidized thioredoxin,arsni[c] + trdrd[c] <=> aso3[c] + h2o[c] + trdox[c],[],-1000.0,1000.0,R,0,c
trdox[c],r_0847,Oxidized thioredoxin,h2o[c] + met__L[c] + trdox[c] <=> metox[c] + trdrd[c],[],-1000.0,1000.0,R,0,c
trdox[c],r_0029,Oxidized thioredoxin,cdp[c] + trdrd[c] --> dcdp[c] + h2o[c] + trdox[c],Pyrimidine Metabolism,0.0,1000.0,R,0,c
trdox[c],r_0627,Oxidized thioredoxin,trdrd[c] + udp[c] --> dudp[c] + h2o[c] + trdox[c],Pyrimidine Metabolism,0.0,1000.0,R,0,c
trdox[c],r_0697,Oxidized thioredoxin,gdp[c] + trdrd[c] --> dgdp[c] + h2o[c] + trdox[c],Purine Metabolism,0.0,1000.0,R,0,c
trdox[c],r_0848,Oxidized thioredoxin,h2o[c] + pep_met__L[c] + trdox[c] <=> pepmetox[c] + trdrd[c],[],-1000.0,1000.0,R,0,c
trdox[c],r_0788,Oxidized thioredoxin,rooh[c] + trdrd[c] <=> h2o[c] + roh[c] + trdox[c],[],-1000.0,1000.0,R,0,c
trdox[c],r_0739,Oxidized thioredoxin,h2o[c] + pep_met__L[c] + trdox[c] <=> pep_met_LRS[c] + trdrd[c],[],-1000.0,1000.0,R,0,c
trdox[c],r_0613,Oxidized thioredoxin,h[c] + paps[c] + trdrd[c] --> pap[c] + so3[c] + trdox[c],Sulfur Metabolism,0.0,1000.0,R,0,c
3hdcoa[c],r_0241,(S)-3-Hydroxydecanoyl-CoA,3hdcoa[c] + nad[c] <=> 3odcoa[c] + h[c] + nadh[c],Fatty Acid Metabolism,-1000.0,1000.0,C31H51N7O18P3S,-3,c
3hdcoa[c],r_0030,(S)-3-Hydroxydecanoyl-CoA,3hdcoa[c] <=> dc2coa[c] + h2o[c],Fatty Acid Metabolism,-1000.0,1000.0,C31H51N7O18P3S,-3,c
dc2coa[c],r_0350,trans-Dec-2-enoyl-CoA,dccoa[c] + fad[c] <=> dc2coa[c] + fadh2[c],Fatty Acid Metabolism,-1000.0,1000.0,C31H49N7O17P3S,-3,c
dc2coa[c],r_0030,trans-Dec-2-enoyl-CoA,3hdcoa[c] <=> dc2coa[c] + h2o[c],Fatty Acid Metabolism,-1000.0,1000.0,C31H49N7O17P3S,-3,c
asp__L[c],r_0283,L-Aspartate,akg[c] + asp__L[c] <=> glu__L[c] + oaa[c],"Alanine, Aspartate and Glutamate metabolism",-1000.0,1000.0,C4H6NO4,-1,c
asp__L[c],r_0169,L-Aspartate,asp__L[c] + atp[c] + h[c] --> 4pasp[c] + adp[c],"Glycine, Serine, and Threonine Metabolism",0.0,1000.0,C4H6NO4,-1,c
asp__L[c],r_0437,L-Aspartate,asp__L[c] + atp[c] + h[c] + trnaasp[c] --> amp[c] + asptrna[c] + ppi[c],"Alanine, Aspartate and Glutamate metabolism",0.0,1000.0,C4H6NO4,-1,c
asp__L[c],r_0131,L-Aspartate,5aizc[c] + asp__L[c] + atp[c] <=> 25aics[c] + adp[c] + 2.0 h[c] + pi[c],Purine Metabolism,-1000.0,1000.0,C4H6NO4,-1,c
asp__L[c],r_0440,L-Aspartate,asp__L[c] + cbp[c] --> cbasp[c] + 2.0 h[c] + pi[c],"Alanine, Aspartate and Glutamate metabolism",0.0,1000.0,C4H6NO4,-1,c
asp__L[c],r_0574,L-Aspartate,asp__L[c] + h2o[c] <=> ala_B[c] + co2[c] + h[c],Pantothenate and CoA Biosynthesis,-1000.0,1000.0,C4H6NO4,-1,c
asp__L[c],r_0959,L-Aspartate,0.2614 ade[c] + 0.706188 ala__L[c] + 0.431004 arg__L[c] + 0.155232 asn__L[c] + 0.312228 asp__L[c] + 0.3586 csn[c] + 0.054684 cys__L[c] + 0.17052 gln__L[c] + 0.343392 glu__L[c] + 0.497448 gly[c] + 0.05 glycogen[c] + 0.3586 gua[c] + 0.124068 his__L[c] + 0.322224 ile__L[c] + 0.599172 leu__L[c] + 0.18816 lys__L[c] + 0.143472 met__L[c] + 0.39 pe_hs[c] + 4.86 phb[c] + 0.231672 phe__L[c] + 0.295764 pro__L[c] + 0.01 ptrc[c] + 0.3586 rna[c] + 0.34104 ser__L[c] + 0.30282 thr__L[c] + 0.0722 thym[c] + 0.081144 trp__L[c] + 0.134652 tyr__L[c] + 0.1892 ura[c] + 0.445704 val__L[c] --> biomass[c],Biomass,0.0,1000.0,C4H6NO4,-1,c
asp__L[c],r_0905,L-Aspartate,Largn[c] + oaa[c] <=> asp__L[c] + pphn[c],Phenylalanine Tyrosine Tryptophan Biosynthesis,-1000.0,1000.0,C4H6NO4,-1,c
asp__L[c],r_0266,L-Aspartate,asp__L[c] + atp[c] + citr__L[c] --> amp[c] + argsuc[c] + ppi[c],"Alanine, Aspartate and Glutamate metabolism",0.0,1000.0,C4H6NO4,-1,c
asp__L[c],r_0123,L-Aspartate,asp__L[c] + atp[c] + gln__L[c] + h2o[c] --> amp[c] + asn__L[c] + glu__L[c] + ppi[c],"Alanine, Aspartate and Glutamate metabolism",0.0,1000.0,C4H6NO4,-1,c
asp__L[c],r_0634,L-Aspartate,asp__L[c] + h2o[c] + o2[c] --> h2o2[c] + h[c] + nh3[c] + oaa[c],"Alanine, Aspartate and Glutamate metabolism",0.0,1000.0,C4H6NO4,-1,c
asp__L[c],r_0528,L-Aspartate,asp__L[c] + o2[c] --> h2o2[c] + h[c] + iasp[c],Nicotinate and Nicotinamide,0.0,1000.0,C4H6NO4,-1,c
asp__L[c],r_0966,L-Aspartate,asp__L[c] <=> asp__L[e],Transport,-1000.0,1000.0,C4H6NO4,-1,c
asp__L[c],r_0931,L-Aspartate,asp__L[c] + atp[c] + dgmp[c] <=> adp[c] + dsmp[c] + pi[c],Purine Metabolism,-1000.0,1000.0,C4H6NO4,-1,c
asp__L[c],r_0445,L-Aspartate,asp__L[c] + gtp[c] + imp[c] --> dcamp[c] + gdp[c] + 2.0 h[c] + pi[c],"Alanine, Aspartate and Glutamate metabolism",0.0,1000.0,C4H6NO4,-1,c
asp__L[c],r_0379,L-Aspartate,asp__D[c] <=> asp__L[c],"Alanine, Aspartate and Glutamate metabolism",-1000.0,1000.0,C4H6NO4,-1,c
asp__L[c],BIOMASS_0508,L-Aspartate,0.00816736 Symbiotic_Cofactors[c] + 0.816736 ade[c] + 0.816736 ala__L[c] + 0.816736 arg__L[c] + 0.816736 asp__L[c] + 0.816736 fixedNH3[c] + 0.816736 glycogen[c] + 0.816736 hdca[c] + 0.816736 ile__L[c] + 0.816736 phb[c] + 0.816736 ura[c] + 0.816736 val__L[c] <=> Symbiotic_product[c] + 0.816736 ala__L[e] + 0.816736 asp__L[e] + 0.816736 fixedNH3[e] + 0.816736 glycogen1[c],Symbiosis,-1000.0,1000.0,C4H6NO4,-1,c
asp__L[c],r_1070,L-Aspartate,asp__L[c] + phpyr[c] <=> oaa[c] + phe__L[c],,-1000.0,1000.0,C4H6NO4,-1,c
asp__L[c],r_0031,L-Aspartate,asp__L[c] --> fum[c] + h[c] + nh3[c],"Alanine, Aspartate and Glutamate metabolism",0.0,1000.0,C4H6NO4,-1,c
fum[c],r_1062,Fumarate,4fumacac[c] + h2o[c] --> acac[c] + fum[c] + h[c],,0.0,1000.0,C4H2O4,-2,c
fum[c],r_0243,Fumarate,dcamp[c] --> amp[c] + fum[c],"Alanine, Aspartate and Glutamate metabolism",0.0,1000.0,C4H2O4,-2,c
fum[c],r_0702,Fumarate,dsmp[c] --> dzmp[c] + fum[c],Purine Metabolism,0.0,1000.0,C4H2O4,-2,c
fum[c],r_0236,Fumarate,argsuc[c] <=> arg__L[c] + fum[c],"Alanine, Aspartate and Glutamate metabolism",-1000.0,1000.0,C4H2O4,-2,c
fum[c],r_0411,Fumarate,fum[c] + h2o[c] <=> mal__L[c],TCA Cycle,-1000.0,1000.0,C4H2O4,-2,c
fum[c],r_0095,Fumarate,fad[c] + succ[c] <=> fadh2[c] + fum[c],TCA Cycle,-1000.0,1000.0,C4H2O4,-2,c
fum[c],r_0101,Fumarate,25aics[c] <=> aicar[c] + fum[c],Purine Metabolism,-1000.0,1000.0,C4H2O4,-2,c
fum[c],r_0031,Fumarate,asp__L[c] --> fum[c] + h[c] + nh3[c],"Alanine, Aspartate and Glutamate metabolism",0.0,1000.0,C4H2O4,-2,c
glu5sa[c],r_0419,L-Glutamate 5-semialdehyde,glu5p[c] + nadph[c] --> glu5sa[c] + nadp[c] + pi[c],Arginine and Proline Metabolism,0.0,1000.0,C5H9NO3,0,c
glu5sa[c],r_0032,L-Glutamate 5-semialdehyde,glu5sa[c] <=> 1pyr5c[c] + h2o[c] + h[c],Arginine and Proline Metabolism,-1000.0,1000.0,C5H9NO3,0,c
glu5sa[c],r_0115,L-Glutamate 5-semialdehyde,akg[c] + orn[c] <=> glu5sa[c] + glu__L[c],Arginine and Proline Metabolism,-1000.0,1000.0,C5H9NO3,0,c
1pyr5c[c],r_0281,1-Pyrroline-5-carboxylate,nad[c] + pro__L[c] --> 1pyr5c[c] + h[c] + nadh[c],Arginine and Proline Metabolism,0.0,1000.0,C5H6NO2,-1,c
1pyr5c[c],r_0676,1-Pyrroline-5-carboxylate,nadp[c] + pro__L[c] <=> 1pyr5c[c] + h[c] + nadph[c],Arginine and Proline Metabolism,-1000.0,1000.0,C5H6NO2,-1,c
1pyr5c[c],r_0032,1-Pyrroline-5-carboxylate,glu5sa[c] <=> 1pyr5c[c] + h2o[c] + h[c],Arginine and Proline Metabolism,-1000.0,1000.0,C5H6NO2,-1,c
dxyl5p[c],r_0311,1-deoxy-D-xylulose 5-phosphate,dxyl5p[c] + nad[c] + phthr[c] --> co2[c] + 2.0 h2o[c] + 2.0 h[c] + nadh[c] + pdx5p[c] + pi[c],Vitamin B6 Metabolism,0.0,1000.0,C5H10O7P,-1,c
dxyl5p[c],r_0268,1-deoxy-D-xylulose 5-phosphate,atp[c] + cys__L[c] + dxyl5p[c] + tyr__L[c] --> 4hba[c] + 4mpetz[c] + ala__L[c] + amp[c] + co2[c] + h2o[c] + ppi[c],Thiamine Metabolism,0.0,1000.0,C5H10O7P,-1,c
dxyl5p[c],r_0249,1-deoxy-D-xylulose 5-phosphate,g3p[c] + h[c] + pyr[c] --> co2[c] + dxyl5p[c],Terpenoid Backbone Biosynthesis,0.0,1000.0,C5H10O7P,-1,c
dxyl5p[c],r_0033,1-deoxy-D-xylulose 5-phosphate,dxyl5p[c] + h[c] + nadph[c] --> 2me4p[c] + nadp[c],Terpenoid Backbone Biosynthesis,0.0,1000.0,C5H10O7P,-1,c
dxyl5p[c],r_0561,1-deoxy-D-xylulose 5-phosphate,3a2oprop[c] + dxyl5p[c] --> 2.0 h2o[c] + pdx5p[c] + pi[c],Vitamin B6 Metabolism,0.0,1000.0,C5H10O7P,-1,c
dxyl5p[c],r_0551,1-deoxy-D-xylulose 5-phosphate,dxyl5p[c] + imgly[c] + thiosul[c] --> 2c4mthzep[c] + 2.0 h2o[c] + scp[c],Thiamine Metabolism,0.0,1000.0,C5H10O7P,-1,c
2me4p[c],r_0422,2-C-methyl-D-erythritol 4-phosphate,2me4p[c] + ctp[c] --> 4c2me[c] + ppi[c],Terpenoid Backbone Biosynthesis,0.0,1000.0,C5H12O7P,-1,c
2me4p[c],r_0033,2-C-methyl-D-erythritol 4-phosphate,dxyl5p[c] + h[c] + nadph[c] --> 2me4p[c] + nadp[c],Terpenoid Backbone Biosynthesis,0.0,1000.0,C5H12O7P,-1,c
mal__L[e],r_0034,L-Malate,2.0 h[e] + mal__L[e] --> 2.0 h[c] + mal__L[c],Transport,0.0,1000.0,C4H4O5,-2,e
mal__L[e],r_0340,L-Malate,mal__L[e] <=> ,Exchange,-1.44,1000.0,C4H4O5,-2,e
mal__L[c],r_0411,L-Malate,fum[c] + h2o[c] <=> mal__L[c],TCA Cycle,-1000.0,1000.0,C4H4O5,-2,c
mal__L[c],r_0034,L-Malate,2.0 h[e] + mal__L[e] --> 2.0 h[c] + mal__L[c],Transport,0.0,1000.0,C4H4O5,-2,c
mal__L[c],r_0521,L-Malate,mal__L[c] + nadp[c] --> co2[c] + nadph[c] + pyr[c],Pyruvate metabolism,0.0,1000.0,C4H4O5,-2,c
mal__L[c],r_0684,L-Malate,coa[c] + mal__L[c] <=> accoa[c] + glx[c] + h2o[c],Glyoxylate and dicarboxylate metabolism,-1000.0,1000.0,C4H4O5,-2,c
mal__L[c],r_0264,L-Malate,mal__L[c] + nad[c] <=> h[c] + nadh[c] + oaa[c],Glycolysis / Gluconeogenesis;TCA Cycle,-1000.0,1000.0,C4H4O5,-2,c
cbi[c],r_0035,Cobinamide,atp[c] + cbi[c] <=> adocbi[c] + pppi[c],Porphyrin Metabolism,-1000.0,1000.0,C48H73N11O8Co,3,c
cbi[c],r_0956,Cobinamide,cbi[c] <=> ,Transport,-1000.0,1000.0,C48H73N11O8Co,3,c
adocbi[c],r_0035,Adenosyl cobinamide,atp[c] + cbi[c] <=> adocbi[c] + pppi[c],Porphyrin Metabolism,-1000.0,1000.0,C58H85N16O11Co,2,c
adocbi[c],r_0055,Adenosyl cobinamide,adocbi[c] + atp[c] --> adocbip[c] + adp[c] + h[c],"Valine, Leucine and Isoleucine Degradation",0.0,1000.0,C58H85N16O11Co,2,c
3ig3p[c],r_0036,C-(3-Indolyl)-glycerol 3-phosphate,3ig3p[c] <=> g3p[c] + indole[c],Phenylalanine Tyrosine Tryptophan Biosynthesis,-1000.0,1000.0,C11H13NO6P,-1,c
3ig3p[c],r_0421,C-(3-Indolyl)-glycerol 3-phosphate,2cpr5p[c] + h[c] --> 3ig3p[c] + co2[c] + h2o[c],Phenylalanine Tyrosine Tryptophan Biosynthesis,0.0,1000.0,C11H13NO6P,-1,c
3ig3p[c],r_0246,C-(3-Indolyl)-glycerol 3-phosphate,3ig3p[c] + ser__L[c] --> g3p[c] + h2o[c] + trp__L[c],Phenylalanine Tyrosine Tryptophan Biosynthesis,0.0,1000.0,C11H13NO6P,-1,c
indole[c],r_0040,Indole,indole[c] + ser__L[c] --> h2o[c] + trp__L[c],Phenylalanine Tyrosine Tryptophan Biosynthesis,0.0,1000.0,C8H7N,0,c
indole[c],r_0036,Indole,3ig3p[c] <=> g3p[c] + indole[c],Phenylalanine Tyrosine Tryptophan Biosynthesis,-1000.0,1000.0,C8H7N,0,c
3mop[c],r_0037,(S)-3-Methyl-2-oxopentanoate,3mop[c] + glu__L[c] --> akg[c] + ile__L[c],"Valine, Leucine and Isoleucine Biosynthesis",0.0,1000.0,C6H9O3,-1,c
3mop[c],r_0137,(S)-3-Methyl-2-oxopentanoate,23dhmp[c] --> 3mop[c] + h2o[c],"Valine, Leucine and Isoleucine Biosynthesis",0.0,1000.0,C6H9O3,-1,c
akg[c],r_0283,2-Oxoglutarate,akg[c] + asp__L[c] <=> glu__L[c] + oaa[c],"Alanine, Aspartate and Glutamate metabolism",-1000.0,1000.0,C5H4O5,-2,c
akg[c],r_0477,2-Oxoglutarate,akg[c] + sl26da[c] <=> glu__L[c] + sl2a6o[c],Lysine Biosynthesis,-1000.0,1000.0,C5H4O5,-2,c
akg[c],r_0443,2-Oxoglutarate,glu__L[c] + ohpb[c] <=> akg[c] + phthr[c],Vitamin B6 Metabolism,-1000.0,1000.0,C5H4O5,-2,c
akg[c],r_0597,2-Oxoglutarate,akg[c] + n6all26d[c] <=> glu__L[c] + nal2a6o[c],Lysine Biosynthesis,-1000.0,1000.0,C5H4O5,-2,c
akg[c],r_0526,2-Oxoglutarate,glu__L[c] + h2o[c] + nadp[c] <=> akg[c] + 2.0 h[c] + nadph[c] + nh3[c],"Arginine biosynthesis; Alanine, aspartate and glutamate metabolism",-1000.0,1000.0,C5H4O5,-2,c
akg[c],r_0893,2-Oxoglutarate,akg[c] + u4a46dnabla[c] <=> glu__L[c] + udp2aca26ddarah4[c],Amino sugar and nucleotide sugar metabolism,-1000.0,1000.0,C5H4O5,-2,c
akg[c],r_0648,2-Oxoglutarate,C02356[c] + akg[c] <=> 2obut[c] + glu__L[c],Cysteine and Methionine Metabolism,-1000.0,1000.0,C5H4O5,-2,c
akg[c],r_0476,2-Oxoglutarate,acorn[c] + akg[c] <=> acg5sa[c] + glu__L[c],Arginine biosynthesis,-1000.0,1000.0,C5H4O5,-2,c
akg[c],r_0073,2-Oxoglutarate,glu__L[c] + imacp[c] <=> akg[c] + hisp[c],Histidine Metabolism,-1000.0,1000.0,C5H4O5,-2,c
akg[c],r_0656,2-Oxoglutarate,4met2obut[c] + glu__L[c] --> akg[c] + met__L[c],Cysteine and Methionine Metabolism,0.0,1000.0,C5H4O5,-2,c
akg[c],r_0468,2-Oxoglutarate,akg[c] + gln__L[c] + h[c] + nadph[c] --> 2.0 glu__L[c] + nadp[c],Nitrogen Metabolism,0.0,1000.0,C5H4O5,-2,c
akg[c],r_0185,2-Oxoglutarate,4mop[c] + glu__L[c] --> akg[c] + leu__L[c],"Valine, Leucine and Isoleucine Biosynthesis",0.0,1000.0,C5H4O5,-2,c
akg[c],r_0607,2-Oxoglutarate,icit[c] + nadp[c] --> akg[c] + co2[c] + nadph[c],Glutathione Metabolism,0.0,1000.0,C5H4O5,-2,c
akg[c],r_0037,2-Oxoglutarate,3mop[c] + glu__L[c] --> akg[c] + ile__L[c],"Valine, Leucine and Isoleucine Biosynthesis",0.0,1000.0,C5H4O5,-2,c
akg[c],r_0486,2-Oxoglutarate,glu__L[c] + mmtsa[c] <=> 3aib[c] + akg[c],Pyrimidine Metabolism,-1000.0,1000.0,C5H4O5,-2,c
akg[c],r_0644,2-Oxoglutarate,Lcyst[c] + akg[c] <=> 3spyr[c] + glu__L[c],Cysteine and Methionine Metabolism,-1000.0,1000.0,C5H4O5,-2,c
akg[c],r_0081,2-Oxoglutarate,akg[c] + tyr__L[c] <=> 34hpp[c] + glu__L[c],Phenylalanine Tyrosine Tryptophan Biosynthesis,-1000.0,1000.0,C5H4O5,-2,c
akg[c],r_0115,2-Oxoglutarate,akg[c] + orn[c] <=> glu5sa[c] + glu__L[c],Arginine and Proline Metabolism,-1000.0,1000.0,C5H4O5,-2,c
akg[c],r_0491,2-Oxoglutarate,icit[c] + nad[c] <=> akg[c] + co2[c] + nadh[c],TCA Cycle,-1000.0,1000.0,C5H4O5,-2,c
akg[c],r_0219,2-Oxoglutarate,glu__L[c] + phpyr[c] <=> akg[c] + phe__L[c],Phenylalanine Tyrosine Tryptophan Biosynthesis,-1000.0,1000.0,C5H4O5,-2,c
akg[c],r_0485,2-Oxoglutarate,akg[c] + h[c] + lpam[c] <=> co2[c] + sdhlam[c],TCA Cycle,-1000.0,1000.0,C5H4O5,-2,c
akg[c],r_0645,2-Oxoglutarate,akg[c] + cys__L[c] <=> glu[c] + mercppyr[c],Cysteine and Methionine Metabolism,-1000.0,1000.0,C5H4O5,-2,c
akg[c],r_0968,2-Oxoglutarate,akg[c] <=> akg[e],Transport,-1000.0,1000.0,C5H4O5,-2,c
akg[c],r_0525,2-Oxoglutarate,glu__L[c] + h2o[c] + nad[c] <=> akg[c] + 2.0 h[c] + nadh[c] + nh3[c],"Arginine biosynthesis; Alanine, aspartate and glutamate metabolism",-1000.0,1000.0,C5H4O5,-2,c
akg[c],r_0149,2-Oxoglutarate,4abut[c] + akg[c] --> glu__L[c] + sucsal[c],Nitrogen Metabolism,0.0,1000.0,C5H4O5,-2,c
akg[c],r_0598,2-Oxoglutarate,26dap_LL[c] + akg[c] <=> glu__L[c] + h2o[c] + h[c] + thdp[c],Lysine Biosynthesis,-1000.0,1000.0,C5H4O5,-2,c
akg[c],r_0939,2-Oxoglutarate,aspsa[c] + glu__L[c] <=> 24dab[c] + akg[c],"Glycine, Serine, and Threonine Metabolism",-1000.0,1000.0,C5H4O5,-2,c
akg[c],r_0180,2-Oxoglutarate,3mob[c] + glu__L[c] --> akg[c] + val__L[c],"Valine, Leucine and Isoleucine Biosynthesis",0.0,1000.0,C5H4O5,-2,c
akg[c],r_0427,2-Oxoglutarate,3php[c] + glu__L[c] <=> akg[c] + pser__L[c],"Glycine, Serine, and Threonine Metabolism",-1000.0,1000.0,C5H4O5,-2,c
ile__L[c],r_0434,L-Isoleucine,atp[c] + h[c] + ile__L[c] + trnaile[c] --> amp[c] + iletrna[c] + ppi[c],"Valine, Leucine and Isoleucine Biosynthesis",0.0,1000.0,C6H13NO2,0,c
ile__L[c],r_0037,L-Isoleucine,3mop[c] + glu__L[c] --> akg[c] + ile__L[c],"Valine, Leucine and Isoleucine Biosynthesis",0.0,1000.0,C6H13NO2,0,c
ile__L[c],r_0959,L-Isoleucine,0.2614 ade[c] + 0.706188 ala__L[c] + 0.431004 arg__L[c] + 0.155232 asn__L[c] + 0.312228 asp__L[c] + 0.3586 csn[c] + 0.054684 cys__L[c] + 0.17052 gln__L[c] + 0.343392 glu__L[c] + 0.497448 gly[c] + 0.05 glycogen[c] + 0.3586 gua[c] + 0.124068 his__L[c] + 0.322224 ile__L[c] + 0.599172 leu__L[c] + 0.18816 lys__L[c] + 0.143472 met__L[c] + 0.39 pe_hs[c] + 4.86 phb[c] + 0.231672 phe__L[c] + 0.295764 pro__L[c] + 0.01 ptrc[c] + 0.3586 rna[c] + 0.34104 ser__L[c] + 0.30282 thr__L[c] + 0.0722 thym[c] + 0.081144 trp__L[c] + 0.134652 tyr__L[c] + 0.1892 ura[c] + 0.445704 val__L[c] --> biomass[c],Biomass,0.0,1000.0,C6H13NO2,0,c
ile__L[c],BIOMASS_0508,L-Isoleucine,0.00816736 Symbiotic_Cofactors[c] + 0.816736 ade[c] + 0.816736 ala__L[c] + 0.816736 arg__L[c] + 0.816736 asp__L[c] + 0.816736 fixedNH3[c] + 0.816736 glycogen[c] + 0.816736 hdca[c] + 0.816736 ile__L[c] + 0.816736 phb[c] + 0.816736 ura[c] + 0.816736 val__L[c] <=> Symbiotic_product[c] + 0.816736 ala__L[e] + 0.816736 asp__L[e] + 0.816736 fixedNH3[e] + 0.816736 glycogen1[c],Symbiosis,-1000.0,1000.0,C6H13NO2,0,c
2dda7p[c],r_0102,2-Dehydro-3-deoxy-D-arabino-heptonate 7-phosphate,e4p[c] + h2o[c] + pep[c] --> 2dda7p[c] + h[c] + pi[c],Phenylalanine Tyrosine Tryptophan Biosynthesis,0.0,1000.0,C7H11O10P,-2,c
2dda7p[c],r_0038,2-Dehydro-3-deoxy-D-arabino-heptonate 7-phosphate,2dda7p[c] --> 3dhq[c] + h[c] + pi[c],Phenylalanine Tyrosine Tryptophan Biosynthesis,0.0,1000.0,C7H11O10P,-2,c
3dhq[c],r_1021,3-Dehydroquinate,nad[c] + quin[c] <=> 3dhq[c] + h[c] + nadh[c],,-1000.0,1000.0,C7H9O6,-1,c
3dhq[c],r_0467,3-Dehydroquinate,3dhq[c] <=> 3dhsk[c] + h2o[c],Phenylalanine Tyrosine Tryptophan Biosynthesis,-1000.0,1000.0,C7H9O6,-1,c
3dhq[c],r_0038,3-Dehydroquinate,2dda7p[c] --> 3dhq[c] + h[c] + pi[c],Phenylalanine Tyrosine Tryptophan Biosynthesis,0.0,1000.0,C7H9O6,-1,c
pyr[c],r_0249,Pyruvate,g3p[c] + h[c] + pyr[c] --> co2[c] + dxyl5p[c],Terpenoid Backbone Biosynthesis,0.0,1000.0,C3H3O3,-1,c
pyr[c],r_0453,Pyruvate,h[c] + lpam[c] + pyr[c] --> adhlam[c] + co2[c],Glycolysis / Gluconeogenesis,0.0,1000.0,C3H3O3,-1,c
pyr[c],r_0829,Pyruvate,pep[c] + phis__L[c] <=> pplhis[c] + pyr[c],[],-1000.0,1000.0,C3H3O3,-1,c
pyr[c],r_0863,Pyruvate,dha[c] + pep[c] <=> dhap[c] + pyr[c],[],-1000.0,1000.0,C3H3O3,-1,c
pyr[c],r_1024,Pyruvate,lac__L[c] + nad[c] <=> h[c] + nadh[c] + pyr[c],,-1000.0,1000.0,C3H3O3,-1,c
pyr[c],r_0394,Pyruvate,ser__L[c] <=> h[c] + nh3[c] + pyr[c],"Glycine, Serine, and Threonine Metabolism",-1000.0,1000.0,C3H3O3,-1,c
pyr[c],r_0376,Pyruvate,2ddg6p[c] --> g3p[c] + pyr[c],Pentose Phosphate Pathway,0.0,1000.0,C3H3O3,-1,c
pyr[c],r_0590,Pyruvate,2obut[c] + h[c] + pyr[c] --> 2ahbut[c] + co2[c],"Valine, Leucine and Isoleucine Biosynthesis",0.0,1000.0,C3H3O3,-1,c
pyr[c],r_0646,Pyruvate,cys__L[c] + h2o[c] <=> h2s[c] + h[c] + nh3[c] + pyr[c],Cysteine and Methionine Metabolism,-1000.0,1000.0,C3H3O3,-1,c
pyr[c],r_0778,Pyruvate,acnm[c] <=> acmana[c] + pyr[c],[],-1000.0,1000.0,C3H3O3,-1,c
pyr[c],r_0039,Pyruvate,cyst__L[c] + h2o[c] --> h[c] + hcys__L[c] + nh3[c] + pyr[c],Cysteine and Methionine Metabolism,0.0,1000.0,C3H3O3,-1,c
pyr[c],r_0796,Pyruvate,23dappa[c] + h2o[c] <=> 2.0 nh3[c] + pyr[c],[],-1000.0,1000.0,C3H3O3,-1,c
pyr[c],r_0647,Pyruvate,mercppyr[c] + trdrd[c] <=> h2s[c] + pyr[c] + trdox[c],Cysteine and Methionine Metabolism,-1000.0,1000.0,C3H3O3,-1,c
pyr[c],r_0391,Pyruvate,dadp[c] + pep[c] <=> datp[c] + pyr[c],Purine Metabolism,-1000.0,1000.0,C3H3O3,-1,c
pyr[c],r_0882,Pyruvate,4h2kpi[c] <=> pyr[c] + sucsal[c],[],-1000.0,1000.0,C3H3O3,-1,c
pyr[c],r_0521,Pyruvate,mal__L[c] + nadp[c] --> co2[c] + nadph[c] + pyr[c],Pyruvate metabolism,0.0,1000.0,C3H3O3,-1,c
pyr[c],r_0728,Pyruvate,atp[c] + h[c] + pi[c] + pyr[c] <=> amp[c] + pep[c] + ppi[c],Glycolysis / Gluconeogenesis,-1000.0,1000.0,C3H3O3,-1,c
pyr[c],r_0107,Pyruvate,2ahethmpp[c] + pyr[c] --> alac__S[c] + thmpp[c],"Valine, Leucine and Isoleucine Biosynthesis",0.0,1000.0,C3H3O3,-1,c
pyr[c],r_0922,Pyruvate,3sulac[c] <=> hso3[c] + pyr[c],Cysteine and Methionine Metabolism,-1000.0,1000.0,C3H3O3,-1,c
pyr[c],r_0227,Pyruvate,h[c] + pyr[c] + thmpp[c] --> 2ahethmpp[c] + co2[c],TCA Cycle,0.0,1000.0,C3H3O3,-1,c
pyr[c],r_0687,Pyruvate,eoaa[c] <=> co2[c] + pyr[c],Pyruvate metabolism,-1000.0,1000.0,C3H3O3,-1,c
pyr[c],r_0923,Pyruvate,Lcyst[c] + h2o[c] <=> h[c] + hso3[c] + nh3[c] + pyr[c],Cysteine and Methionine Metabolism,-1000.0,1000.0,C3H3O3,-1,c
pyr[c],r_0291,Pyruvate,atp[c] + h2o[c] + pyr[c] --> amp[c] + h[c] + pep[c] + pi[c],Glycolysis / Gluconeogenesis,0.0,1000.0,C3H3O3,-1,c
pyr[c],r_0404,Pyruvate,chor[c] + gln__L[c] --> anth[c] + glu__L[c] + h[c] + pyr[c],Phenylalanine Tyrosine Tryptophan Biosynthesis,0.0,1000.0,C3H3O3,-1,c
pyr[c],r_0911,Pyruvate,4adcho[c] <=> 4abz[c] + pyr[c],Folate Biosynthesis,-1000.0,1000.0,C3H3O3,-1,c
pyr[c],r_0392,Pyruvate,atp[c] + hco3[c] + pyr[c] --> adp[c] + h[c] + oaa[c] + pi[c],Glycolysis / Gluconeogenesis,0.0,1000.0,C3H3O3,-1,c
pyr[c],r_0056,Pyruvate,adp[c] + pep[c] --> atp[c] + pyr[c],"Valine, Leucine and Isoleucine Degradation",0.0,1000.0,C3H3O3,-1,c
pyr[c],r_0753,Pyruvate,2dh3dgal6p[c] <=> g3p[c] + pyr[c],Galactose metabolism,-1000.0,1000.0,C3H3O3,-1,c
pyr[c],r_0596,Pyruvate,aspsa[c] + pyr[c] <=> 4hthdp[c] + h2o[c] + h[c],Lysine Biosynthesis,-1000.0,1000.0,C3H3O3,-1,c
pyr[c],r_0570,Pyruvate,h[c] + 2.0 pyr[c] --> alac__S[c] + co2[c],Pantothenate and CoA Biosynthesis,0.0,1000.0,C3H3O3,-1,c
pyr[c],r_1031,Pyruvate,2dh3dgal[c] <=> glycs[c] + pyr[c],,-1000.0,1000.0,C3H3O3,-1,c
pyr[c],r_0593,Pyruvate,accoa[c] + h2o[c] + pyr[c] --> 2mm__R[c] + coa[c],"Valine, Leucine and Isoleucine Biosynthesis",0.0,1000.0,C3H3O3,-1,c
pyr[c],r_1043,Pyruvate,pep[c] + rbl_B[c] <=> pyr[c] + salcn6p[c],,-1000.0,1000.0,C3H3O3,-1,c
pyr[c],r_0113,Pyruvate,ala__L[c] + h2o[c] + nad[c] <=> 2.0 h[c] + nadh[c] + nh3[c] + pyr[c],Sulfur Metabolism; Purine Metabolism,-1000.0,1000.0,C3H3O3,-1,c
trp__L[c],r_0246,L-Tryptophan,3ig3p[c] + ser__L[c] --> g3p[c] + h2o[c] + trp__L[c],Phenylalanine Tyrosine Tryptophan Biosynthesis,0.0,1000.0,C11H12N2O2,0,c
trp__L[c],r_0346,L-Tryptophan,atp[c] + h[c] + trnatrp[c] + trp__L[c] --> amp[c] + ppi[c] + trptrna[c],Phenylalanine Tyrosine Tryptophan Biosynthesis,0.0,1000.0,C11H12N2O2,0,c
trp__L[c],r_0959,L-Tryptophan,0.2614 ade[c] + 0.706188 ala__L[c] + 0.431004 arg__L[c] + 0.155232 asn__L[c] + 0.312228 asp__L[c] + 0.3586 csn[c] + 0.054684 cys__L[c] + 0.17052 gln__L[c] + 0.343392 glu__L[c] + 0.497448 gly[c] + 0.05 glycogen[c] + 0.3586 gua[c] + 0.124068 his__L[c] + 0.322224 ile__L[c] + 0.599172 leu__L[c] + 0.18816 lys__L[c] + 0.143472 met__L[c] + 0.39 pe_hs[c] + 4.86 phb[c] + 0.231672 phe__L[c] + 0.295764 pro__L[c] + 0.01 ptrc[c] + 0.3586 rna[c] + 0.34104 ser__L[c] + 0.30282 thr__L[c] + 0.0722 thym[c] + 0.081144 trp__L[c] + 0.134652 tyr__L[c] + 0.1892 ura[c] + 0.445704 val__L[c] --> biomass[c],Biomass,0.0,1000.0,C11H12N2O2,0,c
trp__L[c],r_0657,L-Tryptophan,indpyr[c] + met__L[c] --> 4met2obut[c] + trp__L[c],Cysteine and Methionine Metabolism,0.0,1000.0,C11H12N2O2,0,c
trp__L[c],r_0040,L-Tryptophan,indole[c] + ser__L[c] --> h2o[c] + trp__L[c],Phenylalanine Tyrosine Tryptophan Biosynthesis,0.0,1000.0,C11H12N2O2,0,c
adhlam[c],r_0041,S-Acetyldihydrolipoamide,adhlam[c] + coa[c] <=> accoa[c] + dhlam[c],Glycolysis / Gluconeogenesis;TCA Cycle,-1000.0,1000.0,C10H19NO2S2,0,c
adhlam[c],r_0453,S-Acetyldihydrolipoamide,h[c] + lpam[c] + pyr[c] --> adhlam[c] + co2[c],Glycolysis / Gluconeogenesis,0.0,1000.0,C10H19NO2S2,0,c
dhlam[c],r_0475,Dihydrolipoamide (pyruvate dehydrogenase),coa[c] + sdhlam[c] --> dhlam[c] + succoa[c],TCA Cycle,0.0,1000.0,C8H17NOS2,0,c
dhlam[c],r_0041,Dihydrolipoamide (pyruvate dehydrogenase),adhlam[c] + coa[c] <=> accoa[c] + dhlam[c],Glycolysis / Gluconeogenesis;TCA Cycle,-1000.0,1000.0,C8H17NOS2,0,c
dhlam[c],r_0194,Dihydrolipoamide (pyruvate dehydrogenase),dhlam[c] + nad[c] --> h[c] + lpam[c] + nadh[c],Glycolysis / Gluconeogenesis,0.0,1000.0,C8H17NOS2,0,c
fdxrd[c],r_0535,ferredoxin (reduced) 2[4Fe-4S],co[c] + 2.0 fdxox[c] + h2o[c] --> co2[c] + 2.0 fdxrd[c] + 2.0 h[c],[],0.0,1000.0,R,5,c
fdxrd[c],r_0270,ferredoxin (reduced) 2[4Fe-4S],16.0 atp[c] + 8.0 fdxrd[c] + 16.0 h2o[c] + n2[c] --> 16.0 adp[c] + 8.0 fdxox[c] + 2.0 fixedNH3[c] + h2[c] + 8.0 h[c] + 16.0 pi[c],Nitrogen Metabolism; Symbiosis,0.0,1000.0,R,5,c
fdxrd[c],r_0078,ferredoxin (reduced) 2[4Fe-4S],2.0 fdxrd[c] + h2mb4p[c] + 2.0 h[c] <=> 2.0 fdxox[c] + h2o[c] + ipdp[c],Terpenoid Backbone Biosynthesis,-1000.0,1000.0,R,5,c
fdxrd[c],r_0614,ferredoxin (reduced) 2[4Fe-4S],6.0 fdxox[c] + 3.0 h2o[c] + h2s[c] <=> 6.0 fdxrd[c] + 7.0 h[c] + so3[c],Sulfur Metabolism,-1000.0,1000.0,R,5,c
fdxrd[c],r_0042,ferredoxin (reduced) 2[4Fe-4S],2.0 fdxrd[c] + h[c] + nadp[c] <=> 2.0 fdxox[c] + nadph[c],Nicotinate and Nicotinamide,-1000.0,1000.0,R,5,c
fdxrd[c],r_0610,ferredoxin (reduced) 2[4Fe-4S],2mecdp[c] + 2.0 fdxrd[c] + 2.0 h[c] --> 2.0 fdxox[c] + h2mb4p[c] + h2o[c],Terpenoid Backbone Biosynthesis,0.0,1000.0,R,5,c
fdxox[c],r_0535,ferredoxin (oxidized) 2[4Fe-4S],co[c] + 2.0 fdxox[c] + h2o[c] --> co2[c] + 2.0 fdxrd[c] + 2.0 h[c],[],0.0,1000.0,R,6,c
fdxox[c],r_0270,ferredoxin (oxidized) 2[4Fe-4S],16.0 atp[c] + 8.0 fdxrd[c] + 16.0 h2o[c] + n2[c] --> 16.0 adp[c] + 8.0 fdxox[c] + 2.0 fixedNH3[c] + h2[c] + 8.0 h[c] + 16.0 pi[c],Nitrogen Metabolism; Symbiosis,0.0,1000.0,R,6,c
fdxox[c],r_0078,ferredoxin (oxidized) 2[4Fe-4S],2.0 fdxrd[c] + h2mb4p[c] + 2.0 h[c] <=> 2.0 fdxox[c] + h2o[c] + ipdp[c],Terpenoid Backbone Biosynthesis,-1000.0,1000.0,R,6,c
fdxox[c],r_0614,ferredoxin (oxidized) 2[4Fe-4S],6.0 fdxox[c] + 3.0 h2o[c] + h2s[c] <=> 6.0 fdxrd[c] + 7.0 h[c] + so3[c],Sulfur Metabolism,-1000.0,1000.0,R,6,c
fdxox[c],r_0042,ferredoxin (oxidized) 2[4Fe-4S],2.0 fdxrd[c] + h[c] + nadp[c] <=> 2.0 fdxox[c] + nadph[c],Nicotinate and Nicotinamide,-1000.0,1000.0,R,6,c
fdxox[c],r_0610,ferredoxin (oxidized) 2[4Fe-4S],2mecdp[c] + 2.0 fdxrd[c] + 2.0 h[c] --> 2.0 fdxox[c] + h2mb4p[c] + h2o[c],Terpenoid Backbone Biosynthesis,0.0,1000.0,R,6,c
hco3[c],r_0043,Carbonic acid,co2[c] + h2o[c] <=> h[c] + hco3[c],Nitrogen Metabolism,-1000.0,1000.0,CHO3,-1,c
hco3[c],r_0694,Carbonic acid,air[c] + atp[c] + hco3[c] --> 5ca1rpi[c] + adp[c] + pi[c],Purine Metabolism,0.0,1000.0,CHO3,-1,c
hco3[c],r_0757,Carbonic acid,atp[c] + h[c] + hco3[c] + thr__L[c] --> h2o[c] + lthrcala[c] + ppi[c],Nucleic Acid Processing,0.0,1000.0,CHO3,-1,c
hco3[c],r_0472,Carbonic acid,2.0 atp[c] + gln__L[c] + h2o[c] + hco3[c] --> 2.0 adp[c] + cbp[c] + glu__L[c] + h[c] + pi[c],"Alanine, Aspartate and Glutamate metabolism",0.0,1000.0,CHO3,-1,c
hco3[c],r_0444,Carbonic acid,accoa[c] + atp[c] + hco3[c] <=> adp[c] + h[c] + malcoa[c] + pi[c],Fatty Acid Biosynthesis,-1000.0,1000.0,CHO3,-1,c
hco3[c],r_0774,Carbonic acid,atp[c] + btnCCP[c] + hco3[c] --> adp[c] + carP[c] + pi[c],[],0.0,1000.0,CHO3,-1,c
hco3[c],r_0392,Carbonic acid,atp[c] + hco3[c] + pyr[c] --> adp[c] + h[c] + oaa[c] + pi[c],Glycolysis / Gluconeogenesis,0.0,1000.0,CHO3,-1,c
met__L[c],r_0099,L-Methionine,amet[c] + hcys__L[c] --> ahcys[c] + h[c] + met__L[c],Cysteine and Methionine Metabolism,0.0,1000.0,C5H11NO2S,0,c
met__L[c],r_0717,L-Methionine,2.0 amet[c] + cpppg3[c] --> 2.0 co2[c] + 2.0 dad_5[c] + 2.0 met__L[c] + pppg9[c],Porphyrin and Chlorophyll Metabolism,0.0,1000.0,C5H11NO2S,0,c
met__L[c],r_0790,L-Methionine,amet[c] + trna7am7c[c] <=> ade[c] + epqtrna[c] + met__L[c],[],-1000.0,1000.0,C5H11NO2S,0,c
met__L[c],r_0655,L-Methionine,achms[c] + ch4s[c] <=> ac[c] + met__L[c],Cysteine and Methionine Metabolism,-1000.0,1000.0,C5H11NO2S,0,c
met__L[c],r_0734,L-Methionine,2.0 amet[c] + sdo[c] + trna6iso[c] <=> 2mn6ditrna[c] + ahcys[c] + dad_5[c] + met__L[c],[],-1000.0,1000.0,C5H11NO2S,0,c
met__L[c],r_0044,L-Methionine,atp[c] + h2o[c] + met__L[c] --> amet[c] + pi[c] + ppi[c],Cysteine and Methionine Metabolism,0.0,1000.0,C5H11NO2S,0,c
met__L[c],r_0959,L-Methionine,0.2614 ade[c] + 0.706188 ala__L[c] + 0.431004 arg__L[c] + 0.155232 asn__L[c] + 0.312228 asp__L[c] + 0.3586 csn[c] + 0.054684 cys__L[c] + 0.17052 gln__L[c] + 0.343392 glu__L[c] + 0.497448 gly[c] + 0.05 glycogen[c] + 0.3586 gua[c] + 0.124068 his__L[c] + 0.322224 ile__L[c] + 0.599172 leu__L[c] + 0.18816 lys__L[c] + 0.143472 met__L[c] + 0.39 pe_hs[c] + 4.86 phb[c] + 0.231672 phe__L[c] + 0.295764 pro__L[c] + 0.01 ptrc[c] + 0.3586 rna[c] + 0.34104 ser__L[c] + 0.30282 thr__L[c] + 0.0722 thym[c] + 0.081144 trp__L[c] + 0.134652 tyr__L[c] + 0.1892 ura[c] + 0.445704 val__L[c] --> biomass[c],Biomass,0.0,1000.0,C5H11NO2S,0,c
met__L[c],r_0777,L-Methionine,2.0 amet[c] + fscspc4f4s[c] + 8.0 h[c] + pn6ocllys[c] + 2.0 r2f2sf[c] <=> 2.0 dad_5[c] + 2.0 fdxo_22[c] + 4.0 fe2[c] + fscsp[c] + 2.0 h2s[c] + 2.0 met__L[c] + pn6rdillys[c],Lipoic acid metabolism,-1000.0,1000.0,C5H11NO2S,0,c
met__L[c],r_0656,L-Methionine,4met2obut[c] + glu__L[c] --> akg[c] + met__L[c],Cysteine and Methionine Metabolism,0.0,1000.0,C5H11NO2S,0,c
met__L[c],r_0669,L-Methionine,amet[c] + gtp[c] + racptr[c] --> 38ch2gtp[c] + acptr[c] + dad_5[c] + met__L[c],Folate Biosynthesis,0.0,1000.0,C5H11NO2S,0,c
met__L[c],r_0382,L-Methionine,atp[c] + met__L[c] + trnamet[c] --> amp[c] + mettrna[c] + ppi[c],Cysteine and Methionine Metabolism,0.0,1000.0,C5H11NO2S,0,c
met__L[c],r_0657,L-Methionine,indpyr[c] + met__L[c] --> 4met2obut[c] + trp__L[c],Cysteine and Methionine Metabolism,0.0,1000.0,C5H11NO2S,0,c
met__L[c],r_0735,L-Methionine,amet[c] + sdo[c] + trna6iso[c] <=> 2tn6ditrna[c] + dad_5[c] + met__L[c],[],-1000.0,1000.0,C5H11NO2S,0,c
met__L[c],r_0301,L-Methionine,air[c] + amet[c] + h2o[c] --> 4ahmmp[c] + co[c] + dad_5[c] + for[c] + 4.0 h[c] + met__L[c] + pi[c],Thiamine Metabolism,0.0,1000.0,C5H11NO2S,0,c
met__L[c],r_0366,L-Methionine,5mthf[c] + hcys__L[c] --> met__L[c] + thf[c],Cysteine and Methionine Metabolism,0.0,1000.0,C5H11NO2S,0,c
met__L[c],r_0548,L-Methionine,air[c] + amet[c] --> 4ampm[c] + co[c] + dad_5[c] + for[c] + h2o[c] + met__L[c],Thiamine Metabolism,0.0,1000.0,C5H11NO2S,0,c
met__L[c],r_0638,L-Methionine,glyb[c] + hcys__L[c] --> dmgly[c] + met__L[c],"Glycine, Serine, and Threonine Metabolism",0.0,1000.0,C5H11NO2S,0,c
met__L[c],r_0821,L-Methionine,2.0 amet[c] + dtbt[c] + 2.0 e[c] + 2.0 h[c] + sdo[c] <=> btn[c] + 2.0 dad_5[c] + 2.0 met__L[c],[],-1000.0,1000.0,C5H11NO2S,0,c
met__L[c],r_0847,L-Methionine,h2o[c] + met__L[c] + trdox[c] <=> metox[c] + trdrd[c],[],-1000.0,1000.0,C5H11NO2S,0,c
amet[c],r_0720,S-Adenosyl-L-methionine,amet[c] + pre4[c] --> ahcys[c] + pre5[c],Porphyrin and Chlorophyll Metabolism,0.0,1000.0,C15H23N6O5S,1,c
amet[c],r_0454,S-Adenosyl-L-methionine,2.0 amet[c] + uppg3[c] --> 2.0 ahcys[c] + dscl[c] + 2.0 h[c],Porphyrin and Chlorophyll Metabolism,0.0,1000.0,C15H23N6O5S,1,c
amet[c],r_0717,S-Adenosyl-L-methionine,2.0 amet[c] + cpppg3[c] --> 2.0 co2[c] + 2.0 dad_5[c] + 2.0 met__L[c] + pppg9[c],Porphyrin and Chlorophyll Metabolism,0.0,1000.0,C15H23N6O5S,1,c
amet[c],r_0600,S-Adenosyl-L-methionine,amet[c] + his__L[c] --> Npmehis[c] + ahcys[c],Histidine Metabolism,0.0,1000.0,C15H23N6O5S,1,c
amet[c],r_0831,S-Adenosyl-L-methionine,3detlbq[c] + amet[c] <=> ahcys[c] + qh2[c],[],-1000.0,1000.0,C15H23N6O5S,1,c
amet[c],r_0759,S-Adenosyl-L-methionine,acon_T[c] + amet[c] <=> ahcys[c] + e3me2en[c],[],-1000.0,1000.0,C15H23N6O5S,1,c
amet[c],r_0818,S-Adenosyl-L-methionine,8aonn[c] + amet[c] <=> amob[c] + dann[c],Biotin metabolism,-1000.0,1000.0,C15H23N6O5S,1,c
amet[c],r_0740,S-Adenosyl-L-methionine,amet[c] + procslcys[c] <=> ahcys[c] + procslmees[c],Terpenoid Backbone Biosynthesis,-1000.0,1000.0,C15H23N6O5S,1,c
amet[c],r_0851,S-Adenosyl-L-methionine,amet[c] + trnagua[c] <=> ahcys[c] + trnan1megu[c],[],-1000.0,1000.0,C15H23N6O5S,1,c
amet[c],r_0734,S-Adenosyl-L-methionine,2.0 amet[c] + sdo[c] + trna6iso[c] <=> 2mn6ditrna[c] + ahcys[c] + dad_5[c] + met__L[c],[],-1000.0,1000.0,C15H23N6O5S,1,c
amet[c],r_0840,S-Adenosyl-L-methionine,amet[c] + dscl[c] <=> ahcys[c] + h[c] + pre3a[c],Porphyrin and Chlorophyll Metabolism,-1000.0,1000.0,C15H23N6O5S,1,c
amet[c],r_0828,S-Adenosyl-L-methionine,amet[c] + pglumi[c] <=> ahcys[c] + pn5mlglu[c],[],-1000.0,1000.0,C15H23N6O5S,1,c
amet[c],r_0669,S-Adenosyl-L-methionine,amet[c] + gtp[c] + racptr[c] --> 38ch2gtp[c] + acptr[c] + dad_5[c] + met__L[c],Folate Biosynthesis,0.0,1000.0,C15H23N6O5S,1,c
amet[c],r_0735,S-Adenosyl-L-methionine,amet[c] + sdo[c] + trna6iso[c] <=> 2tn6ditrna[c] + dad_5[c] + met__L[c],[],-1000.0,1000.0,C15H23N6O5S,1,c
amet[c],r_0785,S-Adenosyl-L-methionine,amet[c] + pliso[c] <=> ahcys[c] + plisome[c],[],-1000.0,1000.0,C15H23N6O5S,1,c
amet[c],r_0602,S-Adenosyl-L-methionine,3.0 amet[c] + h[c] + his__L[c] --> 3.0 ahcys[c] + hercyn[c],Histidine Metabolism,0.0,1000.0,C15H23N6O5S,1,c
amet[c],r_0907,S-Adenosyl-L-methionine,2.0 amet[c] + pre6b[c] <=> 2.0 ahcys[c] + co2[c] + pre8[c],Porphyrin and Chlorophyll Metabolism,-1000.0,1000.0,C15H23N6O5S,1,c
amet[c],r_0750,S-Adenosyl-L-methionine,amet[c] + rrna[c] <=> ahcys[c] + rrnan2me[c],[],-1000.0,1000.0,C15H23N6O5S,1,c
amet[c],r_0099,S-Adenosyl-L-methionine,amet[c] + hcys__L[c] --> ahcys[c] + h[c] + met__L[c],Cysteine and Methionine Metabolism,0.0,1000.0,C15H23N6O5S,1,c
amet[c],r_0790,S-Adenosyl-L-methionine,amet[c] + trna7am7c[c] <=> ade[c] + epqtrna[c] + met__L[c],[],-1000.0,1000.0,C15H23N6O5S,1,c
amet[c],r_0175,S-Adenosyl-L-methionine,amet[c] + dna[c] --> ahcys[c] + dna5mtc[c] + h[c],Cysteine and Methionine Metabolism,0.0,1000.0,C15H23N6O5S,1,c
amet[c],r_0764,S-Adenosyl-L-methionine,aderna[c] + 2.0 amet[c] <=> 2.0 ahcys[c] + n6dirrna[c],[],-1000.0,1000.0,C15H23N6O5S,1,c
amet[c],r_0044,S-Adenosyl-L-methionine,atp[c] + h2o[c] + met__L[c] --> amet[c] + pi[c] + ppi[c],Cysteine and Methionine Metabolism,0.0,1000.0,C15H23N6O5S,1,c
amet[c],r_0777,S-Adenosyl-L-methionine,2.0 amet[c] + fscspc4f4s[c] + 8.0 h[c] + pn6ocllys[c] + 2.0 r2f2sf[c] <=> 2.0 dad_5[c] + 2.0 fdxo_22[c] + 4.0 fe2[c] + fscsp[c] + 2.0 h2s[c] + 2.0 met__L[c] + pn6rdillys[c],Lipoic acid metabolism,-1000.0,1000.0,C15H23N6O5S,1,c
amet[c],r_0719,S-Adenosyl-L-methionine,amet[c] + pre3b[c] --> ahcys[c] + pre4[c],Porphyrin and Chlorophyll Metabolism,0.0,1000.0,C15H23N6O5S,1,c
amet[c],r_0301,S-Adenosyl-L-methionine,air[c] + amet[c] + h2o[c] --> 4ahmmp[c] + co[c] + dad_5[c] + for[c] + 4.0 h[c] + met__L[c] + pi[c],Thiamine Metabolism,0.0,1000.0,C15H23N6O5S,1,c
amet[c],r_0548,S-Adenosyl-L-methionine,air[c] + amet[c] --> 4ampm[c] + co[c] + dad_5[c] + for[c] + h2o[c] + met__L[c],Thiamine Metabolism,0.0,1000.0,C15H23N6O5S,1,c
amet[c],r_0821,S-Adenosyl-L-methionine,2.0 amet[c] + dtbt[c] + 2.0 e[c] + 2.0 h[c] + sdo[c] <=> btn[c] + 2.0 dad_5[c] + 2.0 met__L[c],[],-1000.0,1000.0,C15H23N6O5S,1,c
amet[c],r_0721,S-Adenosyl-L-methionine,amet[c] + h2o[c] + pre5[c] --> ac[c] + ahcys[c] + pre6a[c],Porphyrin and Chlorophyll Metabolism,0.0,1000.0,C15H23N6O5S,1,c
amet[c],r_0653,S-Adenosyl-L-methionine,acacp[c] + amet[c] <=> 5mta[c] + ACP[c] + nalhsrln[c],Cysteine and Methionine Metabolism,-1000.0,1000.0,C15H23N6O5S,1,c
amet[c],r_0868,S-Adenosyl-L-methionine,2m6atp14b[c] + amet[c] <=> 6m3m2atp14b[c] + ahcys[c],[],-1000.0,1000.0,C15H23N6O5S,1,c
amet[c],r_0741,S-Adenosyl-L-methionine,amet[c] + ch4s[c] <=> ahcys[c] + dms[c],[],-1000.0,1000.0,C15H23N6O5S,1,c
amet[c],r_0736,S-Adenosyl-L-methionine,2tn6ditrna[c] + amet[c] <=> 2mn6ditrna[c] + ahcys[c],[],-1000.0,1000.0,C15H23N6O5S,1,c
amet[c],r_0830,S-Adenosyl-L-methionine,2po6hy[c] + amet[c] <=> 2po6me[c] + ahcys[c],Ubiquinone and other terpenoid-quinone biosynthesis,-1000.0,1000.0,C15H23N6O5S,1,c
amet[c],r_0867,S-Adenosyl-L-methionine,amet[c] + dmmq[c] <=> ahcys[c] + mql[c],[],-1000.0,1000.0,C15H23N6O5S,1,c
6hmhpt[c],r_0672,6-hydroxymethyl dihydropterin,4abz[c] + 6hmhpt[c] --> dhpt[c] + h2o[c],Folate Biosynthesis,0.0,1000.0,C7H9N5O2,0,c
6hmhpt[c],r_0127,6-hydroxymethyl dihydropterin,dhnpt[c] --> 6hmhpt[c] + gcald[c],Folate Biosynthesis,0.0,1000.0,C7H9N5O2,0,c
6hmhpt[c],r_0045,6-hydroxymethyl dihydropterin,6hmhpt[c] + atp[c] <=> 6hmhptpp[c] + amp[c],Folate Biosynthesis,-1000.0,1000.0,C7H9N5O2,0,c
6hmhptpp[c],r_0165,6-hydroxymethyl-dihydropterin pyrophosphate,4abz[c] + 6hmhptpp[c] --> dhpt[c] + ppi[c],Folate Biosynthesis,0.0,1000.0,C7H9N5O8P2,-2,c
6hmhptpp[c],r_0045,6-hydroxymethyl-dihydropterin pyrophosphate,6hmhpt[c] + atp[c] <=> 6hmhptpp[c] + amp[c],Folate Biosynthesis,-1000.0,1000.0,C7H9N5O8P2,-2,c
thr__L[c],r_0062,L-Threonine,thr__L[c] <=> acald[c] + gly[c],"Glycine, Serine, and Threonine Metabolism",-1000.0,1000.0,C4H9NO3,0,c
thr__L[c],r_0428,L-Threonine,atp[c] + thr__L[c] + trnathr[c] --> amp[c] + ppi[c] + thrtrna[c],Aminoacyl-tRNA biosynthesis,0.0,1000.0,C4H9NO3,0,c
thr__L[c],r_0046,L-Threonine,thr__L[c] --> 2obut[c] + h[c] + nh3[c],"Glycine, Serine, and Threonine Metabolism",0.0,1000.0,C4H9NO3,0,c
thr__L[c],r_0190,L-Threonine,nad[c] + thr__L[c] --> 2aobut[c] + h[c] + nadh[c],"Glycine, Serine, and Threonine Metabolism",0.0,1000.0,C4H9NO3,0,c
thr__L[c],r_0222,L-Threonine,h2o[c] + phom[c] --> h[c] + pi[c] + thr__L[c],"Glycine, Serine, and Threonine Metabolism",0.0,1000.0,C4H9NO3,0,c
thr__L[c],r_0959,L-Threonine,0.2614 ade[c] + 0.706188 ala__L[c] + 0.431004 arg__L[c] + 0.155232 asn__L[c] + 0.312228 asp__L[c] + 0.3586 csn[c] + 0.054684 cys__L[c] + 0.17052 gln__L[c] + 0.343392 glu__L[c] + 0.497448 gly[c] + 0.05 glycogen[c] + 0.3586 gua[c] + 0.124068 his__L[c] + 0.322224 ile__L[c] + 0.599172 leu__L[c] + 0.18816 lys__L[c] + 0.143472 met__L[c] + 0.39 pe_hs[c] + 4.86 phb[c] + 0.231672 phe__L[c] + 0.295764 pro__L[c] + 0.01 ptrc[c] + 0.3586 rna[c] + 0.34104 ser__L[c] + 0.30282 thr__L[c] + 0.0722 thym[c] + 0.081144 trp__L[c] + 0.134652 tyr__L[c] + 0.1892 ura[c] + 0.445704 val__L[c] --> biomass[c],Biomass,0.0,1000.0,C4H9NO3,0,c
thr__L[c],r_0757,L-Threonine,atp[c] + h[c] + hco3[c] + thr__L[c] --> h2o[c] + lthrcala[c] + ppi[c],Nucleic Acid Processing,0.0,1000.0,C4H9NO3,0,c
2obut[c],r_0590,2-Oxobutanoate,2obut[c] + h[c] + pyr[c] --> 2ahbut[c] + co2[c],"Valine, Leucine and Isoleucine Biosynthesis",0.0,1000.0,C4H5O3,-1,c
2obut[c],r_0046,2-Oxobutanoate,thr__L[c] --> 2obut[c] + h[c] + nh3[c],"Glycine, Serine, and Threonine Metabolism",0.0,1000.0,C4H5O3,-1,c
2obut[c],r_0479,2-Oxobutanoate,h2o[c] + suchms[c] <=> 2obut[c] + 2.0 h[c] + nh3[c] + succ[c],Cysteine and Methionine Metabolism,-1000.0,1000.0,C4H5O3,-1,c
2obut[c],r_0126,2-Oxobutanoate,2ahethmpp[c] + 2obut[c] --> 2ahbut[c] + thmpp[c],"Valine, Leucine and Isoleucine Biosynthesis",0.0,1000.0,C4H5O3,-1,c
2obut[c],r_0589,2-Oxobutanoate,nad[c] + r3mmal[c] --> 2obut[c] + co2[c] + nadh[c],"Valine, Leucine and Isoleucine Biosynthesis",0.0,1000.0,C4H5O3,-1,c
2obut[c],r_0648,2-Oxobutanoate,C02356[c] + akg[c] <=> 2obut[c] + glu__L[c],Cysteine and Methionine Metabolism,-1000.0,1000.0,C4H5O3,-1,c
6r5au[c],r_0286,6-(1-D-Ribitylamino)-5-aminouracil,2.0 dmlz[c] <=> 6r5au[c] + ribflv[c],Riboflavin Metabolism,-1000.0,1000.0,C9H16N4O6,0,c
6r5au[c],r_0047,6-(1-D-Ribitylamino)-5-aminouracil,6r5au[c] + db4p[c] <=> dmlz[c] + 2.0 h2o[c] + h[c] + pi[c],Riboflavin Metabolism,-1000.0,1000.0,C9H16N4O6,0,c
6r5au[c],r_0121,6-(1-D-Ribitylamino)-5-aminouracil,5aprbu[c] + h2o[c] <=> 6r5au[c] + pi[c],Riboflavin Metabolism,-1000.0,1000.0,C9H16N4O6,0,c
db4p[c],r_0085,"3,4-dihydroxy-2-butanone 4-phosphate",ru5p__D[c] <=> db4p[c] + for[c] + h[c],Riboflavin Metabolism,-1000.0,1000.0,C4H8O6P,-1,c
db4p[c],r_0047,"3,4-dihydroxy-2-butanone 4-phosphate",6r5au[c] + db4p[c] <=> dmlz[c] + 2.0 h2o[c] + h[c] + pi[c],Riboflavin Metabolism,-1000.0,1000.0,C4H8O6P,-1,c
dmlz[c],r_0286,"6,7-Dimethyl-8-(1-D-ribityl)lumazine",2.0 dmlz[c] <=> 6r5au[c] + ribflv[c],Riboflavin Metabolism,-1000.0,1000.0,C13H18N4O6,0,c
dmlz[c],r_0047,"6,7-Dimethyl-8-(1-D-ribityl)lumazine",6r5au[c] + db4p[c] <=> dmlz[c] + 2.0 h2o[c] + h[c] + pi[c],Riboflavin Metabolism,-1000.0,1000.0,C13H18N4O6,0,c
rnam[c],r_0048,N-Ribosylnicotinamide,h2o[c] + rnam[c] --> h[c] + ncam[c] + rib__D[c],Sulfur Metabolism; Purine Metabolism,0.0,1000.0,C11H15N2O5,1,c
rnam[c],r_0402,N-Ribosylnicotinamide,h2o[c] + nmn[c] --> h[c] + pi[c] + rnam[c],Nicotinate and Nicotinamide,0.0,1000.0,C11H15N2O5,1,c
rnam[c],r_0567,N-Ribosylnicotinamide,pi[c] + rnam[c] <=> ncam[c] + r1p[c],Nicotinate and Nicotinamide,-1000.0,1000.0,C11H15N2O5,1,c
ncam[c],r_0048,Nicotinamide,h2o[c] + rnam[c] --> h[c] + ncam[c] + rib__D[c],Sulfur Metabolism; Purine Metabolism,0.0,1000.0,C6H6N2O,0,c
ncam[c],r_0345,Nicotinamide,h2o[c] + ncam[c] --> h[c] + nac[c] + nh3[c],Nicotinate and Nicotinamide,0.0,1000.0,C6H6N2O,0,c
ncam[c],r_0567,Nicotinamide,pi[c] + rnam[c] <=> ncam[c] + r1p[c],Nicotinate and Nicotinamide,-1000.0,1000.0,C6H6N2O,0,c
rib__D[c],r_0048,D-Ribose,h2o[c] + rnam[c] --> h[c] + ncam[c] + rib__D[c],Sulfur Metabolism; Purine Metabolism,0.0,1000.0,C5H10O5,0,c
rib__D[c],r_0498,D-Ribose,cytd[c] + h2o[c] --> csn[c] + rib__D[c],Pyrimidine Metabolism,0.0,1000.0,C5H10O5,0,c
rib__D[c],r_0178,D-Ribose,atp[c] + rib__D[c] <=> adp[c] + r5p[c],Pentose Phosphate Pathway,-1000.0,1000.0,C5H10O5,0,c
rib__D[c],r_0226,D-Ribose,adn[c] + h2o[c] --> ade[c] + rib__D[c],Purine Metabolism,0.0,1000.0,C5H10O5,0,c
3hhexACP[c],r_0221,(R)-3-Hydroxyhexanoyl-[acyl-carrier protein],3ohexACP[c] + h[c] + nadph[c] <=> 3hhexACP[c] + nadp[c],Fatty Acid Biosynthesis,-1000.0,1000.0,C17H30N2O8PSR,-1,c
3hhexACP[c],r_0049,(R)-3-Hydroxyhexanoyl-[acyl-carrier protein],3hhexACP[c] --> h2o[c] + thex2eACP[c],Sulfur Metabolism; Purine Metabolism,0.0,1000.0,C17H30N2O8PSR,-1,c
thex2eACP[c],r_0261,trans-Hex-2-enoyl-[acyl-carrier protein],h[c] + nadh[c] + thex2eACP[c] --> hexACP[c] + nad[c],Fatty Acid Biosynthesis,0.0,1000.0,C17H28N2O7PSR,-1,c
thex2eACP[c],r_0357,trans-Hex-2-enoyl-[acyl-carrier protein],h[c] + nadph[c] + thex2eACP[c] --> hexACP[c] + nadp[c],Fatty Acid Biosynthesis,0.0,1000.0,C17H28N2O7PSR,-1,c
thex2eACP[c],r_0049,trans-Hex-2-enoyl-[acyl-carrier protein],3hhexACP[c] --> h2o[c] + thex2eACP[c],Sulfur Metabolism; Purine Metabolism,0.0,1000.0,C17H28N2O7PSR,-1,c
n2[e],r_0050,nitrogen,n2[e] <=> n2[c],"Alanine, Aspartate and Glutamate metabolism; Pyrimidine Metabolism",-1000.0,1000.0,N2,0,e
n2[e],r_0328,nitrogen,n2[e] <=> ,Exchange,-1000.0,1000.0,N2,0,e
n2[c],r_0050,nitrogen,n2[e] <=> n2[c],"Alanine, Aspartate and Glutamate metabolism; Pyrimidine Metabolism",-1000.0,1000.0,N2,0,c
n2[c],r_0270,nitrogen,16.0 atp[c] + 8.0 fdxrd[c] + 16.0 h2o[c] + n2[c] --> 16.0 adp[c] + 8.0 fdxox[c] + 2.0 fixedNH3[c] + h2[c] + 8.0 h[c] + 16.0 pi[c],Nitrogen Metabolism; Symbiosis,0.0,1000.0,N2,0,c
56dura[c],r_0573,"5,6-dihydrouracil",56dura[c] + h2o[c] --> cala[c],Pantothenate and CoA Biosynthesis,0.0,1000.0,C4H6N2O2,0,c
56dura[c],r_0365,"5,6-dihydrouracil",56dura[c] + nad[c] <=> h[c] + nadh[c] + ura[c],Pyrimidine Metabolism,-1000.0,1000.0,C4H6N2O2,0,c
cala[c],r_0573,N-Carbamoyl-beta-alanine,56dura[c] + h2o[c] --> cala[c],Pantothenate and CoA Biosynthesis,0.0,1000.0,C4H7N2O3,-1,c
cala[c],r_0364,N-Carbamoyl-beta-alanine,cala[c] + h2o[c] + h[c] <=> ala_B[c] + co2[c] + nh3[c],Pyrimidine Metabolism,-1000.0,1000.0,C4H7N2O3,-1,c
dhor__S[c],r_0051,(S)-Dihydroorotate,dhor__S[c] + h2o[c] <=> cbasp[c] + h[c],Sulfur Metabolism; Purine Metabolism,-1000.0,1000.0,C5H5N2O4,-1,c
dhor__S[c],r_0500,(S)-Dihydroorotate,dhor__S[c] + o2[c] <=> h2o2[c] + orot[c],Pyrimidine Metabolism,-1000.0,1000.0,C5H5N2O4,-1,c
dhor__S[c],r_0622,(S)-Dihydroorotate,dhor__S[c] + qun[c] <=> hqn[c] + orot[c],Pyrimidine Metabolism,-1000.0,1000.0,C5H5N2O4,-1,c
cbasp[c],r_0051,N-Carbamoyl-L-aspartate,dhor__S[c] + h2o[c] <=> cbasp[c] + h[c],Sulfur Metabolism; Purine Metabolism,-1000.0,1000.0,C5H6N2O5,-2,c
cbasp[c],r_0440,N-Carbamoyl-L-aspartate,asp__L[c] + cbp[c] --> cbasp[c] + 2.0 h[c] + pi[c],"Alanine, Aspartate and Glutamate metabolism",0.0,1000.0,C5H6N2O5,-2,c
b2coa[c],r_0052,Crotonoyl-CoA,3hbcoa[c] <=> b2coa[c] + h2o[c],"Alanine, Aspartate and Glutamate metabolism; Pyrimidine Metabolism",-1000.0,1000.0,C25H37N7O17P3S,-3,c
b2coa[c],r_0289,Crotonoyl-CoA,btcoa[c] + fad[c] <=> b2coa[c] + fadh2[c],Fatty Acid Metabolism,-1000.0,1000.0,C25H37N7O17P3S,-3,c
56dthm[c],r_0632,"5,6-Dihydrothymine",56dthm[c] + nad[c] <=> h[c] + nadh[c] + thym[c],Pyrimidine Metabolism,-1000.0,1000.0,C5H8N2O2,0,c
56dthm[c],r_0502,"5,6-Dihydrothymine",56dthm[c] + nadp[c] <=> h[c] + nadph[c] + thym[c],Pyrimidine Metabolism,-1000.0,1000.0,C5H8N2O2,0,c
56dthm[c],r_0053,"5,6-Dihydrothymine",56dthm[c] + h2o[c] --> 3uib[c] + h[c],Pyrimidine Metabolism,0.0,1000.0,C5H8N2O2,0,c
3uib[c],r_0053,3-Ureidoisobutyrate,56dthm[c] + h2o[c] --> 3uib[c] + h[c],Pyrimidine Metabolism,0.0,1000.0,C5H9N2O3,-1,c
3uib[c],r_0147,3-Ureidoisobutyrate,3uib[c] + h2o[c] + h[c] --> 3aib__D[c] + co2[c] + nh3[c],Pyrimidine Metabolism,0.0,1000.0,C5H9N2O3,-1,c
pdx5p[c],r_0110,Pyridoxine 5-phosphate,atp[c] + pydxn[c] --> adp[c] + pdx5p[c],Vitamin B6 Metabolism,0.0,1000.0,C8H11NO6P,-1,c
pdx5p[c],r_0311,Pyridoxine 5-phosphate,dxyl5p[c] + nad[c] + phthr[c] --> co2[c] + 2.0 h2o[c] + 2.0 h[c] + nadh[c] + pdx5p[c] + pi[c],Vitamin B6 Metabolism,0.0,1000.0,C8H11NO6P,-1,c
pdx5p[c],r_0561,Pyridoxine 5-phosphate,3a2oprop[c] + dxyl5p[c] --> 2.0 h2o[c] + pdx5p[c] + pi[c],Vitamin B6 Metabolism,0.0,1000.0,C8H11NO6P,-1,c
pdx5p[c],r_0494,Pyridoxine 5-phosphate,h2o[c] + pdx5p[c] --> h[c] + pi[c] + pydxn[c],Vitamin B6 Metabolism,0.0,1000.0,C8H11NO6P,-1,c
pdx5p[c],r_0054,Pyridoxine 5-phosphate,o2[c] + pdx5p[c] <=> h2o2[c] + pydx5p[c],Vitamin B6 Metabolism,-1000.0,1000.0,C8H11NO6P,-1,c
pydx5p[c],r_0488,Pyridoxal 5-phosphate,h2o[c] + pydx5p[c] --> h[c] + pi[c] + pydx[c],Vitamin B6 Metabolism,0.0,1000.0,C8H9NO6P,-1,c
pydx5p[c],r_0189,Pyridoxal 5-phosphate,h2o[c] + o2[c] + pyam5p[c] --> h2o2[c] + h[c] + nh3[c] + pydx5p[c],Vitamin B6 Metabolism,0.0,1000.0,C8H9NO6P,-1,c
pydx5p[c],r_0188,Pyridoxal 5-phosphate,atp[c] + pydx[c] --> adp[c] + pydx5p[c],Vitamin B6 Metabolism,0.0,1000.0,C8H9NO6P,-1,c
pydx5p[c],r_0054,Pyridoxal 5-phosphate,o2[c] + pdx5p[c] <=> h2o2[c] + pydx5p[c],Vitamin B6 Metabolism,-1000.0,1000.0,C8H9NO6P,-1,c
h2o2[c],r_0492,Hydrogen peroxide,2.0 gthrd[c] + h2o2[c] --> gthox[c] + 2.0 h2o[c],Glutathione Metabolism,0.0,1000.0,H2O2,0,c
h2o2[c],r_0528,Hydrogen peroxide,asp__L[c] + o2[c] --> h2o2[c] + h[c] + iasp[c],Nicotinate and Nicotinamide,0.0,1000.0,H2O2,0,c
h2o2[c],r_0550,Hydrogen peroxide,gly[c] + o2[c] --> h2o2[c] + imgly[c],Thiamine Metabolism,0.0,1000.0,H2O2,0,c
h2o2[c],r_0560,Hydrogen peroxide,o2[c] + pydxn[c] <=> h2o2[c] + pydx[c],Vitamin B6 Metabolism,-1000.0,1000.0,H2O2,0,c
h2o2[c],r_0603,Hydrogen peroxide,4izp[c] + h2o[c] + o2[c] --> h2o2[c] + h5p[c],Histidine Metabolism,0.0,1000.0,H2O2,0,c
h2o2[c],r_0634,Hydrogen peroxide,asp__L[c] + h2o[c] + o2[c] --> h2o2[c] + h[c] + nh3[c] + oaa[c],"Alanine, Aspartate and Glutamate metabolism",0.0,1000.0,H2O2,0,c
h2o2[c],r_0722,Hydrogen peroxide,h2o[c] + o2[c] + pydam[c] --> h2o2[c] + h[c] + nh3[c] + pydx[c],Vitamin B6 Metabolism,0.0,1000.0,H2O2,0,c
h2o2[c],r_0895,Hydrogen peroxide,h2o2[c] + racptr[c] <=> acptr[c] + 2.0 h2o[c],[],-1000.0,1000.0,H2O2,0,c
h2o2[c],r_0500,Hydrogen peroxide,dhor__S[c] + o2[c] <=> h2o2[c] + orot[c],Pyrimidine Metabolism,-1000.0,1000.0,H2O2,0,c
h2o2[c],r_0896,Hydrogen peroxide,1pqq[c] + 3.0 o2[c] <=> 2.0 h2o2[c] + 2.0 h2o[c] + pqq[c],[],-1000.0,1000.0,H2O2,0,c
h2o2[c],r_0418,Hydrogen peroxide,2.0 h2o2[c] --> 2.0 h2o[c] + o2[c],Phenylalanine Tyrosine Tryptophan Biosynthesis,0.0,1000.0,H2O2,0,c
h2o2[c],r_0760,Hydrogen peroxide,2.0 h[c] + 2.0 sox[c] <=> h2o2[c] + o2[c],superoxide radicals degradation,-1000.0,1000.0,H2O2,0,c
h2o2[c],r_0054,Hydrogen peroxide,o2[c] + pdx5p[c] <=> h2o2[c] + pydx5p[c],Vitamin B6 Metabolism,-1000.0,1000.0,H2O2,0,c
h2o2[c],r_0189,Hydrogen peroxide,h2o[c] + o2[c] + pyam5p[c] --> h2o2[c] + h[c] + nh3[c] + pydx5p[c],Vitamin B6 Metabolism,0.0,1000.0,H2O2,0,c
h2o2[c],r_0932,Hydrogen peroxide,h2o[c] + o2[c] + urate[c] <=> 5hiu[c] + h2o2[c],Purine Metabolism,-1000.0,1000.0,H2O2,0,c
adocbip[c],r_0348,Adenosyl cobinamide phosphate,adocbip[c] + gtp[c] + h[c] --> agdpcbi[c] + ppi[c],Porphyrin Metabolism,0.0,1000.0,C58H84N16O14PCo,0,c
adocbip[c],r_0055,Adenosyl cobinamide phosphate,adocbi[c] + atp[c] --> adocbip[c] + adp[c] + h[c],"Valine, Leucine and Isoleucine Degradation",0.0,1000.0,C58H84N16O14PCo,0,c
pep[c],r_0056,Phosphoenolpyruvate,adp[c] + pep[c] --> atp[c] + pyr[c],"Valine, Leucine and Isoleucine Degradation",0.0,1000.0,C3H3O6P,-2,c
pep[c],r_0391,Phosphoenolpyruvate,dadp[c] + pep[c] <=> datp[c] + pyr[c],Purine Metabolism,-1000.0,1000.0,C3H3O6P,-2,c
pep[c],r_0890,Phosphoenolpyruvate,24b246tbap[c] + h2o[c] + pep[c] <=> pi[c] + psea[c],Amino sugar and nucleotide sugar metabolism,-1000.0,1000.0,C3H3O6P,-2,c
pep[c],r_0745,Phosphoenolpyruvate,pep[c] + uacgam[c] <=> pi[c] + uaccg[c],Amino sugar and nucleotide sugar metabolism,-1000.0,1000.0,C3H3O6P,-2,c
pep[c],r_0102,Phosphoenolpyruvate,e4p[c] + h2o[c] + pep[c] --> 2dda7p[c] + h[c] + pi[c],Phenylalanine Tyrosine Tryptophan Biosynthesis,0.0,1000.0,C3H3O6P,-2,c
pep[c],r_0420,Phosphoenolpyruvate,2pg[c] <=> h2o[c] + pep[c],Glycolysis / Gluconeogenesis,-1000.0,1000.0,C3H3O6P,-2,c
pep[c],r_0728,Phosphoenolpyruvate,atp[c] + h[c] + pi[c] + pyr[c] <=> amp[c] + pep[c] + ppi[c],Glycolysis / Gluconeogenesis,-1000.0,1000.0,C3H3O6P,-2,c
pep[c],r_0776,Phosphoenolpyruvate,kdo8p[c] + pi[c] <=> ara5p[c] + h2o[c] + pep[c],Lipopolysaccharide biosynthesis,-1000.0,1000.0,C3H3O6P,-2,c
pep[c],r_0403,Phosphoenolpyruvate,pep[c] + skm5p[c] <=> 3psme[c] + h[c] + pi[c],Phenylalanine Tyrosine Tryptophan Biosynthesis,-1000.0,1000.0,C3H3O6P,-2,c
pep[c],r_0829,Phosphoenolpyruvate,pep[c] + phis__L[c] <=> pplhis[c] + pyr[c],[],-1000.0,1000.0,C3H3O6P,-2,c
pep[c],r_1043,Phosphoenolpyruvate,pep[c] + rbl_B[c] <=> pyr[c] + salcn6p[c],,-1000.0,1000.0,C3H3O6P,-2,c
pep[c],r_0291,Phosphoenolpyruvate,atp[c] + h2o[c] + pyr[c] --> amp[c] + h[c] + pep[c] + pi[c],Glycolysis / Gluconeogenesis,0.0,1000.0,C3H3O6P,-2,c
pep[c],r_0536,Phosphoenolpyruvate,atp[c] + h[c] + oaa[c] --> adp[c] + co2[c] + pep[c],Glycolysis / Gluconeogenesis;TCA Cycle,0.0,1000.0,C3H3O6P,-2,c
pep[c],r_0863,Phosphoenolpyruvate,dha[c] + pep[c] <=> dhap[c] + pyr[c],[],-1000.0,1000.0,C3H3O6P,-2,c
hom__L[c],r_0196,L-Homoserine,atp[c] + hom__L[c] --> adp[c] + phom[c],"Glycine, Serine, and Threonine Metabolism",0.0,1000.0,C4H9NO3,0,c
hom__L[c],r_0057,L-Homoserine,hom__L[c] + succoa[c] --> coa[c] + suchms[c],Cysteine and Methionine Metabolism,0.0,1000.0,C4H9NO3,0,c
hom__L[c],r_0651,L-Homoserine,hom__L[c] + nad[c] <=> aspsa[c] + h[c] + nadh[c],Cysteine and Methionine Metabolism,-1000.0,1000.0,C4H9NO3,0,c
hom__L[c],r_0297,L-Homoserine,hom__L[c] + nadp[c] <=> aspsa[c] + h[c] + nadph[c],"Glycine, Serine, and Threonine Metabolism",-1000.0,1000.0,C4H9NO3,0,c
succoa[c],r_0640,Succinyl-CoA,gly[c] + h[c] + succoa[c] --> 5aop[c] + co2[c] + coa[c],"Glycine, Serine, and Threonine Metabolism",0.0,1000.0,C25H36N7O19P3S,-4,c
succoa[c],r_0877,Succinyl-CoA,accoa[c] + succoa[c] <=> coa[c] + oxadpcoa[c],Benzoate degradation,-1000.0,1000.0,C25H36N7O19P3S,-4,c
succoa[c],r_0519,Succinyl-CoA,acac[c] + succoa[c] <=> aacoa[c] + succ[c],"PHB synthesis; Valine, leucine and isoleucine degradation; Butanoate metabolism",-1000.0,1000.0,C25H36N7O19P3S,-4,c
succoa[c],r_0204,Succinyl-CoA,h2o[c] + succoa[c] + thdp[c] --> coa[c] + sl2a6o[c],Lysine Biosynthesis,0.0,1000.0,C25H36N7O19P3S,-4,c
succoa[c],r_0094,Succinyl-CoA,atp[c] + coa[c] + succ[c] <=> adp[c] + pi[c] + succoa[c],Sulfur Metabolism; Purine Metabolism,-1000.0,1000.0,C25H36N7O19P3S,-4,c
succoa[c],r_0057,Succinyl-CoA,hom__L[c] + succoa[c] --> coa[c] + suchms[c],Cysteine and Methionine Metabolism,0.0,1000.0,C25H36N7O19P3S,-4,c
succoa[c],r_0475,Succinyl-CoA,coa[c] + sdhlam[c] --> dhlam[c] + succoa[c],TCA Cycle,0.0,1000.0,C25H36N7O19P3S,-4,c
succoa[c],r_0659,Succinyl-CoA,mmcoa__R[c] <=> succoa[c],"Valine, leucine and isoleucine degradation",-1000.0,1000.0,C25H36N7O19P3S,-4,c
suchms[c],r_0239,O-Succinyl-L-homoserine,h2s[c] + suchms[c] <=> h[c] + hcys__L[c] + succ[c],Cysteine and Methionine Metabolism,-1000.0,1000.0,C8H12NO6,-1,c
suchms[c],r_0057,O-Succinyl-L-homoserine,hom__L[c] + succoa[c] --> coa[c] + suchms[c],Cysteine and Methionine Metabolism,0.0,1000.0,C8H12NO6,-1,c
suchms[c],r_0480,O-Succinyl-L-homoserine,cys__L[c] + suchms[c] --> cyst__L[c] + h[c] + succ[c],Cysteine and Methionine Metabolism,0.0,1000.0,C8H12NO6,-1,c
suchms[c],r_0479,O-Succinyl-L-homoserine,h2o[c] + suchms[c] <=> 2obut[c] + 2.0 h[c] + nh3[c] + succ[c],Cysteine and Methionine Metabolism,-1000.0,1000.0,C8H12NO6,-1,c
2mecdp[c],r_0610,"2-C-methyl-D-erythritol 2,4-cyclodiphosphate",2mecdp[c] + 2.0 fdxrd[c] + 2.0 h[c] --> 2.0 fdxox[c] + h2mb4p[c] + h2o[c],Terpenoid Backbone Biosynthesis,0.0,1000.0,C5H10O9P2,-2,c
2mecdp[c],r_0058,"2-C-methyl-D-erythritol 2,4-cyclodiphosphate",2mecdp[c] + h[c] + nadh[c] --> h2mb4p[c] + h2o[c] + nad[c],Terpenoid Backbone Biosynthesis,0.0,1000.0,C5H10O9P2,-2,c
2mecdp[c],r_0372,"2-C-methyl-D-erythritol 2,4-cyclodiphosphate",2p4c2me[c] --> 2mecdp[c] + cmp[c],Terpenoid Backbone Biosynthesis,0.0,1000.0,C5H10O9P2,-2,c
h2mb4p[c],r_0610,1-hydroxy-2-methyl-2-(E)-butenyl 4-diphosphate,2mecdp[c] + 2.0 fdxrd[c] + 2.0 h[c] --> 2.0 fdxox[c] + h2mb4p[c] + h2o[c],Terpenoid Backbone Biosynthesis,0.0,1000.0,C5H10O8P2,-2,c
h2mb4p[c],r_0078,1-hydroxy-2-methyl-2-(E)-butenyl 4-diphosphate,2.0 fdxrd[c] + h2mb4p[c] + 2.0 h[c] <=> 2.0 fdxox[c] + h2o[c] + ipdp[c],Terpenoid Backbone Biosynthesis,-1000.0,1000.0,C5H10O8P2,-2,c
h2mb4p[c],r_0058,1-hydroxy-2-methyl-2-(E)-butenyl 4-diphosphate,2mecdp[c] + h[c] + nadh[c] --> h2mb4p[c] + h2o[c] + nad[c],Terpenoid Backbone Biosynthesis,0.0,1000.0,C5H10O8P2,-2,c
h2mb4p[c],r_0153,1-hydroxy-2-methyl-2-(E)-butenyl 4-diphosphate,h2mb4p[c] + h[c] + nadh[c] --> dmpp[c] + h2o[c] + nad[c],Terpenoid Backbone Biosynthesis,0.0,1000.0,C5H10O8P2,-2,c
4izp[c],r_0059,4-Imidazolone-5-propanoate,4izp[c] + h2o[c] --> nflgln[c],Histidine Metabolism,0.0,1000.0,C6H7N2O3,-1,c
4izp[c],r_0120,4-Imidazolone-5-propanoate,h2o[c] + urcan[c] --> 4izp[c],Histidine Metabolism,0.0,1000.0,C6H7N2O3,-1,c
4izp[c],r_0603,4-Imidazolone-5-propanoate,4izp[c] + h2o[c] + o2[c] --> h2o2[c] + h5p[c],Histidine Metabolism,0.0,1000.0,C6H7N2O3,-1,c
skm[c],r_0060,Shikimate,atp[c] + skm[c] --> adp[c] + skm5p[c],Phenylalanine Tyrosine Tryptophan Biosynthesis,0.0,1000.0,C7H9O5,-1,c
skm[c],r_0122,Shikimate,3dhsk[c] + h[c] + nadph[c] <=> nadp[c] + skm[c],Phenylalanine Tyrosine Tryptophan Biosynthesis,-1000.0,1000.0,C7H9O5,-1,c
skm5p[c],r_0060,Shikimate 5-phosphate,atp[c] + skm[c] --> adp[c] + skm5p[c],Phenylalanine Tyrosine Tryptophan Biosynthesis,0.0,1000.0,C7H9O8P,-2,c
skm5p[c],r_0403,Shikimate 5-phosphate,pep[c] + skm5p[c] <=> 3psme[c] + h[c] + pi[c],Phenylalanine Tyrosine Tryptophan Biosynthesis,-1000.0,1000.0,C7H9O8P,-2,c
acorn[c],r_0476,N2-Acetyl-L-ornithine,acorn[c] + akg[c] <=> acg5sa[c] + glu__L[c],Arginine biosynthesis,-1000.0,1000.0,C7H14N2O3,0,c
acorn[c],r_0171,N2-Acetyl-L-ornithine,acorn[c] + h2o[c] --> ac[c] + orn[c],Arginine biosynthesis,0.0,1000.0,C7H14N2O3,0,c
acorn[c],r_0061,N2-Acetyl-L-ornithine,acorn[c] + glu__L[c] <=> acglu[c] + orn[c],Arginine biosynthesis,-1000.0,1000.0,C7H14N2O3,0,c
acglu[c],r_0086,N-Acetyl-L-glutamate,accoa[c] + glu__L[c] --> acglu[c] + coa[c] + h[c],Arginine biosynthesis,0.0,1000.0,C7H9NO5,-2,c
acglu[c],r_0061,N-Acetyl-L-glutamate,acorn[c] + glu__L[c] <=> acglu[c] + orn[c],Arginine biosynthesis,-1000.0,1000.0,C7H9NO5,-2,c
acglu[c],r_0105,N-Acetyl-L-glutamate,acglu[c] + atp[c] + h[c] --> acg5p[c] + adp[c],Arginine biosynthesis,0.0,1000.0,C7H9NO5,-2,c
orn[c],r_0171,Ornithine,acorn[c] + h2o[c] --> ac[c] + orn[c],Arginine biosynthesis,0.0,1000.0,C5H13N2O2,1,c
orn[c],r_0090,Ornithine,h[c] + orn[c] --> co2[c] + ptrc[c],Arginine and Proline Metabolism,0.0,1000.0,C5H13N2O2,1,c
orn[c],r_0061,Ornithine,acorn[c] + glu__L[c] <=> acglu[c] + orn[c],Arginine biosynthesis,-1000.0,1000.0,C5H13N2O2,1,c
orn[c],r_0115,Ornithine,akg[c] + orn[c] <=> glu5sa[c] + glu__L[c],Arginine and Proline Metabolism,-1000.0,1000.0,C5H13N2O2,1,c
orn[c],r_0288,Ornithine,arg__L[c] + h2o[c] --> orn[c] + urea[c],Arginine and proline metabolism,0.0,1000.0,C5H13N2O2,1,c
orn[c],r_0237,Ornithine,orn[c] --> 2.0 h[c] + nh3[c] + pro__L[c],Arginine and Proline Metabolism,0.0,1000.0,C5H13N2O2,1,c
orn[c],r_0215,Ornithine,cbp[c] + orn[c] --> citr__L[c] + 2.0 h[c] + pi[c],Arginine biosynthesis,0.0,1000.0,C5H13N2O2,1,c
gly[c],r_0640,Glycine,gly[c] + h[c] + succoa[c] --> 5aop[c] + co2[c] + coa[c],"Glycine, Serine, and Threonine Metabolism",0.0,1000.0,C2H5NO2,0,c
gly[c],r_0765,Glycine,h2o[c] + rscys[c] <=> gly[c] + sslcys[c],Glutathione Metabolism,-1000.0,1000.0,C2H5NO2,0,c
gly[c],r_0349,Glycine,athr__L[c] <=> acald[c] + gly[c],"Glycine, Serine, and Threonine Metabolism",-1000.0,1000.0,C2H5NO2,0,c
gly[c],r_0399,Glycine,accoa[c] + gly[c] <=> 2aobut[c] + coa[c],"Glycine, Serine, and Threonine Metabolism",-1000.0,1000.0,C2H5NO2,0,c
gly[c],r_0075,Glycine,atp[c] + gly[c] + pram[c] --> adp[c] + gar[c] + h[c] + pi[c],Purine Metabolism,0.0,1000.0,C2H5NO2,0,c
gly[c],r_0959,Glycine,0.2614 ade[c] + 0.706188 ala__L[c] + 0.431004 arg__L[c] + 0.155232 asn__L[c] + 0.312228 asp__L[c] + 0.3586 csn[c] + 0.054684 cys__L[c] + 0.17052 gln__L[c] + 0.343392 glu__L[c] + 0.497448 gly[c] + 0.05 glycogen[c] + 0.3586 gua[c] + 0.124068 his__L[c] + 0.322224 ile__L[c] + 0.599172 leu__L[c] + 0.18816 lys__L[c] + 0.143472 met__L[c] + 0.39 pe_hs[c] + 4.86 phb[c] + 0.231672 phe__L[c] + 0.295764 pro__L[c] + 0.01 ptrc[c] + 0.3586 rna[c] + 0.34104 ser__L[c] + 0.30282 thr__L[c] + 0.0722 thym[c] + 0.081144 trp__L[c] + 0.134652 tyr__L[c] + 0.1892 ura[c] + 0.445704 val__L[c] --> biomass[c],Biomass,0.0,1000.0,C2H5NO2,0,c
gly[c],r_0320,Glycine,h2o[c] + progly[c] --> gly[c] + pro__L[c],Arginine and Proline Metabolism,0.0,1000.0,C2H5NO2,0,c
gly[c],r_0302,Glycine,ser__L[c] + thf[c] --> gly[c] + h2o[c] + mlthf[c],"Glycine, Serine, and Threonine Metabolism",0.0,1000.0,C2H5NO2,0,c
gly[c],r_0263,Glycine,gly[c] + nad[c] + thf[c] --> co2[c] + h[c] + mlthf[c] + nadh[c] + nh3[c],One carbon pool by folate,0.0,1000.0,C2H5NO2,0,c
gly[c],r_0362,Glycine,atp[c] + gly[c] + h[c] + trnagly[c] --> amp[c] + glytrna[c] + ppi[c],Aminoacyl-tRNA biosynthesis,0.0,1000.0,C2H5NO2,0,c
gly[c],r_0457,Glycine,atp[c] + glucys[c] + gly[c] --> adp[c] + gthrd[c] + h[c] + pi[c],Glutathione Metabolism,0.0,1000.0,C2H5NO2,0,c
gly[c],r_0550,Glycine,gly[c] + o2[c] --> h2o2[c] + imgly[c],Thiamine Metabolism,0.0,1000.0,C2H5NO2,0,c
gly[c],r_0650,Glycine,CE1661[c] + atp[c] + gly[c] <=> adp[c] + opmt[c] + pi[c],Cysteine and Methionine Metabolism,-1000.0,1000.0,C2H5NO2,0,c
gly[c],r_0062,Glycine,thr__L[c] <=> acald[c] + gly[c],"Glycine, Serine, and Threonine Metabolism",-1000.0,1000.0,C2H5NO2,0,c
gly[c],r_0293,Glycine,cgly[c] + h2o[c] --> cys__L[c] + gly[c],Glutathione Metabolism,0.0,1000.0,C2H5NO2,0,c
gly[c],r_0639,Glycine,gly[c] + lprot[c] --> co2[c] + s8ams[c],"Glycine, Serine, and Threonine Metabolism",0.0,1000.0,C2H5NO2,0,c
acald[c],r_0062,Acetaldehyde,thr__L[c] <=> acald[c] + gly[c],"Glycine, Serine, and Threonine Metabolism",-1000.0,1000.0,C2H4O,0,c
acald[c],r_0349,Acetaldehyde,athr__L[c] <=> acald[c] + gly[c],"Glycine, Serine, and Threonine Metabolism",-1000.0,1000.0,C2H4O,0,c
acald[c],r_0540,Acetaldehyde,2dr5p[c] <=> acald[c] + g3p[c],Pentose Phosphate Pathway,-1000.0,1000.0,C2H4O,0,c
acald[c],r_0538,Acetaldehyde,acald[c] + h2o[c] + nadp[c] <=> ac[c] + 2.0 h[c] + nadph[c],Glycolysis / Gluconeogenesis,-1000.0,1000.0,C2H4O,0,c
acald[c],r_0665,Acetaldehyde,ahdt[c] + h2o[c] --> acald[c] + cph4[c] + pppi[c],Folate Biosynthesis,0.0,1000.0,C2H4O,0,c
acald[c],r_1068,Acetaldehyde,acald[c] + thmpp[c] <=> 2ahethmpp[c],,-1000.0,1000.0,C2H4O,0,c
acald[c],r_0539,Acetaldehyde,acald[c] + h[c] + nadh[c] <=> etoh[c] + nad[c],Glycolysis / Gluconeogenesis,-1000.0,1000.0,C2H4O,0,c
3hocoa[c],r_0063,(S)-3-Hydroxyoctanoyl-CoA,3hocoa[c] + nad[c] <=> 3oocoa[c] + h[c] + nadh[c],Fatty Acid Metabolism,-1000.0,1000.0,C29H47N7O18P3S,-3,c
3hocoa[c],r_0276,(S)-3-Hydroxyoctanoyl-CoA,3hocoa[c] <=> h2o[c] + oc2coa[c],Fatty Acid Metabolism,-1000.0,1000.0,C29H47N7O18P3S,-3,c
3oocoa[c],r_0361,3-Oxooctanoyl-CoA,accoa[c] + hxcoa[c] <=> 3oocoa[c] + coa[c],Fatty Acid Metabolism,-1000.0,1000.0,C29H45N7O18P3S,-3,c
3oocoa[c],r_0063,3-Oxooctanoyl-CoA,3hocoa[c] + nad[c] <=> 3oocoa[c] + h[c] + nadh[c],Fatty Acid Metabolism,-1000.0,1000.0,C29H45N7O18P3S,-3,c
3psme[c],r_0064,5-O-(1-Carboxyvinyl)-3-phosphoshikimate,3psme[c] --> chor[c] + h[c] + pi[c],Phenylalanine Tyrosine Tryptophan Biosynthesis,0.0,1000.0,C10H10O10P,-3,c
3psme[c],r_0403,5-O-(1-Carboxyvinyl)-3-phosphoshikimate,pep[c] + skm5p[c] <=> 3psme[c] + h[c] + pi[c],Phenylalanine Tyrosine Tryptophan Biosynthesis,-1000.0,1000.0,C10H10O10P,-3,c
chor[c],r_0265,chorismate,chor[c] --> pphn[c],Phenylalanine Tyrosine Tryptophan Biosynthesis,0.0,1000.0,C10H8O6,-2,c
chor[c],r_0675,chorismate,chor[c] + gln__L[c] <=> 4adcho[c] + glu__L[c],Folate Biosynthesis,-1000.0,1000.0,C10H8O6,-2,c
chor[c],r_0404,chorismate,chor[c] + gln__L[c] --> anth[c] + glu__L[c] + h[c] + pyr[c],Phenylalanine Tyrosine Tryptophan Biosynthesis,0.0,1000.0,C10H8O6,-2,c
chor[c],r_0064,chorismate,3psme[c] --> chor[c] + h[c] + pi[c],Phenylalanine Tyrosine Tryptophan Biosynthesis,0.0,1000.0,C10H8O6,-2,c
glu5p[c],r_0419,L-Glutamate 5-phosphate,glu5p[c] + nadph[c] --> glu5sa[c] + nadp[c] + pi[c],Arginine and Proline Metabolism,0.0,1000.0,C5H9NO7P,-1,c
glu5p[c],r_0065,L-Glutamate 5-phosphate,atp[c] + glu__L[c] + h[c] --> adp[c] + glu5p[c],Arginine and Proline Metabolism,0.0,1000.0,C5H9NO7P,-1,c
fmn[c],r_0555,FMN,fad[c] + h2o[c] <=> amp[c] + fmn[c],Riboflavin Metabolism,-1000.0,1000.0,C17H20N4O9P,-1,c
fmn[c],r_0067,FMN,fmn[c] + h2o[c] --> h[c] + pi[c] + ribflv[c],Riboflavin Metabolism,0.0,1000.0,C17H20N4O9P,-1,c
fmn[c],r_0351,FMN,atp[c] + ribflv[c] --> adp[c] + fmn[c],Riboflavin Metabolism,0.0,1000.0,C17H20N4O9P,-1,c
fmn[c],r_0901,FMN,fmn[c] + h[c] + nadh[c] <=> fmnh2[c] + nad[c],Riboflavin Metabolism,-1000.0,1000.0,C17H20N4O9P,-1,c
fmn[c],r_0389,FMN,atp[c] + fmn[c] --> fad[c] + ppi[c],Riboflavin Metabolism,0.0,1000.0,C17H20N4O9P,-1,c
ribflv[c],r_0286,Riboflavin,2.0 dmlz[c] <=> 6r5au[c] + ribflv[c],Riboflavin Metabolism,-1000.0,1000.0,C17H20N4O6,0,c
ribflv[c],r_0067,Riboflavin,fmn[c] + h2o[c] --> h[c] + pi[c] + ribflv[c],Riboflavin Metabolism,0.0,1000.0,C17H20N4O6,0,c
ribflv[c],r_0351,Riboflavin,atp[c] + ribflv[c] --> adp[c] + fmn[c],Riboflavin Metabolism,0.0,1000.0,C17H20N4O6,0,c
pydam[c],r_0068,Pyridoxamine,atp[c] + pydam[c] --> adp[c] + pyam5p[c],Vitamin B6 Metabolism,0.0,1000.0,C8H13N2O2,1,c
pydam[c],r_0503,Pyridoxamine,h2o[c] + pyam5p[c] --> h[c] + pi[c] + pydam[c],Vitamin B6 Metabolism,0.0,1000.0,C8H13N2O2,1,c
pydam[c],r_0722,Pyridoxamine,h2o[c] + o2[c] + pydam[c] --> h2o2[c] + h[c] + nh3[c] + pydx[c],Vitamin B6 Metabolism,0.0,1000.0,C8H13N2O2,1,c
pyam5p[c],r_0189,Pyridoxamine 5-phosphate,h2o[c] + o2[c] + pyam5p[c] --> h2o2[c] + h[c] + nh3[c] + pydx5p[c],Vitamin B6 Metabolism,0.0,1000.0,C8H13N2O5P,0,c
pyam5p[c],r_0068,Pyridoxamine 5-phosphate,atp[c] + pydam[c] --> adp[c] + pyam5p[c],Vitamin B6 Metabolism,0.0,1000.0,C8H13N2O5P,0,c
pyam5p[c],r_0503,Pyridoxamine 5-phosphate,h2o[c] + pyam5p[c] --> h[c] + pi[c] + pydam[c],Vitamin B6 Metabolism,0.0,1000.0,C8H13N2O5P,0,c
ump[c],r_0770,UMP,dtpcudcpp[c] + udpg[c] <=> adgddu[c] + ump[c],[],-1000.0,1000.0,C9H12N2O9P,-1,c
ump[c],r_0181,UMP,atp[c] + ump[c] <=> adp[c] + udp[c],Pyrimidine Metabolism,-1000.0,1000.0,C9H12N2O9P,-1,c
ump[c],r_0808,UMP,dtpcudcpp[c] + uGgla[c] <=> uaGgla[c] + ump[c],Peptidoglycan biosynthesis,-1000.0,1000.0,C9H12N2O9P,-1,c
ump[c],r_0300,UMP,h[c] + orot5p[c] --> co2[c] + ump[c],Pyrimidine Metabolism,0.0,1000.0,C9H12N2O9P,-1,c
ump[c],r_0358,UMP,h2o[c] + ump[c] --> h[c] + pi[c] + uri[c],Pyrimidine Metabolism,0.0,1000.0,C9H12N2O9P,-1,c
ump[c],r_0623,UMP,h2o[c] + utp[c] --> ppi[c] + ump[c],Pyrimidine Metabolism,0.0,1000.0,C9H12N2O9P,-1,c
ump[c],r_0069,UMP,prpp[c] + ura[c] <=> ppi[c] + ump[c],Pyrimidine Metabolism,-1000.0,1000.0,C9H12N2O9P,-1,c
ump[c],r_0792,UMP,h2o[c] + u23ga[c] <=> lx[c] + ump[c],Lipopolysaccharide biosynthesis,-1000.0,1000.0,C9H12N2O9P,-1,c
cys__L[c],r_0921,L-Cysteine,cys__L[c] + so3[c] <=> Lcyst[c] + h2s[c],Cysteine and Methionine Metabolism,-1000.0,1000.0,C3H7NO2S,0,c
cys__L[c],r_0413,L-Cysteine,atp[c] + cys__L[c] + h[c] + trnacys[c] --> amp[c] + cystrna[c] + ppi[c],Aminoacyl-tRNA biosynthesis,0.0,1000.0,C3H7NO2S,0,c
cys__L[c],r_0195,L-Cysteine,h2s[c] + ser__L[c] --> cys__L[c] + h2o[c],Cysteine and Methionine Metabolism,0.0,1000.0,C3H7NO2S,0,c
cys__L[c],r_0268,L-Cysteine,atp[c] + cys__L[c] + dxyl5p[c] + tyr__L[c] --> 4hba[c] + 4mpetz[c] + ala__L[c] + amp[c] + co2[c] + h2o[c] + ppi[c],Thiamine Metabolism,0.0,1000.0,C3H7NO2S,0,c
cys__L[c],r_0483,L-Cysteine,4ppan[c] + ctp[c] + cys__L[c] <=> 4ppcys[c] + cmp[c] + ppi[c],Pantothenate and CoA Biosynthesis,-1000.0,1000.0,C3H7NO2S,0,c
cys__L[c],r_0646,L-Cysteine,cys__L[c] + h2o[c] <=> h2s[c] + h[c] + nh3[c] + pyr[c],Cysteine and Methionine Metabolism,-1000.0,1000.0,C3H7NO2S,0,c
cys__L[c],r_0645,L-Cysteine,akg[c] + cys__L[c] <=> glu[c] + mercppyr[c],Cysteine and Methionine Metabolism,-1000.0,1000.0,C3H7NO2S,0,c
cys__L[c],r_0481,L-Cysteine,achms[c] + cys__L[c] <=> ac[c] + cyst__L[c] + h[c],Cysteine and Methionine Metabolism,-1000.0,1000.0,C3H7NO2S,0,c
cys__L[c],r_0480,L-Cysteine,cys__L[c] + suchms[c] --> cyst__L[c] + h[c] + succ[c],Cysteine and Methionine Metabolism,0.0,1000.0,C3H7NO2S,0,c
cys__L[c],r_0354,L-Cysteine,acser[c] + h2s[c] --> ac[c] + cys__L[c] + h[c],Sulfur Metabolism,0.0,1000.0,C3H7NO2S,0,c
cys__L[c],r_0293,L-Cysteine,cgly[c] + h2o[c] --> cys__L[c] + gly[c],Glutathione Metabolism,0.0,1000.0,C3H7NO2S,0,c
cys__L[c],r_0959,L-Cysteine,0.2614 ade[c] + 0.706188 ala__L[c] + 0.431004 arg__L[c] + 0.155232 asn__L[c] + 0.312228 asp__L[c] + 0.3586 csn[c] + 0.054684 cys__L[c] + 0.17052 gln__L[c] + 0.343392 glu__L[c] + 0.497448 gly[c] + 0.05 glycogen[c] + 0.3586 gua[c] + 0.124068 his__L[c] + 0.322224 ile__L[c] + 0.599172 leu__L[c] + 0.18816 lys__L[c] + 0.143472 met__L[c] + 0.39 pe_hs[c] + 4.86 phb[c] + 0.231672 phe__L[c] + 0.295764 pro__L[c] + 0.01 ptrc[c] + 0.3586 rna[c] + 0.34104 ser__L[c] + 0.30282 thr__L[c] + 0.0722 thym[c] + 0.081144 trp__L[c] + 0.134652 tyr__L[c] + 0.1892 ura[c] + 0.445704 val__L[c] --> biomass[c],Biomass,0.0,1000.0,C3H7NO2S,0,c
cys__L[c],r_0643,L-Cysteine,h2s[c] + pser__L[c] --> cys__L[c] + h[c] + pi[c],Cysteine and Methionine Metabolism,0.0,1000.0,C3H7NO2S,0,c
cys__L[c],r_0071,L-Cysteine,atp[c] + cys__L[c] + glu__L[c] --> adp[c] + glucys[c] + h[c] + pi[c],Glutathione Metabolism,0.0,1000.0,C3H7NO2S,0,c
cys__L[c],r_0138,L-Cysteine,cys__L[c] --> ala__L[c] + s[c],Sulfur Metabolism; Symbiosis,0.0,1000.0,C3H7NO2S,0,c
glucys[c],r_0071,gamma-L-Glutamyl-L-cysteine,atp[c] + cys__L[c] + glu__L[c] --> adp[c] + glucys[c] + h[c] + pi[c],Glutathione Metabolism,0.0,1000.0,C8H13N2O5S,-1,c
glucys[c],r_0457,gamma-L-Glutamyl-L-cysteine,atp[c] + glucys[c] + gly[c] --> adp[c] + gthrd[c] + h[c] + pi[c],Glutathione Metabolism,0.0,1000.0,C8H13N2O5S,-1,c
gsn[c],r_0699,Guanosine,3gmp[c] + h2o[c] --> gsn[c] + pi[c],Purine Metabolism,0.0,1000.0,C10H13N5O5,0,c
gsn[c],r_0417,Guanosine,gmp[c] + h2o[c] --> gsn[c] + h[c] + pi[c],Purine Metabolism,0.0,1000.0,C10H13N5O5,0,c
gsn[c],r_0072,Guanosine,gsn[c] + h[c] + pi[c] <=> gua[c] + r1p[c],Purine Metabolism,-1000.0,1000.0,C10H13N5O5,0,c
gua[c],r_0355,Guanine,gua[c] + prpp[c] <=> gmp[c] + ppi[c],Purine Metabolism,-1000.0,1000.0,C5H5N5O,0,c
gua[c],r_0193,Guanine,dgsn[c] + h[c] + pi[c] <=> 2dr1p[c] + gua[c],Purine Metabolism,-1000.0,1000.0,C5H5N5O,0,c
gua[c],r_0206,Guanine,gua[c] + h2o[c] --> nh3[c] + xan[c],Purine Metabolism,0.0,1000.0,C5H5N5O,0,c
gua[c],r_0959,Guanine,0.2614 ade[c] + 0.706188 ala__L[c] + 0.431004 arg__L[c] + 0.155232 asn__L[c] + 0.312228 asp__L[c] + 0.3586 csn[c] + 0.054684 cys__L[c] + 0.17052 gln__L[c] + 0.343392 glu__L[c] + 0.497448 gly[c] + 0.05 glycogen[c] + 0.3586 gua[c] + 0.124068 his__L[c] + 0.322224 ile__L[c] + 0.599172 leu__L[c] + 0.18816 lys__L[c] + 0.143472 met__L[c] + 0.39 pe_hs[c] + 4.86 phb[c] + 0.231672 phe__L[c] + 0.295764 pro__L[c] + 0.01 ptrc[c] + 0.3586 rna[c] + 0.34104 ser__L[c] + 0.30282 thr__L[c] + 0.0722 thym[c] + 0.081144 trp__L[c] + 0.134652 tyr__L[c] + 0.1892 ura[c] + 0.445704 val__L[c] --> biomass[c],Biomass,0.0,1000.0,C5H5N5O,0,c
gua[c],r_0791,Guanine,preq1[c] + trnagua[c] <=> gua[c] + trna7am7c[c],[],-1000.0,1000.0,C5H5N5O,0,c
gua[c],r_0072,Guanine,gsn[c] + h[c] + pi[c] <=> gua[c] + r1p[c],Purine Metabolism,-1000.0,1000.0,C5H5N5O,0,c
r1p[c],r_0108,alpha-D-Ribose 1-phosphate,h[c] + ins[c] + pi[c] <=> hxan[c] + r1p[c],Purine Metabolism,-1000.0,1000.0,C5H10O8P,-1,c
r1p[c],r_0294,alpha-D-Ribose 1-phosphate,adn[c] + h[c] + pi[c] <=> ade[c] + r1p[c],Purine Metabolism,-1000.0,1000.0,C5H10O8P,-1,c
r1p[c],r_0567,alpha-D-Ribose 1-phosphate,pi[c] + rnam[c] <=> ncam[c] + r1p[c],Nicotinate and Nicotinamide,-1000.0,1000.0,C5H10O8P,-1,c
r1p[c],r_0250,alpha-D-Ribose 1-phosphate,r5p[c] --> r1p[c],Purine Metabolism,0.0,1000.0,C5H10O8P,-1,c
r1p[c],r_0271,alpha-D-Ribose 1-phosphate,nac[c] + r1p[c] <=> nicrns[c] + pi[c],Nicotinate and Nicotinamide,-1000.0,1000.0,C5H10O8P,-1,c
r1p[c],r_0072,alpha-D-Ribose 1-phosphate,gsn[c] + h[c] + pi[c] <=> gua[c] + r1p[c],Purine Metabolism,-1000.0,1000.0,C5H10O8P,-1,c
r1p[c],r_0944,alpha-D-Ribose 1-phosphate,h[c] + pi[c] + uri[c] <=> r1p[c] + ura[c],Pyrimidine Metabolism,-1000.0,1000.0,C5H10O8P,-1,c
r1p[c],r_0259,alpha-D-Ribose 1-phosphate,h[c] + pi[c] + xtsn[c] <=> r1p[c] + xan[c],Purine Metabolism,-1000.0,1000.0,C5H10O8P,-1,c
imacp[c],r_0073,3-(Imidazol-4-yl)-2-oxopropyl phosphate,glu__L[c] + imacp[c] <=> akg[c] + hisp[c],Histidine Metabolism,-1000.0,1000.0,C6H8N2O5P,-1,c
imacp[c],r_0184,3-(Imidazol-4-yl)-2-oxopropyl phosphate,eig3p[c] --> h2o[c] + imacp[c],Histidine Metabolism,0.0,1000.0,C6H8N2O5P,-1,c
hisp[c],r_0073,L-Histidinol phosphate,glu__L[c] + imacp[c] <=> akg[c] + hisp[c],Histidine Metabolism,-1000.0,1000.0,C6H12N3O4P,0,c
hisp[c],r_0279,L-Histidinol phosphate,h2o[c] + hisp[c] --> h[c] + histd[c] + pi[c],Histidine Metabolism,0.0,1000.0,C6H12N3O4P,0,c
2dhp[c],r_0234,2-Dehydropantoate,3mob[c] + h2o[c] + mlthf[c] <=> 2dhp[c] + thf[c],Pantothenate and CoA Biosynthesis,-1000.0,1000.0,C6H9O4,-1,c
2dhp[c],r_0074,2-Dehydropantoate,2dhp[c] + h[c] + nadph[c] <=> nadp[c] + pant__R[c],Pantothenate and CoA Biosynthesis,-1000.0,1000.0,C6H9O4,-1,c
pant__R[c],r_0074,(R)-Pantoate,2dhp[c] + h[c] + nadph[c] <=> nadp[c] + pant__R[c],Pantothenate and CoA Biosynthesis,-1000.0,1000.0,C6H11O4,-1,c
pant__R[c],r_0217,(R)-Pantoate,ala_B[c] + atp[c] + pant__R[c] <=> amp[c] + pnto__R[c] + ppi[c],Pantothenate and CoA Biosynthesis,-1000.0,1000.0,C6H11O4,-1,c
pram[c],r_0232,5-Phospho-beta-D-ribosylamine,gln__L[c] + h2o[c] + prpp[c] --> glu__L[c] + ppi[c] + pram[c],Purine Metabolism,0.0,1000.0,C5H12NO7P,0,c
pram[c],r_0075,5-Phospho-beta-D-ribosylamine,atp[c] + gly[c] + pram[c] --> adp[c] + gar[c] + h[c] + pi[c],Purine Metabolism,0.0,1000.0,C5H12NO7P,0,c
gar[c],r_0228,N1-(5-Phospho-D-ribosyl)glycinamide,10fthf[c] + gar[c] --> fgam[c] + h[c] + thf[c],Purine Metabolism,0.0,1000.0,C7H15N2O8P,0,c
gar[c],r_0579,N1-(5-Phospho-D-ribosyl)glycinamide,gar[c] + h2o[c] + methf[c] <=> fgam[c] + 2.0 h[c] + thf[c],One carbon pool by folate,-1000.0,1000.0,C7H15N2O8P,0,c
gar[c],r_0075,N1-(5-Phospho-D-ribosyl)glycinamide,atp[c] + gly[c] + pram[c] --> adp[c] + gar[c] + h[c] + pi[c],Purine Metabolism,0.0,1000.0,C7H15N2O8P,0,c
myrsACP[c],r_0448,Myristoyl-ACP (n-C14:0ACP),h[c] + nadph[c] + tmrs2eACP[c] --> myrsACP[c] + nadp[c],Fatty Acid Biosynthesis,0.0,1000.0,C25H46N2O7PSR,-1,c
myrsACP[c],r_0124,Myristoyl-ACP (n-C14:0ACP),h[c] + nadh[c] + tmrs2eACP[c] --> myrsACP[c] + nad[c],Fatty Acid Biosynthesis,0.0,1000.0,C25H46N2O7PSR,-1,c
myrsACP[c],r_0076,Myristoyl-ACP (n-C14:0ACP),h[c] + malACP[c] + myrsACP[c] --> 3opalmACP[c] + ACP[c] + co2[c],Fatty Acid Biosynthesis,0.0,1000.0,C25H46N2O7PSR,-1,c
malACP[c],r_0076,Malonyl_ACP,h[c] + malACP[c] + myrsACP[c] --> 3opalmACP[c] + ACP[c] + co2[c],Fatty Acid Biosynthesis,0.0,1000.0,C14H21N2O9PSR,-2,c
malACP[c],r_0148,Malonyl_ACP,h[c] + hexACP[c] + malACP[c] --> 3ooctACP[c] + ACP[c] + co2[c],Fatty Acid Biosynthesis,0.0,1000.0,C14H21N2O9PSR,-2,c
malACP[c],r_0254,Malonyl_ACP,ddcaACP[c] + h[c] + malACP[c] --> 3omrsACP[c] + ACP[c] + co2[c],Fatty Acid Biosynthesis,0.0,1000.0,C14H21N2O9PSR,-2,c
malACP[c],r_0133,Malonyl_ACP,ACP[c] + malcoa[c] <=> coa[c] + malACP[c],Fatty Acid Biosynthesis,-1000.0,1000.0,C14H21N2O9PSR,-2,c
malACP[c],r_0091,Malonyl_ACP,acACP[c] + h[c] + malACP[c] --> ACP[c] + actACP[c] + co2[c],Fatty Acid Biosynthesis,0.0,1000.0,C14H21N2O9PSR,-2,c
malACP[c],r_0617,Malonyl_ACP,accoa[c] + h[c] + malACP[c] --> actACP[c] + co2[c] + coa[c],Fatty Acid Biosynthesis,0.0,1000.0,C14H21N2O9PSR,-2,c
malACP[c],r_0618,Malonyl_ACP,acacp[c] + malACP[c] --> 3oocyACP[c] + ACP[c] + co2[c],Fatty Acid Biosynthesis,0.0,1000.0,C14H21N2O9PSR,-2,c
malACP[c],r_0150,Malonyl_ACP,butACP[c] + h[c] + malACP[c] --> 3ohexACP[c] + ACP[c] + co2[c],Fatty Acid Biosynthesis,0.0,1000.0,C14H21N2O9PSR,-2,c
malACP[c],r_0242,Malonyl_ACP,h[c] + malACP[c] + ocACP[c] --> 3odecACP[c] + ACP[c] + co2[c],Fatty Acid Biosynthesis,0.0,1000.0,C14H21N2O9PSR,-2,c
malACP[c],r_0248,Malonyl_ACP,dcaACP[c] + h[c] + malACP[c] --> 3oddecACP[c] + ACP[c] + co2[c],Fatty Acid Biosynthesis,0.0,1000.0,C14H21N2O9PSR,-2,c
ACP[c],r_0781,acyl carrier protein,3haACP[c] + uacgam[c] <=> ACP[c] + u3o3r3hnadg[c],[],-1000.0,1000.0,C11H20N2O6PSR,-1,c
ACP[c],r_0076,acyl carrier protein,h[c] + malACP[c] + myrsACP[c] --> 3opalmACP[c] + ACP[c] + co2[c],Fatty Acid Biosynthesis,0.0,1000.0,C11H20N2O6PSR,-1,c
ACP[c],r_0148,acyl carrier protein,h[c] + hexACP[c] + malACP[c] --> 3ooctACP[c] + ACP[c] + co2[c],Fatty Acid Biosynthesis,0.0,1000.0,C11H20N2O6PSR,-1,c
ACP[c],r_0315,acyl carrier protein,h2o[c] + palmACP[c] <=> ACP[c] + h[c] + hdca[c],Fatty Acid Biosynthesis,-1000.0,1000.0,C11H20N2O6PSR,-1,c
ACP[c],r_0501,acyl carrier protein,ACP[c] + h2o[c] --> apoACP[c] + pan4p[c],Pantothenate and CoA Biosynthesis,0.0,1000.0,C11H20N2O6PSR,-1,c
ACP[c],r_0618,acyl carrier protein,acacp[c] + malACP[c] --> 3oocyACP[c] + ACP[c] + co2[c],Fatty Acid Biosynthesis,0.0,1000.0,C11H20N2O6PSR,-1,c
ACP[c],r_0091,acyl carrier protein,acACP[c] + h[c] + malACP[c] --> ACP[c] + actACP[c] + co2[c],Fatty Acid Biosynthesis,0.0,1000.0,C11H20N2O6PSR,-1,c
ACP[c],r_0150,acyl carrier protein,butACP[c] + h[c] + malACP[c] --> 3ohexACP[c] + ACP[c] + co2[c],Fatty Acid Biosynthesis,0.0,1000.0,C11H20N2O6PSR,-1,c
ACP[c],r_0769,acyl carrier protein,acacp[c] + pi[c] <=> ACP[c] + actp[c],[],-1000.0,1000.0,C11H20N2O6PSR,-1,c
ACP[c],r_0242,acyl carrier protein,h[c] + malACP[c] + ocACP[c] --> 3odecACP[c] + ACP[c] + co2[c],Fatty Acid Biosynthesis,0.0,1000.0,C11H20N2O6PSR,-1,c
ACP[c],r_0780,acyl carrier protein,3haACP[c] + u3dcga[c] <=> ACP[c] + u2n3ob3hdg[c],[],-1000.0,1000.0,C11H20N2O6PSR,-1,c
ACP[c],r_0170,acyl carrier protein,apoACP[c] + coa[c] --> ACP[c] + pap[c],Pantothenate and CoA Biosynthesis,0.0,1000.0,C11H20N2O6PSR,-1,c
ACP[c],r_0230,acyl carrier protein,ACP[c] + accoa[c] <=> acACP[c] + coa[c],Fatty Acid Biosynthesis,-1000.0,1000.0,C11H20N2O6PSR,-1,c
ACP[c],r_0254,acyl carrier protein,ddcaACP[c] + h[c] + malACP[c] --> 3omrsACP[c] + ACP[c] + co2[c],Fatty Acid Biosynthesis,0.0,1000.0,C11H20N2O6PSR,-1,c
ACP[c],r_0133,acyl carrier protein,ACP[c] + malcoa[c] <=> coa[c] + malACP[c],Fatty Acid Biosynthesis,-1000.0,1000.0,C11H20N2O6PSR,-1,c
ACP[c],r_0653,acyl carrier protein,acacp[c] + amet[c] <=> 5mta[c] + ACP[c] + nalhsrln[c],Cysteine and Methionine Metabolism,-1000.0,1000.0,C11H20N2O6PSR,-1,c
ACP[c],r_0248,acyl carrier protein,dcaACP[c] + h[c] + malACP[c] --> 3oddecACP[c] + ACP[c] + co2[c],Fatty Acid Biosynthesis,0.0,1000.0,C11H20N2O6PSR,-1,c
3opalmACP[c],r_0235,3-Oxohexadecanoyl-[acyl-carrier protein],3opalmACP[c] + h[c] + nadph[c] <=> 3hpalmACP[c] + nadp[c],Fatty Acid Biosynthesis,-1000.0,1000.0,C27H48N2O8PSR,-1,c
3opalmACP[c],r_0076,3-Oxohexadecanoyl-[acyl-carrier protein],h[c] + malACP[c] + myrsACP[c] --> 3opalmACP[c] + ACP[c] + co2[c],Fatty Acid Biosynthesis,0.0,1000.0,C27H48N2O8PSR,-1,c
imp[c],r_0410,IMP,h2o[c] + imp[c] <=> fprica[c],Purine Metabolism,-1000.0,1000.0,C10H12N4O8P,-1,c
imp[c],r_0077,IMP,h2o[c] + imp[c] + nad[c] --> h[c] + nadh[c] + xmp[c],Purine Metabolism,0.0,1000.0,C10H12N4O8P,-1,c
imp[c],r_0429,IMP,h2o[c] + imp[c] --> h[c] + ins[c] + pi[c],Purine Metabolism,0.0,1000.0,C10H12N4O8P,-1,c
imp[c],r_0446,IMP,hxan[c] + prpp[c] <=> imp[c] + ppi[c],Purine Metabolism,-1000.0,1000.0,C10H12N4O8P,-1,c
imp[c],r_0445,IMP,asp__L[c] + gtp[c] + imp[c] --> dcamp[c] + gdp[c] + 2.0 h[c] + pi[c],"Alanine, Aspartate and Glutamate metabolism",0.0,1000.0,C10H12N4O8P,-1,c
xmp[c],r_0703,Xanthosine 5-phosphate,atp[c] + nh3[c] + xmp[c] --> amp[c] + gmp[c] + ppi[c],Purine Metabolism,0.0,1000.0,C10H12N4O9P,-1,c
xmp[c],r_0077,Xanthosine 5-phosphate,h2o[c] + imp[c] + nad[c] --> h[c] + nadh[c] + xmp[c],Purine Metabolism,0.0,1000.0,C10H12N4O9P,-1,c
xmp[c],r_0452,Xanthosine 5-phosphate,atp[c] + gln__L[c] + h2o[c] + xmp[c] --> amp[c] + glu__L[c] + gmp[c] + h[c] + ppi[c],Purine Metabolism,0.0,1000.0,C10H12N4O9P,-1,c
xmp[c],r_0111,Xanthosine 5-phosphate,prpp[c] + xan[c] <=> ppi[c] + xmp[c],Purine Metabolism,-1000.0,1000.0,C10H12N4O9P,-1,c
xmp[c],r_0383,Xanthosine 5-phosphate,h2o[c] + xmp[c] --> h[c] + pi[c] + xtsn[c],Purine Metabolism,0.0,1000.0,C10H12N4O9P,-1,c
ipdp[c],r_0129,Isopentenyl diphosphate,grdp[c] + ipdp[c] --> frdp[c] + ppi[c],Terpenoid Backbone Biosynthesis,0.0,1000.0,C5H10O7P2,-2,c
ipdp[c],r_0078,Isopentenyl diphosphate,2.0 fdxrd[c] + h2mb4p[c] + 2.0 h[c] <=> 2.0 fdxox[c] + h2o[c] + ipdp[c],Terpenoid Backbone Biosynthesis,-1000.0,1000.0,C5H10O7P2,-2,c
ipdp[c],r_0611,Isopentenyl diphosphate,ipdp[c] <=> dmpp[c],Terpenoid Backbone Biosynthesis,-1000.0,1000.0,C5H10O7P2,-2,c
ipdp[c],r_0292,Isopentenyl diphosphate,dmpp[c] + ipdp[c] --> grdp[c] + ppi[c],Terpenoid Backbone Biosynthesis,0.0,1000.0,C5H10O7P2,-2,c
dudp[c],r_0627,dUDP,trdrd[c] + udp[c] --> dudp[c] + h2o[c] + trdox[c],Pyrimidine Metabolism,0.0,1000.0,C9H12N2O11P2,-2,c
dudp[c],r_0626,dUDP,atp[c] + dump[c] --> adp[c] + dudp[c],Pyrimidine Metabolism,0.0,1000.0,C9H12N2O11P2,-2,c
dudp[c],r_0079,dUDP,atp[c] + dudp[c] <=> adp[c] + dutp[c],Pyrimidine Metabolism,-1000.0,1000.0,C9H12N2O11P2,-2,c
dutp[c],r_0104,dUTP,dutp[c] + h2o[c] --> dump[c] + ppi[c],Pyrimidine Metabolism,0.0,1000.0,C9H12N2O14P3,-3,c
dutp[c],r_0079,dUTP,atp[c] + dudp[c] <=> adp[c] + dutp[c],Pyrimidine Metabolism,-1000.0,1000.0,C9H12N2O14P3,-3,c
dutp[c],r_0450,dUTP,dctp[c] + h2o[c] --> dutp[c] + nh3[c],Pyrimidine Metabolism,0.0,1000.0,C9H12N2O14P3,-3,c
ctp[c],r_0814,CTP,ctp[c] + g1p[c] <=> cdpglc[c] + ppi[c],Amino sugar and nucleotide sugar metabolism,-1000.0,1000.0,C9H13N3O14P3,-3,c
ctp[c],r_0483,CTP,4ppan[c] + ctp[c] + cys__L[c] <=> 4ppcys[c] + cmp[c] + ppi[c],Pantothenate and CoA Biosynthesis,-1000.0,1000.0,C9H13N3O14P3,-3,c
ctp[c],r_0624,CTP,atp[c] + nh3[c] + utp[c] --> adp[c] + ctp[c] + h[c] + pi[c],Pyrimidine Metabolism,0.0,1000.0,C9H13N3O14P3,-3,c
ctp[c],r_0422,CTP,2me4p[c] + ctp[c] --> 4c2me[c] + ppi[c],Terpenoid Backbone Biosynthesis,0.0,1000.0,C9H13N3O14P3,-3,c
ctp[c],r_0397,CTP,ctp[c] + h2o[c] --> nh3[c] + utp[c],Pyrimidine Metabolism,0.0,1000.0,C9H13N3O14P3,-3,c
ctp[c],r_0892,CTP,ctp[c] + psea[c] <=> cmppsea[c] + ppi[c],Amino sugar and nucleotide sugar metabolism,-1000.0,1000.0,C9H13N3O14P3,-3,c
ctp[c],r_0096,CTP,2.6 atp[c] + ctp[c] + gtp[c] + 1.6 h2o[c] + utp[c] --> 1.6 adp[c] + 1.6 h[c] + 1.6 pi[c] + 4.0 ppi[c] + 4.0 rna[c],Pyrimidine Metabolism,0.0,1000.0,C9H13N3O14P3,-3,c
ctp[c],r_0864,CTP,ctp[c] + kdo[c] <=> ckdo[c] + ppi[c],Lipopolysaccharide biosynthesis,-1000.0,1000.0,C9H13N3O14P3,-3,c
ctp[c],r_0216,CTP,atp[c] + gln__L[c] + h2o[c] + utp[c] --> adp[c] + ctp[c] + glu__L[c] + 2.0 h[c] + pi[c],Pyrimidine Metabolism,0.0,1000.0,C9H13N3O14P3,-3,c
ctp[c],r_0080,CTP,atp[c] + cdp[c] <=> adp[c] + ctp[c],Pyrimidine Metabolism,-1000.0,1000.0,C9H13N3O14P3,-3,c
ctp[c],r_0625,CTP,ctp[c] + h2o[c] --> cmp[c] + ppi[c],Pyrimidine Metabolism,0.0,1000.0,C9H13N3O14P3,-3,c
34hpp[c],r_0904,3-(4-Hydroxyphenyl)pyruvate,nad[c] + pphn[c] <=> 34hpp[c] + co2[c] + h[c] + nadh[c],Phenylalanine Tyrosine Tryptophan Biosynthesis,-1000.0,1000.0,C9H7O4,-1,c
34hpp[c],r_0844,3-(4-Hydroxyphenyl)pyruvate,34hpp[c] + o2[c] <=> co2[c] + hgentis[c],Tyrosine metabolism,-1000.0,1000.0,C9H7O4,-1,c
34hpp[c],r_0081,3-(4-Hydroxyphenyl)pyruvate,akg[c] + tyr__L[c] <=> 34hpp[c] + glu__L[c],Phenylalanine Tyrosine Tryptophan Biosynthesis,-1000.0,1000.0,C9H7O4,-1,c
34hpp[c],r_1053,3-(4-Hydroxyphenyl)pyruvate,34hpp[c] + h[c] <=> 34hpp[e] + h[e],Transport,-1000.0,1000.0,C9H7O4,-1,c
ppp9[c],r_0082,Protoporphyrin,fe2[c] + ppp9[c] <=> 2.0 h[c] + pheme[c],Porphyrin and Chlorophyll Metabolism,-1000.0,1000.0,C34H32N4O4,-2,c
ppp9[c],r_0308,Protoporphyrin,1.5 o2[c] + pppg9[c] --> 3.0 h2o[c] + ppp9[c],Porphyrin and Chlorophyll Metabolism,0.0,1000.0,C34H32N4O4,-2,c
pheme[c],r_0310,Protoheme,frdp[c] + h2o[c] + pheme[c] --> hemeO[c] + ppi[c],Porphyrin and Chlorophyll Metabolism,0.0,1000.0,C34H30N4O4Fe,-2,c
pheme[c],r_0082,Protoheme,fe2[c] + ppp9[c] <=> 2.0 h[c] + pheme[c],Porphyrin and Chlorophyll Metabolism,-1000.0,1000.0,C34H30N4O4Fe,-2,c
23dhmb[c],r_0174,"(R)-2,3-Dihydroxy-3-methylbutanoate",23dhmb[c] --> 3mob[c] + h2o[c],"Valine, Leucine and Isoleucine Biosynthesis",0.0,1000.0,C5H9O4,-1,c
23dhmb[c],r_0595,"(R)-2,3-Dihydroxy-3-methylbutanoate",23dhmb[c] + nadp[c] <=> 3hmoa[c] + h[c] + nadph[c],"Valine, Leucine and Isoleucine Biosynthesis",-1000.0,1000.0,C5H9O4,-1,c
23dhmb[c],r_0571,"(R)-2,3-Dihydroxy-3-methylbutanoate",alac__S[c] + h[c] + nadph[c] --> 23dhmb[c] + nadp[c],Pantothenate and CoA Biosynthesis,0.0,1000.0,C5H9O4,-1,c
23dhmb[c],r_0083,"(R)-2,3-Dihydroxy-3-methylbutanoate",23dhmb[c] + nadp[c] <=> alac__S[c] + h[c] + nadph[c],"Valine, Leucine and Isoleucine Biosynthesis",-1000.0,1000.0,C5H9O4,-1,c
alac__S[c],r_0594,(S)-2-Acetolactate,alac__S[c] <=> 3hmoa[c],"Valine, Leucine and Isoleucine Biosynthesis",-1000.0,1000.0,C5H7O4,-1,c
alac__S[c],r_0107,(S)-2-Acetolactate,2ahethmpp[c] + pyr[c] --> alac__S[c] + thmpp[c],"Valine, Leucine and Isoleucine Biosynthesis",0.0,1000.0,C5H7O4,-1,c
alac__S[c],r_0571,(S)-2-Acetolactate,alac__S[c] + h[c] + nadph[c] --> 23dhmb[c] + nadp[c],Pantothenate and CoA Biosynthesis,0.0,1000.0,C5H7O4,-1,c
alac__S[c],r_0570,(S)-2-Acetolactate,h[c] + 2.0 pyr[c] --> alac__S[c] + co2[c],Pantothenate and CoA Biosynthesis,0.0,1000.0,C5H7O4,-1,c
alac__S[c],r_0083,(S)-2-Acetolactate,23dhmb[c] + nadp[c] <=> alac__S[c] + h[c] + nadph[c],"Valine, Leucine and Isoleucine Biosynthesis",-1000.0,1000.0,C5H7O4,-1,c
3hhdcoa[c],r_0258,(S)-3-Hydroxyhexadecanoyl-CoA,3hhdcoa[c] + nad[c] <=> 3ohdcoa[c] + h[c] + nadh[c],Fatty Acid Metabolism,-1000.0,1000.0,C37H63N7O18P3S,-3,c
3hhdcoa[c],r_0084,(S)-3-Hydroxyhexadecanoyl-CoA,3hhdcoa[c] <=> h2o[c] + hdd2coa[c],Fatty Acid Metabolism,-1000.0,1000.0,C37H63N7O18P3S,-3,c
hdd2coa[c],r_0385,trans-Hexadec-2-enoyl-CoA,fad[c] + pmtcoa[c] --> fadh2[c] + hdd2coa[c],Fatty Acid Metabolism,0.0,1000.0,C37H61N7O17P3S,-3,c
hdd2coa[c],r_0084,trans-Hexadec-2-enoyl-CoA,3hhdcoa[c] <=> h2o[c] + hdd2coa[c],Fatty Acid Metabolism,-1000.0,1000.0,C37H61N7O17P3S,-3,c
3mob[c],r_0174,3-Methyl-2-oxobutanoate,23dhmb[c] --> 3mob[c] + h2o[c],"Valine, Leucine and Isoleucine Biosynthesis",0.0,1000.0,C5H7O3,-1,c
3mob[c],r_0234,3-Methyl-2-oxobutanoate,3mob[c] + h2o[c] + mlthf[c] <=> 2dhp[c] + thf[c],Pantothenate and CoA Biosynthesis,-1000.0,1000.0,C5H7O3,-1,c
3mob[c],r_0087,3-Methyl-2-oxobutanoate,3mob[c] + accoa[c] + h2o[c] --> 3c3hmp[c] + coa[c] + h[c],"Valine, Leucine and Isoleucine Biosynthesis",0.0,1000.0,C5H7O3,-1,c
3mob[c],r_0180,3-Methyl-2-oxobutanoate,3mob[c] + glu__L[c] --> akg[c] + val__L[c],"Valine, Leucine and Isoleucine Biosynthesis",0.0,1000.0,C5H7O3,-1,c
3c3hmp[c],r_0087,3-Carboxy-3-hydroxy-4-methylpentanoate,3mob[c] + accoa[c] + h2o[c] --> 3c3hmp[c] + coa[c] + h[c],"Valine, Leucine and Isoleucine Biosynthesis",0.0,1000.0,C7H10O5,-2,c
3c3hmp[c],r_0260,3-Carboxy-3-hydroxy-4-methylpentanoate,2ippm[c] + h2o[c] <=> 3c3hmp[c],"Valine, Leucine and Isoleucine Biosynthesis",-1000.0,1000.0,C7H10O5,-2,c
e4p[c],r_0152,D-Erythrose 4-phosphate,e4p[c] + xu5p__D[c] <=> f6p[c] + g3p[c],Pentose Phosphate Pathway,-1000.0,1000.0,C4H8O7P,-1,c
e4p[c],r_0125,D-Erythrose 4-phosphate,g3p[c] + s7p[c] <=> e4p[c] + f6p[c],Pentose Phosphate Pathway,-1000.0,1000.0,C4H8O7P,-1,c
e4p[c],r_0102,D-Erythrose 4-phosphate,e4p[c] + h2o[c] + pep[c] --> 2dda7p[c] + h[c] + pi[c],Phenylalanine Tyrosine Tryptophan Biosynthesis,0.0,1000.0,C4H8O7P,-1,c
e4p[c],r_0723,D-Erythrose 4-phosphate,f6p[c] + g3p[c] <=> e4p[c] + xu5p__D[c],Pentose Phosphate Pathway,-1000.0,1000.0,C4H8O7P,-1,c
e4p[c],r_0088,D-Erythrose 4-phosphate,e4p[c] + h2o[c] + nad[c] <=> 4per[c] + 2.0 h[c] + nadh[c],Vitamin B6 Metabolism,-1000.0,1000.0,C4H8O7P,-1,c
e4p[c],r_0559,D-Erythrose 4-phosphate,fmnh2[c] + o2[c] <=> dmbzid[c] + e4p[c] + h2o[c],Riboflavin Metabolism,-1000.0,1000.0,C4H8O7P,-1,c
4per[c],r_0088,4-Phospho-D-erythronate,e4p[c] + h2o[c] + nad[c] <=> 4per[c] + 2.0 h[c] + nadh[c],Vitamin B6 Metabolism,-1000.0,1000.0,C4H7O8P,-2,c
4per[c],r_0527,4-Phospho-D-erythronate,4per[c] + nad[c] <=> h[c] + nadh[c] + ohpb[c],Vitamin B6 Metabolism,-1000.0,1000.0,C4H7O8P,-2,c
pphn[c],r_0089,Prephenate,h[c] + pphn[c] <=> co2[c] + h2o[c] + phpyr[c],Phenylalanine Tyrosine Tryptophan Biosynthesis,-1000.0,1000.0,C10H8O6,-2,c
pphn[c],r_0904,Prephenate,nad[c] + pphn[c] <=> 34hpp[c] + co2[c] + h[c] + nadh[c],Phenylalanine Tyrosine Tryptophan Biosynthesis,-1000.0,1000.0,C10H8O6,-2,c
pphn[c],r_0905,Prephenate,Largn[c] + oaa[c] <=> asp__L[c] + pphn[c],Phenylalanine Tyrosine Tryptophan Biosynthesis,-1000.0,1000.0,C10H8O6,-2,c
pphn[c],r_0265,Prephenate,chor[c] --> pphn[c],Phenylalanine Tyrosine Tryptophan Biosynthesis,0.0,1000.0,C10H8O6,-2,c
phpyr[c],r_0089,Phenylpyruvate,h[c] + pphn[c] <=> co2[c] + h2o[c] + phpyr[c],Phenylalanine Tyrosine Tryptophan Biosynthesis,-1000.0,1000.0,C9H7O3,-1,c
phpyr[c],r_1070,Phenylpyruvate,asp__L[c] + phpyr[c] <=> oaa[c] + phe__L[c],,-1000.0,1000.0,C9H7O3,-1,c
phpyr[c],r_0219,Phenylpyruvate,glu__L[c] + phpyr[c] <=> akg[c] + phe__L[c],Phenylalanine Tyrosine Tryptophan Biosynthesis,-1000.0,1000.0,C9H7O3,-1,c
ptrc[c],r_0090,Putrescine,h[c] + orn[c] --> co2[c] + ptrc[c],Arginine and Proline Metabolism,0.0,1000.0,C4H14N2,2,c
ptrc[c],r_0835,Putrescine,orn__D[c] <=> co2[c] + ptrc[c],[],-1000.0,1000.0,C4H14N2,2,c
ptrc[c],r_0223,Putrescine,agm[c] + h2o[c] --> ptrc[c] + urea[c],Arginine and Proline Metabolism,0.0,1000.0,C4H14N2,2,c
ptrc[c],r_0959,Putrescine,0.2614 ade[c] + 0.706188 ala__L[c] + 0.431004 arg__L[c] + 0.155232 asn__L[c] + 0.312228 asp__L[c] + 0.3586 csn[c] + 0.054684 cys__L[c] + 0.17052 gln__L[c] + 0.343392 glu__L[c] + 0.497448 gly[c] + 0.05 glycogen[c] + 0.3586 gua[c] + 0.124068 his__L[c] + 0.322224 ile__L[c] + 0.599172 leu__L[c] + 0.18816 lys__L[c] + 0.143472 met__L[c] + 0.39 pe_hs[c] + 4.86 phb[c] + 0.231672 phe__L[c] + 0.295764 pro__L[c] + 0.01 ptrc[c] + 0.3586 rna[c] + 0.34104 ser__L[c] + 0.30282 thr__L[c] + 0.0722 thym[c] + 0.081144 trp__L[c] + 0.134652 tyr__L[c] + 0.1892 ura[c] + 0.445704 val__L[c] --> biomass[c],Biomass,0.0,1000.0,C4H14N2,2,c
acACP[c],r_0091,Acetyl-ACP,acACP[c] + h[c] + malACP[c] --> ACP[c] + actACP[c] + co2[c],Fatty Acid Biosynthesis,0.0,1000.0,C13H22N2O7PSR,-1,c
acACP[c],r_0230,Acetyl-ACP,ACP[c] + accoa[c] <=> acACP[c] + coa[c],Fatty Acid Biosynthesis,-1000.0,1000.0,C13H22N2O7PSR,-1,c
actACP[c],r_0312,Acetoacetyl-ACP,actACP[c] + h[c] + nadph[c] <=> 3hbutACP[c] + nadp[c],Fatty Acid Biosynthesis,-1000.0,1000.0,C15H24N2O8PSR,-1,c
actACP[c],r_0617,Acetoacetyl-ACP,accoa[c] + h[c] + malACP[c] --> actACP[c] + co2[c] + coa[c],Fatty Acid Biosynthesis,0.0,1000.0,C15H24N2O8PSR,-1,c
actACP[c],r_0091,Acetoacetyl-ACP,acACP[c] + h[c] + malACP[c] --> ACP[c] + actACP[c] + co2[c],Fatty Acid Biosynthesis,0.0,1000.0,C15H24N2O8PSR,-1,c
glu__L[e],r_0092,L_Glutamate,glu__L[e] + h[e] <=> glu__L[c] + h[c],Transport,-1000.0,1000.0,C5H8NO4,-1,e
glu__L[e],r_0337,L_Glutamate,glu__L[e] <=> ,Exchange,-2.0,1000.0,C5H8NO4,-1,e
inost[c],r_0093,myo-Inositol,inost[c] <=> inost[e],Transport,-1000.0,1000.0,C6H12O6,0,c
inost[c],r_0172,myo-Inositol,inost[c] + nad[c] --> 2ins[c] + h[c] + nadh[c],Inositol Phosphate Metabolism,0.0,1000.0,C6H12O6,0,c
inost[e],r_0093,myo-Inositol,inost[c] <=> inost[e],Transport,-1000.0,1000.0,C6H12O6,0,e
inost[e],r_0338,myo-Inositol,inost[e] <=> ,Exchange,-0.01,1000.0,C6H12O6,0,e
succ[c],r_0479,Succinate,h2o[c] + suchms[c] <=> 2obut[c] + 2.0 h[c] + nh3[c] + succ[c],Cysteine and Methionine Metabolism,-1000.0,1000.0,C4H4O4,-2,c
succ[c],r_0519,Succinate,acac[c] + succoa[c] <=> aacoa[c] + succ[c],"PHB synthesis; Valine, leucine and isoleucine degradation; Butanoate metabolism",-1000.0,1000.0,C4H4O4,-2,c
succ[c],r_0347,Succinate,h2o[c] + sl26da[c] --> 26dap_LL[c] + succ[c],Lysine Biosynthesis,0.0,1000.0,C4H4O4,-2,c
succ[c],r_0480,Succinate,cys__L[c] + suchms[c] --> cyst__L[c] + h[c] + succ[c],Cysteine and Methionine Metabolism,0.0,1000.0,C4H4O4,-2,c
succ[c],r_0095,Succinate,fad[c] + succ[c] <=> fadh2[c] + fum[c],TCA Cycle,-1000.0,1000.0,C4H4O4,-2,c
succ[c],r_0094,Succinate,atp[c] + coa[c] + succ[c] <=> adp[c] + pi[c] + succoa[c],Sulfur Metabolism; Purine Metabolism,-1000.0,1000.0,C4H4O4,-2,c
succ[c],r_0239,Succinate,h2s[c] + suchms[c] <=> h[c] + hcys__L[c] + succ[c],Cysteine and Methionine Metabolism,-1000.0,1000.0,C4H4O4,-2,c
succ[c],r_0471,Succinate,h2o[c] + nadp[c] + sucsal[c] --> 2.0 h[c] + nadph[c] + succ[c],Nitrogen Metabolism,0.0,1000.0,C4H4O4,-2,c
succ[c],r_0112,Succinate,2.0 h[e] + succ[e] --> 2.0 h[c] + succ[c],Transport,0.0,1000.0,C4H4O4,-2,c
fad[c],r_0555,Flavin adenine dinucleotide oxidized,fad[c] + h2o[c] <=> amp[c] + fmn[c],Riboflavin Metabolism,-1000.0,1000.0,C27H31N9O15P2,-2,c
fad[c],r_0350,Flavin adenine dinucleotide oxidized,dccoa[c] + fad[c] <=> dc2coa[c] + fadh2[c],Fatty Acid Metabolism,-1000.0,1000.0,C27H31N9O15P2,-2,c
fad[c],r_0393,Flavin adenine dinucleotide oxidized,ddcacoa[c] + fad[c] + h[c] <=> dd2coa[c] + fadh2[c],Fatty Acid Metabolism,-1000.0,1000.0,C27H31N9O15P2,-2,c
fad[c],r_0289,Flavin adenine dinucleotide oxidized,btcoa[c] + fad[c] <=> b2coa[c] + fadh2[c],Fatty Acid Metabolism,-1000.0,1000.0,C27H31N9O15P2,-2,c
fad[c],r_0385,Flavin adenine dinucleotide oxidized,fad[c] + pmtcoa[c] --> fadh2[c] + hdd2coa[c],Fatty Acid Metabolism,0.0,1000.0,C27H31N9O15P2,-2,c
fad[c],r_0873,Flavin adenine dinucleotide oxidized,fad[c] + h2o[c] + sql[c] <=> fadh2[c] + hdsl[c],[],-1000.0,1000.0,C27H31N9O15P2,-2,c
fad[c],r_0303,Flavin adenine dinucleotide oxidized,fadh2[c] + q[c] <=> fad[c] + qh2[c],Oxidative Phosphorylation,-1000.0,1000.0,C27H31N9O15P2,-2,c
fad[c],r_0095,Flavin adenine dinucleotide oxidized,fad[c] + succ[c] <=> fadh2[c] + fum[c],TCA Cycle,-1000.0,1000.0,C27H31N9O15P2,-2,c
fad[c],r_0458,Flavin adenine dinucleotide oxidized,fad[c] + occoa[c] <=> fadh2[c] + oc2coa[c],Fatty Acid Metabolism,-1000.0,1000.0,C27H31N9O15P2,-2,c
fad[c],r_0387,Flavin adenine dinucleotide oxidized,fad[c] + hxcoa[c] <=> fadh2[c] + hx2coa[c],Fatty Acid Metabolism,-1000.0,1000.0,C27H31N9O15P2,-2,c
fad[c],r_0430,Flavin adenine dinucleotide oxidized,fad[c] + tdcoa[c] <=> fadh2[c] + td2coa[c],Fatty Acid Metabolism,-1000.0,1000.0,C27H31N9O15P2,-2,c
fad[c],r_0389,Flavin adenine dinucleotide oxidized,atp[c] + fmn[c] --> fad[c] + ppi[c],Riboflavin Metabolism,0.0,1000.0,C27H31N9O15P2,-2,c
fadh2[c],r_0350,Flavin adenine dinucleotide reduced,dccoa[c] + fad[c] <=> dc2coa[c] + fadh2[c],Fatty Acid Metabolism,-1000.0,1000.0,C27H33N9O15P2,-2,c
fadh2[c],r_0393,Flavin adenine dinucleotide reduced,ddcacoa[c] + fad[c] + h[c] <=> dd2coa[c] + fadh2[c],Fatty Acid Metabolism,-1000.0,1000.0,C27H33N9O15P2,-2,c
fadh2[c],r_0289,Flavin adenine dinucleotide reduced,btcoa[c] + fad[c] <=> b2coa[c] + fadh2[c],Fatty Acid Metabolism,-1000.0,1000.0,C27H33N9O15P2,-2,c
fadh2[c],r_0385,Flavin adenine dinucleotide reduced,fad[c] + pmtcoa[c] --> fadh2[c] + hdd2coa[c],Fatty Acid Metabolism,0.0,1000.0,C27H33N9O15P2,-2,c
fadh2[c],r_0873,Flavin adenine dinucleotide reduced,fad[c] + h2o[c] + sql[c] <=> fadh2[c] + hdsl[c],[],-1000.0,1000.0,C27H33N9O15P2,-2,c
fadh2[c],r_0303,Flavin adenine dinucleotide reduced,fadh2[c] + q[c] <=> fad[c] + qh2[c],Oxidative Phosphorylation,-1000.0,1000.0,C27H33N9O15P2,-2,c
fadh2[c],r_0095,Flavin adenine dinucleotide reduced,fad[c] + succ[c] <=> fadh2[c] + fum[c],TCA Cycle,-1000.0,1000.0,C27H33N9O15P2,-2,c
fadh2[c],r_0458,Flavin adenine dinucleotide reduced,fad[c] + occoa[c] <=> fadh2[c] + oc2coa[c],Fatty Acid Metabolism,-1000.0,1000.0,C27H33N9O15P2,-2,c
fadh2[c],r_0387,Flavin adenine dinucleotide reduced,fad[c] + hxcoa[c] <=> fadh2[c] + hx2coa[c],Fatty Acid Metabolism,-1000.0,1000.0,C27H33N9O15P2,-2,c
fadh2[c],r_0430,Flavin adenine dinucleotide reduced,fad[c] + tdcoa[c] <=> fadh2[c] + td2coa[c],Fatty Acid Metabolism,-1000.0,1000.0,C27H33N9O15P2,-2,c
utp[c],r_0296,UTP,atp[c] + udp[c] <=> adp[c] + utp[c],Pyrimidine Metabolism,-1000.0,1000.0,C9H12N2O15P3,-3,c
utp[c],r_0990,UTP,gal1p[c] + utp[c] <=> ppi[c] + udpgal[c],,-1000.0,1000.0,C9H12N2O15P3,-3,c
utp[c],r_0787,UTP,acgam1p[c] + utp[c] <=> ppi[c] + uacgam[c],Amino sugar and nucleotide sugar metabolism,-1000.0,1000.0,C9H12N2O15P3,-3,c
utp[c],r_0624,UTP,atp[c] + nh3[c] + utp[c] --> adp[c] + ctp[c] + h[c] + pi[c],Pyrimidine Metabolism,0.0,1000.0,C9H12N2O15P3,-3,c
utp[c],r_0397,UTP,ctp[c] + h2o[c] --> nh3[c] + utp[c],Pyrimidine Metabolism,0.0,1000.0,C9H12N2O15P3,-3,c
utp[c],r_0096,UTP,2.6 atp[c] + ctp[c] + gtp[c] + 1.6 h2o[c] + utp[c] --> 1.6 adp[c] + 1.6 h[c] + 1.6 pi[c] + 4.0 ppi[c] + 4.0 rna[c],Pyrimidine Metabolism,0.0,1000.0,C9H12N2O15P3,-3,c
utp[c],r_0732,UTP,nrp[c] + utp[c] <=> ppi[c] + unrp[c],[],-1000.0,1000.0,C9H12N2O15P3,-3,c
utp[c],r_0216,UTP,atp[c] + gln__L[c] + h2o[c] + utp[c] --> adp[c] + ctp[c] + glu__L[c] + 2.0 h[c] + pi[c],Pyrimidine Metabolism,0.0,1000.0,C9H12N2O15P3,-3,c
utp[c],r_0623,UTP,h2o[c] + utp[c] --> ppi[c] + ump[c],Pyrimidine Metabolism,0.0,1000.0,C9H12N2O15P3,-3,c
utp[c],r_0886,UTP,g1p[c] + utp[c] <=> ppi[c] + udpg[c],Pentose and glucuronate interconversions,-1000.0,1000.0,C9H12N2O15P3,-3,c
rna[c],r_0096,RNA,2.6 atp[c] + ctp[c] + gtp[c] + 1.6 h2o[c] + utp[c] --> 1.6 adp[c] + 1.6 h[c] + 1.6 pi[c] + 4.0 ppi[c] + 4.0 rna[c],Pyrimidine Metabolism,0.0,1000.0,,-3,c
rna[c],r_0959,RNA,0.2614 ade[c] + 0.706188 ala__L[c] + 0.431004 arg__L[c] + 0.155232 asn__L[c] + 0.312228 asp__L[c] + 0.3586 csn[c] + 0.054684 cys__L[c] + 0.17052 gln__L[c] + 0.343392 glu__L[c] + 0.497448 gly[c] + 0.05 glycogen[c] + 0.3586 gua[c] + 0.124068 his__L[c] + 0.322224 ile__L[c] + 0.599172 leu__L[c] + 0.18816 lys__L[c] + 0.143472 met__L[c] + 0.39 pe_hs[c] + 4.86 phb[c] + 0.231672 phe__L[c] + 0.295764 pro__L[c] + 0.01 ptrc[c] + 0.3586 rna[c] + 0.34104 ser__L[c] + 0.30282 thr__L[c] + 0.0722 thym[c] + 0.081144 trp__L[c] + 0.134652 tyr__L[c] + 0.1892 ura[c] + 0.445704 val__L[c] --> biomass[c],Biomass,0.0,1000.0,,-3,c
dhap[c],r_0849,Dihydroxyacetone phosphate,nadp[c] + sng3p[c] --> dhap[c] + h[c] + nadph[c],Glycerophospholipid metabolism,0.0,1000.0,C3H6O6P,-1,c
dhap[c],r_0846,Dihydroxyacetone phosphate,qun[c] + sng3p[c] --> dhap[c] + hqn[c],[],0.0,1000.0,C3H6O6P,-1,c
dhap[c],r_1050,Dihydroxyacetone phosphate,rml1p[c] <=> dhap[c] + lald__L[c],,-1000.0,1000.0,C3H6O6P,-1,c
dhap[c],r_0134,Dihydroxyacetone phosphate,d5kgp[c] --> dhap[c] + msa[c],Inositol Phosphate Metabolism,0.0,1000.0,C3H6O6P,-1,c
dhap[c],r_1039,Dihydroxyacetone phosphate,fc1p[c] <=> dhap[c] + lald__L[c],,-1000.0,1000.0,C3H6O6P,-1,c
dhap[c],r_0858,Dihydroxyacetone phosphate,dhap[c] <=> mthgxl[c] + pi[c],Propanoate metabolism,-1000.0,1000.0,C3H6O6P,-1,c
dhap[c],r_0097,Dihydroxyacetone phosphate,dhap[c] <=> g3p[c],Glycolysis / Gluconeogenesis,-1000.0,1000.0,C3H6O6P,-1,c
dhap[c],r_0278,Dihydroxyacetone phosphate,fdp[c] <=> dhap[c] + g3p[c],Glycolysis / Gluconeogenesis,-1000.0,1000.0,C3H6O6P,-1,c
dhap[c],r_0529,Dihydroxyacetone phosphate,dhap[c] + iasp[c] --> 2.0 h2o[c] + h[c] + pi[c] + quln[c],Nicotinate and Nicotinamide,0.0,1000.0,C3H6O6P,-1,c
dhap[c],r_0850,Dihydroxyacetone phosphate,nad[c] + sng3p[c] --> dhap[c] + h[c] + nadh[c],Glycerophospholipid metabolism,0.0,1000.0,C3H6O6P,-1,c
dhap[c],r_0863,Dihydroxyacetone phosphate,dha[c] + pep[c] <=> dhap[c] + pyr[c],[],-1000.0,1000.0,C3H6O6P,-1,c
gmp[c],r_0098,GMP,atp[c] + gmp[c] <=> adp[c] + gdp[c],Purine Metabolism,-1000.0,1000.0,C10H13N5O8P,-1,c
gmp[c],r_0417,GMP,gmp[c] + h2o[c] --> gsn[c] + h[c] + pi[c],Purine Metabolism,0.0,1000.0,C10H13N5O8P,-1,c
gmp[c],r_0355,GMP,gua[c] + prpp[c] <=> gmp[c] + ppi[c],Purine Metabolism,-1000.0,1000.0,C10H13N5O8P,-1,c
gmp[c],r_0703,GMP,atp[c] + nh3[c] + xmp[c] --> amp[c] + gmp[c] + ppi[c],Purine Metabolism,0.0,1000.0,C10H13N5O8P,-1,c
gmp[c],r_0452,GMP,atp[c] + gln__L[c] + h2o[c] + xmp[c] --> amp[c] + glu__L[c] + gmp[c] + h[c] + ppi[c],Purine Metabolism,0.0,1000.0,C10H13N5O8P,-1,c
gmp[c],r_0368,GMP,agdpcbi[c] + rdmbzi[c] --> adocbl[c] + gmp[c],Porphyrin Metabolism,0.0,1000.0,C10H13N5O8P,-1,c
gmp[c],r_0698,GMP,gtp[c] + h2o[c] --> gmp[c] + ppi[c],Purine Metabolism,0.0,1000.0,C10H13N5O8P,-1,c
dgdp[c],r_0100,dGDP,atp[c] + dgdp[c] <=> adp[c] + dgtp[c],Purine Metabolism,-1000.0,1000.0,C10H13N5O10P2,-2,c
dgdp[c],r_0697,dGDP,gdp[c] + trdrd[c] --> dgdp[c] + h2o[c] + trdox[c],Purine Metabolism,0.0,1000.0,C10H13N5O10P2,-2,c
dgdp[c],r_0298,dGDP,atp[c] + dgmp[c] <=> adp[c] + dgdp[c],Purine Metabolism,-1000.0,1000.0,C10H13N5O10P2,-2,c
25aics[c],r_0101,(S)-2-[5-Amino-1-(5-phospho-D-ribosyl)imidazole-4-carboxamido]succinate,25aics[c] <=> aicar[c] + fum[c],Purine Metabolism,-1000.0,1000.0,C13H16N4O12P,-3,c
25aics[c],r_0131,(S)-2-[5-Amino-1-(5-phospho-D-ribosyl)imidazole-4-carboxamido]succinate,5aizc[c] + asp__L[c] + atp[c] <=> 25aics[c] + adp[c] + 2.0 h[c] + pi[c],Purine Metabolism,-1000.0,1000.0,C13H16N4O12P,-3,c
aicar[c],r_0101,5-Amino-1-(5-Phospho-D-ribosyl)imidazole-4-carboxamide,25aics[c] <=> aicar[c] + fum[c],Purine Metabolism,-1000.0,1000.0,C9H14N4O8P,-1,c
aicar[c],r_0135,5-Amino-1-(5-Phospho-D-ribosyl)imidazole-4-carboxamide,gln__L[c] + prlp[c] --> aicar[c] + eig3p[c] + glu__L[c] + h[c],Histidine Metabolism,0.0,1000.0,C9H14N4O8P,-1,c
aicar[c],r_0415,5-Amino-1-(5-Phospho-D-ribosyl)imidazole-4-carboxamide,10fthf[c] + aicar[c] --> fprica[c] + thf[c],Purine Metabolism,0.0,1000.0,C9H14N4O8P,-1,c
aicar[c],r_0692,5-Amino-1-(5-Phospho-D-ribosyl)imidazole-4-carboxamide,aicar[c] + ppi[c] <=> 5a4icam[c] + prpp[c],Purine Metabolism,-1000.0,1000.0,C9H14N4O8P,-1,c
histd[c],r_0103,L-Histidinol,h2o[c] + histd[c] + 2.0 nad[c] --> 3.0 h[c] + his__L[c] + 2.0 nadh[c],Histidine Metabolism,0.0,1000.0,C6H12N3O,1,c
histd[c],r_0279,L-Histidinol,h2o[c] + hisp[c] --> h[c] + histd[c] + pi[c],Histidine Metabolism,0.0,1000.0,C6H12N3O,1,c
histd[c],r_0599,L-Histidinol,histd[c] + nad[c] --> h[c] + histda[c] + nadh[c],Histidine Metabolism,0.0,1000.0,C6H12N3O,1,c
his__L[c],r_0601,L-Histidine,h2o[c] + histda[c] + nad[c] --> 2.0 h[c] + his__L[c] + nadh[c],Histidine Metabolism,0.0,1000.0,C6H9N3O2,0,c
his__L[c],r_0103,L-Histidine,h2o[c] + histd[c] + 2.0 nad[c] --> 3.0 h[c] + his__L[c] + 2.0 nadh[c],Histidine Metabolism,0.0,1000.0,C6H9N3O2,0,c
his__L[c],r_0600,L-Histidine,amet[c] + his__L[c] --> Npmehis[c] + ahcys[c],Histidine Metabolism,0.0,1000.0,C6H9N3O2,0,c
his__L[c],r_0109,L-Histidine,his__L[c] --> h[c] + nh3[c] + urcan[c],Histidine Metabolism,0.0,1000.0,C6H9N3O2,0,c
his__L[c],r_0377,L-Histidine,atp[c] + h[c] + his__L[c] + trnahis[c] --> amp[c] + histrna[c] + ppi[c],Histidine Metabolism,0.0,1000.0,C6H9N3O2,0,c
his__L[c],r_0959,L-Histidine,0.2614 ade[c] + 0.706188 ala__L[c] + 0.431004 arg__L[c] + 0.155232 asn__L[c] + 0.312228 asp__L[c] + 0.3586 csn[c] + 0.054684 cys__L[c] + 0.17052 gln__L[c] + 0.343392 glu__L[c] + 0.497448 gly[c] + 0.05 glycogen[c] + 0.3586 gua[c] + 0.124068 his__L[c] + 0.322224 ile__L[c] + 0.599172 leu__L[c] + 0.18816 lys__L[c] + 0.143472 met__L[c] + 0.39 pe_hs[c] + 4.86 phb[c] + 0.231672 phe__L[c] + 0.295764 pro__L[c] + 0.01 ptrc[c] + 0.3586 rna[c] + 0.34104 ser__L[c] + 0.30282 thr__L[c] + 0.0722 thym[c] + 0.081144 trp__L[c] + 0.134652 tyr__L[c] + 0.1892 ura[c] + 0.445704 val__L[c] --> biomass[c],Biomass,0.0,1000.0,C6H9N3O2,0,c
his__L[c],r_0602,L-Histidine,3.0 amet[c] + h[c] + his__L[c] --> 3.0 ahcys[c] + hercyn[c],Histidine Metabolism,0.0,1000.0,C6H9N3O2,0,c
dump[c],r_0629,dUMP,dump[c] + h2o[c] --> duri[c] + h[c] + pi[c],Pyrimidine Metabolism,0.0,1000.0,C9H12N2O8P,-1,c
dump[c],r_0118,dUMP,atp[c] + duri[c] --> adp[c] + dump[c],Pyrimidine Metabolism,0.0,1000.0,C9H12N2O8P,-1,c
dump[c],r_0104,dUMP,dutp[c] + h2o[c] --> dump[c] + ppi[c],Pyrimidine Metabolism,0.0,1000.0,C9H12N2O8P,-1,c
dump[c],r_0187,dUMP,dump[c] + mlthf[c] --> dhf[c] + dtmp[c],Pyrimidine Metabolism,0.0,1000.0,C9H12N2O8P,-1,c
dump[c],r_0626,dUMP,atp[c] + dump[c] --> adp[c] + dudp[c],Pyrimidine Metabolism,0.0,1000.0,C9H12N2O8P,-1,c
acg5p[c],r_0154,N-Acetyl-L-glutamyl 5-phosphate,acg5sa[c] + nadp[c] + pi[c] <=> acg5p[c] + nadph[c],Arginine biosynthesis,-1000.0,1000.0,C7H10NO8P,-2,c
acg5p[c],r_0105,N-Acetyl-L-glutamyl 5-phosphate,acglu[c] + atp[c] + h[c] --> acg5p[c] + adp[c],Arginine biosynthesis,0.0,1000.0,C7H10NO8P,-2,c
dnad[c],r_0106,Deamino-NAD+,atp[c] + nicrnt[c] <=> dnad[c] + ppi[c],Nicotinate and Nicotinamide,-1000.0,1000.0,C21H24N6O15P2,-2,c
dnad[c],r_0562,Deamino-NAD+,dnad[c] + h2o[c] --> amp[c] + nicrnt[c],Nicotinate and Nicotinamide,0.0,1000.0,C21H24N6O15P2,-2,c
dnad[c],r_0564,Deamino-NAD+,atp[c] + dnad[c] + h[c] + nh3[c] --> amp[c] + nad[c] + ppi[c],Nicotinate and Nicotinamide,0.0,1000.0,C21H24N6O15P2,-2,c
dnad[c],r_0497,Deamino-NAD+,atp[c] + dnad[c] + gln__L[c] + h2o[c] --> amp[c] + glu__L[c] + nad[c] + ppi[c],Nicotinate and Nicotinamide,0.0,1000.0,C21H24N6O15P2,-2,c
2ahethmpp[c],r_1068,Hydroxy ethyl Thiamin diphosphate,acald[c] + thmpp[c] <=> 2ahethmpp[c],,-1000.0,1000.0,C14H21N4O8P2S,-1,c
2ahethmpp[c],r_0107,Hydroxy ethyl Thiamin diphosphate,2ahethmpp[c] + pyr[c] --> alac__S[c] + thmpp[c],"Valine, Leucine and Isoleucine Biosynthesis",0.0,1000.0,C14H21N4O8P2S,-1,c
2ahethmpp[c],r_0227,Hydroxy ethyl Thiamin diphosphate,h[c] + pyr[c] + thmpp[c] --> 2ahethmpp[c] + co2[c],TCA Cycle,0.0,1000.0,C14H21N4O8P2S,-1,c
2ahethmpp[c],r_0126,Hydroxy ethyl Thiamin diphosphate,2ahethmpp[c] + 2obut[c] --> 2ahbut[c] + thmpp[c],"Valine, Leucine and Isoleucine Biosynthesis",0.0,1000.0,C14H21N4O8P2S,-1,c
thmpp[c],r_0552,Thiamine diphosphate,h2o[c] + thmpp[c] <=> pi[c] + thmmp[c],Thiamine Metabolism,-1000.0,1000.0,C12H17N4O7P2S,-1,c
thmpp[c],r_0554,Thiamine diphosphate,adp[c] + thmpp[c] --> amp[c] + thmtp[c],Thiamine Metabolism,0.0,1000.0,C12H17N4O7P2S,-1,c
thmpp[c],r_1068,Thiamine diphosphate,acald[c] + thmpp[c] <=> 2ahethmpp[c],,-1000.0,1000.0,C12H17N4O7P2S,-1,c
thmpp[c],r_0126,Thiamine diphosphate,2ahethmpp[c] + 2obut[c] --> 2ahbut[c] + thmpp[c],"Valine, Leucine and Isoleucine Biosynthesis",0.0,1000.0,C12H17N4O7P2S,-1,c
thmpp[c],r_0553,Thiamine diphosphate,atp[c] + thm[c] --> amp[c] + thmpp[c],Thiamine Metabolism,0.0,1000.0,C12H17N4O7P2S,-1,c
thmpp[c],r_0107,Thiamine diphosphate,2ahethmpp[c] + pyr[c] --> alac__S[c] + thmpp[c],"Valine, Leucine and Isoleucine Biosynthesis",0.0,1000.0,C12H17N4O7P2S,-1,c
thmpp[c],r_0227,Thiamine diphosphate,h[c] + pyr[c] + thmpp[c] --> 2ahethmpp[c] + co2[c],TCA Cycle,0.0,1000.0,C12H17N4O7P2S,-1,c
ins[c],r_0429,Inosine,h2o[c] + imp[c] --> h[c] + ins[c] + pi[c],Purine Metabolism,0.0,1000.0,C10H12N4O5,0,c
ins[c],r_0108,Inosine,h[c] + ins[c] + pi[c] <=> hxan[c] + r1p[c],Purine Metabolism,-1000.0,1000.0,C10H12N4O5,0,c
ins[c],r_0280,Inosine,adn[c] + h2o[c] --> ins[c] + nh3[c],Purine Metabolism,0.0,1000.0,C10H12N4O5,0,c
hxan[c],r_0108,Hypoxanthine,h[c] + ins[c] + pi[c] <=> hxan[c] + r1p[c],Purine Metabolism,-1000.0,1000.0,C5H4N4O,0,c
hxan[c],r_0706,Hypoxanthine,h2o[c] + hxan[c] + nad[c] --> h[c] + nadh[c] + xan[c],Purine Metabolism,0.0,1000.0,C5H4N4O,0,c
hxan[c],r_0284,Hypoxanthine,din[c] + h[c] + pi[c] <=> 2dr1p[c] + hxan[c],Purine Metabolism,-1000.0,1000.0,C5H4N4O,0,c
hxan[c],r_0218,Hypoxanthine,ade[c] + h2o[c] --> hxan[c] + nh3[c],Purine Metabolism,0.0,1000.0,C5H4N4O,0,c
hxan[c],r_0446,Hypoxanthine,hxan[c] + prpp[c] <=> imp[c] + ppi[c],Purine Metabolism,-1000.0,1000.0,C5H4N4O,0,c
urcan[c],r_0120,Urocanate,h2o[c] + urcan[c] --> 4izp[c],Histidine Metabolism,0.0,1000.0,C6H5N2O2,-1,c
urcan[c],r_0109,Urocanate,his__L[c] --> h[c] + nh3[c] + urcan[c],Histidine Metabolism,0.0,1000.0,C6H5N2O2,-1,c
pydxn[c],r_0560,Pyridoxine,o2[c] + pydxn[c] <=> h2o2[c] + pydx[c],Vitamin B6 Metabolism,-1000.0,1000.0,C8H11NO3,0,c
pydxn[c],r_0110,Pyridoxine,atp[c] + pydxn[c] --> adp[c] + pdx5p[c],Vitamin B6 Metabolism,0.0,1000.0,C8H11NO3,0,c
pydxn[c],r_0494,Pyridoxine,h2o[c] + pdx5p[c] --> h[c] + pi[c] + pydxn[c],Vitamin B6 Metabolism,0.0,1000.0,C8H11NO3,0,c
pydxn[c],r_0507,Pyridoxine,Iron[c] + adocbl[c] + atp[c] + gthox[c] + hemeO[c] + homocitrate[c] + mg2[c] + mobd[c] + nac[c] + pi[c] + pydxn[c] + thm[c] + zn2[c] --> Symbiotic_Cofactors[c],Symbiosis,0.0,1000.0,C8H11NO3,0,c
xan[c],r_0259,Xanthine,h[c] + pi[c] + xtsn[c] <=> r1p[c] + xan[c],Purine Metabolism,-1000.0,1000.0,C5H4N4O2,0,c
xan[c],r_0706,Xanthine,h2o[c] + hxan[c] + nad[c] --> h[c] + nadh[c] + xan[c],Purine Metabolism,0.0,1000.0,C5H4N4O2,0,c
xan[c],r_0206,Xanthine,gua[c] + h2o[c] --> nh3[c] + xan[c],Purine Metabolism,0.0,1000.0,C5H4N4O2,0,c
xan[c],r_0111,Xanthine,prpp[c] + xan[c] <=> ppi[c] + xmp[c],Purine Metabolism,-1000.0,1000.0,C5H4N4O2,0,c
xan[c],r_0705,Xanthine,h2o[c] + nad[c] + xan[c] --> h[c] + nadh[c] + urate[c],Purine Metabolism,0.0,1000.0,C5H4N4O2,0,c
succ[e],r_0325,Succinate,succ[e] <-- ,Exchange,-1.38,0.0,C4H4O4,-2,e
succ[e],r_0112,Succinate,2.0 h[e] + succ[e] --> 2.0 h[c] + succ[c],Transport,0.0,1000.0,C4H4O4,-2,e
ala__L[c],r_0268,L-Alanine,atp[c] + cys__L[c] + dxyl5p[c] + tyr__L[c] --> 4hba[c] + 4mpetz[c] + ala__L[c] + amp[c] + co2[c] + h2o[c] + ppi[c],Thiamine Metabolism,0.0,1000.0,C3H7NO2,0,c
ala__L[c],r_0309,L-Alanine,ala__L[c] + gthrd[c] --> cgly[c] + gluala[c],Glutathione Metabolism,0.0,1000.0,C3H7NO2,0,c
ala__L[c],r_0805,L-Alanine,ala__L[c] + atp[c] + uamr[c] --> adp[c] + pi[c] + uama[c],Peptidoglycan biosynthesis,0.0,1000.0,C3H7NO2,0,c
ala__L[c],r_0809,L-Alanine,acmama[c] + h2o[c] <=> acmum[c] + ala__L[c],[],-1000.0,1000.0,C3H7NO2,0,c
ala__L[c],BIOMASS_0508,L-Alanine,0.00816736 Symbiotic_Cofactors[c] + 0.816736 ade[c] + 0.816736 ala__L[c] + 0.816736 arg__L[c] + 0.816736 asp__L[c] + 0.816736 fixedNH3[c] + 0.816736 glycogen[c] + 0.816736 hdca[c] + 0.816736 ile__L[c] + 0.816736 phb[c] + 0.816736 ura[c] + 0.816736 val__L[c] <=> Symbiotic_product[c] + 0.816736 ala__L[e] + 0.816736 asp__L[e] + 0.816736 fixedNH3[e] + 0.816736 glycogen1[c],Symbiosis,-1000.0,1000.0,C3H7NO2,0,c
ala__L[c],r_0396,L-Alanine,ala__L[c] + atp[c] + h[c] + trnaala[c] --> alatrna[c] + amp[c] + ppi[c],Aminoacyl-tRNA biosynthesis,0.0,1000.0,C3H7NO2,0,c
ala__L[c],r_0820,L-Alanine,ala__L[c] + pmcoa[c] <=> 8aonn[c] + co2[c] + coa[c],Biotin metabolism,-1000.0,1000.0,C3H7NO2,0,c
ala__L[c],r_0959,L-Alanine,0.2614 ade[c] + 0.706188 ala__L[c] + 0.431004 arg__L[c] + 0.155232 asn__L[c] + 0.312228 asp__L[c] + 0.3586 csn[c] + 0.054684 cys__L[c] + 0.17052 gln__L[c] + 0.343392 glu__L[c] + 0.497448 gly[c] + 0.05 glycogen[c] + 0.3586 gua[c] + 0.124068 his__L[c] + 0.322224 ile__L[c] + 0.599172 leu__L[c] + 0.18816 lys__L[c] + 0.143472 met__L[c] + 0.39 pe_hs[c] + 4.86 phb[c] + 0.231672 phe__L[c] + 0.295764 pro__L[c] + 0.01 ptrc[c] + 0.3586 rna[c] + 0.34104 ser__L[c] + 0.30282 thr__L[c] + 0.0722 thym[c] + 0.081144 trp__L[c] + 0.134652 tyr__L[c] + 0.1892 ura[c] + 0.445704 val__L[c] --> biomass[c],Biomass,0.0,1000.0,C3H7NO2,0,c
ala__L[c],r_0138,L-Alanine,cys__L[c] --> ala__L[c] + s[c],Sulfur Metabolism; Symbiosis,0.0,1000.0,C3H7NO2,0,c
ala__L[c],r_0233,L-Alanine,ala__L[c] <=> ala__D[c],"Alanine, Aspartate and Glutamate metabolism",-1000.0,1000.0,C3H7NO2,0,c
ala__L[c],r_0113,L-Alanine,ala__L[c] + h2o[c] + nad[c] <=> 2.0 h[c] + nadh[c] + nh3[c] + pyr[c],Sulfur Metabolism; Purine Metabolism,-1000.0,1000.0,C3H7NO2,0,c
dad_2[c],r_0114,Deoxyadenosine,dad_2[c] + h[c] + pi[c] <=> 2dr1p[c] + ade[c],Purine Metabolism,-1000.0,1000.0,C10H13N5O3,0,c
dad_2[c],r_0470,Deoxyadenosine,damp[c] + h2o[c] <=> dad_2[c] + h[c] + pi[c],Purine Metabolism,-1000.0,1000.0,C10H13N5O3,0,c
dad_2[c],r_0238,Deoxyadenosine,dad_2[c] + h2o[c] --> din[c] + nh3[c],Purine Metabolism,0.0,1000.0,C10H13N5O3,0,c
ade[c],r_0294,Adenine,adn[c] + h[c] + pi[c] <=> ade[c] + r1p[c],Purine Metabolism,-1000.0,1000.0,C5H5N5,0,c
ade[c],r_0790,Adenine,amet[c] + trna7am7c[c] <=> ade[c] + epqtrna[c] + met__L[c],[],-1000.0,1000.0,C5H5N5,0,c
ade[c],r_0654,Adenine,5mta[c] + h2o[c] <=> 5mtr[c] + ade[c],Cysteine and Methionine Metabolism,-1000.0,1000.0,C5H5N5,0,c
ade[c],r_0209,Adenine,ade[c] + prpp[c] <=> amp[c] + ppi[c],Purine Metabolism,-1000.0,1000.0,C5H5N5,0,c
ade[c],r_0388,Adenine,ahcys[c] + h2o[c] --> ade[c] + rhcys[c],Cysteine and Methionine Metabolism,0.0,1000.0,C5H5N5,0,c
ade[c],r_0226,Adenine,adn[c] + h2o[c] --> ade[c] + rib__D[c],Purine Metabolism,0.0,1000.0,C5H5N5,0,c
ade[c],BIOMASS_0508,Adenine,0.00816736 Symbiotic_Cofactors[c] + 0.816736 ade[c] + 0.816736 ala__L[c] + 0.816736 arg__L[c] + 0.816736 asp__L[c] + 0.816736 fixedNH3[c] + 0.816736 glycogen[c] + 0.816736 hdca[c] + 0.816736 ile__L[c] + 0.816736 phb[c] + 0.816736 ura[c] + 0.816736 val__L[c] <=> Symbiotic_product[c] + 0.816736 ala__L[e] + 0.816736 asp__L[e] + 0.816736 fixedNH3[e] + 0.816736 glycogen1[c],Symbiosis,-1000.0,1000.0,C5H5N5,0,c
ade[c],r_0959,Adenine,0.2614 ade[c] + 0.706188 ala__L[c] + 0.431004 arg__L[c] + 0.155232 asn__L[c] + 0.312228 asp__L[c] + 0.3586 csn[c] + 0.054684 cys__L[c] + 0.17052 gln__L[c] + 0.343392 glu__L[c] + 0.497448 gly[c] + 0.05 glycogen[c] + 0.3586 gua[c] + 0.124068 his__L[c] + 0.322224 ile__L[c] + 0.599172 leu__L[c] + 0.18816 lys__L[c] + 0.143472 met__L[c] + 0.39 pe_hs[c] + 4.86 phb[c] + 0.231672 phe__L[c] + 0.295764 pro__L[c] + 0.01 ptrc[c] + 0.3586 rna[c] + 0.34104 ser__L[c] + 0.30282 thr__L[c] + 0.0722 thym[c] + 0.081144 trp__L[c] + 0.134652 tyr__L[c] + 0.1892 ura[c] + 0.445704 val__L[c] --> biomass[c],Biomass,0.0,1000.0,C5H5N5,0,c
ade[c],r_0218,Adenine,ade[c] + h2o[c] --> hxan[c] + nh3[c],Purine Metabolism,0.0,1000.0,C5H5N5,0,c
ade[c],r_0114,Adenine,dad_2[c] + h[c] + pi[c] <=> 2dr1p[c] + ade[c],Purine Metabolism,-1000.0,1000.0,C5H5N5,0,c
ade[c],r_0533,Adenine,dad_5[c] + h2o[c] --> 5drib[c] + ade[c],[],0.0,1000.0,C5H5N5,0,c
dhnpt[c],r_0127,Dihydroneopterin,dhnpt[c] --> 6hmhpt[c] + gcald[c],Folate Biosynthesis,0.0,1000.0,C9H13N5O4,0,c
dhnpt[c],r_0116,Dihydroneopterin,ahdt[c] + 3.0 h2o[c] --> dhnpt[c] + 3.0 h[c] + 3.0 pi[c],Folate Biosynthesis,0.0,1000.0,C9H13N5O4,0,c
dhnpt[c],r_0671,Dihydroneopterin,dhnpt[c] + pi[c] --> dhppt[c] + h2o[c],Folate Biosynthesis,0.0,1000.0,C9H13N5O4,0,c
26dap__M[c],r_0177,"meso-2,6-Diaminoheptanedioate",26dap_LL[c] <=> 26dap__M[c],Lysine Biosynthesis,-1000.0,1000.0,C7H14N2O4,0,c
26dap__M[c],r_0117,"meso-2,6-Diaminoheptanedioate",26dap__M[c] + h[c] <=> co2[c] + lys__L[c],Lysine Biosynthesis,-1000.0,1000.0,C7H14N2O4,0,c
26dap__M[c],r_0371,"meso-2,6-Diaminoheptanedioate",26dap__M[c] + atp[c] + uamag[c] --> adp[c] + h[c] + pi[c] + ugmd[c],Lysine Biosynthesis,0.0,1000.0,C7H14N2O4,0,c
lys__L[c],r_0317,L-Lysine,atp[c] + h[c] + lys__L[c] + trnalys[c] --> amp[c] + lystrna[c] + ppi[c],Lysine Biosynthesis,0.0,1000.0,C6H15N2O2,1,c
lys__L[c],r_0616,L-Lysine,atp[c] + h[c] + lys__L[c] + trnalys[c] <=> amp[c] + lystrna[c] + ppi[c],Aminoacyl-tRNA biosynthesis,-1000.0,1000.0,C6H15N2O2,1,c
lys__L[c],r_0117,L-Lysine,26dap__M[c] + h[c] <=> co2[c] + lys__L[c],Lysine Biosynthesis,-1000.0,1000.0,C6H15N2O2,1,c
lys__L[c],r_0959,L-Lysine,0.2614 ade[c] + 0.706188 ala__L[c] + 0.431004 arg__L[c] + 0.155232 asn__L[c] + 0.312228 asp__L[c] + 0.3586 csn[c] + 0.054684 cys__L[c] + 0.17052 gln__L[c] + 0.343392 glu__L[c] + 0.497448 gly[c] + 0.05 glycogen[c] + 0.3586 gua[c] + 0.124068 his__L[c] + 0.322224 ile__L[c] + 0.599172 leu__L[c] + 0.18816 lys__L[c] + 0.143472 met__L[c] + 0.39 pe_hs[c] + 4.86 phb[c] + 0.231672 phe__L[c] + 0.295764 pro__L[c] + 0.01 ptrc[c] + 0.3586 rna[c] + 0.34104 ser__L[c] + 0.30282 thr__L[c] + 0.0722 thym[c] + 0.081144 trp__L[c] + 0.134652 tyr__L[c] + 0.1892 ura[c] + 0.445704 val__L[c] --> biomass[c],Biomass,0.0,1000.0,C6H15N2O2,1,c
nh3[e],r_0332,Ammonia,nh3[e] --> ,Exchange,0.0,1000.0,H3N,0,e
nh3[e],r_0119,Ammonia,nh3[e] <=> nh3[c],Transport,-1000.0,1000.0,H3N,0,e
5aprbu[c],r_0121,5-Amino-6-(5-phosphoribitylamino)uracil,5aprbu[c] + h2o[c] <=> 6r5au[c] + pi[c],Riboflavin Metabolism,-1000.0,1000.0,C9H16N4O9P,-1,c
5aprbu[c],r_0433,5-Amino-6-(5-phosphoribitylamino)uracil,5apru[c] + h[c] + nadph[c] <=> 5aprbu[c] + nadp[c],Riboflavin Metabolism,-1000.0,1000.0,C9H16N4O9P,-1,c
3dhsk[c],r_0122,3-Dehydroshikimate,3dhsk[c] + h[c] + nadph[c] <=> nadp[c] + skm[c],Phenylalanine Tyrosine Tryptophan Biosynthesis,-1000.0,1000.0,C7H7O5,-1,c
3dhsk[c],r_0467,3-Dehydroshikimate,3dhq[c] <=> 3dhsk[c] + h2o[c],Phenylalanine Tyrosine Tryptophan Biosynthesis,-1000.0,1000.0,C7H7O5,-1,c
asn__L[c],r_0959,L-Asparagine,0.2614 ade[c] + 0.706188 ala__L[c] + 0.431004 arg__L[c] + 0.155232 asn__L[c] + 0.312228 asp__L[c] + 0.3586 csn[c] + 0.054684 cys__L[c] + 0.17052 gln__L[c] + 0.343392 glu__L[c] + 0.497448 gly[c] + 0.05 glycogen[c] + 0.3586 gua[c] + 0.124068 his__L[c] + 0.322224 ile__L[c] + 0.599172 leu__L[c] + 0.18816 lys__L[c] + 0.143472 met__L[c] + 0.39 pe_hs[c] + 4.86 phb[c] + 0.231672 phe__L[c] + 0.295764 pro__L[c] + 0.01 ptrc[c] + 0.3586 rna[c] + 0.34104 ser__L[c] + 0.30282 thr__L[c] + 0.0722 thym[c] + 0.081144 trp__L[c] + 0.134652 tyr__L[c] + 0.1892 ura[c] + 0.445704 val__L[c] --> biomass[c],Biomass,0.0,1000.0,C4H8N2O3,0,c
asn__L[c],r_0123,L-Asparagine,asp__L[c] + atp[c] + gln__L[c] + h2o[c] --> amp[c] + asn__L[c] + glu__L[c] + ppi[c],"Alanine, Aspartate and Glutamate metabolism",0.0,1000.0,C4H8N2O3,0,c
tmrs2eACP[c],r_0448,trans-Tetradec-2-enoyl-[acyl-carrier protein],h[c] + nadph[c] + tmrs2eACP[c] --> myrsACP[c] + nadp[c],Fatty Acid Biosynthesis,0.0,1000.0,C25H44N2O7PSR,-1,c
tmrs2eACP[c],r_0124,trans-Tetradec-2-enoyl-[acyl-carrier protein],h[c] + nadh[c] + tmrs2eACP[c] --> myrsACP[c] + nad[c],Fatty Acid Biosynthesis,0.0,1000.0,C25H44N2O7PSR,-1,c
tmrs2eACP[c],r_0183,trans-Tetradec-2-enoyl-[acyl-carrier protein],3hmrsACP[c] --> h2o[c] + tmrs2eACP[c],Fatty Acid Biosynthesis,0.0,1000.0,C25H44N2O7PSR,-1,c
2ahbut[c],r_0591,(S)-2-Aceto-2-hydroxybutanoate,2ahbut[c] <=> 3hmop[c],"Valine, Leucine and Isoleucine Biosynthesis",-1000.0,1000.0,C6H9O4,-1,c
2ahbut[c],r_0590,(S)-2-Aceto-2-hydroxybutanoate,2obut[c] + h[c] + pyr[c] --> 2ahbut[c] + co2[c],"Valine, Leucine and Isoleucine Biosynthesis",0.0,1000.0,C6H9O4,-1,c
2ahbut[c],r_0313,(S)-2-Aceto-2-hydroxybutanoate,2ahbut[c] + h[c] + nadph[c] <=> 23dhmp[c] + nadp[c],"Valine, Leucine and Isoleucine Biosynthesis",-1000.0,1000.0,C6H9O4,-1,c
2ahbut[c],r_0126,(S)-2-Aceto-2-hydroxybutanoate,2ahethmpp[c] + 2obut[c] --> 2ahbut[c] + thmpp[c],"Valine, Leucine and Isoleucine Biosynthesis",0.0,1000.0,C6H9O4,-1,c
gcald[c],r_0127,Glycolaldehyde,dhnpt[c] --> 6hmhpt[c] + gcald[c],Folate Biosynthesis,0.0,1000.0,C2H4O2,0,c
gcald[c],r_0683,Glycolaldehyde,etgl[c] + nad[c] <=> gcald[c] + h[c] + nadh[c],Glyoxylate and dicarboxylate metabolism,-1000.0,1000.0,C2H4O2,0,c
oaa[c],r_0634,Oxaloacetate,asp__L[c] + h2o[c] + o2[c] --> h2o2[c] + h[c] + nh3[c] + oaa[c],"Alanine, Aspartate and Glutamate metabolism",0.0,1000.0,C4H2O5,-2,c
oaa[c],r_0283,Oxaloacetate,akg[c] + asp__L[c] <=> glu__L[c] + oaa[c],"Alanine, Aspartate and Glutamate metabolism",-1000.0,1000.0,C4H2O5,-2,c
oaa[c],r_0264,Oxaloacetate,mal__L[c] + nad[c] <=> h[c] + nadh[c] + oaa[c],Glycolysis / Gluconeogenesis;TCA Cycle,-1000.0,1000.0,C4H2O5,-2,c
oaa[c],r_1070,Oxaloacetate,asp__L[c] + phpyr[c] <=> oaa[c] + phe__L[c],,-1000.0,1000.0,C4H2O5,-2,c
oaa[c],r_0128,Oxaloacetate,accoa[c] + h2o[c] + oaa[c] --> cit[c] + coa[c] + h[c],TCA Cycle,0.0,1000.0,C4H2O5,-2,c
oaa[c],r_0536,Oxaloacetate,atp[c] + h[c] + oaa[c] --> adp[c] + co2[c] + pep[c],Glycolysis / Gluconeogenesis;TCA Cycle,0.0,1000.0,C4H2O5,-2,c
oaa[c],r_0905,Oxaloacetate,Largn[c] + oaa[c] <=> asp__L[c] + pphn[c],Phenylalanine Tyrosine Tryptophan Biosynthesis,-1000.0,1000.0,C4H2O5,-2,c
oaa[c],r_0392,Oxaloacetate,atp[c] + hco3[c] + pyr[c] --> adp[c] + h[c] + oaa[c] + pi[c],Glycolysis / Gluconeogenesis,0.0,1000.0,C4H2O5,-2,c
cit[c],r_0128,Citrate,accoa[c] + h2o[c] + oaa[c] --> cit[c] + coa[c] + h[c],TCA Cycle,0.0,1000.0,C6H5O7,-3,c
cit[c],r_0186,Citrate,cit[c] <=> acon_C[c] + h2o[c],TCA Cycle,-1000.0,1000.0,C6H5O7,-3,c
grdp[c],r_0129,Geranyl diphosphate,grdp[c] + ipdp[c] --> frdp[c] + ppi[c],Terpenoid Backbone Biosynthesis,0.0,1000.0,C10H18O7P2,-2,c
grdp[c],r_0292,Geranyl diphosphate,dmpp[c] + ipdp[c] --> grdp[c] + ppi[c],Terpenoid Backbone Biosynthesis,0.0,1000.0,C10H18O7P2,-2,c
frdp[c],r_0129,Farnesyl diphosphate,grdp[c] + ipdp[c] --> frdp[c] + ppi[c],Terpenoid Backbone Biosynthesis,0.0,1000.0,C15H26O7P2,-3,c
frdp[c],r_0310,Farnesyl diphosphate,frdp[c] + h2o[c] + pheme[c] --> hemeO[c] + ppi[c],Porphyrin and Chlorophyll Metabolism,0.0,1000.0,C15H26O7P2,-3,c
frdp[c],r_0872,Farnesyl diphosphate,2.0 frdp[c] <=> HC01118[c] + ppi[c],Sesquiterpenoid and triterpenoid biosynthesis,-1000.0,1000.0,C15H26O7P2,-3,c
btcoa[c],r_0289,Butanoyl-CoA,btcoa[c] + fad[c] <=> b2coa[c] + fadh2[c],Fatty Acid Metabolism,-1000.0,1000.0,C25H39N7O17P3S,-3,c
btcoa[c],r_0130,Butanoyl-CoA,accoa[c] + btcoa[c] <=> 3ohcoa[c] + coa[c],Fatty Acid Metabolism,-1000.0,1000.0,C25H39N7O17P3S,-3,c
3ohcoa[c],r_0267,3-Oxohexanoyl-CoA,3hhcoa[c] + nad[c] <=> 3ohcoa[c] + h[c] + nadh[c],Fatty Acid Metabolism,-1000.0,1000.0,C27H41N7O18P3S,-3,c
3ohcoa[c],r_0130,3-Oxohexanoyl-CoA,accoa[c] + btcoa[c] <=> 3ohcoa[c] + coa[c],Fatty Acid Metabolism,-1000.0,1000.0,C27H41N7O18P3S,-3,c
5aizc[c],r_0496,5-amino-1-(5-phospho-D-ribosyl)imidazole-4-carboxylate,air[c] + co2[c] <=> 5aizc[c] + h[c],Purine Metabolism,-1000.0,1000.0,C9H13N3O9P,-1,c
5aizc[c],r_0131,5-amino-1-(5-phospho-D-ribosyl)imidazole-4-carboxylate,5aizc[c] + asp__L[c] + atp[c] <=> 25aics[c] + adp[c] + 2.0 h[c] + pi[c],Purine Metabolism,-1000.0,1000.0,C9H13N3O9P,-1,c
5aizc[c],r_0695,5-amino-1-(5-phospho-D-ribosyl)imidazole-4-carboxylate,5aizc[c] + e[c] --> 5ca1rpi[c],Purine Metabolism,0.0,1000.0,C9H13N3O9P,-1,c
malcoa[c],r_0133,Malonyl_CoA,ACP[c] + malcoa[c] <=> coa[c] + malACP[c],Fatty Acid Biosynthesis,-1000.0,1000.0,C24H34N7O19P3S,-4,c
malcoa[c],r_0444,Malonyl_CoA,accoa[c] + atp[c] + hco3[c] <=> adp[c] + h[c] + malcoa[c] + pi[c],Fatty Acid Biosynthesis,-1000.0,1000.0,C24H34N7O19P3S,-4,c
msa[c],r_0460,Malonate semialdehyde,coa[c] + msa[c] + nad[c] --> accoa[c] + co2[c] + nadh[c],Inositol Phosphate Metabolism,0.0,1000.0,C3H3O3,-1,c
msa[c],r_0134,Malonate semialdehyde,d5kgp[c] --> dhap[c] + msa[c],Inositol Phosphate Metabolism,0.0,1000.0,C3H3O3,-1,c
prlp[c],r_0164,5-[(5-phospho-1-deoxyribulos-1-ylamino)methylideneamino]-1-(5-phosphoribosyl)imidazole-4-carboxamide,prfp[c] --> prlp[c],Histidine Metabolism,0.0,1000.0,C15H23N5O15P2,-2,c
prlp[c],r_0135,5-[(5-phospho-1-deoxyribulos-1-ylamino)methylideneamino]-1-(5-phosphoribosyl)imidazole-4-carboxamide,gln__L[c] + prlp[c] --> aicar[c] + eig3p[c] + glu__L[c] + h[c],Histidine Metabolism,0.0,1000.0,C15H23N5O15P2,-2,c
eig3p[c],r_0135,D-erythro-1-(Imidazol-4-yl)glycerol 3-phosphate,gln__L[c] + prlp[c] --> aicar[c] + eig3p[c] + glu__L[c] + h[c],Histidine Metabolism,0.0,1000.0,C6H10N2O6P,-1,c
eig3p[c],r_0184,D-erythro-1-(Imidazol-4-yl)glycerol 3-phosphate,eig3p[c] --> h2o[c] + imacp[c],Histidine Metabolism,0.0,1000.0,C6H10N2O6P,-1,c
3hddcoa[c],r_0136,(S)-3-Hydroxydodecanoyl-CoA,3hddcoa[c] + nad[c] <=> 3oddcoa[c] + h[c] + nadh[c],Fatty Acid Metabolism,-1000.0,1000.0,C33H55N7O18P3S,-3,c
3hddcoa[c],r_0214,(S)-3-Hydroxydodecanoyl-CoA,3hddcoa[c] <=> dd2coa[c] + h2o[c],Fatty Acid Metabolism,-1000.0,1000.0,C33H55N7O18P3S,-3,c
3oddcoa[c],r_0136,3-Oxododecanoyl-CoA,3hddcoa[c] + nad[c] <=> 3oddcoa[c] + h[c] + nadh[c],Fatty Acid Metabolism,-1000.0,1000.0,C33H53N7O18P3S,-3,c
3oddcoa[c],r_0384,3-Oxododecanoyl-CoA,accoa[c] + dccoa[c] <=> 3oddcoa[c] + coa[c],Fatty Acid Metabolism,-1000.0,1000.0,C33H53N7O18P3S,-3,c
23dhmp[c],r_0313,"(R)-2,3-Dihydroxy-3-methylpentanoate",2ahbut[c] + h[c] + nadph[c] <=> 23dhmp[c] + nadp[c],"Valine, Leucine and Isoleucine Biosynthesis",-1000.0,1000.0,C6H11O4,-1,c
23dhmp[c],r_0592,"(R)-2,3-Dihydroxy-3-methylpentanoate",23dhmp[c] + nadp[c] <=> 3hmop[c] + h[c] + nadph[c],"Valine, Leucine and Isoleucine Biosynthesis",-1000.0,1000.0,C6H11O4,-1,c
23dhmp[c],r_0137,"(R)-2,3-Dihydroxy-3-methylpentanoate",23dhmp[c] --> 3mop[c] + h2o[c],"Valine, Leucine and Isoleucine Biosynthesis",0.0,1000.0,C6H11O4,-1,c
3oddecACP[c],r_0248,3-Oxododecanoyl-[acyl-carrier protein],dcaACP[c] + h[c] + malACP[c] --> 3oddecACP[c] + ACP[c] + co2[c],Fatty Acid Biosynthesis,0.0,1000.0,C23H40N2O8PSR,-1,c
3oddecACP[c],r_0139,3-Oxododecanoyl-[acyl-carrier protein],3oddecACP[c] + h[c] + nadph[c] <=> 3hddecACP[c] + nadp[c],Fatty Acid Biosynthesis,-1000.0,1000.0,C23H40N2O8PSR,-1,c
3hddecACP[c],r_0139,(R)-3-Hydroxydodecanoyl-[acyl-carrier protein],3oddecACP[c] + h[c] + nadph[c] <=> 3hddecACP[c] + nadp[c],Fatty Acid Biosynthesis,-1000.0,1000.0,C23H42N2O8PSR,-1,c
3hddecACP[c],r_0240,(R)-3-Hydroxydodecanoyl-[acyl-carrier protein],3hddecACP[c] --> h2o[c] + tddec2eACP[c],Fatty Acid Biosynthesis,0.0,1000.0,C23H42N2O8PSR,-1,c
5aop[c],r_0141,5-Amino-4-oxopentanoate,2.0 5aop[c] --> 2.0 h2o[c] + h[c] + ppbng[c],Porphyrin and Chlorophyll Metabolism,0.0,1000.0,C5H9NO3,0,c
5aop[c],r_0640,5-Amino-4-oxopentanoate,gly[c] + h[c] + succoa[c] --> 5aop[c] + co2[c] + coa[c],"Glycine, Serine, and Threonine Metabolism",0.0,1000.0,C5H9NO3,0,c
5aop[c],r_0192,5-Amino-4-oxopentanoate,glu1sa[c] --> 5aop[c],Porphyrin and Chlorophyll Metabolism,0.0,1000.0,C5H9NO3,0,c
ppbng[c],r_0474,Porphobilinogen,h2o[c] + 4.0 ppbng[c] --> 4.0 h[c] + hmbil[c] + 4.0 nh3[c],Porphyrin and Chlorophyll Metabolism,0.0,1000.0,C10H13N2O4,-1,c
ppbng[c],r_0141,Porphobilinogen,2.0 5aop[c] --> 2.0 h2o[c] + h[c] + ppbng[c],Porphyrin and Chlorophyll Metabolism,0.0,1000.0,C10H13N2O4,-1,c
3pg[c],r_0406,3-Phospho-D-glycerate,2pg[c] <=> 3pg[c],Glycolysis / Gluconeogenesis,-1000.0,1000.0,C3H4O7P,-3,c
3pg[c],r_0142,3-Phospho-D-glycerate,3pg[c] + atp[c] + h[c] <=> 13dpg[c] + adp[c],Glycolysis / Gluconeogenesis,-1000.0,1000.0,C3H4O7P,-3,c
3pg[c],r_0229,3-Phospho-D-glycerate,3pg[c] + nad[c] <=> 3php[c] + h[c] + nadh[c],"Glycine, Serine, and Threonine Metabolism",-1000.0,1000.0,C3H4O7P,-3,c
13dpg[c],r_0464,3-Phospho-D-glyceroyl phosphate,g3p[c] + nad[c] + pi[c] <=> 13dpg[c] + nadh[c],Glycolysis / Gluconeogenesis,-1000.0,1000.0,C3H6O10P2,-2,c
13dpg[c],r_0142,3-Phospho-D-glyceroyl phosphate,3pg[c] + atp[c] + h[c] <=> 13dpg[c] + adp[c],Glycolysis / Gluconeogenesis,-1000.0,1000.0,C3H6O10P2,-2,c
anth[c],r_0143,Anthranilate,anth[c] + prpp[c] --> ppi[c] + pran[c],Phenylalanine Tyrosine Tryptophan Biosynthesis,0.0,1000.0,C7H6NO2,-1,c
anth[c],r_0404,Anthranilate,chor[c] + gln__L[c] --> anth[c] + glu__L[c] + h[c] + pyr[c],Phenylalanine Tyrosine Tryptophan Biosynthesis,0.0,1000.0,C7H6NO2,-1,c
pran[c],r_0143,N-(5-Phospho-D-ribosyl)anthranilate,anth[c] + prpp[c] --> ppi[c] + pran[c],Phenylalanine Tyrosine Tryptophan Biosynthesis,0.0,1000.0,C12H14NO9P,-2,c
pran[c],r_0210,N-(5-Phospho-D-ribosyl)anthranilate,pran[c] <=> 2cpr5p[c],Phenylalanine Tyrosine Tryptophan Biosynthesis,-1000.0,1000.0,C12H14NO9P,-2,c
actp[c],r_0225,Acetyl phosphate,accoa[c] + h[c] + pi[c] <=> actp[c] + coa[c],Glycolysis / Gluconeogenesis,-1000.0,1000.0,C2H4O5P,-1,c
actp[c],r_0144,Acetyl phosphate,ac[c] + atp[c] + h[c] <=> actp[c] + adp[c],Glycolysis / Gluconeogenesis,-1000.0,1000.0,C2H4O5P,-1,c
actp[c],r_0769,Acetyl phosphate,acacp[c] + pi[c] <=> ACP[c] + actp[c],[],-1000.0,1000.0,C2H4O5P,-1,c
5mcsn[c],r_0145,5-Methylcytosine,5mcsn[c] + h2o[c] --> nh3[c] + thym[c],Pyrimidine Metabolism,0.0,1000.0,C5H7N3O,0,c
5mcsn[c],r_0945,5-Methylcytosine,5mcsn[c] <=> ,Transport,-1000.0,1000.0,C5H7N3O,0,c
thym[c],r_0145,Thymine,5mcsn[c] + h2o[c] --> nh3[c] + thym[c],Pyrimidine Metabolism,0.0,1000.0,C5H6N2O2,0,c
thym[c],r_0632,Thymine,56dthm[c] + nad[c] <=> h[c] + nadh[c] + thym[c],Pyrimidine Metabolism,-1000.0,1000.0,C5H6N2O2,0,c
thym[c],r_0502,Thymine,56dthm[c] + nadp[c] <=> h[c] + nadph[c] + thym[c],Pyrimidine Metabolism,-1000.0,1000.0,C5H6N2O2,0,c
thym[c],r_0959,Thymine,0.2614 ade[c] + 0.706188 ala__L[c] + 0.431004 arg__L[c] + 0.155232 asn__L[c] + 0.312228 asp__L[c] + 0.3586 csn[c] + 0.054684 cys__L[c] + 0.17052 gln__L[c] + 0.343392 glu__L[c] + 0.497448 gly[c] + 0.05 glycogen[c] + 0.3586 gua[c] + 0.124068 his__L[c] + 0.322224 ile__L[c] + 0.599172 leu__L[c] + 0.18816 lys__L[c] + 0.143472 met__L[c] + 0.39 pe_hs[c] + 4.86 phb[c] + 0.231672 phe__L[c] + 0.295764 pro__L[c] + 0.01 ptrc[c] + 0.3586 rna[c] + 0.34104 ser__L[c] + 0.30282 thr__L[c] + 0.0722 thym[c] + 0.081144 trp__L[c] + 0.134652 tyr__L[c] + 0.1892 ura[c] + 0.445704 val__L[c] --> biomass[c],Biomass,0.0,1000.0,C5H6N2O2,0,c
thym[c],r_0631,Thymine,pi[c] + thymd[c] <=> 2dr1p[c] + thym[c],Pyrimidine Metabolism,-1000.0,1000.0,C5H6N2O2,0,c
2ins[c],r_0546,2-Inosose,2ins[c] + nad[c] --> 3desins[c] + h[c] + nadh[c],Inositol Phosphate Metabolism,0.0,1000.0,C6H10O6,0,c
2ins[c],r_0146,2-Inosose,2ins[c] <=> dkdi[c] + h2o[c],Inositol Phosphate Metabolism,-1000.0,1000.0,C6H10O6,0,c
2ins[c],r_0547,2-Inosose,nadp[c] + syinost[c] --> 2ins[c] + h[c] + nadph[c],Inositol Phosphate Metabolism,0.0,1000.0,C6H10O6,0,c
2ins[c],r_0172,2-Inosose,inost[c] + nad[c] --> 2ins[c] + h[c] + nadh[c],Inositol Phosphate Metabolism,0.0,1000.0,C6H10O6,0,c
dkdi[c],r_0523,"3,5/4-trihydroxycyclohexa-1,2-dione",dkdi[c] + h2o[c] --> 5ddglcn[c] + h[c],Inositol Phosphate Metabolism,0.0,1000.0,C6H8O5,0,c
dkdi[c],r_0146,"3,5/4-trihydroxycyclohexa-1,2-dione",2ins[c] <=> dkdi[c] + h2o[c],Inositol Phosphate Metabolism,-1000.0,1000.0,C6H8O5,0,c
3aib__D[c],r_0946,D-3-Amino-isobutanoate,3aib__D[c] --> ,Transport,0.0,1000.0,C4H9NO2,0,c
3aib__D[c],r_0147,D-3-Amino-isobutanoate,3uib[c] + h2o[c] + h[c] --> 3aib__D[c] + co2[c] + nh3[c],Pyrimidine Metabolism,0.0,1000.0,C4H9NO2,0,c
hexACP[c],r_0261,Hexanoyl-ACP (n-C6:0ACP),h[c] + nadh[c] + thex2eACP[c] --> hexACP[c] + nad[c],Fatty Acid Biosynthesis,0.0,1000.0,C17H30N2O7PSR,-1,c
hexACP[c],r_0148,Hexanoyl-ACP (n-C6:0ACP),h[c] + hexACP[c] + malACP[c] --> 3ooctACP[c] + ACP[c] + co2[c],Fatty Acid Biosynthesis,0.0,1000.0,C17H30N2O7PSR,-1,c
hexACP[c],r_0357,Hexanoyl-ACP (n-C6:0ACP),h[c] + nadph[c] + thex2eACP[c] --> hexACP[c] + nadp[c],Fatty Acid Biosynthesis,0.0,1000.0,C17H30N2O7PSR,-1,c
3ooctACP[c],r_0148,3-Oxooctanoyl-[acyl-carrier protein],h[c] + hexACP[c] + malACP[c] --> 3ooctACP[c] + ACP[c] + co2[c],Fatty Acid Biosynthesis,0.0,1000.0,C19H32N2O8PSR,-1,c
3ooctACP[c],r_0179,3-Oxooctanoyl-[acyl-carrier protein],3ooctACP[c] + h[c] + nadph[c] <=> 3hoctACP[c] + nadp[c],Fatty Acid Biosynthesis,-1000.0,1000.0,C19H32N2O8PSR,-1,c
4abut[c],r_0251,4-Aminobutanoate,4abutn[c] + h2o[c] + nad[c] --> 4abut[c] + 2.0 h[c] + nadh[c],Arginine and Proline Metabolism,0.0,1000.0,C4H9NO2,0,c
4abut[c],r_0484,4-Aminobutanoate,glu__L[c] + h[c] --> 4abut[c] + co2[c],Nitrogen Metabolism,0.0,1000.0,C4H9NO2,0,c
4abut[c],r_0149,4-Aminobutanoate,4abut[c] + akg[c] --> glu__L[c] + sucsal[c],Nitrogen Metabolism,0.0,1000.0,C4H9NO2,0,c
4abut[c],r_1027,4-Aminobutanoate,4abut[c] <=> 4abut[e],Transport,-1000.0,1000.0,C4H9NO2,0,c
sucsal[c],r_0149,Succinic semialdehyde,4abut[c] + akg[c] --> glu__L[c] + sucsal[c],Nitrogen Metabolism,0.0,1000.0,C4H5O3,-1,c
sucsal[c],r_0882,Succinic semialdehyde,4h2kpi[c] <=> pyr[c] + sucsal[c],[],-1000.0,1000.0,C4H5O3,-1,c
sucsal[c],r_0471,Succinic semialdehyde,h2o[c] + nadp[c] + sucsal[c] --> 2.0 h[c] + nadph[c] + succ[c],Nitrogen Metabolism,0.0,1000.0,C4H5O3,-1,c
butACP[c],r_0182,Butyryl-ACP (n-C4:0ACP),but2eACP[c] + h[c] + nadh[c] --> butACP[c] + nad[c],Fatty Acid Biosynthesis,0.0,1000.0,C15H26N2O7PSR,-1,c
butACP[c],r_0405,Butyryl-ACP (n-C4:0ACP),but2eACP[c] + h[c] + nadph[c] --> butACP[c] + nadp[c],Fatty Acid Biosynthesis,0.0,1000.0,C15H26N2O7PSR,-1,c
butACP[c],r_0150,Butyryl-ACP (n-C4:0ACP),butACP[c] + h[c] + malACP[c] --> 3ohexACP[c] + ACP[c] + co2[c],Fatty Acid Biosynthesis,0.0,1000.0,C15H26N2O7PSR,-1,c
3ohexACP[c],r_0221,3-Oxohexanoyl-[acyl-carrier protein],3ohexACP[c] + h[c] + nadph[c] <=> 3hhexACP[c] + nadp[c],Fatty Acid Biosynthesis,-1000.0,1000.0,C17H28N2O8PSR,-1,c
3ohexACP[c],r_0150,3-Oxohexanoyl-[acyl-carrier protein],butACP[c] + h[c] + malACP[c] --> 3ohexACP[c] + ACP[c] + co2[c],Fatty Acid Biosynthesis,0.0,1000.0,C17H28N2O8PSR,-1,c
dtdp[c],r_0198,dTDP,atp[c] + dtmp[c] <=> adp[c] + dtdp[c],Pyrimidine Metabolism,-1000.0,1000.0,C10H14N2O11P2,-2,c
dtdp[c],r_0151,dTDP,atp[c] + dtdp[c] <=> adp[c] + dttp[c],Pyrimidine Metabolism,-1000.0,1000.0,C10H14N2O11P2,-2,c
dttp[c],r_0633,dTTP,dttp[c] + h2o[c] --> dtmp[c] + ppi[c],Pyrimidine Metabolism,0.0,1000.0,C10H14N2O14P3,-3,c
dttp[c],r_0151,dTTP,atp[c] + dtdp[c] <=> adp[c] + dttp[c],Pyrimidine Metabolism,-1000.0,1000.0,C10H14N2O14P3,-3,c
dmpp[c],r_0800,Dimethylallyl diphosphate,dmpp[c] + trnaadn[c] <=> ppi[c] + trna6iso[c],Zeatin biosynthesis,-1000.0,1000.0,C5H10O7P2,-2,c
dmpp[c],r_0556,Dimethylallyl diphosphate,dmpp[c] + h2o[c] <=> dmp[c] + pi[c],Riboflavin Metabolism,-1000.0,1000.0,C5H10O7P2,-2,c
dmpp[c],r_0611,Dimethylallyl diphosphate,ipdp[c] <=> dmpp[c],Terpenoid Backbone Biosynthesis,-1000.0,1000.0,C5H10O7P2,-2,c
dmpp[c],r_0292,Dimethylallyl diphosphate,dmpp[c] + ipdp[c] --> grdp[c] + ppi[c],Terpenoid Backbone Biosynthesis,0.0,1000.0,C5H10O7P2,-2,c
dmpp[c],r_0153,Dimethylallyl diphosphate,h2mb4p[c] + h[c] + nadh[c] --> dmpp[c] + h2o[c] + nad[c],Terpenoid Backbone Biosynthesis,0.0,1000.0,C5H10O7P2,-2,c
acg5sa[c],r_0154,N-Acetyl-L-glutamate 5-semialdehyde,acg5sa[c] + nadp[c] + pi[c] <=> acg5p[c] + nadph[c],Arginine biosynthesis,-1000.0,1000.0,C7H10NO4,-1,c
acg5sa[c],r_0476,N-Acetyl-L-glutamate 5-semialdehyde,acorn[c] + akg[c] <=> acg5sa[c] + glu__L[c],Arginine biosynthesis,-1000.0,1000.0,C7H10NO4,-1,c
cbl1[e],r_0342,Cob(I)alamin,cbl1[e] <=> ,Exchange,-1000.0,1000.0,C62H89N13O14PCo,0,e
cbl1[e],r_0155,Cob(I)alamin,atp[c] + cbl1[e] + h2o[c] --> adp[c] + cbl1[c] + h[c] + pi[c],Porphyrin and Chlorophyll Metabolism,0.0,1000.0,C62H89N13O14PCo,0,e
cbl1[c],r_0247,Cob(I)alamin,atp[c] + cbl1[c] <=> adocbl[c] + pppi[c],Porphyrin and Chlorophyll Metabolism,-1000.0,1000.0,C62H89N13O14PCo,0,c
cbl1[c],r_0155,Cob(I)alamin,atp[c] + cbl1[e] + h2o[c] --> adp[c] + cbl1[c] + h[c] + pi[c],Porphyrin and Chlorophyll Metabolism,0.0,1000.0,C62H89N13O14PCo,0,c
dpcoa[c],r_0200,Dephospho-CoA,atp[c] + pan4p[c] <=> dpcoa[c] + ppi[c],Pantothenate and CoA Biosynthesis,-1000.0,1000.0,C21H33N7O13P2S,-2,c
dpcoa[c],r_0572,Dephospho-CoA,dpcoa[c] + h2o[c] <=> amp[c] + pan4p[c],Pantothenate and CoA Biosynthesis,-1000.0,1000.0,C21H33N7O13P2S,-2,c
dpcoa[c],r_0156,Dephospho-CoA,atp[c] + dpcoa[c] --> adp[c] + coa[c],Pantothenate and CoA Biosynthesis,0.0,1000.0,C21H33N7O13P2S,-2,c
acon_C[c],r_0157,cis-Aconitate,acon_C[c] + h2o[c] <=> icit[c],TCA Cycle,-1000.0,1000.0,C6H3O6,-3,c
acon_C[c],r_0186,cis-Aconitate,cit[c] <=> acon_C[c] + h2o[c],TCA Cycle,-1000.0,1000.0,C6H3O6,-3,c
icit[c],r_0607,Isocitrate,icit[c] + nadp[c] --> akg[c] + co2[c] + nadph[c],Glutathione Metabolism,0.0,1000.0,C6H5O7,-3,c
icit[c],r_0491,Isocitrate,icit[c] + nad[c] <=> akg[c] + co2[c] + nadh[c],TCA Cycle,-1000.0,1000.0,C6H5O7,-3,c
icit[c],r_0157,Isocitrate,acon_C[c] + h2o[c] <=> icit[c],TCA Cycle,-1000.0,1000.0,C6H5O7,-3,c
cytd[c],r_0498,Cytidine,cytd[c] + h2o[c] --> csn[c] + rib__D[c],Pyrimidine Metabolism,0.0,1000.0,C9H13N3O5,0,c
cytd[c],r_0359,Cytidine,cmp[c] + h2o[c] --> cytd[c] + h[c] + pi[c],Pyrimidine Metabolism,0.0,1000.0,C9H13N3O5,0,c
cytd[c],r_0159,Cytidine,cytd[c] + h2o[c] --> nh3[c] + uri[c],Pyrimidine Metabolism,0.0,1000.0,C9H13N3O5,0,c
cytd[c],r_0628,Cytidine,3cmp[c] + h2o[c] --> cytd[c] + pi[c],Pyrimidine Metabolism,0.0,1000.0,C9H13N3O5,0,c
uri[c],r_0944,Uridine,h[c] + pi[c] + uri[c] <=> r1p[c] + ura[c],Pyrimidine Metabolism,-1000.0,1000.0,C9H12N2O6,0,c
uri[c],r_0159,Uridine,cytd[c] + h2o[c] --> nh3[c] + uri[c],Pyrimidine Metabolism,0.0,1000.0,C9H12N2O6,0,c
uri[c],r_0358,Uridine,h2o[c] + ump[c] --> h[c] + pi[c] + uri[c],Pyrimidine Metabolism,0.0,1000.0,C9H12N2O6,0,c
uri[c],r_0630,Uridine,3ump[c] + h2o[c] --> pi[c] + uri[c],Pyrimidine Metabolism,0.0,1000.0,C9H12N2O6,0,c
quln[c],r_0160,Quinolinate,2.0 h[c] + prpp[c] + quln[c] --> co2[c] + nicrnt[c] + ppi[c],Nicotinate and Nicotinamide,0.0,1000.0,C7H3NO4,-2,c
quln[c],r_0529,Quinolinate,dhap[c] + iasp[c] --> 2.0 h2o[c] + h[c] + pi[c] + quln[c],Nicotinate and Nicotinamide,0.0,1000.0,C7H3NO4,-2,c
dhf[c],r_0409,"7,8-Dihydrofolate",atp[c] + dhpt[c] + glu__L[c] --> adp[c] + dhf[c] + h[c] + pi[c],Folate Biosynthesis,0.0,1000.0,C19H19N7O6,-2,c
dhf[c],r_0161,"7,8-Dihydrofolate",dhf[c] + h[c] + nadph[c] <=> nadp[c] + thf[c],Folate Biosynthesis,-1000.0,1000.0,C19H19N7O6,-2,c
dhf[c],r_0187,"7,8-Dihydrofolate",dump[c] + mlthf[c] --> dhf[c] + dtmp[c],Pyrimidine Metabolism,0.0,1000.0,C19H19N7O6,-2,c
dhf[c],r_0575,"7,8-Dihydrofolate",dhf[c] + nad[c] <=> fol[c] + h[c] + nadh[c],One carbon pool by folate,-1000.0,1000.0,C19H19N7O6,-2,c
dhf[c],r_0673,"7,8-Dihydrofolate",dhf[c] + nadp[c] <=> fol[c] + h[c] + nadph[c],Folate Biosynthesis,-1000.0,1000.0,C19H19N7O6,-2,c
3hpalmACP[c],r_0162,R-3-hydroxypalmitoyl-[acyl-carrier protein],3hpalmACP[c] --> h2o[c] + tpalm2eACP[c],Fatty Acid Biosynthesis,0.0,1000.0,C27H50N2O8PSR,-1,c
3hpalmACP[c],r_0235,R-3-hydroxypalmitoyl-[acyl-carrier protein],3opalmACP[c] + h[c] + nadph[c] <=> 3hpalmACP[c] + nadp[c],Fatty Acid Biosynthesis,-1000.0,1000.0,C27H50N2O8PSR,-1,c
tpalm2eACP[c],r_0162,trans-Hexadec-2-enoyl-[acyl-carrier protein],3hpalmACP[c] --> h2o[c] + tpalm2eACP[c],Fatty Acid Biosynthesis,0.0,1000.0,C27H48N2O7PSR,-1,c
tpalm2eACP[c],r_0322,trans-Hexadec-2-enoyl-[acyl-carrier protein],h[c] + nadh[c] + tpalm2eACP[c] --> nad[c] + palmACP[c],Fatty Acid Biosynthesis,0.0,1000.0,C27H48N2O7PSR,-1,c
tpalm2eACP[c],r_0318,trans-Hexadec-2-enoyl-[acyl-carrier protein],h[c] + nadph[c] + tpalm2eACP[c] --> nadp[c] + palmACP[c],Fatty Acid Biosynthesis,0.0,1000.0,C27H48N2O7PSR,-1,c
arg__L[c],r_0163,L-Arginine,arg__L[c] + h2o[c] <=> citr__L[c] + h[c] + nh3[c],Arginine biosynthesis,-1000.0,1000.0,C6H15N4O2,1,c
arg__L[c],r_1019,L-Arginine,arg__L[c] <=> arg__L[e],Transport,-1000.0,1000.0,C6H15N4O2,1,c
arg__L[c],r_0455,L-Arginine,arg__L[c] + atp[c] + h[c] + trnaarg[c] --> amp[c] + argtrna[c] + ppi[c],Arginine biosynthesis,0.0,1000.0,C6H15N4O2,1,c
arg__L[c],r_0236,L-Arginine,argsuc[c] <=> arg__L[c] + fum[c],"Alanine, Aspartate and Glutamate metabolism",-1000.0,1000.0,C6H15N4O2,1,c
arg__L[c],BIOMASS_0508,L-Arginine,0.00816736 Symbiotic_Cofactors[c] + 0.816736 ade[c] + 0.816736 ala__L[c] + 0.816736 arg__L[c] + 0.816736 asp__L[c] + 0.816736 fixedNH3[c] + 0.816736 glycogen[c] + 0.816736 hdca[c] + 0.816736 ile__L[c] + 0.816736 phb[c] + 0.816736 ura[c] + 0.816736 val__L[c] <=> Symbiotic_product[c] + 0.816736 ala__L[e] + 0.816736 asp__L[e] + 0.816736 fixedNH3[e] + 0.816736 glycogen1[c],Symbiosis,-1000.0,1000.0,C6H15N4O2,1,c
arg__L[c],r_0959,L-Arginine,0.2614 ade[c] + 0.706188 ala__L[c] + 0.431004 arg__L[c] + 0.155232 asn__L[c] + 0.312228 asp__L[c] + 0.3586 csn[c] + 0.054684 cys__L[c] + 0.17052 gln__L[c] + 0.343392 glu__L[c] + 0.497448 gly[c] + 0.05 glycogen[c] + 0.3586 gua[c] + 0.124068 his__L[c] + 0.322224 ile__L[c] + 0.599172 leu__L[c] + 0.18816 lys__L[c] + 0.143472 met__L[c] + 0.39 pe_hs[c] + 4.86 phb[c] + 0.231672 phe__L[c] + 0.295764 pro__L[c] + 0.01 ptrc[c] + 0.3586 rna[c] + 0.34104 ser__L[c] + 0.30282 thr__L[c] + 0.0722 thym[c] + 0.081144 trp__L[c] + 0.134652 tyr__L[c] + 0.1892 ura[c] + 0.445704 val__L[c] --> biomass[c],Biomass,0.0,1000.0,C6H15N4O2,1,c
arg__L[c],r_0288,L-Arginine,arg__L[c] + h2o[c] --> orn[c] + urea[c],Arginine and proline metabolism,0.0,1000.0,C6H15N4O2,1,c
arg__L[c],r_0482,L-Arginine,arg__L[c] + h[c] --> agm[c] + co2[c],Arginine and Proline Metabolism,0.0,1000.0,C6H15N4O2,1,c
citr__L[c],r_0266,L-Citrulline,asp__L[c] + atp[c] + citr__L[c] --> amp[c] + argsuc[c] + ppi[c],"Alanine, Aspartate and Glutamate metabolism",0.0,1000.0,C6H13N3O3,0,c
citr__L[c],r_0163,L-Citrulline,arg__L[c] + h2o[c] <=> citr__L[c] + h[c] + nh3[c],Arginine biosynthesis,-1000.0,1000.0,C6H13N3O3,0,c
citr__L[c],r_0215,L-Citrulline,cbp[c] + orn[c] --> citr__L[c] + 2.0 h[c] + pi[c],Arginine biosynthesis,0.0,1000.0,C6H13N3O3,0,c
prfp[c],r_0164,1-(5-Phosphoribosyl)-5-[(5-phosphoribosylamino)methylideneamino]imidazole-4-carboxamide,prfp[c] --> prlp[c],Histidine Metabolism,0.0,1000.0,C15H23N5O15P2,-2,c
prfp[c],r_0257,1-(5-Phosphoribosyl)-5-[(5-phosphoribosylamino)methylideneamino]imidazole-4-carboxamide,h2o[c] + prbamp[c] --> prfp[c],Histidine Metabolism,0.0,1000.0,C15H23N5O15P2,-2,c
4abz[c],r_0672,4-Aminobenzoate,4abz[c] + 6hmhpt[c] --> dhpt[c] + h2o[c],Folate Biosynthesis,0.0,1000.0,C7H6NO2,-1,c
4abz[c],r_0165,4-Aminobenzoate,4abz[c] + 6hmhptpp[c] --> dhpt[c] + ppi[c],Folate Biosynthesis,0.0,1000.0,C7H6NO2,-1,c
4abz[c],r_0911,4-Aminobenzoate,4adcho[c] <=> 4abz[c] + pyr[c],Folate Biosynthesis,-1000.0,1000.0,C7H6NO2,-1,c
dhpt[c],r_0672,Dihydropteroate,4abz[c] + 6hmhpt[c] --> dhpt[c] + h2o[c],Folate Biosynthesis,0.0,1000.0,C14H13N6O3,-1,c
dhpt[c],r_0165,Dihydropteroate,4abz[c] + 6hmhptpp[c] --> dhpt[c] + ppi[c],Folate Biosynthesis,0.0,1000.0,C14H13N6O3,-1,c
dhpt[c],r_0409,Dihydropteroate,atp[c] + dhpt[c] + glu__L[c] --> adp[c] + dhf[c] + h[c] + pi[c],Folate Biosynthesis,0.0,1000.0,C14H13N6O3,-1,c
6pgc[c],r_0543,6-Phospho-D-gluconate,atp[c] + glcn[c] --> 6pgc[c] + adp[c],Pentose Phosphate Pathway,0.0,1000.0,C6H11O10P,-2,c
6pgc[c],r_0256,6-Phospho-D-gluconate,6pgl[c] + h2o[c] --> 6pgc[c] + h[c],Pentose Phosphate Pathway,0.0,1000.0,C6H11O10P,-2,c
6pgc[c],r_0459,6-Phospho-D-gluconate,6pgc[c] + nadp[c] --> co2[c] + nadph[c] + ru5p__D[c],Pentose Phosphate Pathway,0.0,1000.0,C6H11O10P,-2,c
6pgc[c],r_0166,6-Phospho-D-gluconate,6pgc[c] --> 2ddg6p[c] + h2o[c],Pentose Phosphate Pathway,0.0,1000.0,C6H11O10P,-2,c
tdec2eACP[c],r_0212,trans-Dec-2-enoyl-[acyl-carrier protein],h[c] + nadh[c] + tdec2eACP[c] --> dcaACP[c] + nad[c],Fatty Acid Biosynthesis,0.0,1000.0,C21H36N2O7PSR,-1,c
tdec2eACP[c],r_0360,trans-Dec-2-enoyl-[acyl-carrier protein],h[c] + nadph[c] + tdec2eACP[c] --> dcaACP[c] + nadp[c],Fatty Acid Biosynthesis,0.0,1000.0,C21H36N2O7PSR,-1,c
tdec2eACP[c],r_0167,trans-Dec-2-enoyl-[acyl-carrier protein],3hdecACP[c] --> h2o[c] + tdec2eACP[c],Fatty Acid Biosynthesis,0.0,1000.0,C21H36N2O7PSR,-1,c
25drapp[c],r_0203,"2,5-Diamino-6-hydroxy-4-(5-phosphoribosylamino)-pyrimidine",25drapp[c] + h2o[c] <=> 5apru[c] + nh3[c],Riboflavin Metabolism,-1000.0,1000.0,C9H15N5O8P,-1,c
25drapp[c],r_0168,"2,5-Diamino-6-hydroxy-4-(5-phosphoribosylamino)-pyrimidine",gtp[c] + 3.0 h2o[c] <=> 25drapp[c] + for[c] + h[c] + ppi[c],Riboflavin Metabolism,-1000.0,1000.0,C9H15N5O8P,-1,c
apoACP[c],r_0170,apoprotein [acyl carrier protein],apoACP[c] + coa[c] --> ACP[c] + pap[c],Pantothenate and CoA Biosynthesis,0.0,1000.0,R,0,c
apoACP[c],r_0501,apoprotein [acyl carrier protein],ACP[c] + h2o[c] --> apoACP[c] + pan4p[c],Pantothenate and CoA Biosynthesis,0.0,1000.0,R,0,c
pap[c],r_0170,"Adenosine 3,5-bisphosphate",apoACP[c] + coa[c] --> ACP[c] + pap[c],Pantothenate and CoA Biosynthesis,0.0,1000.0,C10H13N5O10P2,-2,c
pap[c],r_0942,"Adenosine 3,5-bisphosphate",pap[c] --> ,Transport,0.0,1000.0,C10H13N5O10P2,-2,c
pap[c],r_0613,"Adenosine 3,5-bisphosphate",h[c] + paps[c] + trdrd[c] --> pap[c] + so3[c] + trdox[c],Sulfur Metabolism,0.0,1000.0,C10H13N5O10P2,-2,c
tddec2eACP[c],r_0466,trans-Dodec-2-enoyl-[acyl-carrier protein],h[c] + nadph[c] + tddec2eACP[c] --> ddcaACP[c] + nadp[c],Fatty Acid Biosynthesis,0.0,1000.0,C23H40N2O7PSR,-1,c
tddec2eACP[c],r_0173,trans-Dodec-2-enoyl-[acyl-carrier protein],h[c] + nadh[c] + tddec2eACP[c] --> ddcaACP[c] + nad[c],Fatty Acid Biosynthesis,0.0,1000.0,C23H40N2O7PSR,-1,c
tddec2eACP[c],r_0240,trans-Dodec-2-enoyl-[acyl-carrier protein],3hddecACP[c] --> h2o[c] + tddec2eACP[c],Fatty Acid Biosynthesis,0.0,1000.0,C23H40N2O7PSR,-1,c
ddcaACP[c],r_0254,Dodecanoyl-ACP (n-C12:0ACP),ddcaACP[c] + h[c] + malACP[c] --> 3omrsACP[c] + ACP[c] + co2[c],Fatty Acid Biosynthesis,0.0,1000.0,C23H42N2O7PSR,-1,c
ddcaACP[c],r_0173,Dodecanoyl-ACP (n-C12:0ACP),h[c] + nadh[c] + tddec2eACP[c] --> ddcaACP[c] + nad[c],Fatty Acid Biosynthesis,0.0,1000.0,C23H42N2O7PSR,-1,c
ddcaACP[c],r_0466,Dodecanoyl-ACP (n-C12:0ACP),h[c] + nadph[c] + tddec2eACP[c] --> ddcaACP[c] + nadp[c],Fatty Acid Biosynthesis,0.0,1000.0,C23H42N2O7PSR,-1,c
dna[c],r_0929,DNA,dgtp[c] <=> dna[c],Purine Metabolism,-1000.0,1000.0,R,-2,c
dna[c],r_0930,DNA,dztp[c] <=> dna[c],Purine Metabolism,-1000.0,1000.0,R,-2,c
dna[c],r_0175,DNA,amet[c] + dna[c] --> ahcys[c] + dna5mtc[c] + h[c],Cysteine and Methionine Metabolism,0.0,1000.0,R,-2,c
dna5mtc[c],r_0175,DNA 5-methylcytosine,amet[c] + dna[c] --> ahcys[c] + dna5mtc[c] + h[c],Cysteine and Methionine Metabolism,0.0,1000.0,CH2R,-2,c
frmd[c],r_0176,Formamide,h2o[c] + nflgln[c] --> frmd[c] + glu__L[c],Histidine Metabolism,0.0,1000.0,CH3NO,0,c
26dap_LL[c],r_0598,"LL-2,6-Diaminoheptanedioate",26dap_LL[c] + akg[c] <=> glu__L[c] + h2o[c] + h[c] + thdp[c],Lysine Biosynthesis,-1000.0,1000.0,C7H14N2O4,0,c
26dap_LL[c],r_0177,"LL-2,6-Diaminoheptanedioate",26dap_LL[c] <=> 26dap__M[c],Lysine Biosynthesis,-1000.0,1000.0,C7H14N2O4,0,c
26dap_LL[c],r_0347,"LL-2,6-Diaminoheptanedioate",h2o[c] + sl26da[c] --> 26dap_LL[c] + succ[c],Lysine Biosynthesis,0.0,1000.0,C7H14N2O4,0,c
3hoctACP[c],r_0179,(R)-3-Hydroxyoctanoyl-[acyl-carrier protein],3ooctACP[c] + h[c] + nadph[c] <=> 3hoctACP[c] + nadp[c],Fatty Acid Biosynthesis,-1000.0,1000.0,C19H34N2O8PSR,-1,c
3hoctACP[c],r_0295,(R)-3-Hydroxyoctanoyl-[acyl-carrier protein],3hoctACP[c] --> h2o[c] + toct2eACP[c],Fatty Acid Biosynthesis,0.0,1000.0,C19H34N2O8PSR,-1,c
val__L[c],BIOMASS_0508,L-Valine,0.00816736 Symbiotic_Cofactors[c] + 0.816736 ade[c] + 0.816736 ala__L[c] + 0.816736 arg__L[c] + 0.816736 asp__L[c] + 0.816736 fixedNH3[c] + 0.816736 glycogen[c] + 0.816736 hdca[c] + 0.816736 ile__L[c] + 0.816736 phb[c] + 0.816736 ura[c] + 0.816736 val__L[c] <=> Symbiotic_product[c] + 0.816736 ala__L[e] + 0.816736 asp__L[e] + 0.816736 fixedNH3[e] + 0.816736 glycogen1[c],Symbiosis,-1000.0,1000.0,C5H11NO2,0,c
val__L[c],r_0441,L-Valine,atp[c] + h[c] + trnaval[c] + val__L[c] --> amp[c] + ppi[c] + valtrna[c],"Valine, Leucine and Isoleucine Biosynthesis",0.0,1000.0,C5H11NO2,0,c
val__L[c],r_0180,L-Valine,3mob[c] + glu__L[c] --> akg[c] + val__L[c],"Valine, Leucine and Isoleucine Biosynthesis",0.0,1000.0,C5H11NO2,0,c
val__L[c],r_0959,L-Valine,0.2614 ade[c] + 0.706188 ala__L[c] + 0.431004 arg__L[c] + 0.155232 asn__L[c] + 0.312228 asp__L[c] + 0.3586 csn[c] + 0.054684 cys__L[c] + 0.17052 gln__L[c] + 0.343392 glu__L[c] + 0.497448 gly[c] + 0.05 glycogen[c] + 0.3586 gua[c] + 0.124068 his__L[c] + 0.322224 ile__L[c] + 0.599172 leu__L[c] + 0.18816 lys__L[c] + 0.143472 met__L[c] + 0.39 pe_hs[c] + 4.86 phb[c] + 0.231672 phe__L[c] + 0.295764 pro__L[c] + 0.01 ptrc[c] + 0.3586 rna[c] + 0.34104 ser__L[c] + 0.30282 thr__L[c] + 0.0722 thym[c] + 0.081144 trp__L[c] + 0.134652 tyr__L[c] + 0.1892 ura[c] + 0.445704 val__L[c] --> biomass[c],Biomass,0.0,1000.0,C5H11NO2,0,c
udp[c],r_0296,UDP,atp[c] + udp[c] <=> adp[c] + utp[c],Pyrimidine Metabolism,-1000.0,1000.0,C9H12N2O12P2,-2,c
udp[c],r_0782,UDP,lx[c] + u23ga[c] <=> lipidAds[c] + udp[c],Lipopolysaccharide biosynthesis,-1000.0,1000.0,C9H12N2O12P2,-2,c
udp[c],r_0181,UDP,atp[c] + ump[c] <=> adp[c] + udp[c],Pyrimidine Metabolism,-1000.0,1000.0,C9H12N2O12P2,-2,c
udp[c],r_0627,UDP,trdrd[c] + udp[c] --> dudp[c] + h2o[c] + trdox[c],Pyrimidine Metabolism,0.0,1000.0,C9H12N2O12P2,-2,c
udp[c],r_0827,UDP,g6p[c] + udpg[c] <=> tre6p[c] + udp[c],[],-1000.0,1000.0,C9H12N2O12P2,-2,c
udp[c],r_0806,UDP,uaGgla[c] + uacgam[c] <=> uaaGgla[c] + udp[c],Peptidoglycan biosynthesis,-1000.0,1000.0,C9H12N2O12P2,-2,c
udp[c],r_0914,UDP,h2o[c] + u24b246tbla[c] <=> 24b246tbap[c] + udp[c],Amino sugar and nucleotide sugar metabolism,-1000.0,1000.0,C9H12N2O12P2,-2,c
but2eACP[c],r_0182,But-2-enoyl-[acyl-carrier protein],but2eACP[c] + h[c] + nadh[c] --> butACP[c] + nad[c],Fatty Acid Biosynthesis,0.0,1000.0,C15H24N2O7PSR,-1,c
but2eACP[c],r_0324,But-2-enoyl-[acyl-carrier protein],3hbutACP[c] <=> but2eACP[c] + h2o[c],Fatty Acid Biosynthesis,-1000.0,1000.0,C15H24N2O7PSR,-1,c
but2eACP[c],r_0405,But-2-enoyl-[acyl-carrier protein],but2eACP[c] + h[c] + nadph[c] --> butACP[c] + nadp[c],Fatty Acid Biosynthesis,0.0,1000.0,C15H24N2O7PSR,-1,c
3hmrsACP[c],r_0183,(R)-3-Hydroxytetradecanoyl-[acyl-carrier protein],3hmrsACP[c] --> h2o[c] + tmrs2eACP[c],Fatty Acid Biosynthesis,0.0,1000.0,C25H46N2O8PSR,-1,c
3hmrsACP[c],r_0191,(R)-3-Hydroxytetradecanoyl-[acyl-carrier protein],3omrsACP[c] + h[c] + nadph[c] <=> 3hmrsACP[c] + nadp[c],Fatty Acid Biosynthesis,-1000.0,1000.0,C25H46N2O8PSR,-1,c
leu__L[c],r_0185,L-Leucine,4mop[c] + glu__L[c] --> akg[c] + leu__L[c],"Valine, Leucine and Isoleucine Biosynthesis",0.0,1000.0,C6H13NO2,0,c
leu__L[c],r_0465,L-Leucine,atp[c] + h[c] + leu__L[c] + trnaleu[c] --> amp[c] + leutrna[c] + ppi[c],"Valine, Leucine and Isoleucine Biosynthesis",0.0,1000.0,C6H13NO2,0,c
leu__L[c],r_0959,L-Leucine,0.2614 ade[c] + 0.706188 ala__L[c] + 0.431004 arg__L[c] + 0.155232 asn__L[c] + 0.312228 asp__L[c] + 0.3586 csn[c] + 0.054684 cys__L[c] + 0.17052 gln__L[c] + 0.343392 glu__L[c] + 0.497448 gly[c] + 0.05 glycogen[c] + 0.3586 gua[c] + 0.124068 his__L[c] + 0.322224 ile__L[c] + 0.599172 leu__L[c] + 0.18816 lys__L[c] + 0.143472 met__L[c] + 0.39 pe_hs[c] + 4.86 phb[c] + 0.231672 phe__L[c] + 0.295764 pro__L[c] + 0.01 ptrc[c] + 0.3586 rna[c] + 0.34104 ser__L[c] + 0.30282 thr__L[c] + 0.0722 thym[c] + 0.081144 trp__L[c] + 0.134652 tyr__L[c] + 0.1892 ura[c] + 0.445704 val__L[c] --> biomass[c],Biomass,0.0,1000.0,C6H13NO2,0,c
mlthf[c],r_0263,"5,10-Methylenetetrahydrofolate",gly[c] + nad[c] + thf[c] --> co2[c] + h[c] + mlthf[c] + nadh[c] + nh3[c],One carbon pool by folate,0.0,1000.0,C20H21N7O6,-2,c
mlthf[c],r_0577,"5,10-Methylenetetrahydrofolate",s8ams[c] + thf[c] <=> dhlpyprot[c] + mlthf[c] + nh3[c],One carbon pool by folate,-1000.0,1000.0,C20H21N7O6,-2,c
mlthf[c],r_0187,"5,10-Methylenetetrahydrofolate",dump[c] + mlthf[c] --> dhf[c] + dtmp[c],Pyrimidine Metabolism,0.0,1000.0,C20H21N7O6,-2,c
mlthf[c],r_0456,"5,10-Methylenetetrahydrofolate",mlthf[c] + nadp[c] <=> methf[c] + nadph[c],One carbon pool by folate,-1000.0,1000.0,C20H21N7O6,-2,c
mlthf[c],r_0234,"5,10-Methylenetetrahydrofolate",3mob[c] + h2o[c] + mlthf[c] <=> 2dhp[c] + thf[c],Pantothenate and CoA Biosynthesis,-1000.0,1000.0,C20H21N7O6,-2,c
mlthf[c],r_0302,"5,10-Methylenetetrahydrofolate",ser__L[c] + thf[c] --> gly[c] + h2o[c] + mlthf[c],"Glycine, Serine, and Threonine Metabolism",0.0,1000.0,C20H21N7O6,-2,c
mlthf[c],r_0447,"5,10-Methylenetetrahydrofolate",h[c] + mlthf[c] + nadh[c] --> 5mthf[c] + nad[c],One carbon pool by folate,0.0,1000.0,C20H21N7O6,-2,c
dtmp[c],r_0253,dTMP,atp[c] + thymd[c] --> adp[c] + dtmp[c],Pyrimidine Metabolism,0.0,1000.0,C10H14N2O8P,-1,c
dtmp[c],r_0198,dTMP,atp[c] + dtmp[c] <=> adp[c] + dtdp[c],Pyrimidine Metabolism,-1000.0,1000.0,C10H14N2O8P,-1,c
dtmp[c],r_0633,dTMP,dttp[c] + h2o[c] --> dtmp[c] + ppi[c],Pyrimidine Metabolism,0.0,1000.0,C10H14N2O8P,-1,c
dtmp[c],r_0369,dTMP,dtmp[c] + h2o[c] --> h[c] + pi[c] + thymd[c],Pyrimidine Metabolism,0.0,1000.0,C10H14N2O8P,-1,c
dtmp[c],r_0187,dTMP,dump[c] + mlthf[c] --> dhf[c] + dtmp[c],Pyrimidine Metabolism,0.0,1000.0,C10H14N2O8P,-1,c
pydx[c],r_0488,Pyridoxal,h2o[c] + pydx5p[c] --> h[c] + pi[c] + pydx[c],Vitamin B6 Metabolism,0.0,1000.0,C8H9NO3,0,c
pydx[c],r_0560,Pyridoxal,o2[c] + pydxn[c] <=> h2o2[c] + pydx[c],Vitamin B6 Metabolism,-1000.0,1000.0,C8H9NO3,0,c
pydx[c],r_0188,Pyridoxal,atp[c] + pydx[c] --> adp[c] + pydx5p[c],Vitamin B6 Metabolism,0.0,1000.0,C8H9NO3,0,c
pydx[c],r_0722,Pyridoxal,h2o[c] + o2[c] + pydam[c] --> h2o2[c] + h[c] + nh3[c] + pydx[c],Vitamin B6 Metabolism,0.0,1000.0,C8H9NO3,0,c
2aobut[c],r_0399,L-2-Amino-3-oxobutanoate,accoa[c] + gly[c] <=> 2aobut[c] + coa[c],"Glycine, Serine, and Threonine Metabolism",-1000.0,1000.0,C4H7NO3,0,c
2aobut[c],r_0190,L-2-Amino-3-oxobutanoate,nad[c] + thr__L[c] --> 2aobut[c] + h[c] + nadh[c],"Glycine, Serine, and Threonine Metabolism",0.0,1000.0,C4H7NO3,0,c
2aobut[c],r_0937,L-2-Amino-3-oxobutanoate,athr__L[c] + nadp[c] --> 2aobut[c] + h[c] + nadph[c],"Glycine, Serine, and Threonine Metabolism",0.0,1000.0,C4H7NO3,0,c
3omrsACP[c],r_0254,3-Oxotetradecanoyl-[acyl-carrier protein],ddcaACP[c] + h[c] + malACP[c] --> 3omrsACP[c] + ACP[c] + co2[c],Fatty Acid Biosynthesis,0.0,1000.0,C25H44N2O8PSR,-1,c
3omrsACP[c],r_0191,3-Oxotetradecanoyl-[acyl-carrier protein],3omrsACP[c] + h[c] + nadph[c] <=> 3hmrsACP[c] + nadp[c],Fatty Acid Biosynthesis,-1000.0,1000.0,C25H44N2O8PSR,-1,c
glu1sa[c],r_0490,L-Glutamate 1-semialdehyde,glutrna[c] + h[c] + nadph[c] --> glu1sa[c] + nadp[c] + trnaglu[c],Porphyrin and Chlorophyll Metabolism,0.0,1000.0,C5H9NO3,0,c
glu1sa[c],r_0192,L-Glutamate 1-semialdehyde,glu1sa[c] --> 5aop[c],Porphyrin and Chlorophyll Metabolism,0.0,1000.0,C5H9NO3,0,c
lpam[c],r_0485,Lipoamide (pyruvate dehydrogenase),akg[c] + h[c] + lpam[c] <=> co2[c] + sdhlam[c],TCA Cycle,-1000.0,1000.0,C8H15NOS2,0,c
lpam[c],r_0194,Lipoamide (pyruvate dehydrogenase),dhlam[c] + nad[c] --> h[c] + lpam[c] + nadh[c],Glycolysis / Gluconeogenesis,0.0,1000.0,C8H15NOS2,0,c
lpam[c],r_0453,Lipoamide (pyruvate dehydrogenase),h[c] + lpam[c] + pyr[c] --> adhlam[c] + co2[c],Glycolysis / Gluconeogenesis,0.0,1000.0,C8H15NOS2,0,c
h2s[c],r_0921,sulfide,cys__L[c] + so3[c] <=> Lcyst[c] + h2s[c],Cysteine and Methionine Metabolism,-1000.0,1000.0,H2S,0,c
h2s[c],r_0195,sulfide,h2s[c] + ser__L[c] --> cys__L[c] + h2o[c],Cysteine and Methionine Metabolism,0.0,1000.0,H2S,0,c
h2s[c],r_0647,sulfide,mercppyr[c] + trdrd[c] <=> h2s[c] + pyr[c] + trdox[c],Cysteine and Methionine Metabolism,-1000.0,1000.0,H2S,0,c
h2s[c],r_0614,sulfide,6.0 fdxox[c] + 3.0 h2o[c] + h2s[c] <=> 6.0 fdxrd[c] + 7.0 h[c] + so3[c],Sulfur Metabolism,-1000.0,1000.0,H2S,0,c
h2s[c],r_0380,sulfide,achms[c] + h2s[c] <=> ac[c] + h[c] + hcys__L[c],Sulfur Metabolism,-1000.0,1000.0,H2S,0,c
h2s[c],r_0381,sulfide,4.0 h[c] + 3.0 nadph[c] + so3[c] --> 3.0 h2o[c] + h2s[c] + 3.0 nadp[c],Sulfur Metabolism,0.0,1000.0,H2S,0,c
h2s[c],r_0354,sulfide,acser[c] + h2s[c] --> ac[c] + cys__L[c] + h[c],Sulfur Metabolism,0.0,1000.0,H2S,0,c
h2s[c],r_0643,sulfide,h2s[c] + pser__L[c] --> cys__L[c] + h[c] + pi[c],Cysteine and Methionine Metabolism,0.0,1000.0,H2S,0,c
h2s[c],r_0646,sulfide,cys__L[c] + h2o[c] <=> h2s[c] + h[c] + nh3[c] + pyr[c],Cysteine and Methionine Metabolism,-1000.0,1000.0,H2S,0,c
h2s[c],r_0239,sulfide,h2s[c] + suchms[c] <=> h[c] + hcys__L[c] + succ[c],Cysteine and Methionine Metabolism,-1000.0,1000.0,H2S,0,c
h2s[c],r_0777,sulfide,2.0 amet[c] + fscspc4f4s[c] + 8.0 h[c] + pn6ocllys[c] + 2.0 r2f2sf[c] <=> 2.0 dad_5[c] + 2.0 fdxo_22[c] + 4.0 fe2[c] + fscsp[c] + 2.0 h2s[c] + 2.0 met__L[c] + pn6rdillys[c],Lipoic acid metabolism,-1000.0,1000.0,H2S,0,c
phom[c],r_0196,O-Phospho-L-homoserine,atp[c] + hom__L[c] --> adp[c] + phom[c],"Glycine, Serine, and Threonine Metabolism",0.0,1000.0,C4H9NO6P,-1,c
phom[c],r_0222,O-Phospho-L-homoserine,h2o[c] + phom[c] --> h[c] + pi[c] + thr__L[c],"Glycine, Serine, and Threonine Metabolism",0.0,1000.0,C4H9NO6P,-1,c
toct2eACP[c],r_0295,trans-Oct-2-enoyl-[acyl-carrier protein],3hoctACP[c] --> h2o[c] + toct2eACP[c],Fatty Acid Biosynthesis,0.0,1000.0,C19H32N2O7PSR,-1,c
toct2eACP[c],r_0199,trans-Oct-2-enoyl-[acyl-carrier protein],h[c] + nadh[c] + toct2eACP[c] --> nad[c] + ocACP[c],Fatty Acid Biosynthesis,0.0,1000.0,C19H32N2O7PSR,-1,c
toct2eACP[c],r_0412,trans-Oct-2-enoyl-[acyl-carrier protein],h[c] + nadph[c] + toct2eACP[c] --> nadp[c] + ocACP[c],Fatty Acid Biosynthesis,0.0,1000.0,C19H32N2O7PSR,-1,c
ocACP[c],r_0199,Octanoyl-ACP (n-C8:0ACP),h[c] + nadh[c] + toct2eACP[c] --> nad[c] + ocACP[c],Fatty Acid Biosynthesis,0.0,1000.0,C19H34N2O7PSR,-1,c
ocACP[c],r_0242,Octanoyl-ACP (n-C8:0ACP),h[c] + malACP[c] + ocACP[c] --> 3odecACP[c] + ACP[c] + co2[c],Fatty Acid Biosynthesis,0.0,1000.0,C19H34N2O7PSR,-1,c
ocACP[c],r_0412,Octanoyl-ACP (n-C8:0ACP),h[c] + nadph[c] + toct2eACP[c] --> nadp[c] + ocACP[c],Fatty Acid Biosynthesis,0.0,1000.0,C19H34N2O7PSR,-1,c
pan4p[c],r_0572,Pantetheine 4-phosphate,dpcoa[c] + h2o[c] <=> amp[c] + pan4p[c],Pantothenate and CoA Biosynthesis,-1000.0,1000.0,C11H22N2O7PS,-1,c
pan4p[c],r_0501,Pantetheine 4-phosphate,ACP[c] + h2o[c] --> apoACP[c] + pan4p[c],Pantothenate and CoA Biosynthesis,0.0,1000.0,C11H22N2O7PS,-1,c
pan4p[c],r_0442,Pantetheine 4-phosphate,4ppcys[c] + h[c] <=> co2[c] + pan4p[c],Pantothenate and CoA Biosynthesis,-1000.0,1000.0,C11H22N2O7PS,-1,c
pan4p[c],r_0200,Pantetheine 4-phosphate,atp[c] + pan4p[c] <=> dpcoa[c] + ppi[c],Pantothenate and CoA Biosynthesis,-1000.0,1000.0,C11H22N2O7PS,-1,c
pan4p[c],r_0423,Pantetheine 4-phosphate,atp[c] + ptth[c] <=> adp[c] + pan4p[c],Pantothenate and CoA Biosynthesis,-1000.0,1000.0,C11H22N2O7PS,-1,c
nmn[c],r_0402,Nicotinamide D-ribonucleotide (NMN),h2o[c] + nmn[c] --> h[c] + pi[c] + rnam[c],Nicotinate and Nicotinamide,0.0,1000.0,C11H15N2O8P,0,c
nmn[c],r_0801,Nicotinamide D-ribonucleotide (NMN),5pdna[c] + nad[c] --> amp[c] + nmn[c],[],0.0,1000.0,C11H15N2O8P,0,c
nmn[c],r_0563,Nicotinamide D-ribonucleotide (NMN),h2o[c] + nad[c] --> amp[c] + nmn[c],Nicotinate and Nicotinamide,0.0,1000.0,C11H15N2O8P,0,c
nmn[c],r_0202,Nicotinamide D-ribonucleotide (NMN),atp[c] + nmn[c] <=> nad[c] + ppi[c],Nicotinate and Nicotinamide,-1000.0,1000.0,C11H15N2O8P,0,c
5apru[c],r_0203,5-Amino-6-(5-phosphoribosylamino)uracil,25drapp[c] + h2o[c] <=> 5apru[c] + nh3[c],Riboflavin Metabolism,-1000.0,1000.0,C9H14N4O9P,-1,c
5apru[c],r_0433,5-Amino-6-(5-phosphoribosylamino)uracil,5apru[c] + h[c] + nadph[c] <=> 5aprbu[c] + nadp[c],Riboflavin Metabolism,-1000.0,1000.0,C9H14N4O9P,-1,c
thdp[c],r_0204,"2,3,4,5-Tetrahydrodipicolinate",h2o[c] + succoa[c] + thdp[c] --> coa[c] + sl2a6o[c],Lysine Biosynthesis,0.0,1000.0,C7H7NO4,-2,c
thdp[c],r_0449,"2,3,4,5-Tetrahydrodipicolinate",23dhdp[c] + h[c] + nadph[c] --> nadp[c] + thdp[c],Lysine Biosynthesis,0.0,1000.0,C7H7NO4,-2,c
thdp[c],r_0859,"2,3,4,5-Tetrahydrodipicolinate",4hthdp[c] + h[c] + nadh[c] <=> nad[c] + thdp[c],Lysine Biosynthesis,-1000.0,1000.0,C7H7NO4,-2,c
thdp[c],r_0598,"2,3,4,5-Tetrahydrodipicolinate",26dap_LL[c] + akg[c] <=> glu__L[c] + h2o[c] + h[c] + thdp[c],Lysine Biosynthesis,-1000.0,1000.0,C7H7NO4,-2,c
sl2a6o[c],r_0204,N-Succinyl-2-L-amino-6-oxoheptanedioate,h2o[c] + succoa[c] + thdp[c] --> coa[c] + sl2a6o[c],Lysine Biosynthesis,0.0,1000.0,C11H12NO8,-3,c
sl2a6o[c],r_0477,N-Succinyl-2-L-amino-6-oxoheptanedioate,akg[c] + sl26da[c] <=> glu__L[c] + sl2a6o[c],Lysine Biosynthesis,-1000.0,1000.0,C11H12NO8,-3,c
glycogen[c],BIOMASS_0508,glycogen,0.00816736 Symbiotic_Cofactors[c] + 0.816736 ade[c] + 0.816736 ala__L[c] + 0.816736 arg__L[c] + 0.816736 asp__L[c] + 0.816736 fixedNH3[c] + 0.816736 glycogen[c] + 0.816736 hdca[c] + 0.816736 ile__L[c] + 0.816736 phb[c] + 0.816736 ura[c] + 0.816736 val__L[c] <=> Symbiotic_product[c] + 0.816736 ala__L[e] + 0.816736 asp__L[e] + 0.816736 fixedNH3[e] + 0.816736 glycogen1[c],Symbiosis,-1000.0,1000.0,C30H52O26,0,c
glycogen[c],r_0205,glycogen,adpglc[c] + glycogen1[c] --> adp[c] + glycogen[c],Glycolysis / Gluconeogenesis,0.0,1000.0,C30H52O26,0,c
glycogen[c],r_0522,glycogen,glycogen[c] + h[c] + pi[c] <=> g1p[c] + glycogen1[c],Glycogen synthesis,-1000.0,1000.0,C30H52O26,0,c
glycogen[c],r_0959,glycogen,0.2614 ade[c] + 0.706188 ala__L[c] + 0.431004 arg__L[c] + 0.155232 asn__L[c] + 0.312228 asp__L[c] + 0.3586 csn[c] + 0.054684 cys__L[c] + 0.17052 gln__L[c] + 0.343392 glu__L[c] + 0.497448 gly[c] + 0.05 glycogen[c] + 0.3586 gua[c] + 0.124068 his__L[c] + 0.322224 ile__L[c] + 0.599172 leu__L[c] + 0.18816 lys__L[c] + 0.143472 met__L[c] + 0.39 pe_hs[c] + 4.86 phb[c] + 0.231672 phe__L[c] + 0.295764 pro__L[c] + 0.01 ptrc[c] + 0.3586 rna[c] + 0.34104 ser__L[c] + 0.30282 thr__L[c] + 0.0722 thym[c] + 0.081144 trp__L[c] + 0.134652 tyr__L[c] + 0.1892 ura[c] + 0.445704 val__L[c] --> biomass[c],Biomass,0.0,1000.0,C30H52O26,0,c
hmbil[c],r_0474,Hydroxymethylbilane,h2o[c] + 4.0 ppbng[c] --> 4.0 h[c] + hmbil[c] + 4.0 nh3[c],Porphyrin and Chlorophyll Metabolism,0.0,1000.0,C40H38N4O17,-8,c
hmbil[c],r_0207,Hydroxymethylbilane,hmbil[c] --> h2o[c] + uppg3[c],Porphyrin and Chlorophyll Metabolism,0.0,1000.0,C40H38N4O17,-8,c
hmbil[c],r_0953,Hydroxymethylbilane,hmbil[c] <=> uppg1[c],spontaneous,-1000.0,1000.0,C40H38N4O17,-8,c
uppg3[c],r_0207,Uroporphyrinogen III,hmbil[c] --> h2o[c] + uppg3[c],Porphyrin and Chlorophyll Metabolism,0.0,1000.0,C40H36N4O16,-8,c
uppg3[c],r_0454,Uroporphyrinogen III,2.0 amet[c] + uppg3[c] --> 2.0 ahcys[c] + dscl[c] + 2.0 h[c],Porphyrin and Chlorophyll Metabolism,0.0,1000.0,C40H36N4O16,-8,c
uppg3[c],r_0353,Uroporphyrinogen III,4.0 h[c] + uppg3[c] --> 4.0 co2[c] + cpppg3[c],Porphyrin and Chlorophyll Metabolism,0.0,1000.0,C40H36N4O16,-8,c
o2[e],r_0334,O2,o2[e] <=> ,Exchange,-1.26,1000.0,O2,0,e
o2[e],r_0208,O2,o2[e] <=> o2[c],Transport,-1000.0,1000.0,O2,0,e
2cpr5p[c],r_0210,1-(2-Carboxyphenylamino)-1-deoxy-D-ribulose 5-phosphate,pran[c] <=> 2cpr5p[c],Phenylalanine Tyrosine Tryptophan Biosynthesis,-1000.0,1000.0,C12H14NO9P,-2,c
2cpr5p[c],r_0421,1-(2-Carboxyphenylamino)-1-deoxy-D-ribulose 5-phosphate,2cpr5p[c] + h[c] --> 3ig3p[c] + co2[c] + h2o[c],Phenylalanine Tyrosine Tryptophan Biosynthesis,0.0,1000.0,C12H14NO9P,-2,c
pro__L[c],r_0959,L-Proline,0.2614 ade[c] + 0.706188 ala__L[c] + 0.431004 arg__L[c] + 0.155232 asn__L[c] + 0.312228 asp__L[c] + 0.3586 csn[c] + 0.054684 cys__L[c] + 0.17052 gln__L[c] + 0.343392 glu__L[c] + 0.497448 gly[c] + 0.05 glycogen[c] + 0.3586 gua[c] + 0.124068 his__L[c] + 0.322224 ile__L[c] + 0.599172 leu__L[c] + 0.18816 lys__L[c] + 0.143472 met__L[c] + 0.39 pe_hs[c] + 4.86 phb[c] + 0.231672 phe__L[c] + 0.295764 pro__L[c] + 0.01 ptrc[c] + 0.3586 rna[c] + 0.34104 ser__L[c] + 0.30282 thr__L[c] + 0.0722 thym[c] + 0.081144 trp__L[c] + 0.134652 tyr__L[c] + 0.1892 ura[c] + 0.445704 val__L[c] --> biomass[c],Biomass,0.0,1000.0,C5H8NO2,-1,c
pro__L[c],r_0320,L-Proline,h2o[c] + progly[c] --> gly[c] + pro__L[c],Arginine and Proline Metabolism,0.0,1000.0,C5H8NO2,-1,c
pro__L[c],r_0281,L-Proline,nad[c] + pro__L[c] --> 1pyr5c[c] + h[c] + nadh[c],Arginine and Proline Metabolism,0.0,1000.0,C5H8NO2,-1,c
pro__L[c],r_0478,L-Proline,atp[c] + h[c] + pro__L[c] + trnapro[c] --> amp[c] + ppi[c] + protrna[c],Aminoacyl-tRNA biosynthesis,0.0,1000.0,C5H8NO2,-1,c
pro__L[c],r_0237,L-Proline,orn[c] --> 2.0 h[c] + nh3[c] + pro__L[c],Arginine and Proline Metabolism,0.0,1000.0,C5H8NO2,-1,c
pro__L[c],r_0676,L-Proline,nadp[c] + pro__L[c] <=> 1pyr5c[c] + h[c] + nadph[c],Arginine and Proline Metabolism,-1000.0,1000.0,C5H8NO2,-1,c
pro__L[c],r_0211,L-Proline,pro__L[c] --> pro__D[c],Arginine and Proline Metabolism,0.0,1000.0,C5H8NO2,-1,c
pro__D[c],r_0211,D-Proline,pro__L[c] --> pro__D[c],Arginine and Proline Metabolism,0.0,1000.0,C5H8NO2,-1,c
dcaACP[c],r_0212,Decanoyl-ACP (n-C10:0ACP),h[c] + nadh[c] + tdec2eACP[c] --> dcaACP[c] + nad[c],Fatty Acid Biosynthesis,0.0,1000.0,C21H38N2O7PSR,-1,c
dcaACP[c],r_0360,Decanoyl-ACP (n-C10:0ACP),h[c] + nadph[c] + tdec2eACP[c] --> dcaACP[c] + nadp[c],Fatty Acid Biosynthesis,0.0,1000.0,C21H38N2O7PSR,-1,c
dcaACP[c],r_0248,Decanoyl-ACP (n-C10:0ACP),dcaACP[c] + h[c] + malACP[c] --> 3oddecACP[c] + ACP[c] + co2[c],Fatty Acid Biosynthesis,0.0,1000.0,C21H38N2O7PSR,-1,c
glu__D[c],r_0807,D-Glutamate,atp[c] + glu__D[c] + uama[c] --> adp[c] + pi[c] + uamag[c],Peptidoglycan biosynthesis,0.0,1000.0,C5H8NO4,-1,c
glu__D[c],r_0213,D-Glutamate,glu__D[c] <=> glu__L[c],"Alanine, Aspartate and Glutamate metabolism",-1000.0,1000.0,C5H8NO4,-1,c
dd2coa[c],r_0214,trans-Dodec-2-enoyl-CoA,3hddcoa[c] <=> dd2coa[c] + h2o[c],Fatty Acid Metabolism,-1000.0,1000.0,C33H53N7O17P3S,-3,c
dd2coa[c],r_0393,trans-Dodec-2-enoyl-CoA,ddcacoa[c] + fad[c] + h[c] <=> dd2coa[c] + fadh2[c],Fatty Acid Metabolism,-1000.0,1000.0,C33H53N7O17P3S,-3,c
cbp[c],r_0472,Carbamoyl phosphate,2.0 atp[c] + gln__L[c] + h2o[c] + hco3[c] --> 2.0 adp[c] + cbp[c] + glu__L[c] + h[c] + pi[c],"Alanine, Aspartate and Glutamate metabolism",0.0,1000.0,CH3NO5P,-1,c
cbp[c],r_0440,Carbamoyl phosphate,asp__L[c] + cbp[c] --> cbasp[c] + 2.0 h[c] + pi[c],"Alanine, Aspartate and Glutamate metabolism",0.0,1000.0,CH3NO5P,-1,c
cbp[c],r_0215,Carbamoyl phosphate,cbp[c] + orn[c] --> citr__L[c] + 2.0 h[c] + pi[c],Arginine biosynthesis,0.0,1000.0,CH3NO5P,-1,c
ala_B[c],r_0364,beta-Alanine,cala[c] + h2o[c] + h[c] <=> ala_B[c] + co2[c] + nh3[c],Pyrimidine Metabolism,-1000.0,1000.0,C3H7NO2,0,c
ala_B[c],r_0574,beta-Alanine,asp__L[c] + h2o[c] <=> ala_B[c] + co2[c] + h[c],Pantothenate and CoA Biosynthesis,-1000.0,1000.0,C3H7NO2,0,c
ala_B[c],r_0217,beta-Alanine,ala_B[c] + atp[c] + pant__R[c] <=> amp[c] + pnto__R[c] + ppi[c],Pantothenate and CoA Biosynthesis,-1000.0,1000.0,C3H7NO2,0,c
pnto__R[c],r_0217,(R)-Pantothenate,ala_B[c] + atp[c] + pant__R[c] <=> amp[c] + pnto__R[c] + ppi[c],Pantothenate and CoA Biosynthesis,-1000.0,1000.0,C9H16NO5,-1,c
pnto__R[c],r_0943,(R)-Pantothenate,atp[c] + pnto__R[c] <=> 4ppan[c] + adp[c],Pantothenate and CoA Biosynthesis,-1000.0,1000.0,C9H16NO5,-1,c
co2[e],r_0220,CO2,co2[e] <=> co2[c],Transport,-1000.0,1000.0,CO2,0,e
co2[e],r_0329,CO2,co2[e] <=> ,Exchange,-1000.0,1000.0,CO2,0,e
agm[c],r_0482,Agmatine,arg__L[c] + h[c] --> agm[c] + co2[c],Arginine and Proline Metabolism,0.0,1000.0,C5H16N4,2,c
agm[c],r_0223,Agmatine,agm[c] + h2o[c] --> ptrc[c] + urea[c],Arginine and Proline Metabolism,0.0,1000.0,C5H16N4,2,c
urea[c],r_0713,Urea,urdglyc[c] <=> glx[c] + urea[c],Purine Metabolism,-1000.0,1000.0,CH4N2O,0,c
urea[c],r_0282,Urea,h2o[c] + urea[c] --> co2[c] + 2.0 nh3[c],Arginine biosynthesis,0.0,1000.0,CH4N2O,0,c
urea[c],r_0712,Urea,alla[c] + h2o[c] <=> urdglyc[c] + urea[c],Purine Metabolism,-1000.0,1000.0,CH4N2O,0,c
urea[c],r_0223,Urea,agm[c] + h2o[c] --> ptrc[c] + urea[c],Arginine and Proline Metabolism,0.0,1000.0,CH4N2O,0,c
urea[c],r_0288,Urea,arg__L[c] + h2o[c] --> orn[c] + urea[c],Arginine and proline metabolism,0.0,1000.0,CH4N2O,0,c
fdp[c],r_0224,"D-Fructose 1,6-bisphosphate",fdp[c] + h2o[c] <=> f6p[c] + h[c] + pi[c],Glycolysis / Gluconeogenesis,-1000.0,1000.0,C6H12O12P2,-2,c
fdp[c],r_0278,"D-Fructose 1,6-bisphosphate",fdp[c] <=> dhap[c] + g3p[c],Glycolysis / Gluconeogenesis,-1000.0,1000.0,C6H12O12P2,-2,c
fdp[c],r_0495,"D-Fructose 1,6-bisphosphate",atp[c] + f6p[c] --> adp[c] + fdp[c],Glycolysis / Gluconeogenesis,0.0,1000.0,C6H12O12P2,-2,c
fgam[c],r_0228,N2-Formyl-N1-(5-phospho-D-ribosyl)glycinamide,10fthf[c] + gar[c] --> fgam[c] + h[c] + thf[c],Purine Metabolism,0.0,1000.0,C8H14N2O9P,-1,c
fgam[c],r_0425,N2-Formyl-N1-(5-phospho-D-ribosyl)glycinamide,atp[c] + fgam[c] + gln__L[c] + h2o[c] --> adp[c] + fpram[c] + glu__L[c] + h[c] + pi[c],Purine Metabolism,0.0,1000.0,C8H14N2O9P,-1,c
fgam[c],r_0579,N2-Formyl-N1-(5-phospho-D-ribosyl)glycinamide,gar[c] + h2o[c] + methf[c] <=> fgam[c] + 2.0 h[c] + thf[c],One carbon pool by folate,-1000.0,1000.0,C8H14N2O9P,-1,c
3php[c],r_0229,3-Phosphohydroxypyruvate,3pg[c] + nad[c] <=> 3php[c] + h[c] + nadh[c],"Glycine, Serine, and Threonine Metabolism",-1000.0,1000.0,C3H3O7P,-2,c
3php[c],r_0427,3-Phosphohydroxypyruvate,3php[c] + glu__L[c] <=> akg[c] + pser__L[c],"Glycine, Serine, and Threonine Metabolism",-1000.0,1000.0,C3H3O7P,-2,c
fpram[c],r_0425,2-(Formamido)-N1-(5-phospho-D-ribosyl)acetamidine,atp[c] + fgam[c] + gln__L[c] + h2o[c] --> adp[c] + fpram[c] + glu__L[c] + h[c] + pi[c],Purine Metabolism,0.0,1000.0,C8H16N3O8P,0,c
fpram[c],r_0231,2-(Formamido)-N1-(5-phospho-D-ribosyl)acetamidine,atp[c] + fpram[c] --> adp[c] + air[c] + h[c] + pi[c],Purine Metabolism,0.0,1000.0,C8H16N3O8P,0,c
air[c],r_0496,5-amino-1-(5-phospho-D-ribosyl)imidazole,air[c] + co2[c] <=> 5aizc[c] + h[c],Purine Metabolism,-1000.0,1000.0,C8H14N3O7P,0,c
air[c],r_0694,5-amino-1-(5-phospho-D-ribosyl)imidazole,air[c] + atp[c] + hco3[c] --> 5ca1rpi[c] + adp[c] + pi[c],Purine Metabolism,0.0,1000.0,C8H14N3O7P,0,c
air[c],r_0231,5-amino-1-(5-phospho-D-ribosyl)imidazole,atp[c] + fpram[c] --> adp[c] + air[c] + h[c] + pi[c],Purine Metabolism,0.0,1000.0,C8H14N3O7P,0,c
air[c],r_0301,5-amino-1-(5-phospho-D-ribosyl)imidazole,air[c] + amet[c] + h2o[c] --> 4ahmmp[c] + co[c] + dad_5[c] + for[c] + 4.0 h[c] + met__L[c] + pi[c],Thiamine Metabolism,0.0,1000.0,C8H14N3O7P,0,c
air[c],r_0548,5-amino-1-(5-phospho-D-ribosyl)imidazole,air[c] + amet[c] --> 4ampm[c] + co[c] + dad_5[c] + for[c] + h2o[c] + met__L[c],Thiamine Metabolism,0.0,1000.0,C8H14N3O7P,0,c
ala__D[c],r_0803,D-Alanine,2.0 ala__D[c] + atp[c] --> adp[c] + alaala[c] + pi[c],Peptidoglycan biosynthesis,0.0,1000.0,C3H7NO2,0,c
ala__D[c],r_0233,D-Alanine,ala__L[c] <=> ala__D[c],"Alanine, Aspartate and Glutamate metabolism",-1000.0,1000.0,C3H7NO2,0,c
argsuc[c],r_0266,N(omega)-(L-Arginino)succinate,asp__L[c] + atp[c] + citr__L[c] --> amp[c] + argsuc[c] + ppi[c],"Alanine, Aspartate and Glutamate metabolism",0.0,1000.0,C10H17N4O6,-1,c
argsuc[c],r_0236,N(omega)-(L-Arginino)succinate,argsuc[c] <=> arg__L[c] + fum[c],"Alanine, Aspartate and Glutamate metabolism",-1000.0,1000.0,C10H17N4O6,-1,c
din[c],r_0284,Deoxyinosine,din[c] + h[c] + pi[c] <=> 2dr1p[c] + hxan[c],Purine Metabolism,-1000.0,1000.0,C10H12N4O4,0,c
din[c],r_0238,Deoxyinosine,dad_2[c] + h2o[c] --> din[c] + nh3[c],Purine Metabolism,0.0,1000.0,C10H12N4O4,0,c
3odcoa[c],r_0400,3-Oxodecanoyl-CoA,accoa[c] + occoa[c] <=> 3odcoa[c] + coa[c],Fatty Acid Metabolism,-1000.0,1000.0,C31H49N7O18P3S,-3,c
3odcoa[c],r_0241,3-Oxodecanoyl-CoA,3hdcoa[c] + nad[c] <=> 3odcoa[c] + h[c] + nadh[c],Fatty Acid Metabolism,-1000.0,1000.0,C31H49N7O18P3S,-3,c
dcamp[c],r_0243,"N6-(1,2-Dicarboxyethyl)-AMP",dcamp[c] --> amp[c] + fum[c],"Alanine, Aspartate and Glutamate metabolism",0.0,1000.0,C14H15N5O11P,-3,c
dcamp[c],r_0445,"N6-(1,2-Dicarboxyethyl)-AMP",asp__L[c] + gtp[c] + imp[c] --> dcamp[c] + gdp[c] + 2.0 h[c] + pi[c],"Alanine, Aspartate and Glutamate metabolism",0.0,1000.0,C14H15N5O11P,-3,c
acser[c],r_0244,O-Acetyl-L-serine,accoa[c] + ser__L[c] --> acser[c] + coa[c],Sulfur Metabolism,0.0,1000.0,C5H9NO4,0,c
acser[c],r_0354,O-Acetyl-L-serine,acser[c] + h2s[c] --> ac[c] + cys__L[c] + h[c],Sulfur Metabolism,0.0,1000.0,C5H9NO4,0,c
td2coa[c],r_0245,trans-Tetradec-2-enoyl-CoA,3htdcoa[c] <=> h2o[c] + td2coa[c],Fatty Acid Metabolism,-1000.0,1000.0,C35H57N7O17P3S,-3,c
td2coa[c],r_0430,trans-Tetradec-2-enoyl-CoA,fad[c] + tdcoa[c] <=> fadh2[c] + td2coa[c],Fatty Acid Metabolism,-1000.0,1000.0,C35H57N7O17P3S,-3,c
adocbl[c],r_0368,Adenosylcobalamin,agdpcbi[c] + rdmbzi[c] --> adocbl[c] + gmp[c],Porphyrin Metabolism,0.0,1000.0,C72H101N18O17PCo,1,c
adocbl[c],r_0507,Adenosylcobalamin,Iron[c] + adocbl[c] + atp[c] + gthox[c] + hemeO[c] + homocitrate[c] + mg2[c] + mobd[c] + nac[c] + pi[c] + pydxn[c] + thm[c] + zn2[c] --> Symbiotic_Cofactors[c],Symbiosis,0.0,1000.0,C72H101N18O17PCo,1,c
adocbl[c],r_0247,Adenosylcobalamin,atp[c] + cbl1[c] <=> adocbl[c] + pppi[c],Porphyrin and Chlorophyll Metabolism,-1000.0,1000.0,C72H101N18O17PCo,1,c
4abutn[c],r_0251,4-Aminobutanal,4abutn[c] + h2o[c] + nad[c] --> 4abut[c] + 2.0 h[c] + nadh[c],Arginine and Proline Metabolism,0.0,1000.0,C4H10NO,1,c
mg2[e],r_0898,Mg2,atp[c] + h2o[c] + mg2[c] --> adp[c] + h[c] + mg2[e] + pi[c],[],0.0,1000.0,Mg,2,e
mg2[e],r_0252,Mg2,atp[c] + h2o[c] + mg2[e] --> adp[c] + h[c] + mg2[c] + pi[c],Transport,0.0,1000.0,Mg,2,e
mg2[e],r_0341,Mg2,mg2[e] <=> ,Exchange,-1000.0,1000.0,Mg,2,e
mg2[c],r_0898,mg2,atp[c] + h2o[c] + mg2[c] --> adp[c] + h[c] + mg2[e] + pi[c],[],0.0,1000.0,Mg,2,c
mg2[c],r_0507,mg2,Iron[c] + adocbl[c] + atp[c] + gthox[c] + hemeO[c] + homocitrate[c] + mg2[c] + mobd[c] + nac[c] + pi[c] + pydxn[c] + thm[c] + zn2[c] --> Symbiotic_Cofactors[c],Symbiosis,0.0,1000.0,Mg,2,c
mg2[c],r_0252,mg2,atp[c] + h2o[c] + mg2[e] --> adp[c] + h[c] + mg2[c] + pi[c],Transport,0.0,1000.0,Mg,2,c
thymd[c],r_0253,Thymidine,atp[c] + thymd[c] --> adp[c] + dtmp[c],Pyrimidine Metabolism,0.0,1000.0,C10H14N2O5,0,c
thymd[c],r_0631,Thymidine,pi[c] + thymd[c] <=> 2dr1p[c] + thym[c],Pyrimidine Metabolism,-1000.0,1000.0,C10H14N2O5,0,c
thymd[c],r_0369,Thymidine,dtmp[c] + h2o[c] --> h[c] + pi[c] + thymd[c],Pyrimidine Metabolism,0.0,1000.0,C10H14N2O5,0,c
phthr[c],r_0255,O-Phospho-4-hydroxy-L-threonine,h2o[c] + phthr[c] --> 4hthr[c] + h[c] + pi[c],Vitamin B6 Metabolism,0.0,1000.0,C4H9NO7P,-1,c
phthr[c],r_0311,O-Phospho-4-hydroxy-L-threonine,dxyl5p[c] + nad[c] + phthr[c] --> co2[c] + 2.0 h2o[c] + 2.0 h[c] + nadh[c] + pdx5p[c] + pi[c],Vitamin B6 Metabolism,0.0,1000.0,C4H9NO7P,-1,c
phthr[c],r_0729,O-Phospho-4-hydroxy-L-threonine,nad[c] + phthr[c] --> 2a3o4pob[c] + 2.0 h[c] + nadh[c],Vitamin B6 Metabolism,0.0,1000.0,C4H9NO7P,-1,c
phthr[c],r_0443,O-Phospho-4-hydroxy-L-threonine,glu__L[c] + ohpb[c] <=> akg[c] + phthr[c],Vitamin B6 Metabolism,-1000.0,1000.0,C4H9NO7P,-1,c
4hthr[c],r_0255,4-Hydroxy-L-threonine,h2o[c] + phthr[c] --> 4hthr[c] + h[c] + pi[c],Vitamin B6 Metabolism,0.0,1000.0,C4H9NO4,0,c
prbamp[c],r_0257,1-(5-Phosphoribosyl)-AMP,h2o[c] + prbamp[c] --> prfp[c],Histidine Metabolism,0.0,1000.0,C15H21N5O14P2,-2,c
prbamp[c],r_0274,1-(5-Phosphoribosyl)-AMP,h2o[c] + prbatp[c] --> ppi[c] + prbamp[c],Histidine Metabolism,0.0,1000.0,C15H21N5O14P2,-2,c
3ohdcoa[c],r_0258,3-Oxohexadecanoyl-CoA,3hhdcoa[c] + nad[c] <=> 3ohdcoa[c] + h[c] + nadh[c],Fatty Acid Metabolism,-1000.0,1000.0,C37H61N7O18P3S,-3,c
3ohdcoa[c],r_0461,3-Oxohexadecanoyl-CoA,accoa[c] + tdcoa[c] <=> 3ohdcoa[c] + coa[c],Fatty Acid Metabolism,-1000.0,1000.0,C37H61N7O18P3S,-3,c
xtsn[c],r_0259,Xanthosine,h[c] + pi[c] + xtsn[c] <=> r1p[c] + xan[c],Purine Metabolism,-1000.0,1000.0,C10H12N4O6,0,c
xtsn[c],r_0383,Xanthosine,h2o[c] + xmp[c] --> h[c] + pi[c] + xtsn[c],Purine Metabolism,0.0,1000.0,C10H12N4O6,0,c
2ippm[c],r_0260,2-Isopropylmaleate,2ippm[c] + h2o[c] <=> 3c3hmp[c],"Valine, Leucine and Isoleucine Biosynthesis",-1000.0,1000.0,C7H8O4,-2,c
2ippm[c],r_0285,2-Isopropylmaleate,3c2hmp[c] <=> 2ippm[c] + h2o[c],"Valine, Leucine and Isoleucine Biosynthesis",-1000.0,1000.0,C7H8O4,-2,c
3hhcoa[c],r_0267,(S)-3-Hydroxyhexanoyl-CoA,3hhcoa[c] + nad[c] <=> 3ohcoa[c] + h[c] + nadh[c],Fatty Acid Metabolism,-1000.0,1000.0,C27H43N7O18P3S,-3,c
3hhcoa[c],r_0370,(S)-3-Hydroxyhexanoyl-CoA,3hhcoa[c] <=> h2o[c] + hx2coa[c],Fatty Acid Metabolism,-1000.0,1000.0,C27H43N7O18P3S,-3,c
4hba[c],r_0949,4-Hydroxy-benzyl alcohol,4hba[c] --> ,Transport,0.0,1000.0,C7H8O2,0,c
4hba[c],r_0268,4-Hydroxy-benzyl alcohol,atp[c] + cys__L[c] + dxyl5p[c] + tyr__L[c] --> 4hba[c] + 4mpetz[c] + ala__L[c] + amp[c] + co2[c] + h2o[c] + ppi[c],Thiamine Metabolism,0.0,1000.0,C7H8O2,0,c
h2o[e],r_0335,H2O,h2o[e] <=> ,Exchange,-1000.0,1000.0,H2O,0,e
h2o[e],r_0269,H2O,h2o[e] <=> h2o[c],Transport,-1000.0,1000.0,H2O,0,e
fixedNH3[c],BIOMASS_0508,fixedNH3,0.00816736 Symbiotic_Cofactors[c] + 0.816736 ade[c] + 0.816736 ala__L[c] + 0.816736 arg__L[c] + 0.816736 asp__L[c] + 0.816736 fixedNH3[c] + 0.816736 glycogen[c] + 0.816736 hdca[c] + 0.816736 ile__L[c] + 0.816736 phb[c] + 0.816736 ura[c] + 0.816736 val__L[c] <=> Symbiotic_product[c] + 0.816736 ala__L[e] + 0.816736 asp__L[e] + 0.816736 fixedNH3[e] + 0.816736 glycogen1[c],Symbiosis,-1000.0,1000.0,H3N,0,c
fixedNH3[c],r_0506,fixedNH3,fixedNH3[c] --> fixedNH3[e],Transport; Symbiosis,0.0,1000.0,H3N,0,c
fixedNH3[c],r_0270,fixedNH3,16.0 atp[c] + 8.0 fdxrd[c] + 16.0 h2o[c] + n2[c] --> 16.0 adp[c] + 8.0 fdxox[c] + 2.0 fixedNH3[c] + h2[c] + 8.0 h[c] + 16.0 pi[c],Nitrogen Metabolism; Symbiosis,0.0,1000.0,H3N,0,c
h2[c],r_0511,H2,h2[c] --> h2[e],Transport; Symbiosis,0.0,1000.0,H2,0,c
h2[c],r_0270,H2,16.0 atp[c] + 8.0 fdxrd[c] + 16.0 h2o[c] + n2[c] --> 16.0 adp[c] + 8.0 fdxox[c] + 2.0 fixedNH3[c] + h2[c] + 8.0 h[c] + 16.0 pi[c],Nitrogen Metabolism; Symbiosis,0.0,1000.0,H2,0,c
nicrns[c],r_0271,Nicotinate D-ribonucleoside,nac[c] + r1p[c] <=> nicrns[c] + pi[c],Nicotinate and Nicotinamide,-1000.0,1000.0,C11H13NO6,0,c
nicrns[c],r_0395,Nicotinate D-ribonucleoside,h2o[c] + nicrnt[c] --> h[c] + nicrns[c] + pi[c],Nicotinate and Nicotinamide,0.0,1000.0,C11H13NO6,0,c
methf[c],r_0579,"5,10-Methenyltetrahydrofolate",gar[c] + h2o[c] + methf[c] <=> fgam[c] + 2.0 h[c] + thf[c],One carbon pool by folate,-1000.0,1000.0,C20H20N7O6,-1,c
methf[c],r_0580,"5,10-Methenyltetrahydrofolate",h2o[c] + methf[c] <=> fa[c],One carbon pool by folate,-1000.0,1000.0,C20H20N7O6,-1,c
methf[c],r_0456,"5,10-Methenyltetrahydrofolate",mlthf[c] + nadp[c] <=> methf[c] + nadph[c],One carbon pool by folate,-1000.0,1000.0,C20H20N7O6,-1,c
methf[c],r_0581,"5,10-Methenyltetrahydrofolate",atp[c] + fa[c] --> adp[c] + e[c] + methf[c] + pi[c],One carbon pool by folate,0.0,1000.0,C20H20N7O6,-1,c
methf[c],r_0272,"5,10-Methenyltetrahydrofolate",h2o[c] + methf[c] <=> 10fthf[c] + h[c],One carbon pool by folate,-1000.0,1000.0,C20H20N7O6,-1,c
prbatp[c],r_0277,1-(5-Phosphoribosyl)-ATP,atp[c] + prpp[c] <=> ppi[c] + prbatp[c],Histidine Metabolism,-1000.0,1000.0,C15H21N5O20P4,-4,c
prbatp[c],r_0274,1-(5-Phosphoribosyl)-ATP,h2o[c] + prbatp[c] --> ppi[c] + prbamp[c],Histidine Metabolism,0.0,1000.0,C15H21N5O20P4,-4,c
cdpdag_cho[c],r_0275,CDPdiacylglycerol,cdpdag_cho[c] + ser__L[c] --> cmp[c] + h[c] + ps_cho[c],"Glycine, Serine, and Threonine Metabolism",0.0,1000.0,C7H7N2O7PR,-2,c
cdpdag_cho[c],r_0767,CDPdiacylglycerol,cdpdag_cho[c] + sng3p[c] <=> cmp[c] + pgp_cho[c],Glycerophospholipid metabolism,-1000.0,1000.0,C7H7N2O7PR,-2,c
ps_cho[c],r_0275,Phosphatidylserine,cdpdag_cho[c] + ser__L[c] --> cmp[c] + h[c] + ps_cho[c],"Glycine, Serine, and Threonine Metabolism",0.0,1000.0,CO2R,-2,c
ps_cho[c],r_0287,Phosphatidylserine,h[c] + ps_cho[c] <=> co2[c] + pe_hs[c],"Glycine, Serine, and Threonine Metabolism",-1000.0,1000.0,CO2R,-2,c
cmp[c],r_0386,CMP,atp[c] + cmp[c] <=> adp[c] + cdp[c],Pyrimidine Metabolism,-1000.0,1000.0,C9H13N3O8P,-1,c
cmp[c],r_0483,CMP,4ppan[c] + ctp[c] + cys__L[c] <=> 4ppcys[c] + cmp[c] + ppi[c],Pantothenate and CoA Biosynthesis,-1000.0,1000.0,C9H13N3O8P,-1,c
cmp[c],r_0767,CMP,cdpdag_cho[c] + sng3p[c] <=> cmp[c] + pgp_cho[c],Glycerophospholipid metabolism,-1000.0,1000.0,C9H13N3O8P,-1,c
cmp[c],r_0275,CMP,cdpdag_cho[c] + ser__L[c] --> cmp[c] + h[c] + ps_cho[c],"Glycine, Serine, and Threonine Metabolism",0.0,1000.0,C9H13N3O8P,-1,c
cmp[c],r_0751,CMP,ckdo[c] + tetdglu16d14bis[c] <=> 3ddol[c] + cmp[c],Lipopolysaccharide biosynthesis,-1000.0,1000.0,C9H13N3O8P,-1,c
cmp[c],r_0359,CMP,cmp[c] + h2o[c] --> cytd[c] + h[c] + pi[c],Pyrimidine Metabolism,0.0,1000.0,C9H13N3O8P,-1,c
cmp[c],r_0625,CMP,ctp[c] + h2o[c] --> cmp[c] + ppi[c],Pyrimidine Metabolism,0.0,1000.0,C9H13N3O8P,-1,c
cmp[c],r_0372,CMP,2p4c2me[c] --> 2mecdp[c] + cmp[c],Terpenoid Backbone Biosynthesis,0.0,1000.0,C9H13N3O8P,-1,c
oc2coa[c],r_0276,trans-Oct-2-enoyl-CoA,3hocoa[c] <=> h2o[c] + oc2coa[c],Fatty Acid Metabolism,-1000.0,1000.0,C29H45N7O17P3S,-3,c
oc2coa[c],r_0458,trans-Oct-2-enoyl-CoA,fad[c] + occoa[c] <=> fadh2[c] + oc2coa[c],Fatty Acid Metabolism,-1000.0,1000.0,C29H45N7O17P3S,-3,c
pe_hs[c],r_0287,Phosphatidylethanolamine,h[c] + ps_cho[c] <=> co2[c] + pe_hs[c],"Glycine, Serine, and Threonine Metabolism",-1000.0,1000.0,HR,-1,c
pe_hs[c],r_0959,Phosphatidylethanolamine,0.2614 ade[c] + 0.706188 ala__L[c] + 0.431004 arg__L[c] + 0.155232 asn__L[c] + 0.312228 asp__L[c] + 0.3586 csn[c] + 0.054684 cys__L[c] + 0.17052 gln__L[c] + 0.343392 glu__L[c] + 0.497448 gly[c] + 0.05 glycogen[c] + 0.3586 gua[c] + 0.124068 his__L[c] + 0.322224 ile__L[c] + 0.599172 leu__L[c] + 0.18816 lys__L[c] + 0.143472 met__L[c] + 0.39 pe_hs[c] + 4.86 phb[c] + 0.231672 phe__L[c] + 0.295764 pro__L[c] + 0.01 ptrc[c] + 0.3586 rna[c] + 0.34104 ser__L[c] + 0.30282 thr__L[c] + 0.0722 thym[c] + 0.081144 trp__L[c] + 0.134652 tyr__L[c] + 0.1892 ura[c] + 0.445704 val__L[c] --> biomass[c],Biomass,0.0,1000.0,HR,-1,c
dcyt[c],r_0373,Deoxycytidine,dcmp[c] + h2o[c] --> dcyt[c] + h[c] + pi[c],Pyrimidine Metabolism,0.0,1000.0,C9H13N3O4,0,c
dcyt[c],r_0290,Deoxycytidine,dcyt[c] + h2o[c] --> duri[c] + nh3[c],Pyrimidine Metabolism,0.0,1000.0,C9H13N3O4,0,c
cgly[c],r_0309,Cys-Gly,ala__L[c] + gthrd[c] --> cgly[c] + gluala[c],Glutathione Metabolism,0.0,1000.0,C5H10N2O3S,0,c
cgly[c],r_0293,Cys-Gly,cgly[c] + h2o[c] --> cys__L[c] + gly[c],Glutathione Metabolism,0.0,1000.0,C5H10N2O3S,0,c
dgmp[c],r_0696,dGMP,dgtp[c] + h2o[c] --> dgmp[c] + ppi[c],Purine Metabolism,0.0,1000.0,C10H13N5O7P,-1,c
dgmp[c],r_0931,dGMP,asp__L[c] + atp[c] + dgmp[c] <=> adp[c] + dsmp[c] + pi[c],Purine Metabolism,-1000.0,1000.0,C10H13N5O7P,-1,c
dgmp[c],r_0435,dGMP,dgmp[c] + h2o[c] --> dgsn[c] + h[c] + pi[c],Purine Metabolism,0.0,1000.0,C10H13N5O7P,-1,c
dgmp[c],r_0298,dGMP,atp[c] + dgmp[c] <=> adp[c] + dgdp[c],Purine Metabolism,-1000.0,1000.0,C10H13N5O7P,-1,c
homocitrate[e],r_0326,Homocitrate,homocitrate[e] <=> ,Exchange,-1000.0,1000.0,C7H7O7,-3,e
homocitrate[e],r_0299,Homocitrate,atp[c] + h2o[c] + homocitrate[e] <=> adp[c] + h[c] + homocitrate[c] + pi[c],Transport,-1000.0,1000.0,C7H7O7,-3,e
homocitrate[c],r_0299,Homocitrate,atp[c] + h2o[c] + homocitrate[e] <=> adp[c] + h[c] + homocitrate[c] + pi[c],Transport,-1000.0,1000.0,C7H7O7,-3,c
homocitrate[c],r_0507,Homocitrate,Iron[c] + adocbl[c] + atp[c] + gthox[c] + hemeO[c] + homocitrate[c] + mg2[c] + mobd[c] + nac[c] + pi[c] + pydxn[c] + thm[c] + zn2[c] --> Symbiotic_Cofactors[c],Symbiosis,0.0,1000.0,C7H7O7,-3,c
4ahmmp[c],r_0301,4-Amino-5-hydroxymethyl-2-methylpyrimidine,air[c] + amet[c] + h2o[c] --> 4ahmmp[c] + co[c] + dad_5[c] + for[c] + 4.0 h[c] + met__L[c] + pi[c],Thiamine Metabolism,0.0,1000.0,C6H9N3O,0,c
4ahmmp[c],r_0408,4-Amino-5-hydroxymethyl-2-methylpyrimidine,4ahmmp[c] + atp[c] --> 4ampm[c] + adp[c],Thiamine Metabolism,0.0,1000.0,C6H9N3O,0,c
mobd[e],r_0304,MoO4,atp[c] + h2o[c] + mobd[e] --> adp[c] + h[c] + mobd[c] + pi[c],Transport,0.0,1000.0,H2O4Mo,0,e
mobd[e],r_0343,MoO4,mobd[e] <=> ,Exchange,-1000.0,1000.0,H2O4Mo,0,e
mobd[c],r_0304,MoO4,atp[c] + h2o[c] + mobd[e] --> adp[c] + h[c] + mobd[c] + pi[c],Transport,0.0,1000.0,H2O4Mo,0,c
mobd[c],r_0507,MoO4,Iron[c] + adocbl[c] + atp[c] + gthox[c] + hemeO[c] + homocitrate[c] + mg2[c] + mobd[c] + nac[c] + pi[c] + pydxn[c] + thm[c] + zn2[c] --> Symbiotic_Cofactors[c],Symbiosis,0.0,1000.0,H2O4Mo,0,c
fe2[e],r_0327,Fe2+,fe2[e] <=> ,Exchange,-1000.0,1000.0,Fe,2,e
fe2[e],r_0305,Fe2+,atp[c] + fe2[e] + h2o[c] --> adp[c] + fe2[c] + h[c] + pi[c],Transport,0.0,1000.0,Fe,2,e
pi[e],r_0330,orthophosphate,pi[e] <=> ,Exchange,-1000.0,1000.0,HO4P,-2,e
pi[e],r_0306,orthophosphate,atp[c] + h2o[c] + pi[e] --> adp[c] + h[c] + 2.0 pi[c],Transport,0.0,1000.0,HO4P,-2,e
pi[e],r_0532,orthophosphate,h[e] + pi[e] <=> h[c] + pi[c],Transport,-1000.0,1000.0,HO4P,-2,e
datp[c],r_0709,dATP,atp[c] + dadp[c] <=> adp[c] + datp[c],Purine Metabolism,-1000.0,1000.0,C10H13N5O12P3,-3,c
datp[c],r_0391,dATP,dadp[c] + pep[c] <=> datp[c] + pyr[c],Purine Metabolism,-1000.0,1000.0,C10H13N5O12P3,-3,c
datp[c],r_0307,dATP,damp[c] + datp[c] <=> 2.0 dadp[c],Purine Metabolism,-1000.0,1000.0,C10H13N5O12P3,-3,c
damp[c],r_0710,dAMP,atp[c] + damp[c] <=> adp[c] + dadp[c],Purine Metabolism,-1000.0,1000.0,C10H13N5O6P,-1,c
damp[c],r_0470,dAMP,damp[c] + h2o[c] <=> dad_2[c] + h[c] + pi[c],Purine Metabolism,-1000.0,1000.0,C10H13N5O6P,-1,c
damp[c],r_0307,dAMP,damp[c] + datp[c] <=> 2.0 dadp[c],Purine Metabolism,-1000.0,1000.0,C10H13N5O6P,-1,c
dadp[c],r_0709,dADP,atp[c] + dadp[c] <=> adp[c] + datp[c],Purine Metabolism,-1000.0,1000.0,C10H13N5O9P2,-2,c
dadp[c],r_0710,dADP,atp[c] + damp[c] <=> adp[c] + dadp[c],Purine Metabolism,-1000.0,1000.0,C10H13N5O9P2,-2,c
dadp[c],r_0391,dADP,dadp[c] + pep[c] <=> datp[c] + pyr[c],Purine Metabolism,-1000.0,1000.0,C10H13N5O9P2,-2,c
dadp[c],r_0307,dADP,damp[c] + datp[c] <=> 2.0 dadp[c],Purine Metabolism,-1000.0,1000.0,C10H13N5O9P2,-2,c
dadp[c],r_0708,dADP,adp[c] + trdrd[c] --> dadp[c] + h2o[c] + trdox[c],Purine Metabolism,0.0,1000.0,C10H13N5O9P2,-2,c
pppg9[c],r_0717,Protoporphyrinogen IX,2.0 amet[c] + cpppg3[c] --> 2.0 co2[c] + 2.0 dad_5[c] + 2.0 met__L[c] + pppg9[c],Porphyrin and Chlorophyll Metabolism,0.0,1000.0,C34H38N4O4,-2,c
pppg9[c],r_0356,Protoporphyrinogen IX,cpppg3[c] + 2.0 h[c] + o2[c] --> 2.0 co2[c] + 2.0 h2o[c] + pppg9[c],Porphyrin and Chlorophyll Metabolism,0.0,1000.0,C34H38N4O4,-2,c
pppg9[c],r_0308,Protoporphyrinogen IX,1.5 o2[c] + pppg9[c] --> 3.0 h2o[c] + ppp9[c],Porphyrin and Chlorophyll Metabolism,0.0,1000.0,C34H38N4O4,-2,c
gthrd[c],r_0492,Reduced glutathione,2.0 gthrd[c] + h2o2[c] --> gthox[c] + 2.0 h2o[c],Glutathione Metabolism,0.0,1000.0,C10H16N3O6S,-1,c
gthrd[c],r_0457,Reduced glutathione,atp[c] + glucys[c] + gly[c] --> adp[c] + gthrd[c] + h[c] + pi[c],Glutathione Metabolism,0.0,1000.0,C10H16N3O6S,-1,c
gthrd[c],r_0309,Reduced glutathione,ala__L[c] + gthrd[c] --> cgly[c] + gluala[c],Glutathione Metabolism,0.0,1000.0,C10H16N3O6S,-1,c
gthrd[c],r_0689,Reduced glutathione,h2o[c] + lgt__S[c] <=> gthrd[c] + lac__D[c],Pyruvate metabolism,-1000.0,1000.0,C10H16N3O6S,-1,c
gthrd[c],r_0775,Reduced glutathione,Sfglutth[c] + h2o[c] <=> for[c] + gthrd[c],Carbon metabolism,-1000.0,1000.0,C10H16N3O6S,-1,c
gthrd[c],r_0797,Reduced glutathione,fald[c] + gthrd[c] <=> HC02121[c],Carbon metabolism,-1000.0,1000.0,C10H16N3O6S,-1,c
gthrd[c],r_0493,Reduced glutathione,aps[c] + 2.0 gthrd[c] --> amp[c] + gthox[c] + so3[c],Sulfur Metabolism,0.0,1000.0,C10H16N3O6S,-1,c
gthrd[c],r_0414,Reduced glutathione,gthox[c] + h[c] + nadph[c] <=> 2.0 gthrd[c] + nadp[c],Glutathione Metabolism,-1000.0,1000.0,C10H16N3O6S,-1,c
gthrd[c],r_0688,Reduced glutathione,lgt__S[c] <=> gthrd[c] + mthgxl[c],Pyruvate metabolism,-1000.0,1000.0,C10H16N3O6S,-1,c
gluala[c],r_0309,5-L-Glutamyl-L-alanine,ala__L[c] + gthrd[c] --> cgly[c] + gluala[c],Glutathione Metabolism,0.0,1000.0,C8H13N2O5,-1,c
hemeO[c],r_0852,HemeO,atp[c] + h2o[c] + hemeO[c] --> adp[c] + hemeO[e] + pi[c],[],0.0,1000.0,C49H56N4O5Fe,-2,c
hemeO[c],r_0310,HemeO,frdp[c] + h2o[c] + pheme[c] --> hemeO[c] + ppi[c],Porphyrin and Chlorophyll Metabolism,0.0,1000.0,C49H56N4O5Fe,-2,c
hemeO[c],r_0507,HemeO,Iron[c] + adocbl[c] + atp[c] + gthox[c] + hemeO[c] + homocitrate[c] + mg2[c] + mobd[c] + nac[c] + pi[c] + pydxn[c] + thm[c] + zn2[c] --> Symbiotic_Cofactors[c],Symbiosis,0.0,1000.0,C49H56N4O5Fe,-2,c
3hbutACP[c],r_0312,(R)-3-Hydroxybutanoyl-[acyl-carrier protein],actACP[c] + h[c] + nadph[c] <=> 3hbutACP[c] + nadp[c],Fatty Acid Biosynthesis,-1000.0,1000.0,C15H26N2O8PSR,-1,c
3hbutACP[c],r_0324,(R)-3-Hydroxybutanoyl-[acyl-carrier protein],3hbutACP[c] <=> but2eACP[c] + h2o[c],Fatty Acid Biosynthesis,-1000.0,1000.0,C15H26N2O8PSR,-1,c
thm[e],r_0314,Thiamine,atp[c] + h2o[c] + thm[e] --> adp[c] + h[c] + pi[c] + thm[c],Transport,0.0,1000.0,C12H17N4OS,1,e
thm[e],r_0344,Thiamine,thm[e] <=> ,Exchange,-1000.0,1000.0,C12H17N4OS,1,e
thm[c],r_0314,Thiamine,atp[c] + h2o[c] + thm[e] --> adp[c] + h[c] + pi[c] + thm[c],Transport,0.0,1000.0,C12H17N4OS,1,c
thm[c],r_0507,Thiamine,Iron[c] + adocbl[c] + atp[c] + gthox[c] + hemeO[c] + homocitrate[c] + mg2[c] + mobd[c] + nac[c] + pi[c] + pydxn[c] + thm[c] + zn2[c] --> Symbiotic_Cofactors[c],Symbiosis,0.0,1000.0,C12H17N4OS,1,c
thm[c],r_0553,Thiamine,atp[c] + thm[c] --> amp[c] + thmpp[c],Thiamine Metabolism,0.0,1000.0,C12H17N4OS,1,c
palmACP[c],r_0318,hexdecACP,h[c] + nadph[c] + tpalm2eACP[c] --> nadp[c] + palmACP[c],Fatty Acid Biosynthesis,0.0,1000.0,C27H50N2O7PSR,-1,c
palmACP[c],r_0322,hexdecACP,h[c] + nadh[c] + tpalm2eACP[c] --> nad[c] + palmACP[c],Fatty Acid Biosynthesis,0.0,1000.0,C27H50N2O7PSR,-1,c
palmACP[c],r_0315,hexdecACP,h2o[c] + palmACP[c] <=> ACP[c] + h[c] + hdca[c],Fatty Acid Biosynthesis,-1000.0,1000.0,C27H50N2O7PSR,-1,c
alaala[c],r_0803,D-Alanyl-D-alanine,2.0 ala__D[c] + atp[c] --> adp[c] + alaala[c] + pi[c],Peptidoglycan biosynthesis,0.0,1000.0,C6H12N2O3,0,c
alaala[c],r_0316,D-Alanyl-D-alanine,alaala[c] + atp[c] + ugmd[c] --> adp[c] + h[c] + pi[c] + ugmda[c],Lysine Biosynthesis,0.0,1000.0,C6H12N2O3,0,c
ugmd[c],r_0316,"UDP-N-acetylmuramoyl-L-alanyl-D-gamma-glutamyl-meso-2,6-diaminopimelate",alaala[c] + atp[c] + ugmd[c] --> adp[c] + h[c] + pi[c] + ugmda[c],Lysine Biosynthesis,0.0,1000.0,C35H51N7O26P2,-4,c
ugmd[c],r_0371,"UDP-N-acetylmuramoyl-L-alanyl-D-gamma-glutamyl-meso-2,6-diaminopimelate",26dap__M[c] + atp[c] + uamag[c] --> adp[c] + h[c] + pi[c] + ugmd[c],Lysine Biosynthesis,0.0,1000.0,C35H51N7O26P2,-4,c
ugmda[c],r_0316,"UDP-N-acetylmuramoyl-L-alanyl-D-glutamyl-meso-2,6-diaminopimeloyl-D-alanyl-D-alanine",alaala[c] + atp[c] + ugmd[c] --> adp[c] + h[c] + pi[c] + ugmda[c],Lysine Biosynthesis,0.0,1000.0,C41H61N9O28P2,-4,c
trnalys[c],r_0616,tRNA(Lys),atp[c] + h[c] + lys__L[c] + trnalys[c] <=> amp[c] + lystrna[c] + ppi[c],Aminoacyl-tRNA biosynthesis,-1000.0,1000.0,R,0,c
trnalys[c],r_0317,tRNA(Lys),atp[c] + h[c] + lys__L[c] + trnalys[c] --> amp[c] + lystrna[c] + ppi[c],Lysine Biosynthesis,0.0,1000.0,R,0,c
lystrna[c],r_0616,L-Lysine-tRNA (Lys),atp[c] + h[c] + lys__L[c] + trnalys[c] <=> amp[c] + lystrna[c] + ppi[c],Aminoacyl-tRNA biosynthesis,-1000.0,1000.0,C6H14N2OR,2,c
lystrna[c],r_0317,L-Lysine-tRNA (Lys),atp[c] + h[c] + lys__L[c] + trnalys[c] --> amp[c] + lystrna[c] + ppi[c],Lysine Biosynthesis,0.0,1000.0,C6H14N2OR,2,c
so4[e],r_0319,Sulfate,atp[c] + h2o[c] + so4[e] --> adp[c] + h[c] + pi[c] + so4[c],Transport,0.0,1000.0,O4S,-2,e
so4[e],r_0333,Sulfate,so4[e] <=> ,Exchange,-1000.0,1000.0,O4S,-2,e
so4[c],r_0319,Sulfate,atp[c] + h2o[c] + so4[e] --> adp[c] + h[c] + pi[c] + so4[c],Transport,0.0,1000.0,O4S,-2,c
so4[c],r_0758,Sulfate,chols[c] + h2o[c] <=> chol[c] + so4[c],Amine and Polyamine Degradation,-1000.0,1000.0,O4S,-2,c
so4[c],r_0401,Sulfate,atp[c] + h[c] + so4[c] <=> aps[c] + ppi[c],Sulfur Metabolism,-1000.0,1000.0,O4S,-2,c
progly[c],r_0320,L-Prolinylglycine,h2o[c] + progly[c] --> gly[c] + pro__L[c],Arginine and Proline Metabolism,0.0,1000.0,C7H11N2O3,-1,c
ala__L[e],BIOMASS_0508,L-Alanine,0.00816736 Symbiotic_Cofactors[c] + 0.816736 ade[c] + 0.816736 ala__L[c] + 0.816736 arg__L[c] + 0.816736 asp__L[c] + 0.816736 fixedNH3[c] + 0.816736 glycogen[c] + 0.816736 hdca[c] + 0.816736 ile__L[c] + 0.816736 phb[c] + 0.816736 ura[c] + 0.816736 val__L[c] <=> Symbiotic_product[c] + 0.816736 ala__L[e] + 0.816736 asp__L[e] + 0.816736 fixedNH3[e] + 0.816736 glycogen1[c],Symbiosis,-1000.0,1000.0,C3H7NO2,0,e
ala__L[e],r_0331,L-Alanine,ala__L[e] --> ,Exchange,0.0,1000.0,C3H7NO2,0,e
asp__L[e],BIOMASS_0508,L-Aspartate,0.00816736 Symbiotic_Cofactors[c] + 0.816736 ade[c] + 0.816736 ala__L[c] + 0.816736 arg__L[c] + 0.816736 asp__L[c] + 0.816736 fixedNH3[c] + 0.816736 glycogen[c] + 0.816736 hdca[c] + 0.816736 ile__L[c] + 0.816736 phb[c] + 0.816736 ura[c] + 0.816736 val__L[c] <=> Symbiotic_product[c] + 0.816736 ala__L[e] + 0.816736 asp__L[e] + 0.816736 fixedNH3[e] + 0.816736 glycogen1[c],Symbiosis,-1000.0,1000.0,C4H6NO4,-1,e
asp__L[e],r_0339,L-Aspartate,asp__L[e] --> ,Exchange,0.0,1000.0,C4H6NO4,-1,e
asp__L[e],r_0966,L-Aspartate,asp__L[c] <=> asp__L[e],Transport,-1000.0,1000.0,C4H6NO4,-1,e
trnatrp[c],r_0346,tRNA(Trp),atp[c] + h[c] + trnatrp[c] + trp__L[c] --> amp[c] + ppi[c] + trptrna[c],Phenylalanine Tyrosine Tryptophan Biosynthesis,0.0,1000.0,R,0,c
trptrna[c],r_0346,L-Tryptophanyl-tRNA(Trp),atp[c] + h[c] + trnatrp[c] + trp__L[c] --> amp[c] + ppi[c] + trptrna[c],Phenylalanine Tyrosine Tryptophan Biosynthesis,0.0,1000.0,C11H11N2OR,1,c
sl26da[c],r_0477,"N-Succinyl-LL-2,6-diaminoheptanedioate",akg[c] + sl26da[c] <=> glu__L[c] + sl2a6o[c],Lysine Biosynthesis,-1000.0,1000.0,C11H16N2O7,-2,c
sl26da[c],r_0347,"N-Succinyl-LL-2,6-diaminoheptanedioate",h2o[c] + sl26da[c] --> 26dap_LL[c] + succ[c],Lysine Biosynthesis,0.0,1000.0,C11H16N2O7,-2,c
agdpcbi[c],r_0348,Adenosine-GDP-cobinamide,adocbip[c] + gtp[c] + h[c] --> agdpcbi[c] + ppi[c],Porphyrin Metabolism,0.0,1000.0,C68H96N21O21P2Co,0,c
agdpcbi[c],r_0368,Adenosine-GDP-cobinamide,agdpcbi[c] + rdmbzi[c] --> adocbl[c] + gmp[c],Porphyrin Metabolism,0.0,1000.0,C68H96N21O21P2Co,0,c
athr__L[c],r_0349,L-Allo-threonine,athr__L[c] <=> acald[c] + gly[c],"Glycine, Serine, and Threonine Metabolism",-1000.0,1000.0,C4H9NO3,0,c
athr__L[c],r_0937,L-Allo-threonine,athr__L[c] + nadp[c] --> 2aobut[c] + h[c] + nadph[c],"Glycine, Serine, and Threonine Metabolism",0.0,1000.0,C4H9NO3,0,c
dccoa[c],r_0350,Decanoyl-CoA(n-C10:0CoA),dccoa[c] + fad[c] <=> dc2coa[c] + fadh2[c],Fatty Acid Metabolism,-1000.0,1000.0,C31H51N7O17P3S,-3,c
dccoa[c],r_0384,Decanoyl-CoA(n-C10:0CoA),accoa[c] + dccoa[c] <=> 3oddcoa[c] + coa[c],Fatty Acid Metabolism,-1000.0,1000.0,C31H51N7O17P3S,-3,c
4c2me[c],r_0422,4-(cytidine 5-diphospho)-2-C-methyl-D-erythritol,2me4p[c] + ctp[c] --> 4c2me[c] + ppi[c],Terpenoid Backbone Biosynthesis,0.0,1000.0,C14H23N3O14P2,-2,c
4c2me[c],r_0352,4-(cytidine 5-diphospho)-2-C-methyl-D-erythritol,4c2me[c] + atp[c] --> 2p4c2me[c] + adp[c],Terpenoid Backbone Biosynthesis,0.0,1000.0,C14H23N3O14P2,-2,c
2p4c2me[c],r_0352,2-phospho-4-(cytidine 5-diphospho)-2-C-methyl-D-erythritol,4c2me[c] + atp[c] --> 2p4c2me[c] + adp[c],Terpenoid Backbone Biosynthesis,0.0,1000.0,C14H23N3O17P3,-3,c
2p4c2me[c],r_0372,2-phospho-4-(cytidine 5-diphospho)-2-C-methyl-D-erythritol,2p4c2me[c] --> 2mecdp[c] + cmp[c],Terpenoid Backbone Biosynthesis,0.0,1000.0,C14H23N3O17P3,-3,c
cpppg3[c],r_0356,Coproporphyrinogen III,cpppg3[c] + 2.0 h[c] + o2[c] --> 2.0 co2[c] + 2.0 h2o[c] + pppg9[c],Porphyrin and Chlorophyll Metabolism,0.0,1000.0,C36H40N4O8,-4,c
cpppg3[c],r_0717,Coproporphyrinogen III,2.0 amet[c] + cpppg3[c] --> 2.0 co2[c] + 2.0 dad_5[c] + 2.0 met__L[c] + pppg9[c],Porphyrin and Chlorophyll Metabolism,0.0,1000.0,C36H40N4O8,-4,c
cpppg3[c],r_0353,Coproporphyrinogen III,4.0 h[c] + uppg3[c] --> 4.0 co2[c] + cpppg3[c],Porphyrin and Chlorophyll Metabolism,0.0,1000.0,C36H40N4O8,-4,c
23dhdp[c],r_0449,"2,3-Dihydrodipicolinate",23dhdp[c] + h[c] + nadph[c] --> nadp[c] + thdp[c],Lysine Biosynthesis,0.0,1000.0,C7H5NO4,-2,c
hxcoa[c],r_0387,Hexanoyl-CoA(n-C6:0CoA),fad[c] + hxcoa[c] <=> fadh2[c] + hx2coa[c],Fatty Acid Metabolism,-1000.0,1000.0,C27H43N7O17P3S,-3,c
hxcoa[c],r_0361,Hexanoyl-CoA(n-C6:0CoA),accoa[c] + hxcoa[c] <=> 3oocoa[c] + coa[c],Fatty Acid Metabolism,-1000.0,1000.0,C27H43N7O17P3S,-3,c
trnagly[c],r_0362,tRNA(Gly),atp[c] + gly[c] + h[c] + trnagly[c] --> amp[c] + glytrna[c] + ppi[c],Aminoacyl-tRNA biosynthesis,0.0,1000.0,R,0,c
glytrna[c],r_0362,Glycyl-tRNA(Gly),atp[c] + gly[c] + h[c] + trnagly[c] --> amp[c] + glytrna[c] + ppi[c],Aminoacyl-tRNA biosynthesis,0.0,1000.0,C2H4NOR,1,c
5mthf[c],r_0366,5-Methyltetrahydrofolate,5mthf[c] + hcys__L[c] --> met__L[c] + thf[c],Cysteine and Methionine Metabolism,0.0,1000.0,C20H23N7O6,-2,c
5mthf[c],r_0447,5-Methyltetrahydrofolate,h[c] + mlthf[c] + nadh[c] --> 5mthf[c] + nad[c],One carbon pool by folate,0.0,1000.0,C20H23N7O6,-2,c
gdptp[c],r_0367,Guanosine 3-diphosphate 5-triphosphate,gdptp[c] + h2o[c] <=> h[c] + pi[c] + ppgpp[c],Purine Metabolism,-1000.0,1000.0,C10H13N5O20P5,-5,c
gdptp[c],r_0424,Guanosine 3-diphosphate 5-triphosphate,atp[c] + gtp[c] --> amp[c] + gdptp[c],Purine Metabolism,0.0,1000.0,C10H13N5O20P5,-5,c
ppgpp[c],r_0469,"Guanosine 3,5-bis(diphosphate)",h2o[c] + ppgpp[c] --> gdp[c] + ppi[c],Purine Metabolism,0.0,1000.0,C10H13N5O17P4,-4,c
ppgpp[c],r_0367,"Guanosine 3,5-bis(diphosphate)",gdptp[c] + h2o[c] <=> h[c] + pi[c] + ppgpp[c],Purine Metabolism,-1000.0,1000.0,C10H13N5O17P4,-4,c
rdmbzi[c],r_0368,"N1-(alpha-D-ribosyl)-5,6-dimethylbenzimidazole",agdpcbi[c] + rdmbzi[c] --> adocbl[c] + gmp[c],Porphyrin Metabolism,0.0,1000.0,C14H18N2O4,0,c
rdmbzi[c],r_0487,"N1-(alpha-D-ribosyl)-5,6-dimethylbenzimidazole",5prdmbz[c] + h2o[c] --> h[c] + pi[c] + rdmbzi[c],Porphyrin Metabolism,0.0,1000.0,C14H18N2O4,0,c
hx2coa[c],r_0387,trans-Hex-2-enoyl-CoA,fad[c] + hxcoa[c] <=> fadh2[c] + hx2coa[c],Fatty Acid Metabolism,-1000.0,1000.0,C27H41N7O17P3S,-3,c
hx2coa[c],r_0370,trans-Hex-2-enoyl-CoA,3hhcoa[c] <=> h2o[c] + hx2coa[c],Fatty Acid Metabolism,-1000.0,1000.0,C27H41N7O17P3S,-3,c
uamag[c],r_0807,UDP-N-acetylmuramoyl-L-alanyl-D-glutamate,atp[c] + glu__D[c] + uama[c] --> adp[c] + pi[c] + uamag[c],Peptidoglycan biosynthesis,0.0,1000.0,C28H39N5O23P2,-4,c
uamag[c],r_0371,UDP-N-acetylmuramoyl-L-alanyl-D-glutamate,26dap__M[c] + atp[c] + uamag[c] --> adp[c] + h[c] + pi[c] + ugmd[c],Lysine Biosynthesis,0.0,1000.0,C28H39N5O23P2,-4,c
dcmp[c],r_0373,dCMP,dcmp[c] + h2o[c] --> dcyt[c] + h[c] + pi[c],Pyrimidine Metabolism,0.0,1000.0,C9H13N3O7P,-1,c
dcmp[c],r_0504,dCMP,atp[c] + dcmp[c] <=> adp[c] + dcdp[c],Pyrimidine Metabolism,-1000.0,1000.0,C9H13N3O7P,-1,c
2mahmp[c],r_0374,2-Methyl-4-amino-5-hydroxymethylpyrimidine diphosphate,2mahmp[c] + 4mpetz[c] + h[c] --> ppi[c] + thmmp[c],Thiamine Metabolism,0.0,1000.0,C6H9N3O7P2,-2,c
2mahmp[c],r_0549,2-Methyl-4-amino-5-hydroxymethylpyrimidine diphosphate,2mahmp[c] + cthzp[c] --> co2[c] + ppi[c] + thmmp[c],Thiamine Metabolism,0.0,1000.0,C6H9N3O7P2,-2,c
2mahmp[c],r_0473,2-Methyl-4-amino-5-hydroxymethylpyrimidine diphosphate,4ampm[c] + atp[c] --> 2mahmp[c] + adp[c],Thiamine Metabolism,0.0,1000.0,C6H9N3O7P2,-2,c
thmmp[c],r_0552,Thiamin monophosphate,h2o[c] + thmpp[c] <=> pi[c] + thmmp[c],Thiamine Metabolism,-1000.0,1000.0,C12H17N4O4PS,0,c
thmmp[c],r_0374,Thiamin monophosphate,2mahmp[c] + 4mpetz[c] + h[c] --> ppi[c] + thmmp[c],Thiamine Metabolism,0.0,1000.0,C12H17N4O4PS,0,c
thmmp[c],r_0549,Thiamin monophosphate,2mahmp[c] + cthzp[c] --> co2[c] + ppi[c] + thmmp[c],Thiamine Metabolism,0.0,1000.0,C12H17N4O4PS,0,c
gam6p[c],r_1061,D-Glucosamine 6-phosphate,gam6p[c] + h2o[c] <=> f6p[c] + h[c] + nh3[c],,-1000.0,1000.0,C6H14NO8P,0,c
gam6p[c],r_0861,D-Glucosamine 6-phosphate,acgam6p[c] + h2o[c] <=> ac[c] + gam6p[c],Amino sugar and nucleotide sugar metabolism,-1000.0,1000.0,C6H14NO8P,0,c
gam6p[c],r_0375,D-Glucosamine 6-phosphate,f6p[c] + gln__L[c] --> gam6p[c] + glu__L[c],"Alanine, Aspartate and Glutamate metabolism",0.0,1000.0,C6H14NO8P,0,c
gam6p[c],r_0832,D-Glucosamine 6-phosphate,gam1p[c] <=> gam6p[c],Amino sugar and nucleotide sugar metabolism,-1000.0,1000.0,C6H14NO8P,0,c
trnahis[c],r_0377,tRNA(His),atp[c] + h[c] + his__L[c] + trnahis[c] --> amp[c] + histrna[c] + ppi[c],Histidine Metabolism,0.0,1000.0,R,0,c
histrna[c],r_0377,L-Histidyl-tRNA(His),atp[c] + h[c] + his__L[c] + trnahis[c] --> amp[c] + histrna[c] + ppi[c],Histidine Metabolism,0.0,1000.0,C6H8N3OR,1,c
trnaser[c],r_0378,tRNA(Ser),atp[c] + ser__L[c] + trnaser[c] --> amp[c] + ppi[c] + sertrna[c],Aminoacyl-tRNA biosynthesis,0.0,1000.0,R,0,c
sertrna[c],r_0378,L-Seryl-tRNA(Ser),atp[c] + ser__L[c] + trnaser[c] --> amp[c] + ppi[c] + sertrna[c],Aminoacyl-tRNA biosynthesis,0.0,1000.0,C3H5NO2R,0,c
asp__D[c],r_0379,D-Aspartate,asp__D[c] <=> asp__L[c],"Alanine, Aspartate and Glutamate metabolism",-1000.0,1000.0,C4H6NO4,-1,c
achms[c],r_0380,O-Acetyl-L-homoserine,achms[c] + h2s[c] <=> ac[c] + h[c] + hcys__L[c],Sulfur Metabolism,-1000.0,1000.0,C6H11NO4,0,c
achms[c],r_0655,O-Acetyl-L-homoserine,achms[c] + ch4s[c] <=> ac[c] + met__L[c],Cysteine and Methionine Metabolism,-1000.0,1000.0,C6H11NO4,0,c
achms[c],r_0481,O-Acetyl-L-homoserine,achms[c] + cys__L[c] <=> ac[c] + cyst__L[c] + h[c],Cysteine and Methionine Metabolism,-1000.0,1000.0,C6H11NO4,0,c
so3[c],r_0921,Sulfite,cys__L[c] + so3[c] <=> Lcyst[c] + h2s[c],Cysteine and Methionine Metabolism,-1000.0,1000.0,HO3S,-1,c
so3[c],r_0381,Sulfite,4.0 h[c] + 3.0 nadph[c] + so3[c] --> 3.0 h2o[c] + h2s[c] + 3.0 nadp[c],Sulfur Metabolism,0.0,1000.0,HO3S,-1,c
so3[c],r_0493,Sulfite,aps[c] + 2.0 gthrd[c] --> amp[c] + gthox[c] + so3[c],Sulfur Metabolism,0.0,1000.0,HO3S,-1,c
so3[c],r_0613,Sulfite,h[c] + paps[c] + trdrd[c] --> pap[c] + so3[c] + trdox[c],Sulfur Metabolism,0.0,1000.0,HO3S,-1,c
so3[c],r_0614,Sulfite,6.0 fdxox[c] + 3.0 h2o[c] + h2s[c] <=> 6.0 fdxrd[c] + 7.0 h[c] + so3[c],Sulfur Metabolism,-1000.0,1000.0,HO3S,-1,c
trnamet[c],r_0382,tRNA(Met),atp[c] + met__L[c] + trnamet[c] --> amp[c] + mettrna[c] + ppi[c],Cysteine and Methionine Metabolism,0.0,1000.0,R,0,c
mettrna[c],r_0382,L-Methionyl-tRNA (Met),atp[c] + met__L[c] + trnamet[c] --> amp[c] + mettrna[c] + ppi[c],Cysteine and Methionine Metabolism,0.0,1000.0,C5H9NOSR,0,c
mettrna[c],r_0431,L-Methionyl-tRNA (Met),10fthf[c] + mettrna[c] --> fmettrna[c] + h[c] + thf[c],One carbon pool by folate,0.0,1000.0,C5H9NOSR,0,c
rhcys[c],r_0388,S-Ribosyl-L-homocysteine,ahcys[c] + h2o[c] --> ade[c] + rhcys[c],Cysteine and Methionine Metabolism,0.0,1000.0,C9H17NO6S,0,c
pser__L[c],r_0643,O-Phospho-L-serine,h2s[c] + pser__L[c] --> cys__L[c] + h[c] + pi[c],Cysteine and Methionine Metabolism,0.0,1000.0,C3H7NO6P,-1,c
pser__L[c],r_0427,O-Phospho-L-serine,3php[c] + glu__L[c] <=> akg[c] + pser__L[c],"Glycine, Serine, and Threonine Metabolism",-1000.0,1000.0,C3H7NO6P,-1,c
pser__L[c],r_0390,O-Phospho-L-serine,h2o[c] + pser__L[c] --> h[c] + pi[c] + ser__L[c],"Glycine, Serine, and Threonine Metabolism",0.0,1000.0,C3H7NO6P,-1,c
ddcacoa[c],r_0393,Dodecanoyl-CoA(n-C12:0CoA),ddcacoa[c] + fad[c] + h[c] <=> dd2coa[c] + fadh2[c],Fatty Acid Metabolism,-1000.0,1000.0,C33H54N7O17P3S,-4,c
ddcacoa[c],r_0438,Dodecanoyl-CoA(n-C12:0CoA),accoa[c] + ddcacoa[c] + h[c] <=> 3otdcoa[c] + coa[c],Fatty Acid Metabolism,-1000.0,1000.0,C33H54N7O17P3S,-4,c
trnaala[c],r_0396,tRNA(Ala),ala__L[c] + atp[c] + h[c] + trnaala[c] --> alatrna[c] + amp[c] + ppi[c],Aminoacyl-tRNA biosynthesis,0.0,1000.0,R,0,c
alatrna[c],r_0396,L-Alanyl-tRNA(Ala),ala__L[c] + atp[c] + h[c] + trnaala[c] --> alatrna[c] + amp[c] + ppi[c],Aminoacyl-tRNA biosynthesis,0.0,1000.0,C3H6NOR,1,c
trnaphe[c],r_0398,tRNA(Phe),atp[c] + h[c] + phe__L[c] + trnaphe[c] --> amp[c] + phetrna[c] + ppi[c],Phenylalanine Tyrosine Tryptophan Biosynthesis,0.0,1000.0,R,0,c
phetrna[c],r_0398,L-Phenylalanyl-tRNA(Phe),atp[c] + h[c] + phe__L[c] + trnaphe[c] --> amp[c] + phetrna[c] + ppi[c],Phenylalanine Tyrosine Tryptophan Biosynthesis,0.0,1000.0,C9H10NOR,1,c
occoa[c],r_0400,Octanoyl-CoA(n-C8:0CoA),accoa[c] + occoa[c] <=> 3odcoa[c] + coa[c],Fatty Acid Metabolism,-1000.0,1000.0,C29H47N7O17P3S,-3,c
occoa[c],r_0458,Octanoyl-CoA(n-C8:0CoA),fad[c] + occoa[c] <=> fadh2[c] + oc2coa[c],Fatty Acid Metabolism,-1000.0,1000.0,C29H47N7O17P3S,-3,c
aps[c],r_0612,Adenosine 5-phosphosulfate,h2o[c] + paps[c] <=> aps[c] + pi[c],Sulfur Metabolism,-1000.0,1000.0,C10H12N5O10PS,-2,c
aps[c],r_0493,Adenosine 5-phosphosulfate,aps[c] + 2.0 gthrd[c] --> amp[c] + gthox[c] + so3[c],Sulfur Metabolism,0.0,1000.0,C10H12N5O10PS,-2,c
aps[c],r_0401,Adenosine 5-phosphosulfate,atp[c] + h[c] + so4[c] <=> aps[c] + ppi[c],Sulfur Metabolism,-1000.0,1000.0,C10H12N5O10PS,-2,c
2pg[c],r_0406,D-Glycerate 2-phosphate,2pg[c] <=> 3pg[c],Glycolysis / Gluconeogenesis,-1000.0,1000.0,C3H4O7P,-3,c
2pg[c],r_0420,D-Glycerate 2-phosphate,2pg[c] <=> h2o[c] + pep[c],Glycolysis / Gluconeogenesis,-1000.0,1000.0,C3H4O7P,-3,c
trnatyr[c],r_0407,tRNA(Tyr),atp[c] + h[c] + trnatyr[c] + tyr__L[c] --> amp[c] + ppi[c] + tyrtrna[c],Phenylalanine Tyrosine Tryptophan Biosynthesis,0.0,1000.0,C10H12N5O3R,0,c
tyrtrna[c],r_0407,L-Tyrosyl-tRNA(Tyr),atp[c] + h[c] + trnatyr[c] + tyr__L[c] --> amp[c] + ppi[c] + tyrtrna[c],Phenylalanine Tyrosine Tryptophan Biosynthesis,0.0,1000.0,C19H22N6O5R,1,c
4ampm[c],r_0548,4-Amino-2-methyl-5-phosphomethylpyrimidine,air[c] + amet[c] --> 4ampm[c] + co[c] + dad_5[c] + for[c] + h2o[c] + met__L[c],Thiamine Metabolism,0.0,1000.0,C6H9N3O4P,-1,c
4ampm[c],r_0408,4-Amino-2-methyl-5-phosphomethylpyrimidine,4ahmmp[c] + atp[c] --> 4ampm[c] + adp[c],Thiamine Metabolism,0.0,1000.0,C6H9N3O4P,-1,c
4ampm[c],r_0473,4-Amino-2-methyl-5-phosphomethylpyrimidine,4ampm[c] + atp[c] --> 2mahmp[c] + adp[c],Thiamine Metabolism,0.0,1000.0,C6H9N3O4P,-1,c
fprica[c],r_0410,5-Formamido-1-(5-phospho-D-ribosyl)imidazole-4-carboxamide,h2o[c] + imp[c] <=> fprica[c],Purine Metabolism,-1000.0,1000.0,C10H14N4O9P,-1,c
fprica[c],r_0415,5-Formamido-1-(5-phospho-D-ribosyl)imidazole-4-carboxamide,10fthf[c] + aicar[c] --> fprica[c] + thf[c],Purine Metabolism,0.0,1000.0,C10H14N4O9P,-1,c
trnacys[c],r_0413,tRNA(Cys),atp[c] + cys__L[c] + h[c] + trnacys[c] --> amp[c] + cystrna[c] + ppi[c],Aminoacyl-tRNA biosynthesis,0.0,1000.0,R,0,c
cystrna[c],r_0413,L-Cysteinyl-tRNA(Cys),atp[c] + cys__L[c] + h[c] + trnacys[c] --> amp[c] + cystrna[c] + ppi[c],Aminoacyl-tRNA biosynthesis,0.0,1000.0,C3H6NOSR,1,c
gthox[c],r_0414,Oxidized glutathione,gthox[c] + h[c] + nadph[c] <=> 2.0 gthrd[c] + nadp[c],Glutathione Metabolism,-1000.0,1000.0,C20H30N6O12S2,-2,c
gthox[c],r_0492,Oxidized glutathione,2.0 gthrd[c] + h2o2[c] --> gthox[c] + 2.0 h2o[c],Glutathione Metabolism,0.0,1000.0,C20H30N6O12S2,-2,c
gthox[c],r_0507,Oxidized glutathione,Iron[c] + adocbl[c] + atp[c] + gthox[c] + hemeO[c] + homocitrate[c] + mg2[c] + mobd[c] + nac[c] + pi[c] + pydxn[c] + thm[c] + zn2[c] --> Symbiotic_Cofactors[c],Symbiosis,0.0,1000.0,C20H30N6O12S2,-2,c
gthox[c],r_0493,Oxidized glutathione,aps[c] + 2.0 gthrd[c] --> amp[c] + gthox[c] + so3[c],Sulfur Metabolism,0.0,1000.0,C20H30N6O12S2,-2,c
4ppan[c],r_0483,D-4-Phosphopantothenate,4ppan[c] + ctp[c] + cys__L[c] <=> 4ppcys[c] + cmp[c] + ppi[c],Pantothenate and CoA Biosynthesis,-1000.0,1000.0,C9H16NO8P,-2,c
4ppan[c],r_0943,D-4-Phosphopantothenate,atp[c] + pnto__R[c] <=> 4ppan[c] + adp[c],Pantothenate and CoA Biosynthesis,-1000.0,1000.0,C9H16NO8P,-2,c
ptth[c],r_0489,Pantetheine,h[c] + ptcys[c] <=> co2[c] + ptth[c],Pantothenate and CoA Biosynthesis,-1000.0,1000.0,C11H22N2O4S,0,c
ptth[c],r_0423,Pantetheine,atp[c] + ptth[c] <=> adp[c] + pan4p[c],Pantothenate and CoA Biosynthesis,-1000.0,1000.0,C11H22N2O4S,0,c
dscl[c],r_0426,dihydrosirohydrochlorin,dscl[c] + nad[c] --> h[c] + nadh[c] + scl[c],Porphyrin Metabolism,0.0,1000.0,C42H40N4O16,-8,c
dscl[c],r_0840,dihydrosirohydrochlorin,amet[c] + dscl[c] <=> ahcys[c] + h[c] + pre3a[c],Porphyrin and Chlorophyll Metabolism,-1000.0,1000.0,C42H40N4O16,-8,c
dscl[c],r_0454,dihydrosirohydrochlorin,2.0 amet[c] + uppg3[c] --> 2.0 ahcys[c] + dscl[c] + 2.0 h[c],Porphyrin and Chlorophyll Metabolism,0.0,1000.0,C42H40N4O16,-8,c
scl[c],r_0426,sirohydrochlorin,dscl[c] + nad[c] --> h[c] + nadh[c] + scl[c],Porphyrin Metabolism,0.0,1000.0,C42H38N4O16,-8,c
scl[c],r_0451,sirohydrochlorin,fe2[c] + scl[c] --> 2.0 h[c] + sheme[c],Porphyrin Metabolism,0.0,1000.0,C42H38N4O16,-8,c
trnathr[c],r_0428,tRNA(Thr),atp[c] + thr__L[c] + trnathr[c] --> amp[c] + ppi[c] + thrtrna[c],Aminoacyl-tRNA biosynthesis,0.0,1000.0,R,0,c
thrtrna[c],r_0428,L-Threonyl-tRNA(Thr),atp[c] + thr__L[c] + trnathr[c] --> amp[c] + ppi[c] + thrtrna[c],Aminoacyl-tRNA biosynthesis,0.0,1000.0,C4H7NO2R,0,c
tdcoa[c],r_0430,Tetradecanoyl-CoA(n-C14:0CoA),fad[c] + tdcoa[c] <=> fadh2[c] + td2coa[c],Fatty Acid Metabolism,-1000.0,1000.0,C35H59N7O17P3S,-3,c
tdcoa[c],r_0461,Tetradecanoyl-CoA(n-C14:0CoA),accoa[c] + tdcoa[c] <=> 3ohdcoa[c] + coa[c],Fatty Acid Metabolism,-1000.0,1000.0,C35H59N7O17P3S,-3,c
fmettrna[c],r_0431,N-Formylmethionyl-tRNA,10fthf[c] + mettrna[c] --> fmettrna[c] + h[c] + thf[c],One carbon pool by folate,0.0,1000.0,C6H8NO2SR,0,c
trnaglu[c],r_0490,tRNA(Glu),glutrna[c] + h[c] + nadph[c] --> glu1sa[c] + nadp[c] + trnaglu[c],Porphyrin and Chlorophyll Metabolism,0.0,1000.0,R,0,c
trnaglu[c],r_0432,tRNA(Glu),atp[c] + glu__L[c] + h[c] + trnaglu[c] --> amp[c] + glutrna[c] + ppi[c],"Alanine, Aspartate and Glutamate metabolism",0.0,1000.0,R,0,c
glutrna[c],r_0490,L-Glutamyl-tRNA(Glu),glutrna[c] + h[c] + nadph[c] --> glu1sa[c] + nadp[c] + trnaglu[c],Porphyrin and Chlorophyll Metabolism,0.0,1000.0,C5H7NO3R,0,c
glutrna[c],r_0432,L-Glutamyl-tRNA(Glu),atp[c] + glu__L[c] + h[c] + trnaglu[c] --> amp[c] + glutrna[c] + ppi[c],"Alanine, Aspartate and Glutamate metabolism",0.0,1000.0,C5H7NO3R,0,c
trnaile[c],r_0434,tRNA(Ile),atp[c] + h[c] + ile__L[c] + trnaile[c] --> amp[c] + iletrna[c] + ppi[c],"Valine, Leucine and Isoleucine Biosynthesis",0.0,1000.0,R,0,c
iletrna[c],r_0434,L-Isoleucyl-tRNA(Ile),atp[c] + h[c] + ile__L[c] + trnaile[c] --> amp[c] + iletrna[c] + ppi[c],"Valine, Leucine and Isoleucine Biosynthesis",0.0,1000.0,C6H12NOR,1,c
Largn[c],r_0905,L-Arogenate,Largn[c] + oaa[c] <=> asp__L[c] + pphn[c],Phenylalanine Tyrosine Tryptophan Biosynthesis,-1000.0,1000.0,C10H12NO5,-1,c
Largn[c],r_0436,L-Arogenate,Largn[c] + h[c] --> co2[c] + h2o[c] + phe__L[c],Phenylalanine Tyrosine Tryptophan Biosynthesis,0.0,1000.0,C10H12NO5,-1,c
trnaasp[c],r_0437,tRNA(Asp),asp__L[c] + atp[c] + h[c] + trnaasp[c] --> amp[c] + asptrna[c] + ppi[c],"Alanine, Aspartate and Glutamate metabolism",0.0,1000.0,R,0,c
asptrna[c],r_0437,L-Aspartyl-tRNA(Asp),asp__L[c] + atp[c] + h[c] + trnaasp[c] --> amp[c] + asptrna[c] + ppi[c],"Alanine, Aspartate and Glutamate metabolism",0.0,1000.0,C4H5NO3R,0,c
trnaval[c],r_0441,tRNA(Val),atp[c] + h[c] + trnaval[c] + val__L[c] --> amp[c] + ppi[c] + valtrna[c],"Valine, Leucine and Isoleucine Biosynthesis",0.0,1000.0,R,0,c
valtrna[c],r_0441,L-Valyl-tRNA(Val),atp[c] + h[c] + trnaval[c] + val__L[c] --> amp[c] + ppi[c] + valtrna[c],"Valine, Leucine and Isoleucine Biosynthesis",0.0,1000.0,C5H10NOR,1,c
4ppcys[c],r_0416,N-((R)-4-Phosphopantothenoyl)-L-cysteine,atp[c] + ptcys[c] <=> 4ppcys[c] + adp[c],Pantothenate and CoA Biosynthesis,-1000.0,1000.0,C12H21N2O9PS,-2,c
4ppcys[c],r_0483,N-((R)-4-Phosphopantothenoyl)-L-cysteine,4ppan[c] + ctp[c] + cys__L[c] <=> 4ppcys[c] + cmp[c] + ppi[c],Pantothenate and CoA Biosynthesis,-1000.0,1000.0,C12H21N2O9PS,-2,c
4ppcys[c],r_0442,N-((R)-4-Phosphopantothenoyl)-L-cysteine,4ppcys[c] + h[c] <=> co2[c] + pan4p[c],Pantothenate and CoA Biosynthesis,-1000.0,1000.0,C12H21N2O9PS,-2,c
ohpb[c],r_0527,2-Oxo-3-hydroxy-4-phosphobutanoate,4per[c] + nad[c] <=> h[c] + nadh[c] + ohpb[c],Vitamin B6 Metabolism,-1000.0,1000.0,C4H5O8P,-2,c
ohpb[c],r_0443,2-Oxo-3-hydroxy-4-phosphobutanoate,glu__L[c] + ohpb[c] <=> akg[c] + phthr[c],Vitamin B6 Metabolism,-1000.0,1000.0,C4H5O8P,-2,c
sheme[c],r_0955,Siroheme,sheme[c] --> ,Transport,0.0,1000.0,C42H36N4O16Fe,-8,c
sheme[c],r_0451,Siroheme,fe2[c] + scl[c] --> 2.0 h[c] + sheme[c],Porphyrin Metabolism,0.0,1000.0,C42H36N4O16Fe,-8,c
trnaarg[c],r_0768,tRNA(Arg),argtrna[c] + protein[c] <=> largp[c] + trnaarg[c],[],-1000.0,1000.0,R,0,c
trnaarg[c],r_0455,tRNA(Arg),arg__L[c] + atp[c] + h[c] + trnaarg[c] --> amp[c] + argtrna[c] + ppi[c],Arginine biosynthesis,0.0,1000.0,R,0,c
argtrna[c],r_0768,L-Arginyl-tRNA(Arg),argtrna[c] + protein[c] <=> largp[c] + trnaarg[c],[],-1000.0,1000.0,C6H14N4OR,2,c
argtrna[c],r_0455,L-Arginyl-tRNA(Arg),arg__L[c] + atp[c] + h[c] + trnaarg[c] --> amp[c] + argtrna[c] + ppi[c],Arginine biosynthesis,0.0,1000.0,C6H14N4OR,2,c
trnaleu[c],r_0465,tRNA(Leu),atp[c] + h[c] + leu__L[c] + trnaleu[c] --> amp[c] + leutrna[c] + ppi[c],"Valine, Leucine and Isoleucine Biosynthesis",0.0,1000.0,R,0,c
trnaleu[c],r_0772,tRNA(Leu),largp[c] + leutrna[c] <=> lleuargp[c] + trnaleu[c],[],-1000.0,1000.0,R,0,c
trnaleu[c],r_0773,tRNA(Leu),leutrna[c] + llysp[c] <=> lleullysp[c] + trnaleu[c],[],-1000.0,1000.0,R,0,c
leutrna[c],r_0465,L-Leucyl-tRNA(Leu),atp[c] + h[c] + leu__L[c] + trnaleu[c] --> amp[c] + leutrna[c] + ppi[c],"Valine, Leucine and Isoleucine Biosynthesis",0.0,1000.0,C6H12NOR,1,c
leutrna[c],r_0772,L-Leucyl-tRNA(Leu),largp[c] + leutrna[c] <=> lleuargp[c] + trnaleu[c],[],-1000.0,1000.0,C6H12NOR,1,c
leutrna[c],r_0773,L-Leucyl-tRNA(Leu),leutrna[c] + llysp[c] <=> lleullysp[c] + trnaleu[c],[],-1000.0,1000.0,C6H12NOR,1,c
sdhlam[c],r_0475,S-Succinyldihydrolipoamide,coa[c] + sdhlam[c] --> dhlam[c] + succoa[c],TCA Cycle,0.0,1000.0,C12H20NO4S2,-1,c
sdhlam[c],r_0485,S-Succinyldihydrolipoamide,akg[c] + h[c] + lpam[c] <=> co2[c] + sdhlam[c],TCA Cycle,-1000.0,1000.0,C12H20NO4S2,-1,c
trnapro[c],r_0478,tRNA(Pro),atp[c] + h[c] + pro__L[c] + trnapro[c] --> amp[c] + ppi[c] + protrna[c],Aminoacyl-tRNA biosynthesis,0.0,1000.0,R,0,c
protrna[c],r_0478,L-Prolyl-tRNA(Pro),atp[c] + h[c] + pro__L[c] + trnapro[c] --> amp[c] + ppi[c] + protrna[c],Aminoacyl-tRNA biosynthesis,0.0,1000.0,C5H7NOR,0,c
mmtsa[c],r_0486,(S)-Methylmalonate semialdehyde,glu__L[c] + mmtsa[c] <=> 3aib[c] + akg[c],Pyrimidine Metabolism,-1000.0,1000.0,C4H5O3,-1,c
3aib[c],r_0486,L-3-Amino-isobutanoate,glu__L[c] + mmtsa[c] <=> 3aib[c] + akg[c],Pyrimidine Metabolism,-1000.0,1000.0,C4H9NO2,0,c
ptcys[c],r_0941,N-Pantothenoylcysteine,ptcys[c] --> ,Transport,0.0,1000.0,C12H21N2O6S,-1,c
ptcys[c],r_0416,N-Pantothenoylcysteine,atp[c] + ptcys[c] <=> 4ppcys[c] + adp[c],Pantothenate and CoA Biosynthesis,-1000.0,1000.0,C12H21N2O6S,-1,c
ptcys[c],r_0489,N-Pantothenoylcysteine,h[c] + ptcys[c] <=> co2[c] + ptth[c],Pantothenate and CoA Biosynthesis,-1000.0,1000.0,C12H21N2O6S,-1,c
fixedNH3[e],BIOMASS_0508,fixedNH3,0.00816736 Symbiotic_Cofactors[c] + 0.816736 ade[c] + 0.816736 ala__L[c] + 0.816736 arg__L[c] + 0.816736 asp__L[c] + 0.816736 fixedNH3[c] + 0.816736 glycogen[c] + 0.816736 hdca[c] + 0.816736 ile__L[c] + 0.816736 phb[c] + 0.816736 ura[c] + 0.816736 val__L[c] <=> Symbiotic_product[c] + 0.816736 ala__L[e] + 0.816736 asp__L[e] + 0.816736 fixedNH3[e] + 0.816736 glycogen1[c],Symbiosis,-1000.0,1000.0,H3N,0,e
fixedNH3[e],r_0505,fixedNH3,fixedNH3[e] <=> ,Exchange,-1000.0,1000.0,H3N,0,e
fixedNH3[e],r_0506,fixedNH3,fixedNH3[c] --> fixedNH3[e],Transport; Symbiosis,0.0,1000.0,H3N,0,e
zn2[c],r_0531,Zn2+,atp[c] + h2o[c] + zn2[e] --> adp[c] + h[c] + pi[c] + zn2[c],Transport,0.0,1000.0,Zn,2,c
zn2[c],r_0507,Zn2+,Iron[c] + adocbl[c] + atp[c] + gthox[c] + hemeO[c] + homocitrate[c] + mg2[c] + mobd[c] + nac[c] + pi[c] + pydxn[c] + thm[c] + zn2[c] --> Symbiotic_Cofactors[c],Symbiosis,0.0,1000.0,Zn,2,c
zn2[c],r_0509,Zn2+,zn2[c] <=> zn2[e],Transport; Symbiosis,-1000.0,1000.0,Zn,2,c
Symbiotic_Cofactors[c],BIOMASS_0508,Symbiotic_Cofactors,0.00816736 Symbiotic_Cofactors[c] + 0.816736 ade[c] + 0.816736 ala__L[c] + 0.816736 arg__L[c] + 0.816736 asp__L[c] + 0.816736 fixedNH3[c] + 0.816736 glycogen[c] + 0.816736 hdca[c] + 0.816736 ile__L[c] + 0.816736 phb[c] + 0.816736 ura[c] + 0.816736 val__L[c] <=> Symbiotic_product[c] + 0.816736 ala__L[e] + 0.816736 asp__L[e] + 0.816736 fixedNH3[e] + 0.816736 glycogen1[c],Symbiosis,-1000.0,1000.0,C184H242N39O68P5S7Fe5CoMgMoZn,0,c
Symbiotic_Cofactors[c],r_0507,Symbiotic_Cofactors,Iron[c] + adocbl[c] + atp[c] + gthox[c] + hemeO[c] + homocitrate[c] + mg2[c] + mobd[c] + nac[c] + pi[c] + pydxn[c] + thm[c] + zn2[c] --> Symbiotic_Cofactors[c],Symbiosis,0.0,1000.0,C184H242N39O68P5S7Fe5CoMgMoZn,0,c
phb[c],BIOMASS_0508,poly-b-hydroxybutyrate,0.00816736 Symbiotic_Cofactors[c] + 0.816736 ade[c] + 0.816736 ala__L[c] + 0.816736 arg__L[c] + 0.816736 asp__L[c] + 0.816736 fixedNH3[c] + 0.816736 glycogen[c] + 0.816736 hdca[c] + 0.816736 ile__L[c] + 0.816736 phb[c] + 0.816736 ura[c] + 0.816736 val__L[c] <=> Symbiotic_product[c] + 0.816736 ala__L[e] + 0.816736 asp__L[e] + 0.816736 fixedNH3[e] + 0.816736 glycogen1[c],Symbiosis,-1000.0,1000.0,C4H6O2,-1,c
phb[c],r_0513,poly-b-hydroxybutyrate,3hbcoaR[c] --> coa[c] + phb[c],PHB synthesis,0.0,1000.0,C4H6O2,-1,c
phb[c],r_0514,poly-b-hydroxybutyrate,h2o[c] + 2.0 phb[c] --> 3hbbRR[c] + h[c],PHB synthesis,0.0,1000.0,C4H6O2,-1,c
phb[c],r_0959,poly-b-hydroxybutyrate,0.2614 ade[c] + 0.706188 ala__L[c] + 0.431004 arg__L[c] + 0.155232 asn__L[c] + 0.312228 asp__L[c] + 0.3586 csn[c] + 0.054684 cys__L[c] + 0.17052 gln__L[c] + 0.343392 glu__L[c] + 0.497448 gly[c] + 0.05 glycogen[c] + 0.3586 gua[c] + 0.124068 his__L[c] + 0.322224 ile__L[c] + 0.599172 leu__L[c] + 0.18816 lys__L[c] + 0.143472 met__L[c] + 0.39 pe_hs[c] + 4.86 phb[c] + 0.231672 phe__L[c] + 0.295764 pro__L[c] + 0.01 ptrc[c] + 0.3586 rna[c] + 0.34104 ser__L[c] + 0.30282 thr__L[c] + 0.0722 thym[c] + 0.081144 trp__L[c] + 0.134652 tyr__L[c] + 0.1892 ura[c] + 0.445704 val__L[c] --> biomass[c],Biomass,0.0,1000.0,C4H6O2,-1,c
zn2[e],r_0531,Zn2+,atp[c] + h2o[c] + zn2[e] --> adp[c] + h[c] + pi[c] + zn2[c],Transport,0.0,1000.0,Zn,2,e
zn2[e],r_0510,Zn2+,zn2[e] <=> ,Exchange,-1000.0,1000.0,Zn,2,e
zn2[e],r_0509,Zn2+,zn2[c] <=> zn2[e],Transport; Symbiosis,-1000.0,1000.0,Zn,2,e
h2[e],r_0511,H2,h2[c] --> h2[e],Transport; Symbiosis,0.0,1000.0,H2,0,e
h2[e],r_0512,H2,h2[e] <=> ,Exchange,-1000.0,1000.0,H2,0,e
3hbcoaR[c],r_0515,(R)-3-Hydroxybutanoyl-CoA,aacoa[c] + h[c] + nadph[c] <=> 3hbcoaR[c] + nadp[c],PHB synthesis; Butanoate metabolism; Glyoxylate and dicarboxylate metabolism,-1000.0,1000.0,C25H39N7O18P3S,-3,c
3hbcoaR[c],r_0513,(R)-3-Hydroxybutanoyl-CoA,3hbcoaR[c] --> coa[c] + phb[c],PHB synthesis,0.0,1000.0,C25H39N7O18P3S,-3,c
3hbbRR[c],r_0514,(R)-3-((R)-3-Hydroxybutanoyloxy)butanoate,h2o[c] + 2.0 phb[c] --> 3hbbRR[c] + h[c],PHB synthesis,0.0,1000.0,C8H13O5,-1,c
3hbbRR[c],r_0516,(R)-3-((R)-3-Hydroxybutanoyloxy)butanoate,3hbbRR[c] + h2o[c] <=> 2.0 bhb[c] + h[c],PHB synthesis; Butanoate metabolism,-1000.0,1000.0,C8H13O5,-1,c
bhb[c],r_0518,(R)-3-Hydroxybutanoate,bhb[c] + nad[c] <=> acac[c] + h[c] + nadh[c],PHB synthesis,-1000.0,1000.0,C4H7O3,-1,c
bhb[c],r_0516,(R)-3-Hydroxybutanoate,3hbbRR[c] + h2o[c] <=> 2.0 bhb[c] + h[c],PHB synthesis; Butanoate metabolism,-1000.0,1000.0,C4H7O3,-1,c
acac[c],r_0519,Acetoacetate,acac[c] + succoa[c] <=> aacoa[c] + succ[c],"PHB synthesis; Valine, leucine and isoleucine degradation; Butanoate metabolism",-1000.0,1000.0,C4H5O3,-1,c
acac[c],r_0518,Acetoacetate,bhb[c] + nad[c] <=> acac[c] + h[c] + nadh[c],PHB synthesis,-1000.0,1000.0,C4H5O3,-1,c
acac[c],r_1062,Acetoacetate,4fumacac[c] + h2o[c] --> acac[c] + fum[c] + h[c],,0.0,1000.0,C4H5O3,-1,c
acac[c],r_0517,Acetoacetate,acac[c] + atp[c] + coa[c] + h[c] --> aacoa[c] + amp[c] + ppi[c],"PHB synthesis; Valine, leucine and isoleucine degradation; Butanoate metabolism",0.0,1000.0,C4H5O3,-1,c
glycogen1[c],BIOMASS_0508,glycogen n-1,0.00816736 Symbiotic_Cofactors[c] + 0.816736 ade[c] + 0.816736 ala__L[c] + 0.816736 arg__L[c] + 0.816736 asp__L[c] + 0.816736 fixedNH3[c] + 0.816736 glycogen[c] + 0.816736 hdca[c] + 0.816736 ile__L[c] + 0.816736 phb[c] + 0.816736 ura[c] + 0.816736 val__L[c] <=> Symbiotic_product[c] + 0.816736 ala__L[e] + 0.816736 asp__L[e] + 0.816736 fixedNH3[e] + 0.816736 glycogen1[c],Symbiosis,-1000.0,1000.0,C24H42O21,0,c
glycogen1[c],r_0205,glycogen n-1,adpglc[c] + glycogen1[c] --> adp[c] + glycogen[c],Glycolysis / Gluconeogenesis,0.0,1000.0,C24H42O21,0,c
glycogen1[c],r_0522,glycogen n-1,glycogen[c] + h[c] + pi[c] <=> g1p[c] + glycogen1[c],Glycogen synthesis,-1000.0,1000.0,C24H42O21,0,c
glycogen1[c],r_0520,glycogen n-1,glycogen1[c] <=> ,Transport,-1000.0,1000.0,C24H42O21,0,c
5ddglcn[c],r_0523,5-Deoxy-D-glucuronate,dkdi[c] + h2o[c] --> 5ddglcn[c] + h[c],Inositol Phosphate Metabolism,0.0,1000.0,C6H9O6,-1,c
5ddglcn[c],r_0524,5-Deoxy-D-glucuronate,5ddglcn[c] --> d5kg[c],Inositol Phosphate Metabolism,0.0,1000.0,C6H9O6,-1,c
iasp[c],r_0528,Iminoaspartate,asp__L[c] + o2[c] --> h2o2[c] + h[c] + iasp[c],Nicotinate and Nicotinamide,0.0,1000.0,C4H3NO4,-2,c
iasp[c],r_0529,Iminoaspartate,dhap[c] + iasp[c] --> 2.0 h2o[c] + h[c] + pi[c] + quln[c],Nicotinate and Nicotinamide,0.0,1000.0,C4H3NO4,-2,c
Symbiotic_product[c],BIOMASS_0508,Symbiotic product,0.00816736 Symbiotic_Cofactors[c] + 0.816736 ade[c] + 0.816736 ala__L[c] + 0.816736 arg__L[c] + 0.816736 asp__L[c] + 0.816736 fixedNH3[c] + 0.816736 glycogen[c] + 0.816736 hdca[c] + 0.816736 ile__L[c] + 0.816736 phb[c] + 0.816736 ura[c] + 0.816736 val__L[c] <=> Symbiotic_product[c] + 0.816736 ala__L[e] + 0.816736 asp__L[e] + 0.816736 fixedNH3[e] + 0.816736 glycogen1[c],Symbiosis,-1000.0,1000.0,,0,c
Symbiotic_product[c],r_0530,Symbiotic product,Symbiotic_product[c] --> ,Transport,0.0,1000.0,,0,c
dad_5[c],r_0669,5-Deoxyadenosine,amet[c] + gtp[c] + racptr[c] --> 38ch2gtp[c] + acptr[c] + dad_5[c] + met__L[c],Folate Biosynthesis,0.0,1000.0,C10H13N5O3,0,c
dad_5[c],r_0717,5-Deoxyadenosine,2.0 amet[c] + cpppg3[c] --> 2.0 co2[c] + 2.0 dad_5[c] + 2.0 met__L[c] + pppg9[c],Porphyrin and Chlorophyll Metabolism,0.0,1000.0,C10H13N5O3,0,c
dad_5[c],r_0735,5-Deoxyadenosine,amet[c] + sdo[c] + trna6iso[c] <=> 2tn6ditrna[c] + dad_5[c] + met__L[c],[],-1000.0,1000.0,C10H13N5O3,0,c
dad_5[c],r_0301,5-Deoxyadenosine,air[c] + amet[c] + h2o[c] --> 4ahmmp[c] + co[c] + dad_5[c] + for[c] + 4.0 h[c] + met__L[c] + pi[c],Thiamine Metabolism,0.0,1000.0,C10H13N5O3,0,c
dad_5[c],r_0548,5-Deoxyadenosine,air[c] + amet[c] --> 4ampm[c] + co[c] + dad_5[c] + for[c] + h2o[c] + met__L[c],Thiamine Metabolism,0.0,1000.0,C10H13N5O3,0,c
dad_5[c],r_0821,5-Deoxyadenosine,2.0 amet[c] + dtbt[c] + 2.0 e[c] + 2.0 h[c] + sdo[c] <=> btn[c] + 2.0 dad_5[c] + 2.0 met__L[c],[],-1000.0,1000.0,C10H13N5O3,0,c
dad_5[c],r_0734,5-Deoxyadenosine,2.0 amet[c] + sdo[c] + trna6iso[c] <=> 2mn6ditrna[c] + ahcys[c] + dad_5[c] + met__L[c],[],-1000.0,1000.0,C10H13N5O3,0,c
dad_5[c],r_0777,5-Deoxyadenosine,2.0 amet[c] + fscspc4f4s[c] + 8.0 h[c] + pn6ocllys[c] + 2.0 r2f2sf[c] <=> 2.0 dad_5[c] + 2.0 fdxo_22[c] + 4.0 fe2[c] + fscsp[c] + 2.0 h2s[c] + 2.0 met__L[c] + pn6rdillys[c],Lipoic acid metabolism,-1000.0,1000.0,C10H13N5O3,0,c
dad_5[c],r_0533,5-Deoxyadenosine,dad_5[c] + h2o[c] --> 5drib[c] + ade[c],[],0.0,1000.0,C10H13N5O3,0,c
5drib[c],r_0534,5-Deoxyribose,5drib[c] --> ,Transport,0.0,1000.0,C5H10O4,0,c
5drib[c],r_0725,5-Deoxyribose,2dr5p[c] + adp[c] <=> 5drib[c] + atp[c],Pentose Phosphate Pathway,-1000.0,1000.0,C5H10O4,0,c
5drib[c],r_0533,5-Deoxyribose,dad_5[c] + h2o[c] --> 5drib[c] + ade[c],[],0.0,1000.0,C5H10O4,0,c
etoh[c],r_0539,Ethanol,acald[c] + h[c] + nadh[c] <=> etoh[c] + nad[c],Glycolysis / Gluconeogenesis,-1000.0,1000.0,C2H6O,0,c
2dr5p[c],r_0540,2-Deoxy-D-ribose 5-phosphate,2dr5p[c] <=> acald[c] + g3p[c],Pentose Phosphate Pathway,-1000.0,1000.0,C5H9O7P,-2,c
2dr5p[c],r_0725,2-Deoxy-D-ribose 5-phosphate,2dr5p[c] + adp[c] <=> 5drib[c] + atp[c],Pentose Phosphate Pathway,-1000.0,1000.0,C5H9O7P,-2,c
2dr5p[c],r_0726,2-Deoxy-D-ribose 5-phosphate,2dr1p[c] --> 2dr5p[c],Purine Metabolism,0.0,1000.0,C5H9O7P,-2,c
15gl[c],r_0542,"D-Glucono-1,5-lactone",g1p[c] + nad[c] <=> 15gl[c] + h[c] + nadh[c],Pentose Phosphate Pathway,-1000.0,1000.0,C6H10O6,0,c
15gl[c],r_0541,"D-Glucono-1,5-lactone",g1p[c] + nadp[c] <=> 15gl[c] + h[c] + nadph[c],Pentose Phosphate Pathway,-1000.0,1000.0,C6H10O6,0,c
15gl[c],r_0951,"D-Glucono-1,5-lactone",15gl[c] + h2o[c] <=> glcn[c] + h[c],Pentose phosphate pathway,-1000.0,1000.0,C6H10O6,0,c
glcn[c],r_0543,D-Gluconate,atp[c] + glcn[c] --> 6pgc[c] + adp[c],Pentose Phosphate Pathway,0.0,1000.0,C6H11O7,-1,c
glcn[c],r_0951,D-Gluconate,15gl[c] + h2o[c] <=> glcn[c] + h[c],Pentose phosphate pathway,-1000.0,1000.0,C6H11O7,-1,c
pail35p_cho[c],r_0544,"1-Phosphatidyl-1D-myo-inositol 3,5-bisphosphate",h2o[c] + pail35p_cho[c] --> pail3p_cho[c] + pi[c],Inositol Phosphate Metabolism,0.0,1000.0,C9H14O15P3RCO2R2CO2,-5,c
pail3p_cho[c],r_0544,1-Phosphatidyl-1D-myo-inositol 3-phosphate,h2o[c] + pail35p_cho[c] --> pail3p_cho[c] + pi[c],Inositol Phosphate Metabolism,0.0,1000.0,C9H15O12P2RCO2R2CO2,-3,c
pail4p_cho[c],r_0545,1-Phosphatidyl-1D-myo-inositol 4-phosphate,h2o[c] + pail4p_cho[c] --> pail_cho[c] + pi[c],Inositol Phosphate Metabolism,0.0,1000.0,C9H15O12P2RCO2R2CO2,-3,c
pail_cho[c],r_0545,1-Phosphatidyl-D-myo-inositol,h2o[c] + pail4p_cho[c] --> pail_cho[c] + pi[c],Inositol Phosphate Metabolism,0.0,1000.0,C9H16O9PRCO2R2CO2,-1,c
3desins[c],r_0546,3-Dehydro-scyllo-inosose,2ins[c] + nad[c] --> 3desins[c] + h[c] + nadh[c],Inositol Phosphate Metabolism,0.0,1000.0,C6H8O6,0,c
syinost[c],r_0547,scyllo-Inositol,nadp[c] + syinost[c] --> 2ins[c] + h[c] + nadph[c],Inositol Phosphate Metabolism,0.0,1000.0,C6H12O6,0,c
4mpetz[c],r_0374,4-Methyl-5-(2-phosphooxyethyl)thiazole,2mahmp[c] + 4mpetz[c] + h[c] --> ppi[c] + thmmp[c],Thiamine Metabolism,0.0,1000.0,C6H8NO4PS,-2,c
4mpetz[c],r_0268,4-Methyl-5-(2-phosphooxyethyl)thiazole,atp[c] + cys__L[c] + dxyl5p[c] + tyr__L[c] --> 4hba[c] + 4mpetz[c] + ala__L[c] + amp[c] + co2[c] + h2o[c] + ppi[c],Thiamine Metabolism,0.0,1000.0,C6H8NO4PS,-2,c
imgly[c],r_0550,Iminoglycine,gly[c] + o2[c] --> h2o2[c] + imgly[c],Thiamine Metabolism,0.0,1000.0,C2H3NO2,0,c
imgly[c],r_0551,Iminoglycine,dxyl5p[c] + imgly[c] + thiosul[c] --> 2c4mthzep[c] + 2.0 h2o[c] + scp[c],Thiamine Metabolism,0.0,1000.0,C2H3NO2,0,c
thiosul[c],r_0551,Thiocarboxy-[sulfur-carrier protein],dxyl5p[c] + imgly[c] + thiosul[c] --> 2c4mthzep[c] + 2.0 h2o[c] + scp[c],Thiamine Metabolism,0.0,1000.0,C4H7N2O2SR,0,c
2c4mthzep[c],r_0551,"2-[(2R,5Z)-2-Carboxy-4-methylthiazol-5(2H)-ylidene]ethyl phosphate",dxyl5p[c] + imgly[c] + thiosul[c] --> 2c4mthzep[c] + 2.0 h2o[c] + scp[c],Thiamine Metabolism,0.0,1000.0,C7H7NO6PS,-3,c
2c4mthzep[c],r_0948,"2-[(2R,5Z)-2-Carboxy-4-methylthiazol-5(2H)-ylidene]ethyl phosphate",2c4mthzep[c] <=> cthzp[c],Thiamine Metabolism,-1000.0,1000.0,C7H7NO6PS,-3,c
scp[c],r_0551,Sulfur-carrier protein,dxyl5p[c] + imgly[c] + thiosul[c] --> 2c4mthzep[c] + 2.0 h2o[c] + scp[c],Thiamine Metabolism,0.0,1000.0,C4H7N2O3R,0,c
scp[c],r_0947,Sulfur-carrier protein,scp[c] --> ,Transport,0.0,1000.0,C4H7N2O3R,0,c
thmtp[c],r_0554,Thiamin triphosphate,adp[c] + thmpp[c] --> amp[c] + thmtp[c],Thiamine Metabolism,0.0,1000.0,C12H16N4O10P3S,-3,c
thmtp[c],r_0950,Thiamin triphosphate,thmtp[c] --> ,Transport,0.0,1000.0,C12H16N4O10P3S,-3,c
dmp[c],r_0558,Dimethylallyl phosphate,dmp[c] + fmnh2[c] <=> pi[c] + prf2[c],Riboflavin Metabolism,-1000.0,1000.0,C5H9O4P,-2,c
dmp[c],r_0556,Dimethylallyl phosphate,dmpp[c] + h2o[c] <=> dmp[c] + pi[c],Riboflavin Metabolism,-1000.0,1000.0,C5H9O4P,-2,c
dmp[c],r_0557,Dimethylallyl phosphate,atp[c] + pl[c] <=> adp[c] + dmp[c],Riboflavin Metabolism,-1000.0,1000.0,C5H9O4P,-2,c
pl[c],r_0902,Prenol,pl[c] <=> ,Transport,-1000.0,1000.0,C5H10O,0,c
pl[c],r_0557,Prenol,atp[c] + pl[c] <=> adp[c] + dmp[c],Riboflavin Metabolism,-1000.0,1000.0,C5H10O,0,c
fmnh2[c],r_0901,Reduced FMN,fmn[c] + h[c] + nadh[c] <=> fmnh2[c] + nad[c],Riboflavin Metabolism,-1000.0,1000.0,C17H21N4O9P,-2,c
fmnh2[c],r_0558,Reduced FMN,dmp[c] + fmnh2[c] <=> pi[c] + prf2[c],Riboflavin Metabolism,-1000.0,1000.0,C17H21N4O9P,-2,c
fmnh2[c],r_0559,Reduced FMN,fmnh2[c] + o2[c] <=> dmbzid[c] + e4p[c] + h2o[c],Riboflavin Metabolism,-1000.0,1000.0,C17H21N4O9P,-2,c
prf2[c],r_0957,Prenylated FMNH2,prf2[c] --> ,Transport,0.0,1000.0,C22H31N4O9P,0,c
prf2[c],r_0558,Prenylated FMNH2,dmp[c] + fmnh2[c] <=> pi[c] + prf2[c],Riboflavin Metabolism,-1000.0,1000.0,C22H31N4O9P,0,c
3a2oprop[c],r_0561,3-Amino-2-oxopropyl phosphate,3a2oprop[c] + dxyl5p[c] --> 2.0 h2o[c] + pdx5p[c] + pi[c],Vitamin B6 Metabolism,0.0,1000.0,C3H8NO5P,-1,c
no2[c],r_0568,Nitrite,focytC[c] + h[c] + no2[c] --> ficytC[c] + h2o[c] + no[c],Nitrogen Metabolism,0.0,1000.0,NO2,-1,c
focytC[c],r_0586,Ferrocytochrome C,2.0 ficytC[c] + hqn[c] --> 2.0 focytC[c] + 2.0 h[c] + qun[c],Oxidative Phosphorylation,0.0,1000.0,C42H54FeN8O6S2,2,c
focytC[c],r_0568,Ferrocytochrome C,focytC[c] + h[c] + no2[c] --> ficytC[c] + h2o[c] + no[c],Nitrogen Metabolism,0.0,1000.0,C42H54FeN8O6S2,2,c
focytC[c],r_0587,Ferrocytochrome C,4.0 focytC[c] + 4.0 h[c] + o2[c] --> 4.0 ficytC[c] + 2.0 h2o[c],Oxidative Phosphorylation,0.0,1000.0,C42H54FeN8O6S2,2,c
ficytC[c],r_0586,Ferricytochrome c,2.0 ficytC[c] + hqn[c] --> 2.0 focytC[c] + 2.0 h[c] + qun[c],Oxidative Phosphorylation,0.0,1000.0,C42H54FeN8O6S2,3,c
ficytC[c],r_0568,Ferricytochrome c,focytC[c] + h[c] + no2[c] --> ficytC[c] + h2o[c] + no[c],Nitrogen Metabolism,0.0,1000.0,C42H54FeN8O6S2,3,c
ficytC[c],r_0587,Ferricytochrome c,4.0 focytC[c] + 4.0 h[c] + o2[c] --> 4.0 ficytC[c] + 2.0 h2o[c],Oxidative Phosphorylation,0.0,1000.0,C42H54FeN8O6S2,3,c
no[c],r_0568,Nitric oxide,focytC[c] + h[c] + no2[c] --> ficytC[c] + h2o[c] + no[c],Nitrogen Metabolism,0.0,1000.0,NO,0,c
fol[c],r_0575,Folate,dhf[c] + nad[c] <=> fol[c] + h[c] + nadh[c],One carbon pool by folate,-1000.0,1000.0,C19H17N7O6,-1,c
fol[c],r_0673,Folate,dhf[c] + nadp[c] <=> fol[c] + h[c] + nadph[c],Folate Biosynthesis,-1000.0,1000.0,C19H17N7O6,-1,c
fol[c],r_0674,Folate,2.0 nad[c] + thf[c] <=> fol[c] + 2.0 h[c] + 2.0 nadh[c],Folate Biosynthesis,-1000.0,1000.0,C19H17N7O6,-1,c
fol[c],r_0576,Folate,2.0 nadp[c] + thf[c] <=> fol[c] + 2.0 h[c] + 2.0 nadph[c],One carbon pool by folate,-1000.0,1000.0,C19H17N7O6,-1,c
s8ams[c],r_0639,[Protein]-S8-aminomethyldihydrolipoyllysine,gly[c] + lprot[c] --> co2[c] + s8ams[c],"Glycine, Serine, and Threonine Metabolism",0.0,1000.0,C9H19N2OS2R,0,c
s8ams[c],r_0577,[Protein]-S8-aminomethyldihydrolipoyllysine,s8ams[c] + thf[c] <=> dhlpyprot[c] + mlthf[c] + nh3[c],One carbon pool by folate,-1000.0,1000.0,C9H19N2OS2R,0,c
dhlpyprot[c],r_0936,Dihydrolipoylprotein,dhlpyprot[c] + nad[c] <=> h[c] + lprot[c] + nadh[c],"Glycine, Serine, and Threonine Metabolism",-1000.0,1000.0,C8H16NOS2R,0,c
dhlpyprot[c],r_0577,Dihydrolipoylprotein,s8ams[c] + thf[c] <=> dhlpyprot[c] + mlthf[c] + nh3[c],One carbon pool by folate,-1000.0,1000.0,C8H16NOS2R,0,c
fa[c],r_0581,Folinic acid,atp[c] + fa[c] --> adp[c] + e[c] + methf[c] + pi[c],One carbon pool by folate,0.0,1000.0,C20H21N7O7,-2,c
fa[c],r_0580,Folinic acid,h2o[c] + methf[c] <=> fa[c],One carbon pool by folate,-1000.0,1000.0,C20H21N7O7,-2,c
qun[c],r_0846,Quinone,qun[c] + sng3p[c] --> dhap[c] + hqn[c],[],0.0,1000.0,R,0,c
qun[c],r_0586,Quinone,2.0 ficytC[c] + hqn[c] --> 2.0 focytC[c] + 2.0 h[c] + qun[c],Oxidative Phosphorylation,0.0,1000.0,R,0,c
qun[c],r_0583,Quinone,h[c] + nadh[c] + qun[c] --> hqn[c] + nad[c],Oxidative Phosphorylation,0.0,1000.0,R,0,c
qun[c],r_0798,Quinone,h[c] + nadph[c] + qun[c] --> hqn[c] + nadp[c],Aminobenzoate degradation,0.0,1000.0,R,0,c
qun[c],r_0622,Quinone,dhor__S[c] + qun[c] <=> hqn[c] + orot[c],Pyrimidine Metabolism,-1000.0,1000.0,R,0,c
hqn[c],r_0846,Hydroquinone,qun[c] + sng3p[c] --> dhap[c] + hqn[c],[],0.0,1000.0,C6H6O2,0,c
hqn[c],r_0586,Hydroquinone,2.0 ficytC[c] + hqn[c] --> 2.0 focytC[c] + 2.0 h[c] + qun[c],Oxidative Phosphorylation,0.0,1000.0,C6H6O2,0,c
hqn[c],r_0583,Hydroquinone,h[c] + nadh[c] + qun[c] --> hqn[c] + nad[c],Oxidative Phosphorylation,0.0,1000.0,C6H6O2,0,c
hqn[c],r_0798,Hydroquinone,h[c] + nadph[c] + qun[c] --> hqn[c] + nadp[c],Aminobenzoate degradation,0.0,1000.0,C6H6O2,0,c
hqn[c],r_0622,Hydroquinone,dhor__S[c] + qun[c] <=> hqn[c] + orot[c],Pyrimidine Metabolism,-1000.0,1000.0,C6H6O2,0,c
r3mmal[c],r_0589,D-erythro-3-Methylmalate,nad[c] + r3mmal[c] --> 2obut[c] + co2[c] + nadh[c],"Valine, Leucine and Isoleucine Biosynthesis",0.0,1000.0,C5H6O5,-2,c
3hmop[c],r_0591,(R)-3-Hydroxy-3-methyl-2-oxopentanoate,2ahbut[c] <=> 3hmop[c],"Valine, Leucine and Isoleucine Biosynthesis",-1000.0,1000.0,C6H9O4,-1,c
3hmop[c],r_0592,(R)-3-Hydroxy-3-methyl-2-oxopentanoate,23dhmp[c] + nadp[c] <=> 3hmop[c] + h[c] + nadph[c],"Valine, Leucine and Isoleucine Biosynthesis",-1000.0,1000.0,C6H9O4,-1,c
2mm__R[c],r_0593,(R)-2-Methylmalate,accoa[c] + h2o[c] + pyr[c] --> 2mm__R[c] + coa[c],"Valine, Leucine and Isoleucine Biosynthesis",0.0,1000.0,C5H8O5,-2,c
3hmoa[c],r_0594,3-Hydroxy-3-methyl-2-oxobutanoic acid,alac__S[c] <=> 3hmoa[c],"Valine, Leucine and Isoleucine Biosynthesis",-1000.0,1000.0,C5H7O4,-1,c
3hmoa[c],r_0595,3-Hydroxy-3-methyl-2-oxobutanoic acid,23dhmb[c] + nadp[c] <=> 3hmoa[c] + h[c] + nadph[c],"Valine, Leucine and Isoleucine Biosynthesis",-1000.0,1000.0,C5H7O4,-1,c
4hthdp[c],r_0596,"(2S,4S)-4-Hydroxy-2,3,4,5-tetrahydrodipicolinate",aspsa[c] + pyr[c] <=> 4hthdp[c] + h2o[c] + h[c],Lysine Biosynthesis,-1000.0,1000.0,C7H7NO5,-2,c
4hthdp[c],r_0859,"(2S,4S)-4-Hydroxy-2,3,4,5-tetrahydrodipicolinate",4hthdp[c] + h[c] + nadh[c] <=> nad[c] + thdp[c],Lysine Biosynthesis,-1000.0,1000.0,C7H7NO5,-2,c
nal2a6o[c],r_0597,N-Acetyl-L-2-amino-6-oxopimelate,akg[c] + n6all26d[c] <=> glu__L[c] + nal2a6o[c],Lysine Biosynthesis,-1000.0,1000.0,C9H11NO6,-2,c
n6all26d[c],r_0597,"N6-Acetyl-LL-2,6-diaminoheptanedioate",akg[c] + n6all26d[c] <=> glu__L[c] + nal2a6o[c],Lysine Biosynthesis,-1000.0,1000.0,C9H15N2O5,-1,c
histda[c],r_0601,L-Histidinal,h2o[c] + histda[c] + nad[c] --> 2.0 h[c] + his__L[c] + nadh[c],Histidine Metabolism,0.0,1000.0,C6H10N3O,1,c
histda[c],r_0599,L-Histidinal,histd[c] + nad[c] --> h[c] + histda[c] + nadh[c],Histidine Metabolism,0.0,1000.0,C6H10N3O,1,c
Npmehis[c],r_0600,N(pi)-Methyl-L-histidine,amet[c] + his__L[c] --> Npmehis[c] + ahcys[c],Histidine Metabolism,0.0,1000.0,C7H11N3O2,0,c
hercyn[c],r_0602,Hercynine,3.0 amet[c] + h[c] + his__L[c] --> 3.0 ahcys[c] + hercyn[c],Histidine Metabolism,0.0,1000.0,C9H15N3O2,0,c
h5p[c],r_0603,Hydantoin-5-propionate,4izp[c] + h2o[c] + o2[c] --> h2o2[c] + h5p[c],Histidine Metabolism,0.0,1000.0,C6H7N2O4,-1,c
nflgln[c],r_0059,N-Formimino-L-glutamate,4izp[c] + h2o[c] --> nflgln[c],Histidine Metabolism,0.0,1000.0,C6H9N2O4,-1,c
nflgln[c],r_0604,N-Formimino-L-glutamate,h2o[c] + nflgln[c] --> Nforglu[c] + nh3[c],Histidine Metabolism,0.0,1000.0,C6H9N2O4,-1,c
nflgln[c],r_0176,N-Formimino-L-glutamate,h2o[c] + nflgln[c] --> frmd[c] + glu__L[c],Histidine Metabolism,0.0,1000.0,C6H9N2O4,-1,c
Nforglu[c],r_0605,N-Formyl-L-glutamate,Nforglu[c] + h2o[c] <=> for[c] + glu__L[c] + h[c],Histidine Metabolism,-1000.0,1000.0,C6H9NO5,-2,c
Nforglu[c],r_0604,N-Formyl-L-glutamate,h2o[c] + nflgln[c] --> Nforglu[c] + nh3[c],Histidine Metabolism,0.0,1000.0,C6H9NO5,-2,c
5oxpro[c],r_0606,5-Oxoproline,5oxpro[c] + atp[c] + 2.0 h2o[c] --> adp[c] + glu__L[c] + pi[c],Glutathione Metabolism,0.0,1000.0,C5H6NO3,-1,c
2ppoh[c],r_0609,2-Propanol,2ppoh[c] + nad[c] <=> acetone[c] + h[c] + nadh[c],Butanoate metabolism,-1000.0,1000.0,C3H8O,0,c
acetone[c],r_0609,Acetone,2ppoh[c] + nad[c] <=> acetone[c] + h[c] + nadh[c],Butanoate metabolism,-1000.0,1000.0,C3H6O,0,c
paps[c],r_0612,3'-Phosphoadenylyl sulfate,h2o[c] + paps[c] <=> aps[c] + pi[c],Sulfur Metabolism,-1000.0,1000.0,C10H11N5O13P2S,-4,c
paps[c],r_0613,3'-Phosphoadenylyl sulfate,h[c] + paps[c] + trdrd[c] --> pap[c] + so3[c] + trdox[c],Sulfur Metabolism,0.0,1000.0,C10H11N5O13P2S,-4,c
trnasecys[c],r_0615,tRNA(Sec),atp[c] + ser__L[c] + trnasecys[c] <=> amp[c] + ppi[c] + sertrna_sec[c],Aminoacyl-tRNA biosynthesis,-1000.0,1000.0,R,0,c
sertrna_sec[c],r_0615,L-Seryl-tRNA(Sec),atp[c] + ser__L[c] + trnasecys[c] <=> amp[c] + ppi[c] + sertrna_sec[c],Aminoacyl-tRNA biosynthesis,-1000.0,1000.0,C3H6NO2R,1,c
acacp[c],r_0653,Acyl-[acyl-carrier protein],acacp[c] + amet[c] <=> 5mta[c] + ACP[c] + nalhsrln[c],Cysteine and Methionine Metabolism,-1000.0,1000.0,C2H4OSR,0,c
acacp[c],r_0621,Acyl-[acyl-carrier protein],acacp[c] + nad[c] <=> h[c] + nadh[c] + t23dACP[c],Fatty Acid Biosynthesis,-1000.0,1000.0,C2H4OSR,0,c
acacp[c],r_0618,Acyl-[acyl-carrier protein],acacp[c] + malACP[c] --> 3oocyACP[c] + ACP[c] + co2[c],Fatty Acid Biosynthesis,0.0,1000.0,C2H4OSR,0,c
acacp[c],r_0769,Acyl-[acyl-carrier protein],acacp[c] + pi[c] <=> ACP[c] + actp[c],[],-1000.0,1000.0,C2H4OSR,0,c
3oocyACP[c],r_0619,3-Oxoacyl-[acyl-carrier protein],3haACP[c] + nadp[c] <=> 3oocyACP[c] + h[c] + nadph[c],Fatty Acid Biosynthesis,-1000.0,1000.0,C3H2O2SR2,0,c
3oocyACP[c],r_0618,3-Oxoacyl-[acyl-carrier protein],acacp[c] + malACP[c] --> 3oocyACP[c] + ACP[c] + co2[c],Fatty Acid Biosynthesis,0.0,1000.0,C3H2O2SR2,0,c
3haACP[c],r_0619,(3R)-3-Hydroxyacyl-[acyl-carrier protein],3haACP[c] + nadp[c] <=> 3oocyACP[c] + h[c] + nadph[c],Fatty Acid Biosynthesis,-1000.0,1000.0,C3H4O2SR2,-1,c
3haACP[c],r_0620,(3R)-3-Hydroxyacyl-[acyl-carrier protein],3haACP[c] <=> h2o[c] + t23dACP[c],Fatty Acid Biosynthesis,-1000.0,1000.0,C3H4O2SR2,-1,c
3haACP[c],r_0781,(3R)-3-Hydroxyacyl-[acyl-carrier protein],3haACP[c] + uacgam[c] <=> ACP[c] + u3o3r3hnadg[c],[],-1000.0,1000.0,C3H4O2SR2,-1,c
3haACP[c],r_0780,(3R)-3-Hydroxyacyl-[acyl-carrier protein],3haACP[c] + u3dcga[c] <=> ACP[c] + u2n3ob3hdg[c],[],-1000.0,1000.0,C3H4O2SR2,-1,c
t23dACP[c],r_0620,"trans-2,3-Dehydroacyl-[acyl-carrier protein]",3haACP[c] <=> h2o[c] + t23dACP[c],Fatty Acid Biosynthesis,-1000.0,1000.0,C3H2OSR2,0,c
t23dACP[c],r_0621,"trans-2,3-Dehydroacyl-[acyl-carrier protein]",acacp[c] + nad[c] <=> h[c] + nadh[c] + t23dACP[c],Fatty Acid Biosynthesis,-1000.0,1000.0,C3H2OSR2,0,c
3cmp[c],r_0628,3'-CMP,3cmp[c] + h2o[c] --> cytd[c] + pi[c],Pyrimidine Metabolism,0.0,1000.0,C9H12N3O8P,-2,c
3ump[c],r_0630,3'-UMP,3ump[c] + h2o[c] --> pi[c] + uri[c],Pyrimidine Metabolism,0.0,1000.0,C9H11N2O9P,-2,c
chol[c],r_0758,Choline,chols[c] + h2o[c] <=> chol[c] + so4[c],Amine and Polyamine Degradation,-1000.0,1000.0,C5H14NO,1,c
chol[c],r_0635,Choline,acptr[c] + chol[c] <=> betald[c] + racptr[c],"Glycine, Serine, and Threonine Metabolism",-1000.0,1000.0,C5H14NO,1,c
acptr[c],r_0669,Acceptor,amet[c] + gtp[c] + racptr[c] --> 38ch2gtp[c] + acptr[c] + dad_5[c] + met__L[c],Folate Biosynthesis,0.0,1000.0,R,0,c
acptr[c],r_0895,Acceptor,h2o2[c] + racptr[c] <=> acptr[c] + 2.0 h2o[c],[],-1000.0,1000.0,R,0,c
acptr[c],r_0682,Acceptor,acptr[c] + glyclt[c] <=> glx[c] + racptr[c],Glyoxylate and dicarboxylate metabolism,-1000.0,1000.0,R,0,c
acptr[c],r_0865,Acceptor,acptr[c] + h2o[c] + trnaque[c] <=> epqtrna[c] + racptr[c],[],-1000.0,1000.0,R,0,c
acptr[c],r_0635,Acceptor,acptr[c] + chol[c] <=> betald[c] + racptr[c],"Glycine, Serine, and Threonine Metabolism",-1000.0,1000.0,R,0,c
racptr[c],r_0669,Reduced acceptor,amet[c] + gtp[c] + racptr[c] --> 38ch2gtp[c] + acptr[c] + dad_5[c] + met__L[c],Folate Biosynthesis,0.0,1000.0,R,0,c
racptr[c],r_0895,Reduced acceptor,h2o2[c] + racptr[c] <=> acptr[c] + 2.0 h2o[c],[],-1000.0,1000.0,R,0,c
racptr[c],r_0682,Reduced acceptor,acptr[c] + glyclt[c] <=> glx[c] + racptr[c],Glyoxylate and dicarboxylate metabolism,-1000.0,1000.0,R,0,c
racptr[c],r_0865,Reduced acceptor,acptr[c] + h2o[c] + trnaque[c] <=> epqtrna[c] + racptr[c],[],-1000.0,1000.0,R,0,c
racptr[c],r_0635,Reduced acceptor,acptr[c] + chol[c] <=> betald[c] + racptr[c],"Glycine, Serine, and Threonine Metabolism",-1000.0,1000.0,R,0,c
betald[c],r_0636,Betaine aldehyde,betald[c] + h2o[c] + nad[c] <=> glyb[c] + 2.0 h[c] + nadh[c],"Glycine, Serine, and Threonine Metabolism",-1000.0,1000.0,C5H12NO,1,c
betald[c],r_0637,Betaine aldehyde,betald[c] + h2o[c] + nadp[c] <=> glyb[c] + 2.0 h[c] + nadph[c],"Glycine, Serine, and Threonine Metabolism",-1000.0,1000.0,C5H12NO,1,c
betald[c],r_0635,Betaine aldehyde,acptr[c] + chol[c] <=> betald[c] + racptr[c],"Glycine, Serine, and Threonine Metabolism",-1000.0,1000.0,C5H12NO,1,c
glyb[c],r_0638,Betaine,glyb[c] + hcys__L[c] --> dmgly[c] + met__L[c],"Glycine, Serine, and Threonine Metabolism",0.0,1000.0,C5H11NO2,0,c
glyb[c],r_0637,Betaine,betald[c] + h2o[c] + nadp[c] <=> glyb[c] + 2.0 h[c] + nadph[c],"Glycine, Serine, and Threonine Metabolism",-1000.0,1000.0,C5H11NO2,0,c
glyb[c],r_0636,Betaine,betald[c] + h2o[c] + nad[c] <=> glyb[c] + 2.0 h[c] + nadh[c],"Glycine, Serine, and Threonine Metabolism",-1000.0,1000.0,C5H11NO2,0,c
dmgly[c],r_0638,"N,N-Dimethylglycine",glyb[c] + hcys__L[c] --> dmgly[c] + met__L[c],"Glycine, Serine, and Threonine Metabolism",0.0,1000.0,C4H9NO2,0,c
dmgly[c],r_0935,"N,N-Dimethylglycine",dmgly[c] --> ,Transport,0.0,1000.0,C4H9NO2,0,c
lprot[c],r_0936,Lipoylprotein,dhlpyprot[c] + nad[c] <=> h[c] + lprot[c] + nadh[c],"Glycine, Serine, and Threonine Metabolism",-1000.0,1000.0,C6H9N3O,0,c
lprot[c],r_0639,Lipoylprotein,gly[c] + lprot[c] --> co2[c] + s8ams[c],"Glycine, Serine, and Threonine Metabolism",0.0,1000.0,C6H9N3O,0,c
aac24dab[c],r_0642,"N(alpha)-Acetyl-L-2,4-diaminobutyrate",ecto__L[c] + h2o[c] --> aac24dab[c],"Glycine, Serine, and Threonine Metabolism",0.0,1000.0,C6H12N2O3,0,c
aac24dab[c],r_0641,"N(alpha)-Acetyl-L-2,4-diaminobutyrate",aac24dab[c] + h2o[c] --> 24dab[c] + ac[c],"Glycine, Serine, and Threonine Metabolism",0.0,1000.0,C6H12N2O3,0,c
24dab[c],r_0938,"L-2,4-Diaminobutanoate",24dab[c] --> ,Transport,0.0,1000.0,C4H10N2O2,0,c
24dab[c],r_0939,"L-2,4-Diaminobutanoate",aspsa[c] + glu__L[c] <=> 24dab[c] + akg[c],"Glycine, Serine, and Threonine Metabolism",-1000.0,1000.0,C4H10N2O2,0,c
24dab[c],r_0641,"L-2,4-Diaminobutanoate",aac24dab[c] + h2o[c] --> 24dab[c] + ac[c],"Glycine, Serine, and Threonine Metabolism",0.0,1000.0,C4H10N2O2,0,c
24dab[c],r_1064,"L-2,4-Diaminobutanoate",24dab[c] + accoa[c] --> coa[c] + n4acld[c],,0.0,1000.0,C4H10N2O2,0,c
ecto__L[c],r_0642,Ectoine,ecto__L[c] + h2o[c] --> aac24dab[c],"Glycine, Serine, and Threonine Metabolism",0.0,1000.0,C6H10N2O2,0,c
ecto__L[c],r_1065,Ectoine,n4acld[c] --> ecto__L[c] + h2o[c] + h[c],,0.0,1000.0,C6H10N2O2,0,c
ecto__L[c],r_0940,Ectoine,ecto__L[c] <=> ,Transport,-1000.0,1000.0,C6H10N2O2,0,c
Lcyst[c],r_0921,L-Cysteate,cys__L[c] + so3[c] <=> Lcyst[c] + h2s[c],Cysteine and Methionine Metabolism,-1000.0,1000.0,C3H6NO5S,-1,c
Lcyst[c],r_0644,L-Cysteate,Lcyst[c] + akg[c] <=> 3spyr[c] + glu__L[c],Cysteine and Methionine Metabolism,-1000.0,1000.0,C3H6NO5S,-1,c
Lcyst[c],r_0923,L-Cysteate,Lcyst[c] + h2o[c] <=> h[c] + hso3[c] + nh3[c] + pyr[c],Cysteine and Methionine Metabolism,-1000.0,1000.0,C3H6NO5S,-1,c
3spyr[c],r_0727,3-Sulfopyruvate,3sulac[c] + nad[c] <=> 3spyr[c] + h[c] + nadh[c],Cysteine and Methionine Metabolism,-1000.0,1000.0,C3H2O6S,-2,c
3spyr[c],r_0644,3-Sulfopyruvate,Lcyst[c] + akg[c] <=> 3spyr[c] + glu__L[c],Cysteine and Methionine Metabolism,-1000.0,1000.0,C3H2O6S,-2,c
mercppyr[c],r_0647,Mercaptopyruvate,mercppyr[c] + trdrd[c] <=> h2s[c] + pyr[c] + trdox[c],Cysteine and Methionine Metabolism,-1000.0,1000.0,C3H4O3S,-1,c
mercppyr[c],r_0645,Mercaptopyruvate,akg[c] + cys__L[c] <=> glu[c] + mercppyr[c],Cysteine and Methionine Metabolism,-1000.0,1000.0,C3H4O3S,-1,c
glu[c],r_0924,Glutamate,glu[c] --> ,Transport,0.0,1000.0,C5H9NO4,0,c
glu[c],r_0645,Glutamate,akg[c] + cys__L[c] <=> glu[c] + mercppyr[c],Cysteine and Methionine Metabolism,-1000.0,1000.0,C5H9NO4,0,c
C02356[c],r_0649,(S)-2-Aminobutanoate,C02356[c] + atp[c] + glu__L[c] <=> CE1661[c] + adp[c] + pi[c],Cysteine and Methionine Metabolism,-1000.0,1000.0,C4H9NO2,0,c
C02356[c],r_0648,(S)-2-Aminobutanoate,C02356[c] + akg[c] <=> 2obut[c] + glu__L[c],Cysteine and Methionine Metabolism,-1000.0,1000.0,C4H9NO2,0,c
CE1661[c],r_0649,gamma-L-Glutamyl-L-2-aminobutyrate,C02356[c] + atp[c] + glu__L[c] <=> CE1661[c] + adp[c] + pi[c],Cysteine and Methionine Metabolism,-1000.0,1000.0,C9H15N2O5,-1,c
CE1661[c],r_0650,gamma-L-Glutamyl-L-2-aminobutyrate,CE1661[c] + atp[c] + gly[c] <=> adp[c] + opmt[c] + pi[c],Cysteine and Methionine Metabolism,-1000.0,1000.0,C9H15N2O5,-1,c
opmt[c],r_0650,Ophthalmate,CE1661[c] + atp[c] + gly[c] <=> adp[c] + opmt[c] + pi[c],Cysteine and Methionine Metabolism,-1000.0,1000.0,C11H19N3O6,0,c
5mta[c],r_0653,5'-Methylthioadenosine,acacp[c] + amet[c] <=> 5mta[c] + ACP[c] + nalhsrln[c],Cysteine and Methionine Metabolism,-1000.0,1000.0,C11H15N5O3S,0,c
5mta[c],r_0654,5'-Methylthioadenosine,5mta[c] + h2o[c] <=> 5mtr[c] + ade[c],Cysteine and Methionine Metabolism,-1000.0,1000.0,C11H15N5O3S,0,c
nalhsrln[c],r_0653,N-Acyl-L-homoserine lactone,acacp[c] + amet[c] <=> 5mta[c] + ACP[c] + nalhsrln[c],Cysteine and Methionine Metabolism,-1000.0,1000.0,C5H6NO3R,0,c
nalhsrln[c],r_0926,N-Acyl-L-homoserine lactone,nalhsrln[c] --> ,Transport,0.0,1000.0,C5H6NO3R,0,c
5mtr[c],r_0927,5-Methylthio-D-ribose,5mtr[c] --> ,Transport,0.0,1000.0,C6H12O4S,0,c
5mtr[c],r_0654,5-Methylthio-D-ribose,5mta[c] + h2o[c] <=> 5mtr[c] + ade[c],Cysteine and Methionine Metabolism,-1000.0,1000.0,C6H12O4S,0,c
ch4s[c],r_0655,Methanethiol,achms[c] + ch4s[c] <=> ac[c] + met__L[c],Cysteine and Methionine Metabolism,-1000.0,1000.0,CH4S,0,c
ch4s[c],r_0741,Methanethiol,amet[c] + ch4s[c] <=> ahcys[c] + dms[c],[],-1000.0,1000.0,CH4S,0,c
4met2obut[c],r_0656,4-Methylthio-2-oxobutanoic acid,4met2obut[c] + glu__L[c] --> akg[c] + met__L[c],Cysteine and Methionine Metabolism,0.0,1000.0,C5H8O3S,0,c
4met2obut[c],r_0657,4-Methylthio-2-oxobutanoic acid,indpyr[c] + met__L[c] --> 4met2obut[c] + trp__L[c],Cysteine and Methionine Metabolism,0.0,1000.0,C5H8O3S,0,c
indpyr[c],r_0657,Indolepyruvate,indpyr[c] + met__L[c] --> 4met2obut[c] + trp__L[c],Cysteine and Methionine Metabolism,0.0,1000.0,C11H8NO3,0,c
ppcoa[c],r_0658,Propanoyl-CoA,accoa[c] + ppcoa[c] --> 2maacoa[c] + coa[c],"Valine, leucine and isoleucine degradation",0.0,1000.0,C24H36N7O17P3S,-4,c
2maacoa[c],r_0658,2-Methylacetoacetyl-CoA,accoa[c] + ppcoa[c] --> 2maacoa[c] + coa[c],"Valine, leucine and isoleucine degradation",0.0,1000.0,C26H38N7O18P3S,-4,c
mmcoa__R[c],r_0660,(R)-Methylmalonyl-CoA,mmcoa__R[c] <=> mmcoa__S[c],"Valine, leucine and isoleucine degradation",-1000.0,1000.0,C25H35N7O19P3S,-5,c
mmcoa__R[c],r_0659,(R)-Methylmalonyl-CoA,mmcoa__R[c] <=> succoa[c],"Valine, leucine and isoleucine degradation",-1000.0,1000.0,C25H35N7O19P3S,-5,c
mmcoa__S[c],r_0660,(S)-Methylmalonyl-CoA,mmcoa__R[c] <=> mmcoa__S[c],"Valine, leucine and isoleucine degradation",-1000.0,1000.0,C25H35N7O19P3S,-5,c
HC01651[c],r_0661,Formamidopyrimidine nucleoside triphosphate,gtp[c] + h2o[c] --> HC01651[c],Folate Biosynthesis,0.0,1000.0,C10H18N5O15P3,0,c
HC01651[c],r_0662,Formamidopyrimidine nucleoside triphosphate,HC01651[c] + h2o[c] --> HC01652[c] + for[c],Folate Biosynthesis,0.0,1000.0,C10H18N5O15P3,0,c
HC01652[c],r_0663,"2,5-Diaminopyrimidine nucleoside triphosphate",HC01652[c] --> HC01710[c],Folate Biosynthesis,0.0,1000.0,C9H14N5O14P3,-4,c
HC01652[c],r_0662,"2,5-Diaminopyrimidine nucleoside triphosphate",HC01651[c] + h2o[c] --> HC01652[c] + for[c],Folate Biosynthesis,0.0,1000.0,C9H14N5O14P3,-4,c
HC01710[c],r_0663,"2,5-Diamino-6-(5'-triphosphoryl-3',4'-trihydroxy-2'-oxopentyl)-amino-4-oxopyrimidine",HC01652[c] --> HC01710[c],Folate Biosynthesis,0.0,1000.0,C9H18N5O14P3,0,c
ahdt[c],r_0027,"2-Amino-4-hydroxy-6-(erythro-1,2,3-trihydroxypropyl)dihydropteridine triphosphate",gtp[c] + h2o[c] --> ahdt[c] + for[c] + h[c],Folate Biosynthesis,0.0,1000.0,C9H12N5O13P3,-4,c
ahdt[c],r_0116,"2-Amino-4-hydroxy-6-(erythro-1,2,3-trihydroxypropyl)dihydropteridine triphosphate",ahdt[c] + 3.0 h2o[c] --> dhnpt[c] + 3.0 h[c] + 3.0 pi[c],Folate Biosynthesis,0.0,1000.0,C9H12N5O13P3,-4,c
ahdt[c],r_0665,"2-Amino-4-hydroxy-6-(erythro-1,2,3-trihydroxypropyl)dihydropteridine triphosphate",ahdt[c] + h2o[c] --> acald[c] + cph4[c] + pppi[c],Folate Biosynthesis,0.0,1000.0,C9H12N5O13P3,-4,c
cph4[c],r_0665,"6-Carboxy-5,6,7,8-tetrahydropterin",ahdt[c] + h2o[c] --> acald[c] + cph4[c] + pppi[c],Folate Biosynthesis,0.0,1000.0,C7H8N5O3,-1,c
cph4[c],r_0666,"6-Carboxy-5,6,7,8-tetrahydropterin",cph4[c] --> cdg[c] + nh3[c],Folate Biosynthesis,0.0,1000.0,C7H8N5O3,-1,c
preq0[c],r_0667,7-Cyano-7-carbaguanine,atp[c] + cdg[c] + nh3[c] --> adp[c] + h2o[c] + pi[c] + preq0[c],Folate Biosynthesis,0.0,1000.0,C7H5N5O,0,c
preq0[c],r_0668,7-Cyano-7-carbaguanine,2.0 h[c] + 2.0 nadph[c] + preq0[c] --> 2.0 nadp[c] + preq1[c],Folate Biosynthesis,0.0,1000.0,C7H5N5O,0,c
cdg[c],r_0667,7-Carboxy-7-carbaguanine,atp[c] + cdg[c] + nh3[c] --> adp[c] + h2o[c] + pi[c] + preq0[c],Folate Biosynthesis,0.0,1000.0,C7H5N4O3,-1,c
cdg[c],r_0666,7-Carboxy-7-carbaguanine,cph4[c] --> cdg[c] + nh3[c],Folate Biosynthesis,0.0,1000.0,C7H5N4O3,-1,c
preq1[c],r_0791,7-Aminomethyl-7-carbaguanine,preq1[c] + trnagua[c] <=> gua[c] + trna7am7c[c],[],-1000.0,1000.0,C7H10N5O,1,c
preq1[c],r_0913,7-Aminomethyl-7-carbaguanine,preq1[c] --> ,Transport,0.0,1000.0,C7H10N5O,1,c
preq1[c],r_0668,7-Aminomethyl-7-carbaguanine,2.0 h[c] + 2.0 nadph[c] + preq0[c] --> 2.0 nadp[c] + preq1[c],Folate Biosynthesis,0.0,1000.0,C7H10N5O,1,c
38ch2gtp[c],r_0669,"(8S)-3',8-Cyclo-7,8-dihydroguanosine 5'-triphosphate",amet[c] + gtp[c] + racptr[c] --> 38ch2gtp[c] + acptr[c] + dad_5[c] + met__L[c],Folate Biosynthesis,0.0,1000.0,C10H12N5O14P3,-3,c
38ch2gtp[c],r_0670,"(8S)-3',8-Cyclo-7,8-dihydroguanosine 5'-triphosphate",38ch2gtp[c] + h2o[c] --> cpmp[c] + ppi[c],Folate Biosynthesis,0.0,1000.0,C10H12N5O14P3,-3,c
cpmp[c],r_0912,Cyclic pyranopterin monophosphate,cpmp[c] --> ,Transport,0.0,1000.0,C10H13N5O8P,-1,c
cpmp[c],r_0670,Cyclic pyranopterin monophosphate,38ch2gtp[c] + h2o[c] --> cpmp[c] + ppi[c],Folate Biosynthesis,0.0,1000.0,C10H13N5O8P,-1,c
dhppt[c],r_0671,Dihydroneopterin phosphate ,dhnpt[c] + pi[c] --> dhppt[c] + h2o[c],Folate Biosynthesis,0.0,1000.0,C9H12N5O7P,-2,c
4adcho[c],r_0675,4-Amino-4-deoxychorismate,chor[c] + gln__L[c] <=> 4adcho[c] + glu__L[c],Folate Biosynthesis,-1000.0,1000.0,C10H10NO5,-1,c
4adcho[c],r_0911,4-Amino-4-deoxychorismate,4adcho[c] <=> 4abz[c] + pyr[c],Folate Biosynthesis,-1000.0,1000.0,C10H10NO5,-1,c
tartr__M[c],r_0678,meso-Tartaric acid,nad[c] + tartr__M[c] <=> 23oxsucc[c] + h[c] + nadh[c],Glyoxylate and dicarboxylate metabolism,-1000.0,1000.0,C4H4O6,-2,c
23oxsucc[c],r_0678,2-Hydroxy-3-oxosuccinate,nad[c] + tartr__M[c] <=> 23oxsucc[c] + h[c] + nadh[c],Glyoxylate and dicarboxylate metabolism,-1000.0,1000.0,C4H2O6,-2,c
glyc__R[c],r_0679,D-Glycerate,glyc__R[c] + nadp[c] <=> 2h3oppan[c] + h[c] + nadph[c],Glyoxylate and dicarboxylate metabolism,-1000.0,1000.0,C3H5O4,0,c
2h3oppan[c],r_0681,2-Hydroxy-3-oxopropanoate,2.0 glx[c] <=> 2h3oppan[c] + co2[c],Glyoxylate and dicarboxylate metabolism,-1000.0,1000.0,C3H3O4,-1,c
2h3oppan[c],r_0679,2-Hydroxy-3-oxopropanoate,glyc__R[c] + nadp[c] <=> 2h3oppan[c] + h[c] + nadph[c],Glyoxylate and dicarboxylate metabolism,-1000.0,1000.0,C3H3O4,-1,c
2h3oppan[c],r_0680,2-Hydroxy-3-oxopropanoate,hpyr[c] <=> 2h3oppan[c],Glyoxylate and dicarboxylate metabolism,-1000.0,1000.0,C3H3O4,-1,c
hpyr[c],r_0680,Hydroxypyruvate,hpyr[c] <=> 2h3oppan[c],Glyoxylate and dicarboxylate metabolism,-1000.0,1000.0,C3H3O4,-1,c
glx[c],r_0681,Glyoxylate,2.0 glx[c] <=> 2h3oppan[c] + co2[c],Glyoxylate and dicarboxylate metabolism,-1000.0,1000.0,C2HO3,-1,c
glx[c],r_0684,Glyoxylate,coa[c] + mal__L[c] <=> accoa[c] + glx[c] + h2o[c],Glyoxylate and dicarboxylate metabolism,-1000.0,1000.0,C2HO3,-1,c
glx[c],r_0713,Glyoxylate,urdglyc[c] <=> glx[c] + urea[c],Purine Metabolism,-1000.0,1000.0,C2HO3,-1,c
glx[c],r_0682,Glyoxylate,acptr[c] + glyclt[c] <=> glx[c] + racptr[c],Glyoxylate and dicarboxylate metabolism,-1000.0,1000.0,C2HO3,-1,c
glyclt[c],r_0682,Glycolate,acptr[c] + glyclt[c] <=> glx[c] + racptr[c],Glyoxylate and dicarboxylate metabolism,-1000.0,1000.0,C2H3O3,-1,c
etgl[c],r_0683,Ethylene glycol,etgl[c] + nad[c] <=> gcald[c] + h[c] + nadh[c],Glyoxylate and dicarboxylate metabolism,-1000.0,1000.0,C2H6O2,0,c
eoaa[c],r_0687,Enol-oxaloacetate,eoaa[c] <=> co2[c] + pyr[c],Pyruvate metabolism,-1000.0,1000.0,C4H2O5,-2,c
lgt__S[c],r_0688,(R)-S-Lactoylglutathione,lgt__S[c] <=> gthrd[c] + mthgxl[c],Pyruvate metabolism,-1000.0,1000.0,C13H20N3O8S,-1,c
lgt__S[c],r_0689,(R)-S-Lactoylglutathione,h2o[c] + lgt__S[c] <=> gthrd[c] + lac__D[c],Pyruvate metabolism,-1000.0,1000.0,C13H20N3O8S,-1,c
mthgxl[c],r_0858,Methylglyoxal,dhap[c] <=> mthgxl[c] + pi[c],Propanoate metabolism,-1000.0,1000.0,C3H4O2,0,c
mthgxl[c],r_0688,Methylglyoxal,lgt__S[c] <=> gthrd[c] + mthgxl[c],Pyruvate metabolism,-1000.0,1000.0,C3H4O2,0,c
lac__D[c],r_0860,D-Lactate,acgam6p[c] + lac__D[c] <=> acmum6p[c] + h2o[c],Amino sugar and nucleotide sugar metabolism,-1000.0,1000.0,C3H5O3,-1,c
lac__D[c],r_0689,D-Lactate,h2o[c] + lgt__S[c] <=> gthrd[c] + lac__D[c],Pyruvate metabolism,-1000.0,1000.0,C3H5O3,-1,c
HC01672[c],r_0690,Acetyl adenylate,HC01672[c] + coa[c] <=> accoa[c] + amp[c] + h[c],Pyruvate metabolism,-1000.0,1000.0,C12H15N5O8P,-1,c
5a4icam[c],r_0692,5-Amino-4-imidazolecarboxyamide,aicar[c] + ppi[c] <=> 5a4icam[c] + prpp[c],Purine Metabolism,-1000.0,1000.0,C4H6N4O,0,c
5a4icam[c],r_0928,5-Amino-4-imidazolecarboxyamide,5a4icam[c] --> ,Transport,0.0,1000.0,C4H6N4O,0,c
prpp[c],r_0143,5-Phospho-alpha-D-ribose 1-diphosphate,anth[c] + prpp[c] --> ppi[c] + pran[c],Phenylalanine Tyrosine Tryptophan Biosynthesis,0.0,1000.0,C5H8O14P3,-5,c
prpp[c],r_0232,5-Phospho-alpha-D-ribose 1-diphosphate,gln__L[c] + h2o[c] + prpp[c] --> glu__L[c] + ppi[c] + pram[c],Purine Metabolism,0.0,1000.0,C5H8O14P3,-5,c
prpp[c],r_0273,5-Phospho-alpha-D-ribose 1-diphosphate,atp[c] + r5p[c] --> amp[c] + prpp[c],Purine Metabolism,0.0,1000.0,C5H8O14P3,-5,c
prpp[c],r_0209,5-Phospho-alpha-D-ribose 1-diphosphate,ade[c] + prpp[c] <=> amp[c] + ppi[c],Purine Metabolism,-1000.0,1000.0,C5H8O14P3,-5,c
prpp[c],r_0160,5-Phospho-alpha-D-ribose 1-diphosphate,2.0 h[c] + prpp[c] + quln[c] --> co2[c] + nicrnt[c] + ppi[c],Nicotinate and Nicotinamide,0.0,1000.0,C5H8O14P3,-5,c
prpp[c],r_0446,5-Phospho-alpha-D-ribose 1-diphosphate,hxan[c] + prpp[c] <=> imp[c] + ppi[c],Purine Metabolism,-1000.0,1000.0,C5H8O14P3,-5,c
prpp[c],r_0355,5-Phospho-alpha-D-ribose 1-diphosphate,gua[c] + prpp[c] <=> gmp[c] + ppi[c],Purine Metabolism,-1000.0,1000.0,C5H8O14P3,-5,c
prpp[c],r_0277,5-Phospho-alpha-D-ribose 1-diphosphate,atp[c] + prpp[c] <=> ppi[c] + prbatp[c],Histidine Metabolism,-1000.0,1000.0,C5H8O14P3,-5,c
prpp[c],r_0013,5-Phospho-alpha-D-ribose 1-diphosphate,orot5p[c] + ppi[c] <=> orot[c] + prpp[c],Pyrimidine Metabolism,-1000.0,1000.0,C5H8O14P3,-5,c
prpp[c],r_0201,5-Phospho-alpha-D-ribose 1-diphosphate,h[c] + nac[c] + prpp[c] <=> nicrnt[c] + ppi[c],Nicotinate and Nicotinamide,-1000.0,1000.0,C5H8O14P3,-5,c
prpp[c],r_0111,5-Phospho-alpha-D-ribose 1-diphosphate,prpp[c] + xan[c] <=> ppi[c] + xmp[c],Purine Metabolism,-1000.0,1000.0,C5H8O14P3,-5,c
prpp[c],r_0692,5-Phospho-alpha-D-ribose 1-diphosphate,aicar[c] + ppi[c] <=> 5a4icam[c] + prpp[c],Purine Metabolism,-1000.0,1000.0,C5H8O14P3,-5,c
prpp[c],r_0069,5-Phospho-alpha-D-ribose 1-diphosphate,prpp[c] + ura[c] <=> ppi[c] + ump[c],Pyrimidine Metabolism,-1000.0,1000.0,C5H8O14P3,-5,c
didp[c],r_0693,dIDP,atp[c] + didp[c] <=> adp[c] + ditp[c],Purine Metabolism,-1000.0,1000.0,C10H14N4O10P2,0,c
ditp[c],r_0693,dITP,atp[c] + didp[c] <=> adp[c] + ditp[c],Purine Metabolism,-1000.0,1000.0,C10H15N4O13P3,0,c
5ca1rpi[c],r_0694,5-Carboxyamino-1-(5-phospho-D-ribosyl)imidazole,air[c] + atp[c] + hco3[c] --> 5ca1rpi[c] + adp[c] + pi[c],Purine Metabolism,0.0,1000.0,C9H11N3O9P,-3,c
5ca1rpi[c],r_0695,5-Carboxyamino-1-(5-phospho-D-ribosyl)imidazole,5aizc[c] + e[c] --> 5ca1rpi[c],Purine Metabolism,0.0,1000.0,C9H11N3O9P,-3,c
3gmp[c],r_0699,Guanosine 3'-phosphate,3gmp[c] + h2o[c] --> gsn[c] + pi[c],Purine Metabolism,0.0,1000.0,C10H12N5O8P,-2,c
dzdp[c],r_0700,dZDP,atp[c] + dzdp[c] --> adp[c] + dztp[c],Purine Metabolism,0.0,1000.0,C10H13N6O9P2,-3,c
dzdp[c],r_0701,dZDP,atp[c] + dzmp[c] --> adp[c] + dzdp[c],Purine Metabolism,0.0,1000.0,C10H13N6O9P2,-3,c
dztp[c],r_0930,dZTP,dztp[c] <=> dna[c],Purine Metabolism,-1000.0,1000.0,C10H13N6O12P3,-4,c
dztp[c],r_0700,dZTP,atp[c] + dzdp[c] --> adp[c] + dztp[c],Purine Metabolism,0.0,1000.0,C10H13N6O12P3,-4,c
dzmp[c],r_0702,dZMP,dsmp[c] --> dzmp[c] + fum[c],Purine Metabolism,0.0,1000.0,C10H13N6O6P,-2,c
dzmp[c],r_0701,dZMP,atp[c] + dzmp[c] --> adp[c] + dzdp[c],Purine Metabolism,0.0,1000.0,C10H13N6O6P,-2,c
dsmp[c],r_0702,dSMP,dsmp[c] --> dzmp[c] + fum[c],Purine Metabolism,0.0,1000.0,C14H15N6O10P,-4,c
dsmp[c],r_0931,dSMP,asp__L[c] + atp[c] + dgmp[c] <=> adp[c] + dsmp[c] + pi[c],Purine Metabolism,-1000.0,1000.0,C14H15N6O10P,-4,c
idp[c],r_0704,IDP,atp[c] + idp[c] <=> adp[c] + itp[c],Purine Metabolism,-1000.0,1000.0,C10H11N4O11P2,-3,c
itp[c],r_0704,ITP,atp[c] + idp[c] <=> adp[c] + itp[c],Purine Metabolism,-1000.0,1000.0,C10H11N4O14P3,-4,c
urate[c],r_0932,Urate,h2o[c] + o2[c] + urate[c] <=> 5hiu[c] + h2o2[c],Purine Metabolism,-1000.0,1000.0,C5H4N4O3,0,c
urate[c],r_0705,Urate,h2o[c] + nad[c] + xan[c] --> h[c] + nadh[c] + urate[c],Purine Metabolism,0.0,1000.0,C5H4N4O3,0,c
urdgci[c],r_0934,(S)-Ureidoglycine,alla[c] + h2o[c] <=> co2[c] + nh3[c] + urdgci[c],Purine Metabolism,-1000.0,1000.0,C3H7N3O3,0,c
urdgci[c],r_0711,(S)-Ureidoglycine,h2o[c] + urdgci[c] <=> nh3[c] + urdglyc[c],Purine Metabolism,-1000.0,1000.0,C3H7N3O3,0,c
urdglyc[c],r_0712,(S)-Ureidoglycolate,alla[c] + h2o[c] <=> urdglyc[c] + urea[c],Purine Metabolism,-1000.0,1000.0,C3H5N2O4,-1,c
urdglyc[c],r_0713,(S)-Ureidoglycolate,urdglyc[c] <=> glx[c] + urea[c],Purine Metabolism,-1000.0,1000.0,C3H5N2O4,-1,c
urdglyc[c],r_0711,(S)-Ureidoglycolate,h2o[c] + urdgci[c] <=> nh3[c] + urdglyc[c],Purine Metabolism,-1000.0,1000.0,C3H5N2O4,-1,c
3amp[c],r_0714,3'-AMP,3amp[c] + h2o[c] --> adn[c] + pi[c],Purine Metabolism,0.0,1000.0,C10H12N5O7P,-2,c
fe3[c],r_0952,Fe3+,fe3[c] --> ,Transport,0.0,1000.0,Fe,3,c
fe3[c],r_0715,Fe3+,4.0 fe2[c] + 4.0 h[c] + o2[c] --> 4.0 fe3[c] + 2.0 h2o[c],Porphyrin Metabolism,0.0,1000.0,Fe,3,c
uppg1[c],r_0953,Uroporphyrinogen I,hmbil[c] <=> uppg1[c],spontaneous,-1000.0,1000.0,C40H36N4O16,-8,c
uppg1[c],r_0716,Uroporphyrinogen I,uppg1[c] --> 4.0 co2[c] + cpppg1[c],Porphyrin Metabolism,0.0,1000.0,C40H36N4O16,-8,c
cpppg1[c],r_0954,Coproporphyrinogen I,cpppg1[c] --> ,Transport,0.0,1000.0,C36H40N4O8,-4,c
cpppg1[c],r_0716,Coproporphyrinogen I,uppg1[c] --> 4.0 co2[c] + cpppg1[c],Porphyrin Metabolism,0.0,1000.0,C36H40N4O8,-4,c
pre3a[c],r_0840,Precorrin 3A ,amet[c] + dscl[c] <=> ahcys[c] + h[c] + pre3a[c],Porphyrin and Chlorophyll Metabolism,-1000.0,1000.0,C43H43N4O16,-7,c
pre3a[c],r_0718,Precorrin 3A ,h[c] + nadh[c] + o2[c] + pre3a[c] --> h2o[c] + nad[c] + pre3b[c],Porphyrin and Chlorophyll Metabolism,0.0,1000.0,C43H43N4O16,-7,c
pre3b[c],r_0719,Precorrin 3B,amet[c] + pre3b[c] --> ahcys[c] + pre4[c],Porphyrin and Chlorophyll Metabolism,0.0,1000.0,C43H44N4O17,-7,c
pre3b[c],r_0718,Precorrin 3B,h[c] + nadh[c] + o2[c] + pre3a[c] --> h2o[c] + nad[c] + pre3b[c],Porphyrin and Chlorophyll Metabolism,0.0,1000.0,C43H44N4O17,-7,c
pre4[c],r_0720,Precorrin 4,amet[c] + pre4[c] --> ahcys[c] + pre5[c],Porphyrin and Chlorophyll Metabolism,0.0,1000.0,C44H44N4O17,-8,c
pre4[c],r_0719,Precorrin 4,amet[c] + pre3b[c] --> ahcys[c] + pre4[c],Porphyrin and Chlorophyll Metabolism,0.0,1000.0,C44H44N4O17,-8,c
pre5[c],r_0720,Precorrin 5,amet[c] + pre4[c] --> ahcys[c] + pre5[c],Porphyrin and Chlorophyll Metabolism,0.0,1000.0,C45H46N4O17,-8,c
pre5[c],r_0721,Precorrin 5,amet[c] + h2o[c] + pre5[c] --> ac[c] + ahcys[c] + pre6a[c],Porphyrin and Chlorophyll Metabolism,0.0,1000.0,C45H46N4O17,-8,c
pre6a[c],r_0721,Precorrin 6A,amet[c] + h2o[c] + pre5[c] --> ac[c] + ahcys[c] + pre6a[c],Porphyrin and Chlorophyll Metabolism,0.0,1000.0,C44H47N4O16,-7,c
pre6a[c],r_0906,Precorrin 6A,nadp[c] + pre6b[c] <=> h[c] + nadph[c] + pre6a[c],Porphyrin and Chlorophyll Metabolism,-1000.0,1000.0,C44H47N4O16,-7,c
2a3o4pob[c],r_0729,2-Amino-3-oxo-4-phosphonooxybutyrate,nad[c] + phthr[c] --> 2a3o4pob[c] + 2.0 h[c] + nadh[c],Vitamin B6 Metabolism,0.0,1000.0,C4H6NO7P,-2,c
lps[c],r_0731,lipopolysaccharide,atp[c] + h2o[c] + lps[c] --> adp[c] + lps[e] + pi[c],[],0.0,1000.0,R,0,c
lps[e],r_0731,lipopolysaccharide,atp[c] + h2o[c] + lps[c] --> adp[c] + lps[e] + pi[c],[],0.0,1000.0,R,0,e
nrp[c],r_0732,Nitrogen regulatory protein P-II,nrp[c] + utp[c] <=> ppi[c] + unrp[c],[],-1000.0,1000.0,C10H10N2O3R2,0,c
unrp[c],r_0732,Uridylylated nitrogen regulatory protein P-II,nrp[c] + utp[c] <=> ppi[c] + unrp[c],[],-1000.0,1000.0,C19H21N4O11PR2,0,c
lthrcala[c],r_0733,L-Threonylcarbamoyladenylate,lthrcala[c] + trnaadn[c] <=> amp[c] + n6lthrtrna[c],[],-1000.0,1000.0,C15H19N6O11P,-2,c
lthrcala[c],r_0757,L-Threonylcarbamoyladenylate,atp[c] + h[c] + hco3[c] + thr__L[c] --> h2o[c] + lthrcala[c] + ppi[c],Nucleic Acid Processing,0.0,1000.0,C15H19N6O11P,-2,c
trnaadn[c],r_0733,tRNA adenine,lthrcala[c] + trnaadn[c] <=> amp[c] + n6lthrtrna[c],[],-1000.0,1000.0,C20H30N5O19P3,0,c
trnaadn[c],r_0749,tRNA adenine,h2o[c] + trnaadn[c] <=> nh3[c] + trnahythi[c],[],-1000.0,1000.0,C20H30N5O19P3,0,c
trnaadn[c],r_0800,tRNA adenine,dmpp[c] + trnaadn[c] <=> ppi[c] + trna6iso[c],Zeatin biosynthesis,-1000.0,1000.0,C20H30N5O19P3,0,c
n6lthrtrna[c],r_0733,N6-L-Threonylcarbamoyladenine in tRNA,lthrcala[c] + trnaadn[c] <=> amp[c] + n6lthrtrna[c],[],-1000.0,1000.0,C15H21N6O11PR2,0,c
trna6iso[c],r_0735,tRNA containing 6-isopentenyladenosine,amet[c] + sdo[c] + trna6iso[c] <=> 2tn6ditrna[c] + dad_5[c] + met__L[c],[],-1000.0,1000.0,C15H22N5O7PR2,0,c
trna6iso[c],r_0800,tRNA containing 6-isopentenyladenosine,dmpp[c] + trnaadn[c] <=> ppi[c] + trna6iso[c],Zeatin biosynthesis,-1000.0,1000.0,C15H22N5O7PR2,0,c
trna6iso[c],r_0734,tRNA containing 6-isopentenyladenosine,2.0 amet[c] + sdo[c] + trna6iso[c] <=> 2mn6ditrna[c] + ahcys[c] + dad_5[c] + met__L[c],[],-1000.0,1000.0,C15H22N5O7PR2,0,c
sdo[c],r_0735,Sulfur donor,amet[c] + sdo[c] + trna6iso[c] <=> 2tn6ditrna[c] + dad_5[c] + met__L[c],[],-1000.0,1000.0,R,0,c
sdo[c],r_0734,Sulfur donor,2.0 amet[c] + sdo[c] + trna6iso[c] <=> 2mn6ditrna[c] + ahcys[c] + dad_5[c] + met__L[c],[],-1000.0,1000.0,R,0,c
sdo[c],r_0821,Sulfur donor,2.0 amet[c] + dtbt[c] + 2.0 e[c] + 2.0 h[c] + sdo[c] <=> btn[c] + 2.0 dad_5[c] + 2.0 met__L[c],[],-1000.0,1000.0,R,0,c
2mn6ditrna[c],r_0734,2-Methylthio-N6-dimethylallyladenine in tRNA,2.0 amet[c] + sdo[c] + trna6iso[c] <=> 2mn6ditrna[c] + ahcys[c] + dad_5[c] + met__L[c],[],-1000.0,1000.0,C16H24N5O7PSR2,0,c
2mn6ditrna[c],r_0736,2-Methylthio-N6-dimethylallyladenine in tRNA,2tn6ditrna[c] + amet[c] <=> 2mn6ditrna[c] + ahcys[c],[],-1000.0,1000.0,C16H24N5O7PSR2,0,c
2tn6ditrna[c],r_0735,2-Thio-N6-dimethylallyladenine in tRNA,amet[c] + sdo[c] + trna6iso[c] <=> 2tn6ditrna[c] + dad_5[c] + met__L[c],[],-1000.0,1000.0,C15H22N5O7PSR2,0,c
2tn6ditrna[c],r_0736,2-Thio-N6-dimethylallyladenine in tRNA,2tn6ditrna[c] + amet[c] <=> 2mn6ditrna[c] + ahcys[c],[],-1000.0,1000.0,C15H22N5O7PSR2,0,c
forlmepep[c],r_0737,Formyl-L-methionyl peptide,forlmepep[c] + h2o[c] <=> for[c] + mepep[c],[],-1000.0,1000.0,C12H17N4O6SR3,0,c
mepep[c],r_0737,Methionyl peptide,forlmepep[c] + h2o[c] <=> for[c] + mepep[c],[],-1000.0,1000.0,C11H17N4O5SR3,0,c
trnauri[c],r_0738,tRNA uridine ,trnauri[c] <=> trnapse[c],[],-1000.0,1000.0,C9H13N2O9PR2,0,c
trnapse[c],r_0738,tRNA pseudouridine,trnauri[c] <=> trnapse[c],[],-1000.0,1000.0,C9H13N2O9PR2,0,c
pep_met__L[c],r_0739,Peptide-L-methionine,h2o[c] + pep_met__L[c] + trdox[c] <=> pep_met_LRS[c] + trdrd[c],[],-1000.0,1000.0,C6H10N2O2SR2,0,c
pep_met__L[c],r_0848,Peptide-L-methionine,h2o[c] + pep_met__L[c] + trdox[c] <=> pepmetox[c] + trdrd[c],[],-1000.0,1000.0,C6H10N2O2SR2,0,c
pep_met_LRS[c],r_0739,Peptide-L-methionine (R)-S-oxide,h2o[c] + pep_met__L[c] + trdox[c] <=> pep_met_LRS[c] + trdrd[c],[],-1000.0,1000.0,C6H10N2O3SR2,0,c
procslcys[c],r_0740,Protein C-terminal S-farnesyl-L-cysteine,amet[c] + procslcys[c] <=> ahcys[c] + procslmees[c],Terpenoid Backbone Biosynthesis,-1000.0,1000.0,C20H33N2O3SR2,0,c
procslmees[c],r_0740,Protein C-terminal S-farnesyl-L-cysteine methyl ester,amet[c] + procslcys[c] <=> ahcys[c] + procslmees[c],Terpenoid Backbone Biosynthesis,-1000.0,1000.0,C21H35N2O3SR2,0,c
dms[c],r_0925,Dimethyl sulfide,dms[c] --> ,Transport,0.0,1000.0,C2H6S,0,c
dms[c],r_0741,Dimethyl sulfide,amet[c] + ch4s[c] <=> ahcys[c] + dms[c],[],-1000.0,1000.0,C2H6S,0,c
udpg[c],r_0827,UDP-glucose,g6p[c] + udpg[c] <=> tre6p[c] + udp[c],[],-1000.0,1000.0,C15H22N2O17P2,-2,c
udpg[c],r_0770,UDP-glucose,dtpcudcpp[c] + udpg[c] <=> adgddu[c] + ump[c],[],-1000.0,1000.0,C15H22N2O17P2,-2,c
udpg[c],r_0886,UDP-glucose,g1p[c] + utp[c] <=> ppi[c] + udpg[c],Pentose and glucuronate interconversions,-1000.0,1000.0,C15H22N2O17P2,-2,c
udpg[c],r_0743,UDP-glucose,udpg[c] <=> udpgal[c],Amino sugar and nucleotide sugar metabolism,-1000.0,1000.0,C15H22N2O17P2,-2,c
udpgal[c],r_0746,UDP-alpha-D-galactose,udpgal[c] <=> uadgafu[c],Galactose metabolism,-1000.0,1000.0,C15H22N2O17P2,-2,c
udpgal[c],r_0990,UDP-alpha-D-galactose,gal1p[c] + utp[c] <=> ppi[c] + udpgal[c],,-1000.0,1000.0,C15H22N2O17P2,-2,c
udpgal[c],r_0743,UDP-alpha-D-galactose,udpg[c] <=> udpgal[c],Amino sugar and nucleotide sugar metabolism,-1000.0,1000.0,C15H22N2O17P2,-2,c
pppro[c],r_0744,Phosphoprotein,h2o[c] + pppro[c] <=> pi[c] + protein[c],[],-1000.0,1000.0,R,0,c
protein[c],r_0744,Protein,h2o[c] + pppro[c] <=> pi[c] + protein[c],[],-1000.0,1000.0,C2H4NO2R2,0,c
protein[c],r_0768,Protein,argtrna[c] + protein[c] <=> largp[c] + trnaarg[c],[],-1000.0,1000.0,C2H4NO2R2,0,c
uacgam[c],r_0787,UDP-N-acetyl-alpha-D-glucosamine,acgam1p[c] + utp[c] <=> ppi[c] + uacgam[c],Amino sugar and nucleotide sugar metabolism,-1000.0,1000.0,C17H25N3O17P2,-2,c
uacgam[c],r_0781,UDP-N-acetyl-alpha-D-glucosamine,3haACP[c] + uacgam[c] <=> ACP[c] + u3o3r3hnadg[c],[],-1000.0,1000.0,C17H25N3O17P2,-2,c
uacgam[c],r_0889,UDP-N-acetyl-alpha-D-glucosamine,uacgam[c] <=> h2o[c] + udp2aca26ddarah4[c],Amino sugar and nucleotide sugar metabolism,-1000.0,1000.0,C17H25N3O17P2,-2,c
uacgam[c],r_0745,UDP-N-acetyl-alpha-D-glucosamine,pep[c] + uacgam[c] <=> pi[c] + uaccg[c],Amino sugar and nucleotide sugar metabolism,-1000.0,1000.0,C17H25N3O17P2,-2,c
uacgam[c],r_0806,UDP-N-acetyl-alpha-D-glucosamine,uaGgla[c] + uacgam[c] <=> uaaGgla[c] + udp[c],Peptidoglycan biosynthesis,-1000.0,1000.0,C17H25N3O17P2,-2,c
uaccg[c],r_0804,UDP-N-acetyl-3-(1-carboxyvinyl)-D-glucosamine,nadp[c] + uamr[c] <=> h[c] + nadph[c] + uaccg[c],Amino sugar and nucleotide sugar metabolism,-1000.0,1000.0,C20H29N3O19P2,0,c
uaccg[c],r_0745,UDP-N-acetyl-3-(1-carboxyvinyl)-D-glucosamine,pep[c] + uacgam[c] <=> pi[c] + uaccg[c],Amino sugar and nucleotide sugar metabolism,-1000.0,1000.0,C20H29N3O19P2,0,c
uadgafu[c],r_0746,UDP-alpha-D-galactofuranose,udpgal[c] <=> uadgafu[c],Galactose metabolism,-1000.0,1000.0,C15H22N2O17P2,-2,c
pglumi[c],r_0828,Protein glutamine,amet[c] + pglumi[c] <=> ahcys[c] + pn5mlglu[c],[],-1000.0,1000.0,C6H9N3O3R2,0,c
pglumi[c],r_0747,Protein glutamine,h2o[c] + pglumi[c] <=> nh3[c] + pgluma[c],[],-1000.0,1000.0,C6H9N3O3R2,0,c
pgluma[c],r_0747,Protein glutamate,h2o[c] + pglumi[c] <=> nh3[c] + pgluma[c],[],-1000.0,1000.0,C6H8N2O4R2,0,c
2ddg6p[c],r_0376,2-Dehydro-3-deoxy-6-phospho-D-gluconate,2ddg6p[c] --> g3p[c] + pyr[c],Pentose Phosphate Pathway,0.0,1000.0,C6H8O9P,-3,c
2ddg6p[c],r_0166,2-Dehydro-3-deoxy-6-phospho-D-gluconate,6pgc[c] --> 2ddg6p[c] + h2o[c],Pentose Phosphate Pathway,0.0,1000.0,C6H8O9P,-3,c
acoa[c],r_0748,Acyl-CoA,acoa[c] + h2o[c] <=> carbo[c] + coa[c],[],-1000.0,1000.0,C22H31N7O17P3RS,0,c
carbo[c],r_0862,Carboxylate,h2o[c] + moaciami[c] <=> carbo[c] + nh3[c],[],-1000.0,1000.0,CO2R,-1,c
carbo[c],r_0748,Carboxylate,acoa[c] + h2o[c] <=> carbo[c] + coa[c],[],-1000.0,1000.0,CO2R,-1,c
trnahythi[c],r_0749,tRNA hypoxanthine,h2o[c] + trnaadn[c] <=> nh3[c] + trnahythi[c],[],-1000.0,1000.0,C10H13N4O8PR2,0,c
rrna[c],r_0750,rRNA,amet[c] + rrna[c] <=> ahcys[c] + rrnan2me[c],[],-1000.0,1000.0,C15H25O16P2R3,0,c
rrnan2me[c],r_0750,rRNA containing N2-methylguanine,amet[c] + rrna[c] <=> ahcys[c] + rrnan2me[c],[],-1000.0,1000.0,C11H16N5O8PR2,0,c
tetdglu16d14bis[c],r_0752,"2,3,2'3'-Tetrakis(3-hydroxytetradecanoyl)-D-glucosaminyl-1,6-beta-D-glucosamine 1,4'-bisphosphate",atp[c] + lipidAds[c] --> adp[c] + tetdglu16d14bis[c],Lipopolysaccharide biosynthesis,0.0,1000.0,C68H126N2O23P2,-4,c
tetdglu16d14bis[c],r_0751,"2,3,2'3'-Tetrakis(3-hydroxytetradecanoyl)-D-glucosaminyl-1,6-beta-D-glucosamine 1,4'-bisphosphate",ckdo[c] + tetdglu16d14bis[c] <=> 3ddol[c] + cmp[c],Lipopolysaccharide biosynthesis,-1000.0,1000.0,C68H126N2O23P2,-4,c
ckdo[c],r_0751,CMP-3-deoxy-D-manno-octulosonate,ckdo[c] + tetdglu16d14bis[c] <=> 3ddol[c] + cmp[c],Lipopolysaccharide biosynthesis,-1000.0,1000.0,C17H24N3O15P,-2,c
ckdo[c],r_0864,CMP-3-deoxy-D-manno-octulosonate,ctp[c] + kdo[c] <=> ckdo[c] + ppi[c],Lipopolysaccharide biosynthesis,-1000.0,1000.0,C17H24N3O15P,-2,c
3ddol[c],r_0751,3-Deoxy-D-manno-octulosonyl-lipid IV(A),ckdo[c] + tetdglu16d14bis[c] <=> 3ddol[c] + cmp[c],Lipopolysaccharide biosynthesis,-1000.0,1000.0,C76H137N2O30P2,-5,c
lipidAds[c],r_0752,Lipid A disaccharide,atp[c] + lipidAds[c] --> adp[c] + tetdglu16d14bis[c],Lipopolysaccharide biosynthesis,0.0,1000.0,C68H127N2O20P,-2,c
lipidAds[c],r_0782,Lipid A disaccharide,lx[c] + u23ga[c] <=> lipidAds[c] + udp[c],Lipopolysaccharide biosynthesis,-1000.0,1000.0,C68H127N2O20P,-2,c
2dh3dgal6p[c],r_0753,2-Dehydro-3-deoxy-6-phospho-D-galactonate,2dh3dgal6p[c] <=> g3p[c] + pyr[c],Galactose metabolism,-1000.0,1000.0,C6H8O9P,-3,c
5pg35pg[c],r_0755,5'-Phosphoguanylyl(3'->5')guanosine,35cdigmp[c] + h2o[c] <=> 5pg35pg[c],[],-1000.0,1000.0,C20H23N10O15P2,-3,c
5pg35pg[c],r_0756,5'-Phosphoguanylyl(3'->5')guanosine,4hbz[c] + 5pg35pg[c] <=> 4h3pb[c] + ppi[c],Ubiquinone and other terpenoid-quinone biosynthesis,-1000.0,1000.0,C20H23N10O15P2,-3,c
35cdigmp[c],r_0755,"3',5'-Cyclic diGMP",35cdigmp[c] + h2o[c] <=> 5pg35pg[c],[],-1000.0,1000.0,C20H22N10O14P2,-2,c
35cdigmp[c],r_0754,"3',5'-Cyclic diGMP",2.0 gtp[c] <=> 35cdigmp[c] + 2.0 ppi[c],[],-1000.0,1000.0,C20H22N10O14P2,-2,c
4hbz[c],r_0756,4-Hydroxybenzoate,4hbz[c] + 5pg35pg[c] <=> 4h3pb[c] + ppi[c],Ubiquinone and other terpenoid-quinone biosynthesis,-1000.0,1000.0,C7H5O3,-1,c
4h3pb[c],r_0756,4-Hydroxy-3-polyprenylbenzoate,4hbz[c] + 5pg35pg[c] <=> 4h3pb[c] + ppi[c],Ubiquinone and other terpenoid-quinone biosynthesis,-1000.0,1000.0,C12H14O3R,0,c
acon_T[c],r_0759,trans-Aconitate,acon_T[c] + amet[c] <=> ahcys[c] + e3me2en[c],[],-1000.0,1000.0,C6H3O6,-3,c
chols[c],r_0758,Choline sulfate,chols[c] + h2o[c] <=> chol[c] + so4[c],Amine and Polyamine Degradation,-1000.0,1000.0,C5H13NO4S,0,c
e3me2en[c],r_0759,(E)-3-(Methoxycarbonyl)pent-2-enedioate,acon_T[c] + amet[c] <=> ahcys[c] + e3me2en[c],[],-1000.0,1000.0,C7H6O6,-2,c
sox[c],r_0760,Superoxide,2.0 h[c] + 2.0 sox[c] <=> h2o2[c] + o2[c],superoxide radicals degradation,-1000.0,1000.0,HOO,0,c
blac[c],r_0761,beta-Lactam,blac[c] + h2o[c] <=> subbaa[c],[],-1000.0,1000.0,R,0,c
subbaa[c],r_0761,Substituted beta-amino acid,blac[c] + h2o[c] <=> subbaa[c],[],-1000.0,1000.0,R,0,c
adelgluladp[c],r_0762,Adenylyl-[L-glutamate:ammonia ligase (ADP-forming)],adelgluladp[c] + pi[c] --> adp[c] + lgluadp[c],[],0.0,1000.0,C20H22N7O9PR2,0,c
lgluadp[c],r_0762,[L-Glutamate:ammonia ligase (ADP-forming)],adelgluladp[c] + pi[c] --> adp[c] + lgluadp[c],[],0.0,1000.0,C10H10N2O3R2,0,c
etfrd[c],r_0763,Reduced electron-transferring flavoprotein,etfrd[c] + q[c] --> etfox[c] + qh2[c],[],0.0,1000.0,H2R,0,c
etfox[c],r_0763,Electron-transferring flavoprotein,etfrd[c] + q[c] --> etfox[c] + qh2[c],[],0.0,1000.0,R,0,c
aderna[c],r_0764,Adenine in rRNA,aderna[c] + 2.0 amet[c] <=> 2.0 ahcys[c] + n6dirrna[c],[],-1000.0,1000.0,C10H14N5O7PR2,0,c
n6dirrna[c],r_0764,N6-Dimethyladenine in rRNA,aderna[c] + 2.0 amet[c] <=> 2.0 ahcys[c] + n6dirrna[c],[],-1000.0,1000.0,C22H30N5O19P3R2,-4,c
rscys[c],r_0765,R-S-Cysteinylglycine,h2o[c] + rscys[c] <=> gly[c] + sslcys[c],Glutathione Metabolism,-1000.0,1000.0,C5H9N2O3SR,0,c
sslcys[c],r_0765,S-Substituted L-cysteine,h2o[c] + rscys[c] <=> gly[c] + sslcys[c],Glutathione Metabolism,-1000.0,1000.0,C3H6NO2SR,0,c
detripp[c],r_0766,Deoxynucleoside triphosphate,detripp[c] <=> ppi[c],[],-1000.0,1000.0,C5H12O12P3R,0,c
sng3p[c],r_0849,sn-Glycerol 3-phosphate,nadp[c] + sng3p[c] --> dhap[c] + h[c] + nadph[c],Glycerophospholipid metabolism,0.0,1000.0,C3H9O6P,0,c
sng3p[c],r_0846,sn-Glycerol 3-phosphate,qun[c] + sng3p[c] --> dhap[c] + hqn[c],[],0.0,1000.0,C3H9O6P,0,c
sng3p[c],r_0811,sn-Glycerol 3-phosphate,atp[c] + glyc[c] --> adp[c] + sng3p[c],Glycerolipid metabolism,0.0,1000.0,C3H9O6P,0,c
sng3p[c],r_0767,sn-Glycerol 3-phosphate,cdpdag_cho[c] + sng3p[c] <=> cmp[c] + pgp_cho[c],Glycerophospholipid metabolism,-1000.0,1000.0,C3H9O6P,0,c
sng3p[c],r_0850,sn-Glycerol 3-phosphate,nad[c] + sng3p[c] --> dhap[c] + h[c] + nadh[c],Glycerophospholipid metabolism,0.0,1000.0,C3H9O6P,0,c
pgp_cho[c],r_0767,Phosphatidylglycerophosphate,cdpdag_cho[c] + sng3p[c] <=> cmp[c] + pgp_cho[c],Glycerophospholipid metabolism,-1000.0,1000.0,C6H11O9P2RCO2R2CO2,-3,c
pgp_cho[c],r_0961,Phosphatidylglycerophosphate,pgp_cho[c] <=> ,Transport,-1.0,1000.0,C6H11O9P2RCO2R2CO2,-3,c
largp[c],r_0768,L-Arginyl-protein,argtrna[c] + protein[c] <=> largp[c] + trnaarg[c],[],-1000.0,1000.0,C8H16N5O3R2,1,c
largp[c],r_0772,L-Arginyl-protein,largp[c] + leutrna[c] <=> lleuargp[c] + trnaleu[c],[],-1000.0,1000.0,C8H16N5O3R2,1,c
dtpcudcpp[c],r_0770,"di-trans,poly-cis-Undecaprenyl phosphate ",dtpcudcpp[c] + udpg[c] <=> adgddu[c] + ump[c],[],-1000.0,1000.0,C55H89O7P2,-3,c
dtpcudcpp[c],r_0808,"di-trans,poly-cis-Undecaprenyl phosphate ",dtpcudcpp[c] + uGgla[c] <=> uaGgla[c] + ump[c],Peptidoglycan biosynthesis,-1000.0,1000.0,C55H89O7P2,-3,c
adgddu[c],r_0770,"alpha-D-Glucopyranosyl-diphospho-ditrans,octacis-undecaprenol",dtpcudcpp[c] + udpg[c] <=> adgddu[c] + ump[c],[],-1000.0,1000.0,C61H102O12P2,-2,c
btn[c],r_0821,Biotin,2.0 amet[c] + dtbt[c] + 2.0 e[c] + 2.0 h[c] + sdo[c] <=> btn[c] + 2.0 dad_5[c] + 2.0 met__L[c],[],-1000.0,1000.0,C10H15N2O3S,-1,c
btn[c],r_0771,Biotin,accb[c] + atp[c] + btn[c] --> amp[c] + bccp[c] + ppi[c],[],0.0,1000.0,C10H15N2O3S,-1,c
accb[c],r_0771,Apo-[acetyl-CoA:carbon-dioxide ligase (ADP-forming)],accb[c] + atp[c] + btn[c] --> amp[c] + bccp[c] + ppi[c],[],0.0,1000.0,C7H13N3O2R2,1,c
bccp[c],r_0771,[Acetyl-CoA:carbon-dioxide ligase (ADP-forming)],accb[c] + atp[c] + btn[c] --> amp[c] + bccp[c] + ppi[c],[],0.0,1000.0,C7H13N3O2R2,0,c
lleuargp[c],r_0772,L-Leucyl-L-arginyl-protein,largp[c] + leutrna[c] <=> lleuargp[c] + trnaleu[c],[],-1000.0,1000.0,C12H26N5O2R,2,c
llysp[c],r_0773,L-Lysyl-protein,leutrna[c] + llysp[c] <=> lleullysp[c] + trnaleu[c],[],-1000.0,1000.0,C8H16N3O3R2,0,c
lleullysp[c],r_0773,L-Leucyl-L-lysyl-protein,leutrna[c] + llysp[c] <=> lleullysp[c] + trnaleu[c],[],-1000.0,1000.0,C12H26N3O2R,2,c
btnCCP[c],r_0774,Holo-[carboxylase],atp[c] + btnCCP[c] + hco3[c] --> adp[c] + carP[c] + pi[c],[],0.0,1000.0,C17H27N5O4SR2,0,c
carP[c],r_0774,Carboxybiotin-carboxyl-carrier protein,atp[c] + btnCCP[c] + hco3[c] --> adp[c] + carP[c] + pi[c],[],0.0,1000.0,C18H26N5O6SR2,-1,c
Sfglutth[c],r_0775,S-Formylglutathione,Sfglutth[c] + h2o[c] <=> for[c] + gthrd[c],Carbon metabolism,-1000.0,1000.0,C11H16N3O7S,-1,c
kdo8p[c],r_0776,3-Deoxy-D-manno-octulosonate 8-phosphate ,kdo8p[c] + pi[c] <=> ara5p[c] + h2o[c] + pep[c],Lipopolysaccharide biosynthesis,-1000.0,1000.0,C8H12O11P,-3,c
ara5p[c],r_0776,D-Arabinose 5-phosphate,kdo8p[c] + pi[c] <=> ara5p[c] + h2o[c] + pep[c],Lipopolysaccharide biosynthesis,-1000.0,1000.0,C5H9O8P,-2,c
pn6ocllys[c],r_0777,[Protein]-N6-(octanoyl)-L-lysine,2.0 amet[c] + fscspc4f4s[c] + 8.0 h[c] + pn6ocllys[c] + 2.0 r2f2sf[c] <=> 2.0 dad_5[c] + 2.0 fdxo_22[c] + 4.0 fe2[c] + fscsp[c] + 2.0 h2s[c] + 2.0 met__L[c] + pn6rdillys[c],Lipoic acid metabolism,-1000.0,1000.0,C8H16NOR,0,c
fscspc4f4s[c],r_0777,[Fe-S] cluster scaffold protein carrying a [4Fe-4S]2+ cluster,2.0 amet[c] + fscspc4f4s[c] + 8.0 h[c] + pn6ocllys[c] + 2.0 r2f2sf[c] <=> 2.0 dad_5[c] + 2.0 fdxo_22[c] + 4.0 fe2[c] + fscsp[c] + 2.0 h2s[c] + 2.0 met__L[c] + pn6rdillys[c],Lipoic acid metabolism,-1000.0,1000.0,R,0,c
r2f2sf[c],r_0777,Reduced [2Fe-2S] ferredoxin,2.0 amet[c] + fscspc4f4s[c] + 8.0 h[c] + pn6ocllys[c] + 2.0 r2f2sf[c] <=> 2.0 dad_5[c] + 2.0 fdxo_22[c] + 4.0 fe2[c] + fscsp[c] + 2.0 h2s[c] + 2.0 met__L[c] + pn6rdillys[c],Lipoic acid metabolism,-1000.0,1000.0,R,0,c
pn6rdillys[c],r_0777,[Protein]-N6-[(R)-dihydrolipoyl]-L-lysine,2.0 amet[c] + fscspc4f4s[c] + 8.0 h[c] + pn6ocllys[c] + 2.0 r2f2sf[c] <=> 2.0 dad_5[c] + 2.0 fdxo_22[c] + 4.0 fe2[c] + fscsp[c] + 2.0 h2s[c] + 2.0 met__L[c] + pn6rdillys[c],Lipoic acid metabolism,-1000.0,1000.0,C8H16NOS2R,0,c
fscsp[c],r_0777,[Fe-S] cluster scaffold protein,2.0 amet[c] + fscspc4f4s[c] + 8.0 h[c] + pn6ocllys[c] + 2.0 r2f2sf[c] <=> 2.0 dad_5[c] + 2.0 fdxo_22[c] + 4.0 fe2[c] + fscsp[c] + 2.0 h2s[c] + 2.0 met__L[c] + pn6rdillys[c],Lipoic acid metabolism,-1000.0,1000.0,R,0,c
fdxo_22[c],r_0777,Oxidized [2Fe-2S] ferredoxin,2.0 amet[c] + fscspc4f4s[c] + 8.0 h[c] + pn6ocllys[c] + 2.0 r2f2sf[c] <=> 2.0 dad_5[c] + 2.0 fdxo_22[c] + 4.0 fe2[c] + fscsp[c] + 2.0 h2s[c] + 2.0 met__L[c] + pn6rdillys[c],Lipoic acid metabolism,-1000.0,1000.0,Fe2S2X,0,c
acnm[c],r_0778,Aceneuramate,acnm[c] <=> acmana[c] + pyr[c],[],-1000.0,1000.0,C11H18NO9,-1,c
acmana[c],r_0778,N-Acetyl-D-mannosamine,acnm[c] <=> acmana[c] + pyr[c],[],-1000.0,1000.0,C8H15NO6,0,c
5dh4dglc[c],r_0779,5-Dehydro-4-deoxy-D-glucarate,5dh4dglc[c] <=> 25dop[c] + co2[c] + h2o[c],Ascorbate and aldarate metabolism,-1000.0,1000.0,C6H6O7,-2,c
25dop[c],r_0779,"2,5-Dioxopentanoate",5dh4dglc[c] <=> 25dop[c] + co2[c] + h2o[c],Ascorbate and aldarate metabolism,-1000.0,1000.0,C5H5O4,-1,c
u3dcga[c],r_0802,UDP-3-O-[(3R)-3-hydroxyacyl]-alpha-D-glucosamine,h2o[c] + u3o3r3hnadg[c] <=> ac[c] + u3dcga[c],[],-1000.0,1000.0,C25H42N3O18P2,-1,c
u3dcga[c],r_0780,UDP-3-O-[(3R)-3-hydroxyacyl]-alpha-D-glucosamine,3haACP[c] + u3dcga[c] <=> ACP[c] + u2n3ob3hdg[c],[],-1000.0,1000.0,C25H42N3O18P2,-1,c
u2n3ob3hdg[c],r_0780,"UDP-2-N,3-O-bis[(3R)-3-hydroxyacyl]-alpha-D-glucosamine",3haACP[c] + u3dcga[c] <=> ACP[c] + u2n3ob3hdg[c],[],-1000.0,1000.0,C21H31N3O20P2R2,0,c
u3o3r3hnadg[c],r_0781,UDP-3-O-[(3R)-3-hydroxyacyl]-N-acetyl-alpha-D-glucosamine,3haACP[c] + uacgam[c] <=> ACP[c] + u3o3r3hnadg[c],[],-1000.0,1000.0,C20H30N3O19P2R,0,c
u3o3r3hnadg[c],r_0802,UDP-3-O-[(3R)-3-hydroxyacyl]-N-acetyl-alpha-D-glucosamine,h2o[c] + u3o3r3hnadg[c] <=> ac[c] + u3dcga[c],[],-1000.0,1000.0,C20H30N3O19P2R,0,c
u23ga[c],r_0782,"UDP-2,3-bis(3-hydroxytetradecanoyl)glucosamine",lx[c] + u23ga[c] <=> lipidAds[c] + udp[c],Lipopolysaccharide biosynthesis,-1000.0,1000.0,C43H75N3O20P2,-2,c
u23ga[c],r_0792,"UDP-2,3-bis(3-hydroxytetradecanoyl)glucosamine",h2o[c] + u23ga[c] <=> lx[c] + ump[c],Lipopolysaccharide biosynthesis,-1000.0,1000.0,C43H75N3O20P2,-2,c
lx[c],r_0782,Lipid X,lx[c] + u23ga[c] <=> lipidAds[c] + udp[c],Lipopolysaccharide biosynthesis,-1000.0,1000.0,C34H64NO12P,-2,c
lx[c],r_0792,Lipid X,h2o[c] + u23ga[c] <=> lx[c] + ump[c],Lipopolysaccharide biosynthesis,-1000.0,1000.0,C34H64NO12P,-2,c
accoa[c],r_0460,Acetyl-CoA ,coa[c] + msa[c] + nad[c] --> accoa[c] + co2[c] + nadh[c],Inositol Phosphate Metabolism,0.0,1000.0,C23H34N7O17P3S,-4,c
accoa[c],r_0011,Acetyl-CoA ,ac[c] + atp[c] + coa[c] + h[c] --> accoa[c] + amp[c] + ppi[c],Glycolysis / Gluconeogenesis,0.0,1000.0,C23H34N7O17P3S,-4,c
accoa[c],r_0438,Acetyl-CoA ,accoa[c] + ddcacoa[c] + h[c] <=> 3otdcoa[c] + coa[c],Fatty Acid Metabolism,-1000.0,1000.0,C23H34N7O17P3S,-4,c
accoa[c],r_0225,Acetyl-CoA ,accoa[c] + h[c] + pi[c] <=> actp[c] + coa[c],Glycolysis / Gluconeogenesis,-1000.0,1000.0,C23H34N7O17P3S,-4,c
accoa[c],r_0877,Acetyl-CoA ,accoa[c] + succoa[c] <=> coa[c] + oxadpcoa[c],Benzoate degradation,-1000.0,1000.0,C23H34N7O17P3S,-4,c
accoa[c],r_0399,Acetyl-CoA ,accoa[c] + gly[c] <=> 2aobut[c] + coa[c],"Glycine, Serine, and Threonine Metabolism",-1000.0,1000.0,C23H34N7O17P3S,-4,c
accoa[c],r_0891,Acetyl-CoA ,accoa[c] + u4a46dnabla[c] <=> coa[c] + u24b246tbla[c],Amino sugar and nucleotide sugar metabolism,-1000.0,1000.0,C23H34N7O17P3S,-4,c
accoa[c],r_0041,Acetyl-CoA ,adhlam[c] + coa[c] <=> accoa[c] + dhlam[c],Glycolysis / Gluconeogenesis;TCA Cycle,-1000.0,1000.0,C23H34N7O17P3S,-4,c
accoa[c],r_1064,Acetyl-CoA ,24dab[c] + accoa[c] --> coa[c] + n4acld[c],,0.0,1000.0,C23H34N7O17P3S,-4,c
accoa[c],r_0384,Acetyl-CoA ,accoa[c] + dccoa[c] <=> 3oddcoa[c] + coa[c],Fatty Acid Metabolism,-1000.0,1000.0,C23H34N7O17P3S,-4,c
accoa[c],r_0140,Acetyl-CoA ,2.0 accoa[c] <=> aacoa[c] + coa[c],Fatty Acid Metabolism,-1000.0,1000.0,C23H34N7O17P3S,-4,c
accoa[c],r_0128,Acetyl-CoA ,accoa[c] + h2o[c] + oaa[c] --> cit[c] + coa[c] + h[c],TCA Cycle,0.0,1000.0,C23H34N7O17P3S,-4,c
accoa[c],r_0917,Acetyl-CoA ,accoa[c] + gam1p[c] <=> acgam1p[c] + coa[c],Amino sugar and nucleotide sugar metabolism,-1000.0,1000.0,C23H34N7O17P3S,-4,c
accoa[c],r_0361,Acetyl-CoA ,accoa[c] + hxcoa[c] <=> 3oocoa[c] + coa[c],Fatty Acid Metabolism,-1000.0,1000.0,C23H34N7O17P3S,-4,c
accoa[c],r_0087,Acetyl-CoA ,3mob[c] + accoa[c] + h2o[c] --> 3c3hmp[c] + coa[c] + h[c],"Valine, Leucine and Isoleucine Biosynthesis",0.0,1000.0,C23H34N7O17P3S,-4,c
accoa[c],r_0130,Acetyl-CoA ,accoa[c] + btcoa[c] <=> 3ohcoa[c] + coa[c],Fatty Acid Metabolism,-1000.0,1000.0,C23H34N7O17P3S,-4,c
accoa[c],r_0230,Acetyl-CoA ,ACP[c] + accoa[c] <=> acACP[c] + coa[c],Fatty Acid Biosynthesis,-1000.0,1000.0,C23H34N7O17P3S,-4,c
accoa[c],r_0400,Acetyl-CoA ,accoa[c] + occoa[c] <=> 3odcoa[c] + coa[c],Fatty Acid Metabolism,-1000.0,1000.0,C23H34N7O17P3S,-4,c
accoa[c],r_0658,Acetyl-CoA ,accoa[c] + ppcoa[c] --> 2maacoa[c] + coa[c],"Valine, leucine and isoleucine degradation",0.0,1000.0,C23H34N7O17P3S,-4,c
accoa[c],r_0244,Acetyl-CoA ,accoa[c] + ser__L[c] --> acser[c] + coa[c],Sulfur Metabolism,0.0,1000.0,C23H34N7O17P3S,-4,c
accoa[c],r_0690,Acetyl-CoA ,HC01672[c] + coa[c] <=> accoa[c] + amp[c] + h[c],Pyruvate metabolism,-1000.0,1000.0,C23H34N7O17P3S,-4,c
accoa[c],r_0086,Acetyl-CoA ,accoa[c] + glu__L[c] --> acglu[c] + coa[c] + h[c],Arginine biosynthesis,0.0,1000.0,C23H34N7O17P3S,-4,c
accoa[c],r_0461,Acetyl-CoA ,accoa[c] + tdcoa[c] <=> 3ohdcoa[c] + coa[c],Fatty Acid Metabolism,-1000.0,1000.0,C23H34N7O17P3S,-4,c
accoa[c],r_0593,Acetyl-CoA ,accoa[c] + h2o[c] + pyr[c] --> 2mm__R[c] + coa[c],"Valine, Leucine and Isoleucine Biosynthesis",0.0,1000.0,C23H34N7O17P3S,-4,c
accoa[c],r_0617,Acetyl-CoA ,accoa[c] + h[c] + malACP[c] --> actACP[c] + co2[c] + coa[c],Fatty Acid Biosynthesis,0.0,1000.0,C23H34N7O17P3S,-4,c
accoa[c],r_0684,Acetyl-CoA ,coa[c] + mal__L[c] <=> accoa[c] + glx[c] + h2o[c],Glyoxylate and dicarboxylate metabolism,-1000.0,1000.0,C23H34N7O17P3S,-4,c
accoa[c],r_0444,Acetyl-CoA ,accoa[c] + atp[c] + hco3[c] <=> adp[c] + h[c] + malcoa[c] + pi[c],Fatty Acid Biosynthesis,-1000.0,1000.0,C23H34N7O17P3S,-4,c
chitob[c],r_0783,Chitobiose,chitob[c] + h2o[c] <=> 2.0 acgam[c],Amino sugar and nucleotide sugar metabolism,-1000.0,1000.0,C16H28N2O11,0,c
chitob[c],r_0919,Chitobiose,chitob[c] --> ,Transport,0.0,1000.0,C16H28N2O11,0,c
acgam[c],r_0918,N-Acetyl-D-glucosamine,acgam[c] + atp[c] <=> acgam6p[c] + adp[c],Amino sugar and nucleotide sugar metabolism,-1000.0,1000.0,C8H15NO6,0,c
acgam[c],r_0783,N-Acetyl-D-glucosamine,chitob[c] + h2o[c] <=> 2.0 acgam[c],Amino sugar and nucleotide sugar metabolism,-1000.0,1000.0,C8H15NO6,0,c
acgam[c],r_0964,N-Acetyl-D-glucosamine,acgam[c] <=> acgam[e],Transport,-1000.0,1000.0,C8H15NO6,0,c
3rinct[c],r_0784,3'-Ribonucleotide,3rinct[c] + h2o[c] <=> pi[c] + ribbc[c],[],-1000.0,1000.0,C5H10O7PR,0,c
ribbc[c],r_0784,Ribonucleoside,3rinct[c] + h2o[c] <=> pi[c] + ribbc[c],[],-1000.0,1000.0,C5H9O4R,0,c
pliso[c],r_0785,Protein L-isoaspartate,amet[c] + pliso[c] <=> ahcys[c] + plisome[c],[],-1000.0,1000.0,C5H6N2O4R2,-1,c
plisome[c],r_0785,Protein L-isoaspartate methyl ester,amet[c] + pliso[c] <=> ahcys[c] + plisome[c],[],-1000.0,1000.0,C6H8N2O4R2,0,c
ptpl180[c],r_0786,Peptidylproline (omega=180),ptpl180[c] <=> ptpl0[c],[],-1000.0,1000.0,C6H8N2O2R2,0,c
ptpl0[c],r_0786,Peptidylproline (omega=0),ptpl180[c] <=> ptpl0[c],[],-1000.0,1000.0,C6H8N2O2R2,0,c
acgam1p[c],r_0787,N-Acetyl-alpha-D-glucosamine 1-phosphate,acgam1p[c] + utp[c] <=> ppi[c] + uacgam[c],Amino sugar and nucleotide sugar metabolism,-1000.0,1000.0,C8H14NO9P,-2,c
acgam1p[c],r_0917,N-Acetyl-alpha-D-glucosamine 1-phosphate,accoa[c] + gam1p[c] <=> acgam1p[c] + coa[c],Amino sugar and nucleotide sugar metabolism,-1000.0,1000.0,C8H14NO9P,-2,c
rooh[c],r_0788,ROOH,rooh[c] + trdrd[c] <=> h2o[c] + roh[c] + trdox[c],[],-1000.0,1000.0,HO2R,0,c
roh[c],r_0788,ROH,rooh[c] + trdrd[c] <=> h2o[c] + roh[c] + trdox[c],[],-1000.0,1000.0,HOR,0,c
anhm[c],r_0789,"1,6-Anhydro-N-acetyl-beta-muramate",anhm[c] + atp[c] + h2o[c] --> acmum6p[c] + adp[c],Amino sugar and nucleotide sugar metabolism,0.0,1000.0,C11H16NO7,-1,c
acmum6p[c],r_0789,N-Acetylmuramic acid 6-phosphate,anhm[c] + atp[c] + h2o[c] --> acmum6p[c] + adp[c],Amino sugar and nucleotide sugar metabolism,0.0,1000.0,C11H17NO11P,-3,c
acmum6p[c],r_0860,N-Acetylmuramic acid 6-phosphate,acgam6p[c] + lac__D[c] <=> acmum6p[c] + h2o[c],Amino sugar and nucleotide sugar metabolism,-1000.0,1000.0,C11H17NO11P,-3,c
trna7am7c[c],r_0791,tRNA 7-aminomethyl-7-carbaguanine,preq1[c] + trnagua[c] <=> gua[c] + trna7am7c[c],[],-1000.0,1000.0,C12H18N5O8PR2,0,c
trna7am7c[c],r_0790,tRNA 7-aminomethyl-7-carbaguanine,amet[c] + trna7am7c[c] <=> ade[c] + epqtrna[c] + met__L[c],[],-1000.0,1000.0,C12H18N5O8PR2,0,c
epqtrna[c],r_0790,Epoxyqueuosine in tRNA,amet[c] + trna7am7c[c] <=> ade[c] + epqtrna[c] + met__L[c],[],-1000.0,1000.0,C17H24N5O11PR2,0,c
epqtrna[c],r_0865,Epoxyqueuosine in tRNA,acptr[c] + h2o[c] + trnaque[c] <=> epqtrna[c] + racptr[c],[],-1000.0,1000.0,C17H24N5O11PR2,0,c
trnagua[c],r_0851,tRNA guanine,amet[c] + trnagua[c] <=> ahcys[c] + trnan1megu[c],[],-1000.0,1000.0,C10H14N5O8PR2,-4,c
trnagua[c],r_0791,tRNA guanine,preq1[c] + trnagua[c] <=> gua[c] + trna7am7c[c],[],-1000.0,1000.0,C10H14N5O8PR2,-4,c
12dgr_TB[c],r_0793,7-Aminomethyl-7-carbaguanine,12dgr_TB[c] + atp[c] --> adp[c] + pa_cho[c],Glycerolipid metabolism,0.0,1000.0,C41H80O5,0,c
pa_cho[c],r_0793,Phosphatidate,12dgr_TB[c] + atp[c] --> adp[c] + pa_cho[c],Glycerolipid metabolism,0.0,1000.0,C3H5O4PRCO2R2CO2,-2,c
thrp[c],r_0794,L-Threonine O-3-phosphate,thrp[c] <=> applp[c] + co2[c],Porphyrin Metabolism,-1000.0,1000.0,C4H8NO6P,-2,c
applp[c],r_0794,D-1-Aminopropan-2-ol O-phosphate,thrp[c] <=> applp[c] + co2[c],Porphyrin Metabolism,-1000.0,1000.0,C3H9NO4P,-1,c
hgbam[c],r_0795,"Hydrogenobyrinate a,c diamide",atp[c] + cobalt2[c] + h2o[c] + hgbam[c] --> adp[c] + cob2nda[c] + h[c] + pi[c],Porphyrin and Chlorophyll Metabolism,0.0,1000.0,C45H57N6O12,-5,c
hgbam[c],r_0908,"Hydrogenobyrinate a,c diamide",2.0 atp[c] + 2.0 gln__L[c] + 2.0 h2o[c] + hgbyr[c] <=> 2.0 adp[c] + 2.0 glu__L[c] + hgbam[c] + 2.0 pi[c],Porphyrin and Chlorophyll Metabolism,-1000.0,1000.0,C45H57N6O12,-5,c
cobalt2[c],r_0795,Cobalt ion ,atp[c] + cobalt2[c] + h2o[c] + hgbam[c] --> adp[c] + cob2nda[c] + h[c] + pi[c],Porphyrin and Chlorophyll Metabolism,0.0,1000.0,Co,2,c
cobalt2[c],r_0909,Cobalt ion ,cobalt2[c] <=> ,Transport,-1000.0,1000.0,Co,2,c
cob2nda[c],r_0795,"Cob(II)yrinate a,c diamide",atp[c] + cobalt2[c] + h2o[c] + hgbam[c] --> adp[c] + cob2nda[c] + h[c] + pi[c],Porphyrin and Chlorophyll Metabolism,0.0,1000.0,C45H56CoN6O12,-4,c
cob2nda[c],r_0910,"Cob(II)yrinate a,c diamide",cob2nda[c] --> ,Transport,0.0,1000.0,C45H56CoN6O12,-4,c
23dappa[c],r_0796,"2,3-Diaminopropanoate",23dappa[c] + h2o[c] <=> 2.0 nh3[c] + pyr[c],[],-1000.0,1000.0,C3H9N2O2,0,c
fald[c],r_0797,Formaldehyde,fald[c] + gthrd[c] <=> HC02121[c],Carbon metabolism,-1000.0,1000.0,CH2O,0,c
fald[c],r_0825,Formaldehyde,fald[c] + h2o[c] + nad[c] --> for[c] + h[c] + nadh[c],Carbon metabolism,0.0,1000.0,CH2O,0,c
HC02121[c],r_0797,S-(Hydroxymethyl)glutathione,fald[c] + gthrd[c] <=> HC02121[c],Carbon metabolism,-1000.0,1000.0,C11H18N3O7S,-1,c
alia[c],r_0799,Aliphatic amide,alia[c] <=> h2o[c] + nt[c],[],-1000.0,1000.0,R,0,c
nt[c],r_0799,Nitrile,alia[c] <=> h2o[c] + nt[c],[],-1000.0,1000.0,CNR,0,c
5pdna[c],r_0833,5'-Phospho-DNA,5pdna[c] + atp[c] --> amp[c] + ppi[c],[],0.0,1000.0,C10H18O11P2R2R,-4,c
5pdna[c],r_0801,5'-Phospho-DNA,5pdna[c] + nad[c] --> amp[c] + nmn[c],[],0.0,1000.0,C10H18O11P2R2R,-4,c
uamr[c],r_0805,UDP-N-acetylmuramate,ala__L[c] + atp[c] + uamr[c] --> adp[c] + pi[c] + uama[c],Peptidoglycan biosynthesis,0.0,1000.0,C20H28N3O19P2,-3,c
uamr[c],r_0804,UDP-N-acetylmuramate,nadp[c] + uamr[c] <=> h[c] + nadph[c] + uaccg[c],Amino sugar and nucleotide sugar metabolism,-1000.0,1000.0,C20H28N3O19P2,-3,c
uamr[c],r_0916,UDP-N-acetylmuramate,uamr[c] --> ,Transport,0.0,1000.0,C20H28N3O19P2,-3,c
uama[c],r_0805,UDP-N-acetylmuramoyl-L-alanine,ala__L[c] + atp[c] + uamr[c] --> adp[c] + pi[c] + uama[c],Peptidoglycan biosynthesis,0.0,1000.0,C23H33N4O20P2,-3,c
uama[c],r_0807,UDP-N-acetylmuramoyl-L-alanine,atp[c] + glu__D[c] + uama[c] --> adp[c] + pi[c] + uamag[c],Peptidoglycan biosynthesis,0.0,1000.0,C23H33N4O20P2,-3,c
uaGgla[c],r_0808,MurAc(oyl-L-Ala-D-gamma-Glu-L-Lys-D-Ala-D-Ala)-diphospho-undecaprenol,dtpcudcpp[c] + uGgla[c] <=> uaGgla[c] + ump[c],Peptidoglycan biosynthesis,-1000.0,1000.0,C86H140N7O21P2,-3,c
uaGgla[c],r_0806,MurAc(oyl-L-Ala-D-gamma-Glu-L-Lys-D-Ala-D-Ala)-diphospho-undecaprenol,uaGgla[c] + uacgam[c] <=> uaaGgla[c] + udp[c],Peptidoglycan biosynthesis,-1000.0,1000.0,C86H140N7O21P2,-3,c
uaaGgla[c],r_0806,Undecaprenyl-diphospho-N-acetylmuramoyl-(N-acetylglucosamine)-L-alanyl-gamma-D-glutamyl-L-lysyl-D-alanyl-D-alanine,uaGgla[c] + uacgam[c] <=> uaaGgla[c] + udp[c],Peptidoglycan biosynthesis,-1000.0,1000.0,C94H153N8O26P2,-3,c
uGgla[c],r_0808,UDPMurNAc(oyl-L-Ala-D-gamma-Glu-L-Lys-D-Ala-D-Ala),dtpcudcpp[c] + uGgla[c] <=> uaGgla[c] + ump[c],Peptidoglycan biosynthesis,-1000.0,1000.0,C40H62N9O26P2,-3,c
acmama[c],r_0809,N-Acetylmuramoyl-Ala,acmama[c] + h2o[c] <=> acmum[c] + ala__L[c],[],-1000.0,1000.0,C14H23N2O9,-1,c
acmum[c],r_0809,N-Acetylmuramate,acmama[c] + h2o[c] <=> acmum[c] + ala__L[c],[],-1000.0,1000.0,C11H18NO8,-1,c
cati[c],r_0810,Carnitine,cati[c] + nad[c] --> dhcrn[c] + h[c] + nadh[c],[],0.0,1000.0,C7H16NO3,0,c
dhcrn[c],r_0810,3-Dehydrocarnitine,cati[c] + nad[c] --> dhcrn[c] + h[c] + nadh[c],[],0.0,1000.0,C7H13NO3,0,c
glyc[c],r_0811,Glycerol,atp[c] + glyc[c] --> adp[c] + sng3p[c],Glycerolipid metabolism,0.0,1000.0,C3H8O3,0,c
glyc[c],r_1032,Glycerol,glycs[c] + h[c] + nadph[c] <=> glyc[c] + nadp[c],,-1000.0,1000.0,C3H8O3,0,c
glyc[c],r_1015,Glycerol,glyc[c] <=> glyc[e],Transport,-1000.0,1000.0,C3H8O3,0,c
5hiu[c],r_0932,5-Hydroxyisourate,h2o[c] + o2[c] + urate[c] <=> 5hiu[c] + h2o2[c],Purine Metabolism,-1000.0,1000.0,C5H3N4O4,-1,c
5hiu[c],r_0812,5-Hydroxyisourate,5hiu[c] + h2o[c] <=> 5houdic[c],Purine Metabolism,-1000.0,1000.0,C5H3N4O4,-1,c
5houdic[c],r_0812,"5-Hydroxy-2-oxo-4-ureido-2,5-dihydro-1H-imidazole-5-carboxylate",5hiu[c] + h2o[c] <=> 5houdic[c],Purine Metabolism,-1000.0,1000.0,C5H5N4O5,-1,c
5houdic[c],r_0813,"5-Hydroxy-2-oxo-4-ureido-2,5-dihydro-1H-imidazole-5-carboxylate",5houdic[c] <=> alltn[c] + co2[c],Purine Metabolism,-1000.0,1000.0,C5H5N4O5,-1,c
alltn[c],r_0813,(S)-Allantoin,5houdic[c] <=> alltn[c] + co2[c],Purine Metabolism,-1000.0,1000.0,C4H6N4O3,0,c
cdpglc[c],r_0814,CDP-glucose,ctp[c] + g1p[c] <=> cdpglc[c] + ppi[c],Amino sugar and nucleotide sugar metabolism,-1000.0,1000.0,C15H23N3O16P2,-2,c
cdpglc[c],r_0815,CDP-glucose,cdpglc[c] <=> cdp4dh6doglc[c] + h2o[c],Amino sugar and nucleotide sugar metabolism,-1000.0,1000.0,C15H23N3O16P2,-2,c
cdp4dh6doglc[c],r_0815,CDP-4-dehydro-6-deoxy-D-glucose,cdpglc[c] <=> cdp4dh6doglc[c] + h2o[c],Amino sugar and nucleotide sugar metabolism,-1000.0,1000.0,C15H21N3O15P2,-2,c
46dd4odtdpglc[c],r_0816,dTDP-4-oxo-6-deoxy-D-glucose,46dd4odtdpglc[c] <=> dtdprham[c],Streptomycin biosynthesis,-1000.0,1000.0,C16H22N2O15P2,-2,c
dtdprham[c],r_0816,dTDP-4-dehydro-beta-L-rhamnose,46dd4odtdpglc[c] <=> dtdprham[c],Streptomycin biosynthesis,-1000.0,1000.0,C16H22N2O15P2,-2,c
idt[c],r_0817,L-Iditol,idt[c] + nad[c] --> h[c] + nadh[c] + srb__L[c],[],0.0,1000.0,C6H14O6,0,c
srb__L[c],r_0817,L-Sorbose,idt[c] + nad[c] --> h[c] + nadh[c] + srb__L[c],[],0.0,1000.0,C6H12O6,0,c
8aonn[c],r_0818,8-Amino-7-oxononanoate,8aonn[c] + amet[c] <=> amob[c] + dann[c],Biotin metabolism,-1000.0,1000.0,C9H17NO3,0,c
8aonn[c],r_0820,8-Amino-7-oxononanoate,ala__L[c] + pmcoa[c] <=> 8aonn[c] + co2[c] + coa[c],Biotin metabolism,-1000.0,1000.0,C9H17NO3,0,c
amob[c],r_0818,S-Adenosyl-4-methylthio-2-oxobutanoate,8aonn[c] + amet[c] <=> amob[c] + dann[c],Biotin metabolism,-1000.0,1000.0,C15H19N5O6S,0,c
dann[c],r_0819,"7,8-Diaminononanoate",atp[c] + co2[c] + dann[c] --> adp[c] + dtbt[c] + pi[c],Biotin metabolism,0.0,1000.0,C9H21N2O2,1,c
dann[c],r_0818,"7,8-Diaminononanoate",8aonn[c] + amet[c] <=> amob[c] + dann[c],Biotin metabolism,-1000.0,1000.0,C9H21N2O2,1,c
dtbt[c],r_0819,Dethiobiotin,atp[c] + co2[c] + dann[c] --> adp[c] + dtbt[c] + pi[c],Biotin metabolism,0.0,1000.0,C10H18N2O3,0,c
dtbt[c],r_0821,Dethiobiotin,2.0 amet[c] + dtbt[c] + 2.0 e[c] + 2.0 h[c] + sdo[c] <=> btn[c] + 2.0 dad_5[c] + 2.0 met__L[c],[],-1000.0,1000.0,C10H18N2O3,0,c
pmcoa[c],r_0820,Pimeloyl-CoA,ala__L[c] + pmcoa[c] <=> 8aonn[c] + co2[c] + coa[c],Biotin metabolism,-1000.0,1000.0,C28H41N7O19P3S,-5,c
e[c],r_0821,Electron,2.0 amet[c] + dtbt[c] + 2.0 e[c] + 2.0 h[c] + sdo[c] <=> btn[c] + 2.0 dad_5[c] + 2.0 met__L[c],[],-1000.0,1000.0,R,-1,c
e[c],r_0581,Electron,atp[c] + fa[c] --> adp[c] + e[c] + methf[c] + pi[c],One carbon pool by folate,0.0,1000.0,R,-1,c
e[c],r_0695,Electron,5aizc[c] + e[c] --> 5ca1rpi[c],Purine Metabolism,0.0,1000.0,R,-1,c
e[c],r_0885,Electron,atp[c] + pty[c] --> adp[c] + e[c] + ptyp[c],[],0.0,1000.0,R,-1,c
212e12diac[c],r_0824,"2-(1,2-Epoxy-1,2-dihydrophenyl)acetyl-CoA",h[c] + nadph[c] + o2[c] + phaccoa[c] --> 212e12diac[c] + h2o[c] + nadp[c],Phenylalanine metabolism,0.0,1000.0,C29H38N7O18P3S,-4,c
212e12diac[c],r_0822,"2-(1,2-Epoxy-1,2-dihydrophenyl)acetyl-CoA",212e12diac[c] <=> 2oxpaccoa[c],Phenylalanine metabolism,-1000.0,1000.0,C29H38N7O18P3S,-4,c
2oxpaccoa[c],r_0822,2-Oxepin-2(3H)-ylideneacetyl-CoA,212e12diac[c] <=> 2oxpaccoa[c],Phenylalanine metabolism,-1000.0,1000.0,C29H38N7O18P3S,-4,c
pac[c],r_0823,Phenylacetic acid,atp[c] + coa[c] + pac[c] --> amp[c] + phaccoa[c] + ppi[c],Phenylalanine metabolism,0.0,1000.0,C8H7O2,-1,c
phaccoa[c],r_0824,Phenylacetyl-CoA,h[c] + nadph[c] + o2[c] + phaccoa[c] --> 212e12diac[c] + h2o[c] + nadp[c],Phenylalanine metabolism,0.0,1000.0,C29H38N7O17P3S,-4,c
phaccoa[c],r_0823,Phenylacetyl-CoA,atp[c] + coa[c] + pac[c] --> amp[c] + phaccoa[c] + ppi[c],Phenylalanine metabolism,0.0,1000.0,C29H38N7O17P3S,-4,c
tre6p[c],r_0827,"alpha,alpha'-Trehalose 6-phosphate",g6p[c] + udpg[c] <=> tre6p[c] + udp[c],[],-1000.0,1000.0,C12H21O14P,-2,c
tre6p[c],r_0826,"alpha,alpha'-Trehalose 6-phosphate",h2o[c] + tre6p[c] <=> pi[c] + tre[c],Starch and sucrose metabolism,-1000.0,1000.0,C12H21O14P,-2,c
tre6p[c],r_0962,"alpha,alpha'-Trehalose 6-phosphate",tre6p[c] <=> tre6p[e],Transport,-1000.0,1000.0,C12H21O14P,-2,c
tre[c],r_0826,"alpha,alpha-Trehalose",h2o[c] + tre6p[c] <=> pi[c] + tre[c],Starch and sucrose metabolism,-1000.0,1000.0,C12H22O11,0,c
pn5mlglu[c],r_0828,Protein N5-methyl-L-glutamine,amet[c] + pglumi[c] <=> ahcys[c] + pn5mlglu[c],[],-1000.0,1000.0,C7H11N3O3R2,0,c
phis__L[c],r_1055,Protein histidine,acgala[c] + pplhis[c] --> acgal6p[c] + phis__L[c],,0.0,1000.0,C7H8N4O2R2,0,c
phis__L[c],r_0829,Protein histidine,pep[c] + phis__L[c] <=> pplhis[c] + pyr[c],[],-1000.0,1000.0,C7H8N4O2R2,0,c
pplhis[c],r_1055,Protein N(pi)-phospho-L-histidine,acgala[c] + pplhis[c] --> acgal6p[c] + phis__L[c],,0.0,1000.0,C7H9N4O5PR2,-2,c
pplhis[c],r_0829,Protein N(pi)-phospho-L-histidine,pep[c] + phis__L[c] <=> pplhis[c] + pyr[c],[],-1000.0,1000.0,C7H9N4O5PR2,-2,c
2po6hy[c],r_0830,2-Polyprenyl-6-hydroxyphenol,2po6hy[c] + amet[c] <=> 2po6me[c] + ahcys[c],Ubiquinone and other terpenoid-quinone biosynthesis,-1000.0,1000.0,C11H14O2R,0,c
2po6me[c],r_0830,2-Polyprenyl-6-methoxyphenol,2po6hy[c] + amet[c] <=> 2po6me[c] + ahcys[c],Ubiquinone and other terpenoid-quinone biosynthesis,-1000.0,1000.0,C12H16O2R,0,c
3detlbq[c],r_0831,3-Demethylubiquinol,3detlbq[c] + amet[c] <=> ahcys[c] + qh2[c],[],-1000.0,1000.0,C13H18O4R,0,c
gam1p[c],r_0832,alpha-D-Glucosamine 1-phosphate,gam1p[c] <=> gam6p[c],Amino sugar and nucleotide sugar metabolism,-1000.0,1000.0,C6H13NO8P,-1,c
gam1p[c],r_0917,alpha-D-Glucosamine 1-phosphate,accoa[c] + gam1p[c] <=> acgam1p[c] + coa[c],Amino sugar and nucleotide sugar metabolism,-1000.0,1000.0,C6H13NO8P,-1,c
amylose[c],r_0834,Amylose,amylose[c] <=> starch[c],Starch and sucrose metabolism,-1000.0,1000.0,R,0,c
starch[c],r_0834,Starch,amylose[c] <=> starch[c],Starch and sucrose metabolism,-1000.0,1000.0,C12H20O10,0,c
orn__D[c],r_0835,D-Ornithine,orn__D[c] <=> co2[c] + ptrc[c],[],-1000.0,1000.0,C5H12N2O2,0,c
lys__D[c],r_0836,D-Lysine,lys__D[c] <=> 15dap[c] + co2[c],[],-1000.0,1000.0,C6H15N2O2,1,c
15dap[c],r_0836,"1,5-Diaminopentane",lys__D[c] <=> 15dap[c] + co2[c],[],-1000.0,1000.0,C5H16N2,2,c
xyl__D[c],r_0837,alpha-D-Xylose,xyl__D[c] <=> xylulo_D[c],[],-1000.0,1000.0,C5H10O5,0,c
xylulo_D[c],r_0837,alpha-D-Xylulofuranose,xyl__D[c] <=> xylulo_D[c],[],-1000.0,1000.0,C5H10O5,0,c
xylu__D[c],r_0838,D-Xylulose,atp[c] + xylu__D[c] --> adp[c] + xu5p__D[c],Pentose and glucuronate interconversions,0.0,1000.0,C5H10O5,0,c
copre6[c],r_0839,Cobalt-precorrin 6,copre6[c] + h[c] + nadh[c] --> codhpre6[c] + nad[c],Porphyrin Metabolism,0.0,1000.0,C44H45CoN4O16,-7,c
codhpre6[c],r_0839,Cobalt-dihydro-precorrin 6,copre6[c] + h[c] + nadh[c] --> codhpre6[c] + nad[c],Porphyrin Metabolism,0.0,1000.0,C44H47CoN4O16,-7,c
hgbyr[c],r_0841,Hydrogenobyrinate,pre8[c] <=> hgbyr[c],Porphyrin and Chlorophyll Metabolism,-1000.0,1000.0,C45H54N4O14,-6,c
hgbyr[c],r_0908,Hydrogenobyrinate,2.0 atp[c] + 2.0 gln__L[c] + 2.0 h2o[c] + hgbyr[c] <=> 2.0 adp[c] + 2.0 glu__L[c] + hgbam[c] + 2.0 pi[c],Porphyrin and Chlorophyll Metabolism,-1000.0,1000.0,C45H54N4O14,-6,c
pre8[c],r_0907,Precorrin 8X ,2.0 amet[c] + pre6b[c] <=> 2.0 ahcys[c] + co2[c] + pre8[c],Porphyrin and Chlorophyll Metabolism,-1000.0,1000.0,C45H53N4O14,-7,c
pre8[c],r_0841,Precorrin 8X ,pre8[c] <=> hgbyr[c],Porphyrin and Chlorophyll Metabolism,-1000.0,1000.0,C45H53N4O14,-7,c
4mlacac[c],r_0842,4-Maleylacetoacetate,4mlacac[c] <=> 4fumacac[c],Tyrosine metabolism,-1000.0,1000.0,C8H6O6,-2,c
4mlacac[c],r_0843,4-Maleylacetoacetate,hgentis[c] + o2[c] <=> 4mlacac[c],Tyrosine metabolism,-1000.0,1000.0,C8H6O6,-2,c
4fumacac[c],r_0842,4-Fumarylacetoacetate,4mlacac[c] <=> 4fumacac[c],Tyrosine metabolism,-1000.0,1000.0,C8H6O6,-2,c
4fumacac[c],r_1062,4-Fumarylacetoacetate,4fumacac[c] + h2o[c] --> acac[c] + fum[c] + h[c],,0.0,1000.0,C8H6O6,-2,c
hgentis[c],r_0844,Homogentisate,34hpp[c] + o2[c] <=> co2[c] + hgentis[c],Tyrosine metabolism,-1000.0,1000.0,C8H7O4,-1,c
hgentis[c],r_0843,Homogentisate,hgentis[c] + o2[c] <=> 4mlacac[c],Tyrosine metabolism,-1000.0,1000.0,C8H7O4,-1,c
man6p[c],r_1002,D-Mannose 6-phosphate,atp[c] + man[c] --> adp[c] + h[c] + man6p[c],,0.0,1000.0,C6H11O9P,-2,c
man6p[c],r_0845,D-Mannose 6-phosphate,man6p[c] <=> f6p[c],[],-1000.0,1000.0,C6H11O9P,-2,c
f6p[c],r_0224,D-Fructose 6-phosphate,fdp[c] + h2o[c] <=> f6p[c] + h[c] + pi[c],Glycolysis / Gluconeogenesis,-1000.0,1000.0,C6H11O9P,-2,c
f6p[c],r_0152,D-Fructose 6-phosphate,e4p[c] + xu5p__D[c] <=> f6p[c] + g3p[c],Pentose Phosphate Pathway,-1000.0,1000.0,C6H11O9P,-2,c
f6p[c],r_0125,D-Fructose 6-phosphate,g3p[c] + s7p[c] <=> e4p[c] + f6p[c],Pentose Phosphate Pathway,-1000.0,1000.0,C6H11O9P,-2,c
f6p[c],r_0845,D-Fructose 6-phosphate,man6p[c] <=> f6p[c],[],-1000.0,1000.0,C6H11O9P,-2,c
f6p[c],r_0375,D-Fructose 6-phosphate,f6p[c] + gln__L[c] --> gam6p[c] + glu__L[c],"Alanine, Aspartate and Glutamate metabolism",0.0,1000.0,C6H11O9P,-2,c
f6p[c],r_0070,D-Fructose 6-phosphate,g6p[c] <=> f6p[c],Glycolysis / Gluconeogenesis,-1000.0,1000.0,C6H11O9P,-2,c
f6p[c],r_0983,D-Fructose 6-phosphate,atp[c] + fru[c] --> adp[c] + f6p[c] + h[c],,0.0,1000.0,C6H11O9P,-2,c
f6p[c],r_0495,D-Fructose 6-phosphate,atp[c] + f6p[c] --> adp[c] + fdp[c],Glycolysis / Gluconeogenesis,0.0,1000.0,C6H11O9P,-2,c
f6p[c],r_1017,D-Fructose 6-phosphate,f6p[c] <=> f6p[e],Transport,-1000.0,1000.0,C6H11O9P,-2,c
f6p[c],r_1058,D-Fructose 6-phosphate,tag6p__D[c] <=> f6p[c],,-1000.0,1000.0,C6H11O9P,-2,c
f6p[c],r_1061,D-Fructose 6-phosphate,gam6p[c] + h2o[c] <=> f6p[c] + h[c] + nh3[c],,-1000.0,1000.0,C6H11O9P,-2,c
f6p[c],r_0723,D-Fructose 6-phosphate,f6p[c] + g3p[c] <=> e4p[c] + xu5p__D[c],Pentose Phosphate Pathway,-1000.0,1000.0,C6H11O9P,-2,c
metox[c],r_0847,L-Methionine (S)-S-oxide,h2o[c] + met__L[c] + trdox[c] <=> metox[c] + trdrd[c],[],-1000.0,1000.0,C5H11NO3S,0,c
pepmetox[c],r_0848,Peptide-L-methionine (S)-S-oxide,h2o[c] + pep_met__L[c] + trdox[c] <=> pepmetox[c] + trdrd[c],[],-1000.0,1000.0,C6H10N2O3SR2,0,c
trnan1megu[c],r_0851,tRNA containing N1-methylguanine,amet[c] + trnagua[c] <=> ahcys[c] + trnan1megu[c],[],-1000.0,1000.0,C11H16N5O8PR2,-2,c
hemeO[e],r_0852,HemeO,atp[c] + h2o[c] + hemeO[c] --> adp[c] + hemeO[e] + pi[c],[],0.0,1000.0,C49H56N4O5Fe,-2,e
ptyp[c],r_0853,Protein tyrosine phosphate,h2o[c] + ptyp[c] <=> pi[c] + pty[c],[],-1000.0,1000.0,C10H11N2O6PR2,0,c
ptyp[c],r_0885,Protein tyrosine phosphate,atp[c] + pty[c] --> adp[c] + e[c] + ptyp[c],[],0.0,1000.0,C10H11N2O6PR2,0,c
pty[c],r_0853,Protein tyrosine,h2o[c] + ptyp[c] <=> pi[c] + pty[c],[],-1000.0,1000.0,C10H10N2O3R2,0,c
pty[c],r_0885,Protein tyrosine,atp[c] + pty[c] --> adp[c] + e[c] + ptyp[c],[],0.0,1000.0,C10H10N2O3R2,0,c
hthbp[c],r_0854,4a-Hydroxytetrahydrobiopterin,hthbp[c] <=> dhbpt[c] + h2o[c],[],-1000.0,1000.0,C9H15N5O4,0,c
hthbp[c],r_0958,4a-Hydroxytetrahydrobiopterin,hthbp[c] --> ,Transport,0.0,1000.0,C9H15N5O4,0,c
catechol[c],r_0855,Catechol,catechol[c] + o2[c] <=> ccmuac[c],Benzoate degradation,-1000.0,1000.0,C6H6O2,0,c
ccmuac[c],r_0855,"cis,cis-Muconate",catechol[c] + o2[c] <=> ccmuac[c],Benzoate degradation,-1000.0,1000.0,C6H4O4,-2,c
bz[c],r_0856,Benzoate,bz[c] + h[c] + nadh[c] + o2[c] --> bz12diol[c] + nad[c],[],0.0,1000.0,C7H5O2,-1,c
bz12diol[c],r_0856,"1,6-Dihydroxycyclohexa-2,4-diene-1-carboxylate",bz[c] + h[c] + nadh[c] + o2[c] --> bz12diol[c] + nad[c],[],0.0,1000.0,C7H7O4,-1,c
5odhf2a[c],r_0878,"2-Oxo-2,3-dihydrofuran-5-acetate",4cml[c] <=> 5odhf2a[c] + co2[c],Benzoate degradation,-1000.0,1000.0,C6H5O4,-1,c
5odhf2a[c],r_0857,"2-Oxo-2,3-dihydrofuran-5-acetate",5odhf2a[c] + h2o[c] <=> 3oxoadp[c],Benzoate degradation,-1000.0,1000.0,C6H5O4,-1,c
3oxoadp[c],r_0857,3-Oxoadipate,5odhf2a[c] + h2o[c] <=> 3oxoadp[c],Benzoate degradation,-1000.0,1000.0,C6H6O5,-2,c
acgam6p[c],r_0918,N-Acetyl-D-glucosamine 6-phosphate,acgam[c] + atp[c] <=> acgam6p[c] + adp[c],Amino sugar and nucleotide sugar metabolism,-1000.0,1000.0,C8H14NO9P,-2,c
acgam6p[c],r_0861,N-Acetyl-D-glucosamine 6-phosphate,acgam6p[c] + h2o[c] <=> ac[c] + gam6p[c],Amino sugar and nucleotide sugar metabolism,-1000.0,1000.0,C8H14NO9P,-2,c
acgam6p[c],r_0860,N-Acetyl-D-glucosamine 6-phosphate,acgam6p[c] + lac__D[c] <=> acmum6p[c] + h2o[c],Amino sugar and nucleotide sugar metabolism,-1000.0,1000.0,C8H14NO9P,-2,c
moaciami[c],r_0862,Monocarboxylic acid amide,h2o[c] + moaciami[c] <=> carbo[c] + nh3[c],[],-1000.0,1000.0,CH2NOR,0,c
dha[c],r_0863,Dihydroxyacetone,dha[c] + pep[c] <=> dhap[c] + pyr[c],[],-1000.0,1000.0,C3H6O3,0,c
kdo[c],r_0864,3-Deoxy-D-manno-octulosonate,ctp[c] + kdo[c] <=> ckdo[c] + ppi[c],Lipopolysaccharide biosynthesis,-1000.0,1000.0,C8H13O8,-1,c
dmmq[c],r_0867,Demethylmenaquinol,amet[c] + dmmq[c] <=> ahcys[c] + mql[c],[],-1000.0,1000.0,C15H16O2R,0,c
mql[c],r_0867,Menaquinol,amet[c] + dmmq[c] <=> ahcys[c] + mql[c],[],-1000.0,1000.0,C16H18O2R,0,c
trnaque[c],r_0865,tRNA queuine,acptr[c] + h2o[c] + trnaque[c] <=> epqtrna[c] + racptr[c],[],-1000.0,1000.0,C17H24N5O10PR2,-3,c
2m6atp14b[c],r_0868,"2-Methoxy-6-all-trans-polyprenyl-1,4-benzoquinol",2m6atp14b[c] + amet[c] <=> 6m3m2atp14b[c] + ahcys[c],[],-1000.0,1000.0,C12H16O3R,0,c
6m3m2atp14b[c],r_0868,"6-Methoxy-3-methyl-2-all-trans-polyprenyl-1,4-benzoquinol",2m6atp14b[c] + amet[c] <=> 6m3m2atp14b[c] + ahcys[c],[],-1000.0,1000.0,C13H18O3R,0,c
man1p[c],r_0869,D-Mannose 1-phosphate,gtp[c] + man1p[c] <=> gdpmann[c] + ppi[c],Amino sugar and nucleotide sugar metabolism,-1000.0,1000.0,C6H11O9P,-2,c
gdpmann[c],r_0869,GDP-mannose,gtp[c] + man1p[c] <=> gdpmann[c] + ppi[c],Amino sugar and nucleotide sugar metabolism,-1000.0,1000.0,C16H23N5O16P2,-2,c
gdpmann[c],r_0870,GDP-mannose,gdpmann[c] <=> gdpddman[c] + h2o[c],Amino sugar and nucleotide sugar metabolism,-1000.0,1000.0,C16H23N5O16P2,-2,c
gdpddman[c],r_0870,GDP-4-dehydro-6-deoxy-D-mannose,gdpmann[c] <=> gdpddman[c] + h2o[c],Amino sugar and nucleotide sugar metabolism,-1000.0,1000.0,C16H21N5O15P2,-2,c
k[c],r_0871,Potassium,atp[c] + h2o[c] + k[c] --> adp[c] + k[e] + pi[c],[],0.0,1000.0,K,1,c
k[e],r_0871,Potassium,atp[c] + h2o[c] + k[c] --> adp[c] + k[e] + pi[c],[],0.0,1000.0,K,1,e
HC01118[c],r_0872,Presqualene diphosphate,2.0 frdp[c] <=> HC01118[c] + ppi[c],Sesquiterpenoid and triterpenoid biosynthesis,-1000.0,1000.0,C30H49O7P2,-3,c
sql[c],r_0873,Squalene,fad[c] + h2o[c] + sql[c] <=> fadh2[c] + hdsl[c],[],-1000.0,1000.0,C30H50,0,c
sql[c],r_0874,Squalene,sql[c] <=> dptne[c],Sesquiterpenoid and triterpenoid biosynthesis,-1000.0,1000.0,C30H50,0,c
hdsl[c],r_0873,Hydroxysqualene,fad[c] + h2o[c] + sql[c] <=> fadh2[c] + hdsl[c],[],-1000.0,1000.0,C30H50O,0,c
dptne[c],r_0874,Diploptene,sql[c] <=> dptne[c],Sesquiterpenoid and triterpenoid biosynthesis,-1000.0,1000.0,C30H50,0,c
arsni[c],r_0876,Arsenate ion,arsni[c] + glutrd[c] <=> aso3[c] + flutox[c],[],-1000.0,1000.0,AsO4,-2,c
arsni[c],r_0875,Arsenate ion,arsni[c] + trdrd[c] <=> aso3[c] + h2o[c] + trdox[c],[],-1000.0,1000.0,AsO4,-2,c
aso3[c],r_0876,Arsenite,arsni[c] + glutrd[c] <=> aso3[c] + flutox[c],[],-1000.0,1000.0,H2AsO3,-1,c
aso3[c],r_0875,Arsenite,arsni[c] + trdrd[c] <=> aso3[c] + h2o[c] + trdox[c],[],-1000.0,1000.0,H2AsO3,-1,c
glutrd[c],r_0876,Glutaredoxin,arsni[c] + glutrd[c] <=> aso3[c] + flutox[c],[],-1000.0,1000.0,C10H16N3O6S,-1,c
flutox[c],r_0876,Glutaredoxin disulfide,arsni[c] + glutrd[c] <=> aso3[c] + flutox[c],[],-1000.0,1000.0,C20H30N6O12S2,-2,c
oxadpcoa[c],r_0877,3-Oxoadipyl-CoA,accoa[c] + succoa[c] <=> coa[c] + oxadpcoa[c],Benzoate degradation,-1000.0,1000.0,C27H37N7O20P3S,-5,c
4cml[c],r_0878,"2-Carboxy-2,5-dihydro-5-oxofuran-2-acetate",4cml[c] <=> 5odhf2a[c] + co2[c],Benzoate degradation,-1000.0,1000.0,C7H4O6,-2,c
4cml[c],r_0880,"2-Carboxy-2,5-dihydro-5-oxofuran-2-acetate",4cml[c] <=> CCbuttc[c],Benzoate degradation,-1000.0,1000.0,C7H4O6,-2,c
34dhbz[c],r_0879,"3,4-Dihydroxybenzoate",34dhbz[c] + o2[c] <=> CCbuttc[c],Benzoate degradation,-1000.0,1000.0,C7H5O4,-1,c
CCbuttc[c],r_0879,"3-Carboxy-cis,cis-muconate",34dhbz[c] + o2[c] <=> CCbuttc[c],Benzoate degradation,-1000.0,1000.0,C7H3O6,-3,c
CCbuttc[c],r_0880,"3-Carboxy-cis,cis-muconate",4cml[c] <=> CCbuttc[c],Benzoate degradation,-1000.0,1000.0,C7H3O6,-3,c
3hmp[c],r_0881,3-Hydroxy-2-methylpropanoate,3hmp[c] + nad[c] --> 2mop[c] + h[c] + nadh[c],[],0.0,1000.0,C4H7O3,-1,c
2mop[c],r_0881,2-Methyl-3-oxopropanoate,3hmp[c] + nad[c] --> 2mop[c] + h[c] + nadh[c],[],0.0,1000.0,C4H5O3,-1,c
4h2kpi[c],r_0882,4-Hydroxy-2-oxo-heptanedioate,4h2kpi[c] <=> pyr[c] + sucsal[c],[],-1000.0,1000.0,C7H8O6,-2,c
34dhpacet[c],r_0883,"3,4-Dihydroxyphenylacetate",34dhpacet[c] + o2[c] <=> 5cmhmsa[c],Tyrosine metabolism,-1000.0,1000.0,C8H7O4,-1,c
5cmhmsa[c],r_0883,2-Hydroxy-5-carboxymethylmuconate semialdehyde,34dhpacet[c] + o2[c] <=> 5cmhmsa[c],Tyrosine metabolism,-1000.0,1000.0,C8H6O6,-2,c
mana[c],r_0884,D-Mannonate,mana[c] <=> 2ddglcn[c] + h2o[c],Pentose and glucuronate interconversions,-1000.0,1000.0,C6H11O7,-1,c
2ddglcn[c],r_0884,2-Dehydro-3-deoxy-D-gluconate,mana[c] <=> 2ddglcn[c] + h2o[c],Pentose and glucuronate interconversions,-1000.0,1000.0,C6H9O6,-1,c
2ddglcn[c],r_0888,2-Dehydro-3-deoxy-D-gluconate,2ddglcn[c] + nad[c] --> 46dh25dohxn[c] + h[c] + nadh[c],Pentose and glucuronate interconversions,0.0,1000.0,C6H9O6,-1,c
5dh4dglcn[c],r_0887,5-Dehydro-4-deoxy-D-glucuronate,5dh4dglcn[c] <=> 46dh25dohxn[c],Pentose and glucuronate interconversions,-1000.0,1000.0,C6H7O6,-1,c
46dh25dohxn[c],r_0887,"(4S)-4,6-Dihydroxy-2,5-dioxohexanoate",5dh4dglcn[c] <=> 46dh25dohxn[c],Pentose and glucuronate interconversions,-1000.0,1000.0,C6H7O6,-1,c
46dh25dohxn[c],r_0888,"(4S)-4,6-Dihydroxy-2,5-dioxohexanoate",2ddglcn[c] + nad[c] --> 46dh25dohxn[c] + h[c] + nadh[c],Pentose and glucuronate interconversions,0.0,1000.0,C6H7O6,-1,c
udp2aca26ddarah4[c],r_0889,"UDP-2-acetamido-2,6-dideoxy-beta-L-arabino-hexos-4-ulose",uacgam[c] <=> h2o[c] + udp2aca26ddarah4[c],Amino sugar and nucleotide sugar metabolism,-1000.0,1000.0,C17H23N3O16P2,-2,c
udp2aca26ddarah4[c],r_0893,"UDP-2-acetamido-2,6-dideoxy-beta-L-arabino-hexos-4-ulose",akg[c] + u4a46dnabla[c] <=> glu__L[c] + udp2aca26ddarah4[c],Amino sugar and nucleotide sugar metabolism,-1000.0,1000.0,C17H23N3O16P2,-2,c
24b246tbap[c],r_0890,"2,4-Bis(acetamido)-2,4,6-trideoxy-beta-L-altropyranose",24b246tbap[c] + h2o[c] + pep[c] <=> pi[c] + psea[c],Amino sugar and nucleotide sugar metabolism,-1000.0,1000.0,C10H18N2O5,0,c
24b246tbap[c],r_0914,"2,4-Bis(acetamido)-2,4,6-trideoxy-beta-L-altropyranose",h2o[c] + u24b246tbla[c] <=> 24b246tbap[c] + udp[c],Amino sugar and nucleotide sugar metabolism,-1000.0,1000.0,C10H18N2O5,0,c
psea[c],r_0890,Pseudaminic acid,24b246tbap[c] + h2o[c] + pep[c] <=> pi[c] + psea[c],Amino sugar and nucleotide sugar metabolism,-1000.0,1000.0,C13H22N2O8,0,c
psea[c],r_0892,Pseudaminic acid,ctp[c] + psea[c] <=> cmppsea[c] + ppi[c],Amino sugar and nucleotide sugar metabolism,-1000.0,1000.0,C13H22N2O8,0,c
u4a46dnabla[c],r_0891,"UDP-4-amino-4,6-dideoxy-N-acetyl-beta-L-altrosamine",accoa[c] + u4a46dnabla[c] <=> coa[c] + u24b246tbla[c],Amino sugar and nucleotide sugar metabolism,-1000.0,1000.0,C17H27N4O15P2,-1,c
u4a46dnabla[c],r_0893,"UDP-4-amino-4,6-dideoxy-N-acetyl-beta-L-altrosamine",akg[c] + u4a46dnabla[c] <=> glu__L[c] + udp2aca26ddarah4[c],Amino sugar and nucleotide sugar metabolism,-1000.0,1000.0,C17H27N4O15P2,-1,c
u24b246tbla[c],r_0891,"UDP-2,4-bis(acetamido)-2,4,6-trideoxy-beta-L-altropyranose",accoa[c] + u4a46dnabla[c] <=> coa[c] + u24b246tbla[c],Amino sugar and nucleotide sugar metabolism,-1000.0,1000.0,C19H28N4O16P2,-2,c
u24b246tbla[c],r_0914,"UDP-2,4-bis(acetamido)-2,4,6-trideoxy-beta-L-altropyranose",h2o[c] + u24b246tbla[c] <=> 24b246tbap[c] + udp[c],Amino sugar and nucleotide sugar metabolism,-1000.0,1000.0,C19H28N4O16P2,-2,c
cmppsea[c],r_0915,CMP-pseudaminic acid,cmppsea[c] --> ,Transport,0.0,1000.0,C22H32N5O15P,-2,c
cmppsea[c],r_0892,CMP-pseudaminic acid,ctp[c] + psea[c] <=> cmppsea[c] + ppi[c],Amino sugar and nucleotide sugar metabolism,-1000.0,1000.0,C22H32N5O15P,-2,c
rpntp[c],r_0894,alpha-D-Ribose 1-methylphosphonate 5-triphosphate,h2o[c] + rpntp[c] <=> ppi[c] + prpmn[c],Phosphonate and phosphinate metabolism,-1000.0,1000.0,C6H11O16P4,-5,c
prpmn[c],r_0894,alpha-D-Ribose 1-methylphosphonate 5-phosphate,h2o[c] + rpntp[c] <=> ppi[c] + prpmn[c],Phosphonate and phosphinate metabolism,-1000.0,1000.0,C6H11O10P2,-3,c
1pqq[c],r_0896,"6-(2-Amino-2-carboxyethyl)-7,8-dioxo-1,2,3,4,7,8-hexahydroquinoline-2,4-dicarboxylate",1pqq[c] + 3.0 o2[c] <=> 2.0 h2o2[c] + 2.0 h2o[c] + pqq[c],[],-1000.0,1000.0,C14H13N2O8,-3,c
pqq[c],r_0896,PQQ ,1pqq[c] + 3.0 o2[c] <=> 2.0 h2o2[c] + 2.0 h2o[c] + pqq[c],[],-1000.0,1000.0,C14H3N2O8,-3,c
rb15bp[c],r_0897,"D-Ribulose 1,5-bisphosphate",atp[c] + ru5p__D[c] --> adp[c] + rb15bp[c],Carbon metabolism,0.0,1000.0,C5H8O11P2,-4,c
co[c],r_0535,carbon monoxise,co[c] + 2.0 fdxox[c] + h2o[c] --> co2[c] + 2.0 fdxrd[c] + 2.0 h[c],[],0.0,1000.0,CO,0,c
co[c],r_0301,carbon monoxise,air[c] + amet[c] + h2o[c] --> 4ahmmp[c] + co[c] + dad_5[c] + for[c] + 4.0 h[c] + met__L[c] + pi[c],Thiamine Metabolism,0.0,1000.0,CO,0,c
co[c],r_0548,carbon monoxise,air[c] + amet[c] --> 4ampm[c] + co[c] + dad_5[c] + for[c] + h2o[c] + met__L[c],Thiamine Metabolism,0.0,1000.0,CO,0,c
3sulac[c],r_0727,(2R)-3-Sulfolactate,3sulac[c] + nad[c] <=> 3spyr[c] + h[c] + nadh[c],Cysteine and Methionine Metabolism,-1000.0,1000.0,C3H4O6S,-2,c
3sulac[c],r_0922,(2R)-3-Sulfolactate,3sulac[c] <=> hso3[c] + pyr[c],Cysteine and Methionine Metabolism,-1000.0,1000.0,C3H4O6S,-2,c
cthzp[c],r_0948,"4-Methyl-5-[2-(phosphonooxy)ethyl]-1,3-thiazole-2-carboxylate",2c4mthzep[c] <=> cthzp[c],Thiamine Metabolism,-1000.0,1000.0,C7H7NO6PS,-3,c
cthzp[c],r_0549,"4-Methyl-5-[2-(phosphonooxy)ethyl]-1,3-thiazole-2-carboxylate",2mahmp[c] + cthzp[c] --> co2[c] + ppi[c] + thmmp[c],Thiamine Metabolism,0.0,1000.0,C7H7NO6PS,-3,c
pre6b[c],r_0907,Precorrin 6B,2.0 amet[c] + pre6b[c] <=> 2.0 ahcys[c] + co2[c] + pre8[c],Porphyrin and Chlorophyll Metabolism,-1000.0,1000.0,C44H50N4O16,-6,c
pre6b[c],r_0906,Precorrin 6B,nadp[c] + pre6b[c] <=> h[c] + nadph[c] + pre6a[c],Porphyrin and Chlorophyll Metabolism,-1000.0,1000.0,C44H50N4O16,-6,c
hso3[c],r_0922,Hydrogen sulfite,3sulac[c] <=> hso3[c] + pyr[c],Cysteine and Methionine Metabolism,-1000.0,1000.0,HO3S,-1,c
hso3[c],r_0923,Hydrogen sulfite,Lcyst[c] + h2o[c] <=> h[c] + hso3[c] + nh3[c] + pyr[c],Cysteine and Methionine Metabolism,-1000.0,1000.0,HO3S,-1,c
alla[c],r_0712,Allantoate,alla[c] + h2o[c] <=> urdglyc[c] + urea[c],Purine Metabolism,-1000.0,1000.0,C4H7N4O4,-1,c
alla[c],r_0934,Allantoate,alla[c] + h2o[c] <=> co2[c] + nh3[c] + urdgci[c],Purine Metabolism,-1000.0,1000.0,C4H7N4O4,-1,c
biomass[c],r_0960,Biomass,biomass[c] --> ,Transport,0.0,1000.0,,0,c
biomass[c],r_0959,Biomass,0.2614 ade[c] + 0.706188 ala__L[c] + 0.431004 arg__L[c] + 0.155232 asn__L[c] + 0.312228 asp__L[c] + 0.3586 csn[c] + 0.054684 cys__L[c] + 0.17052 gln__L[c] + 0.343392 glu__L[c] + 0.497448 gly[c] + 0.05 glycogen[c] + 0.3586 gua[c] + 0.124068 his__L[c] + 0.322224 ile__L[c] + 0.599172 leu__L[c] + 0.18816 lys__L[c] + 0.143472 met__L[c] + 0.39 pe_hs[c] + 4.86 phb[c] + 0.231672 phe__L[c] + 0.295764 pro__L[c] + 0.01 ptrc[c] + 0.3586 rna[c] + 0.34104 ser__L[c] + 0.30282 thr__L[c] + 0.0722 thym[c] + 0.081144 trp__L[c] + 0.134652 tyr__L[c] + 0.1892 ura[c] + 0.445704 val__L[c] --> biomass[c],Biomass,0.0,1000.0,,0,c
tre6p[e],r_0962,"alpha,alpha'-Trehalose 6-phosphate",tre6p[c] <=> tre6p[e],Transport,-1000.0,1000.0,C12H21O14P,-2,e
tre6p[e],r_0963,"alpha,alpha'-Trehalose 6-phosphate",tre6p[e] --> ,Exchange,0.0,1000.0,C12H21O14P,-2,e
acgam[e],r_0965,N-Acetyl-D-glucosamine,acgam[e] --> ,Exchange,0.0,1000.0,C8H15NO6,0,e
acgam[e],r_0964,N-Acetyl-D-glucosamine,acgam[c] <=> acgam[e],Transport,-1000.0,1000.0,C8H15NO6,0,e
akg[e],r_0969,2-Oxoglutarate,akg[e] --> ,Exchange,0.0,1000.0,C5H4O5,-2,e
akg[e],r_0968,2-Oxoglutarate,akg[c] <=> akg[e],Transport,-1000.0,1000.0,C5H4O5,-2,e
ac[e],r_0971,Acetate,ac[e] --> ,Exchange,0.0,1000.0,C2H3O2,-1,e
ac[e],r_0970,Acetate,ac[c] <=> ac[e],Transport,-1000.0,1000.0,C2H3O2,-1,e
for[e],r_0972,Formate,for[c] <=> for[e],Transport,-1000.0,1000.0,CHO2,-1,e
for[e],r_0973,Formate,for[e] --> ,Exchange,0.0,1000.0,CHO2,-1,e
malt__D[c],r_0974,D-Maltose,malt__D[c] + 2.0 pi[c] --> 2.0 g1p[c] + h2o[c],,0.0,1000.0,C12H22O11,0,c
malt__D[c],r_0975,D-Maltose,malt__D[c] <=> malt__D[e],Transport,-1000.0,1000.0,C12H22O11,0,c
malt__D[e],r_0975,D-Maltose,malt__D[c] <=> malt__D[e],Transport,-1000.0,1000.0,C12H22O11,0,e
malt__D[e],r_0976,D-Maltose,malt__D[e] --> ,Exchange,0.0,1000.0,C12H22O11,0,e
cellb[c],r_0977,D-Cellobiose,cellb[c] + h2o[c] --> 2.0 glc__aD[c],,0.0,1000.0,C12H22O11,0,c
cellb[c],r_0981,D-Cellobiose,cellb[c] <=> cellb[e],Transport,-1000.0,1000.0,C12H22O11,0,c
glc__aD[c],r_0999,alpha-D-Glucose,h2o[c] + melib[c] --> gal[c] + glc__aD[c],,0.0,1000.0,C6H12O6,0,c
glc__aD[c],r_0977,alpha-D-Glucose,cellb[c] + h2o[c] --> 2.0 glc__aD[c],,0.0,1000.0,C6H12O6,0,c
glc__aD[c],r_0996,alpha-D-Glucose,h2o[c] + lcts[c] --> gal[c] + glc__aD[c],,0.0,1000.0,C6H12O6,0,c
glc__aD[c],r_1005,alpha-D-Glucose,nadp[c] + sbt__D[c] <=> glc__aD[c] + h[c] + nadph[c],,-1000.0,1000.0,C6H12O6,0,c
glc__aD[c],r_0979,alpha-D-Glucose,glc__aD[c] <=> glc__aD[e],Transport,-1000.0,1000.0,C6H12O6,0,c
glc__aD[c],r_0978,alpha-D-Glucose,atp[c] + glc__aD[c] --> adp[c] + g6p[c] + h[c],,0.0,1000.0,C6H12O6,0,c
glc__aD[e],r_0979,alpha-D-Glucose,glc__aD[c] <=> glc__aD[e],Transport,-1000.0,1000.0,C6H12O6,0,e
glc__aD[e],r_0980,alpha-D-Glucose,glc__aD[e] --> ,Exchange,0.0,1000.0,C6H12O6,0,e
cellb[e],r_0982,D-Maltose,cellb[e] --> ,Exchange,0.0,1000.0,C12H22O11,0,e
cellb[e],r_0981,D-Maltose,cellb[c] <=> cellb[e],Transport,-1000.0,1000.0,C12H22O11,0,e
fru[c],r_1008,D-Fructose,mnl[c] + nad[c] <=> fru[c] + h[c] + nadh[c],,-1000.0,1000.0,C6H12O6,0,c
fru[c],r_0983,D-Fructose,atp[c] + fru[c] --> adp[c] + f6p[c] + h[c],,0.0,1000.0,C6H12O6,0,c
fru[c],r_0986,D-Fructose,pi[c] + sucr[c] --> fru[c] + g1p[c],,0.0,1000.0,C6H12O6,0,c
fru[c],r_0984,D-Fructose,fru[c] <=> fru[e],Transport,-1000.0,1000.0,C6H12O6,0,c
fru[e],r_0985,D-Fructose,fru[e] --> ,Exchange,0.0,1000.0,C6H12O6,0,e
fru[e],r_0984,D-Fructose,fru[c] <=> fru[e],Transport,-1000.0,1000.0,C6H12O6,0,e
sucr[c],r_0987,Sucrose,sucr[c] <=> sucr[e],Transport,-1000.0,1000.0,C12H22O11,0,c
sucr[c],r_0993,Sucrose,h2o[c] + raffin[c] --> gal[c] + sucr[c],,0.0,1000.0,C12H22O11,0,c
sucr[c],r_0986,Sucrose,pi[c] + sucr[c] --> fru[c] + g1p[c],,0.0,1000.0,C12H22O11,0,c
sucr[e],r_0987,Sucrose,sucr[c] <=> sucr[e],Transport,-1000.0,1000.0,C12H22O11,0,e
sucr[e],r_0988,Sucrose,sucr[e] --> ,Exchange,0.0,1000.0,C12H22O11,0,e
gal[c],r_0999,Galactose,h2o[c] + melib[c] --> gal[c] + glc__aD[c],,0.0,1000.0,C6H12O6,0,c
gal[c],r_0993,Galactose,h2o[c] + raffin[c] --> gal[c] + sucr[c],,0.0,1000.0,C6H12O6,0,c
gal[c],r_0996,Galactose,h2o[c] + lcts[c] --> gal[c] + glc__aD[c],,0.0,1000.0,C6H12O6,0,c
gal[c],r_0989,Galactose,atp[c] + gal[c] --> adp[c] + gal1p[c] + h[c],,0.0,1000.0,C6H12O6,0,c
gal[c],r_0991,Galactose,gal[c] + h[c] <=> gal[e] + h[e],Transport,-1000.0,1000.0,C6H12O6,0,c
gal1p[c],r_0990,D-Galactose 1-phosphate,gal1p[c] + utp[c] <=> ppi[c] + udpgal[c],,-1000.0,1000.0,C6H13O9P,0,c
gal1p[c],r_0989,D-Galactose 1-phosphate,atp[c] + gal[c] --> adp[c] + gal1p[c] + h[c],,0.0,1000.0,C6H13O9P,0,c
gal[e],r_0991,Galactose,gal[c] + h[c] <=> gal[e] + h[e],Transport,-1000.0,1000.0,C6H12O6,0,e
gal[e],r_0992,Galactose,gal[e] --> ,Exchange,0.0,1000.0,C6H12O6,0,e
raffin[c],r_0993,Raffinose,h2o[c] + raffin[c] --> gal[c] + sucr[c],,0.0,1000.0,C18H32O16,0,c
raffin[c],r_0994,Raffinose,h[c] + raffin[c] <=> h[e] + raffin[e],Transport,-1000.0,1000.0,C18H32O16,0,c
raffin[e],r_0995,Raffinose,raffin[e] --> ,Exchange,0.0,1000.0,C18H32O16,0,e
raffin[e],r_0994,Raffinose,h[c] + raffin[c] <=> h[e] + raffin[e],Transport,-1000.0,1000.0,C18H32O16,0,e
lcts[c],r_0996,Lactose,h2o[c] + lcts[c] --> gal[c] + glc__aD[c],,0.0,1000.0,C12H22O11,0,c
lcts[c],r_0997,Lactose,lcts[c] <=> lcts[e],Transport,-1000.0,1000.0,C12H22O11,0,c
lcts[e],r_0998,Lactose,lcts[e] --> ,Exchange,0.0,1000.0,C12H22O11,0,e
lcts[e],r_0997,Lactose,lcts[c] <=> lcts[e],Transport,-1000.0,1000.0,C12H22O11,0,e
melib[c],r_0999,D-Melibiose,h2o[c] + melib[c] --> gal[c] + glc__aD[c],,0.0,1000.0,C12H22O11,0,c
melib[c],r_1000,D-Melibiose,melib[c] <=> melib[e],Transport,-1000.0,1000.0,C12H22O11,0,c
melib[e],r_1000,D-Melibiose,melib[c] <=> melib[e],Transport,-1000.0,1000.0,C12H22O11,0,e
melib[e],r_1001,D-Melibiose,melib[e] --> ,Exchange,0.0,1000.0,C12H22O11,0,e
man[c],r_1002,D-Mannose,atp[c] + man[c] --> adp[c] + h[c] + man6p[c],,0.0,1000.0,C6H12O6,0,c
man[c],r_1003,D-Mannose,man[c] <=> man[e],Transport,-1000.0,1000.0,C6H12O6,0,c
man[e],r_1003,D-Mannose,man[c] <=> man[e],Transport,-1000.0,1000.0,C6H12O6,0,e
man[e],r_1004,D-Mannose,man[e] --> ,Exchange,0.0,1000.0,C6H12O6,0,e
sbt__D[c],r_1005,Sorbitol,nadp[c] + sbt__D[c] <=> glc__aD[c] + h[c] + nadph[c],,-1000.0,1000.0,C6H14O6,0,c
sbt__D[c],r_1006,Sorbitol,sbt__D[c] <=> sbt__D[e],Transport,-1000.0,1000.0,C6H14O6,0,c
sbt__D[e],r_1007,Sorbitol,sbt__D[e] --> ,Exchange,0.0,1000.0,C6H14O6,0,e
sbt__D[e],r_1006,Sorbitol,sbt__D[c] <=> sbt__D[e],Transport,-1000.0,1000.0,C6H14O6,0,e
mnl[c],r_1008,D-Mannitol,mnl[c] + nad[c] <=> fru[c] + h[c] + nadh[c],,-1000.0,1000.0,C6H14O6,0,c
mnl[c],r_1009,D-Mannitol,mnl[c] <=> mnl[e],Transport,-1000.0,1000.0,C6H14O6,0,c
mnl[e],r_1010,D-Mannitol,mnl[e] --> ,Exchange,0.0,1000.0,C6H14O6,0,e
mnl[e],r_1009,D-Mannitol,mnl[c] <=> mnl[e],Transport,-1000.0,1000.0,C6H14O6,0,e
abt__D[c],r_1011,D-Arabitol,abt__D[c] + nad[c] <=> h[c] + nadh[c] + rbl__D[c],,-1000.0,1000.0,C5H12O5,0,c
abt__D[c],r_1012,D-Arabitol,abt__D[c] <=> abt__D[e],Transport,-1000.0,1000.0,C5H12O5,0,c
rbl__D[c],r_1011,D-Ribulose,abt__D[c] + nad[c] <=> h[c] + nadh[c] + rbl__D[c],,-1000.0,1000.0,C5H10O5,0,c
rbl__D[c],r_1014,D-Ribulose,atp[c] + rbl__D[c] --> adp[c] + h[c] + ru5p__D[c],,0.0,1000.0,C5H10O5,0,c
abt__D[e],r_1013,D-Arabitol,abt__D[e] --> ,Exchange,0.0,1000.0,C5H12O5,0,e
abt__D[e],r_1012,D-Arabitol,abt__D[c] <=> abt__D[e],Transport,-1000.0,1000.0,C5H12O5,0,e
glyc[e],r_1015,Glycerol,glyc[c] <=> glyc[e],Transport,-1000.0,1000.0,C3H8O3,0,e
glyc[e],r_1016,Glycerol,glyc[e] --> ,Exchange,0.0,1000.0,C3H8O3,0,e
f6p[e],r_1018,D-Fructose 6-phosphate,f6p[e] --> ,Exchange,0.0,1000.0,C6H11O9P,-2,e
f6p[e],r_1017,D-Fructose 6-phosphate,f6p[c] <=> f6p[e],Transport,-1000.0,1000.0,C6H11O9P,-2,e
arg__L[e],r_1019,L-Arginine,arg__L[c] <=> arg__L[e],Transport,-1000.0,1000.0,C6H15N4O2,1,e
arg__L[e],r_1020,L-Arginine,arg__L[e] --> ,Exchange,0.0,1000.0,C6H15N4O2,1,e
quin[c],r_1021,Quinate,nad[c] + quin[c] <=> 3dhq[c] + h[c] + nadh[c],,-1000.0,1000.0,C7H11O6,-1,c
quin[c],r_1022,Quinate,quin[c] <-- quin[e],Transport,-1000.0,0.0,C7H11O6,-1,c
quin[e],r_1023,Quinate,quin[e] --> ,Exchange,0.0,1000.0,C7H11O6,-1,e
quin[e],r_1022,Quinate,quin[c] <-- quin[e],Transport,-1000.0,0.0,C7H11O6,-1,e
lac__L[c],r_1024,L-Lactate,lac__L[c] + nad[c] <=> h[c] + nadh[c] + pyr[c],,-1000.0,1000.0,C3H5O3,-1,c
lac__L[c],r_1040,L-Lactate,h2o[c] + lald__L[c] + nad[c] <=> 2.0 h[c] + lac__L[c] + nadh[c],,-1000.0,1000.0,C3H5O3,-1,c
lac__L[c],r_1025,L-Lactate,lac__L[c] <=> lac__L[e],Transport,-1000.0,1000.0,C3H5O3,-1,c
lac__L[e],r_1026,L-Lactate,lac__L[e] --> ,Exchange,0.0,1000.0,C3H5O3,-1,e
lac__L[e],r_1025,L-Lactate,lac__L[c] <=> lac__L[e],Transport,-1000.0,1000.0,C3H5O3,-1,e
4abut[e],r_1027,4-Aminobutanoate,4abut[c] <=> 4abut[e],Transport,-1000.0,1000.0,C4H9NO2,0,e
4abut[e],r_1028,4-Aminobutanoate,4abut[e] --> ,Exchange,0.0,1000.0,C4H9NO2,0,e
galctn__L[c],r_1029,L-Galactonate,galctn__L[c] + nadp[c] <=> galur[c] + h[c] + nadph[c],,-1000.0,1000.0,C6H12O7,0,c
galctn__L[c],r_1035,L-Galactonate,galctn__L[c] <=> galctn__L[e],Transport,-1000.0,1000.0,C6H12O7,0,c
galctn__L[c],r_1030,L-Galactonate,galctn__L[c] --> 2dh3dgal[c] + h2o[c],,0.0,1000.0,C6H12O7,0,c
galur[c],r_1029,D-Galacturonate,galctn__L[c] + nadp[c] <=> galur[c] + h[c] + nadph[c],,-1000.0,1000.0,C6H10O7,0,c
galur[c],r_1033,D-Galacturonate,galur[c] <=> galur[e],Transport,-1000.0,1000.0,C6H10O7,0,c
2dh3dgal[c],r_1031,2-Dehydro-3-deoxy-L-galactonate,2dh3dgal[c] <=> glycs[c] + pyr[c],,-1000.0,1000.0,C6H9O6,-1,c
2dh3dgal[c],r_1030,2-Dehydro-3-deoxy-L-galactonate,galctn__L[c] --> 2dh3dgal[c] + h2o[c],,0.0,1000.0,C6H9O6,-1,c
glycs[c],r_1031,L-Glycerose,2dh3dgal[c] <=> glycs[c] + pyr[c],,-1000.0,1000.0,C3H6O3,0,c
glycs[c],r_1032,L-Glycerose,glycs[c] + h[c] + nadph[c] <=> glyc[c] + nadp[c],,-1000.0,1000.0,C3H6O3,0,c
galur[e],r_1034,D-Galacturonate,galur[e] --> ,Exchange,0.0,1000.0,C6H10O7,0,e
galur[e],r_1033,D-Galacturonate,galur[c] <=> galur[e],Transport,-1000.0,1000.0,C6H10O7,0,e
galctn__L[e],r_1035,L-Galactonate,galctn__L[c] <=> galctn__L[e],Transport,-1000.0,1000.0,C6H12O7,0,e
galctn__L[e],r_1036,L-Galactonate,galctn__L[e] --> ,Exchange,0.0,1000.0,C6H12O7,0,e
fuc__L[c],r_1037,L-Fucose,fuc__L[c] <=> fcl__L[c],,-1000.0,1000.0,C6H12O5,0,c
fuc__L[c],r_1041,L-Fucose,fuc__L[c] + h[c] <=> fuc__L[e] + h[e],Transport,-1000.0,1000.0,C6H12O5,0,c
fcl__L[c],r_1037,L-Fuculose,fuc__L[c] <=> fcl__L[c],,-1000.0,1000.0,C6H12O5,0,c
fcl__L[c],r_1038,L-Fuculose,atp[c] + fcl__L[c] --> adp[c] + fc1p[c] + h[c],,0.0,1000.0,C6H12O5,0,c
fc1p[c],r_1039,L-Fuculose1-phosphate,fc1p[c] <=> dhap[c] + lald__L[c],,-1000.0,1000.0,C6H11O8P,-2,c
fc1p[c],r_1038,L-Fuculose1-phosphate,atp[c] + fcl__L[c] --> adp[c] + fc1p[c] + h[c],,0.0,1000.0,C6H11O8P,-2,c
lald__L[c],r_1039,L-Lactaldehyde,fc1p[c] <=> dhap[c] + lald__L[c],,-1000.0,1000.0,C3H6O2,0,c
lald__L[c],r_1050,L-Lactaldehyde,rml1p[c] <=> dhap[c] + lald__L[c],,-1000.0,1000.0,C3H6O2,0,c
lald__L[c],r_1040,L-Lactaldehyde,h2o[c] + lald__L[c] + nad[c] <=> 2.0 h[c] + lac__L[c] + nadh[c],,-1000.0,1000.0,C3H6O2,0,c
fuc__L[e],r_1042,L-Fucose,fuc__L[e] --> ,Exchange,0.0,1000.0,C6H12O5,0,e
fuc__L[e],r_1041,L-Fucose,fuc__L[c] + h[c] <=> fuc__L[e] + h[e],Transport,-1000.0,1000.0,C6H12O5,0,e
rbl_B[c],r_1043,D-Salicin,pep[c] + rbl_B[c] <=> pyr[c] + salcn6p[c],,-1000.0,1000.0,C13H18O7,0,c
rbl_B[c],r_1046,D-Salicin,h[c] + rbl_B[c] <=> h[e] + rbl_B[e],Transport,-1000.0,1000.0,C13H18O7,0,c
salcn6p[c],r_1043,Salicin 6-phosphate,pep[c] + rbl_B[c] <=> pyr[c] + salcn6p[c],,-1000.0,1000.0,C13H19O10P,0,c
salcn6p[c],r_1044,Salicin 6-phosphate,h2o[c] + salcn6p[c] --> g6p[c] + slgn[c],,0.0,1000.0,C13H19O10P,0,c
slgn[c],r_1045,Saligenin,slgn[c] --> ,Transport,0.0,1000.0,C7H8O2,0,c
slgn[c],r_1044,Saligenin,h2o[c] + salcn6p[c] --> g6p[c] + slgn[c],,0.0,1000.0,C7H8O2,0,c
rbl_B[e],r_1047,D-Salicin,rbl_B[e] --> ,Exchange,0.0,1000.0,C13H18O7,0,e
rbl_B[e],r_1046,D-Salicin,h[c] + rbl_B[c] <=> h[e] + rbl_B[e],Transport,-1000.0,1000.0,C13H18O7,0,e
rmn[c],r_1048,L-Rhamnose,rmn[c] <=> rml[c],,-1000.0,1000.0,C6H12O5,0,c
rmn[c],r_1051,L-Rhamnose,rmn[c] <=> rmn[e],Transport,-1000.0,1000.0,C6H12O5,0,c
rml[c],r_1048,L-Rhamnulose,rmn[c] <=> rml[c],,-1000.0,1000.0,C6H12O5,0,c
rml[c],r_1049,L-Rhamnulose,atp[c] + rml[c] --> adp[c] + h[c] + rml1p[c],,0.0,1000.0,C6H12O5,0,c
rml1p[c],r_1050,L-Rhamnulose 1-phosphate,rml1p[c] <=> dhap[c] + lald__L[c],,-1000.0,1000.0,C6H13O8P,-2,c
rml1p[c],r_1049,L-Rhamnulose 1-phosphate,atp[c] + rml[c] --> adp[c] + h[c] + rml1p[c],,0.0,1000.0,C6H13O8P,-2,c
rmn[e],r_1051,L-Rhamnose,rmn[c] <=> rmn[e],Transport,-1000.0,1000.0,C6H12O5,0,e
rmn[e],r_1052,L-Rhamnose,rmn[e] --> ,Exchange,0.0,1000.0,C6H12O5,0,e
34hpp[e],r_1053,3-(4-Hydroxyphenyl)pyruvate,34hpp[c] + h[c] <=> 34hpp[e] + h[e],Transport,-1000.0,1000.0,C9H7O4,-1,e
34hpp[e],r_1054,3-(4-Hydroxyphenyl)pyruvate,34hpp[e] --> ,Exchange,0.0,1000.0,C9H7O4,-1,e
acgala[c],r_1055,N-Acetyl-D-galactosamine,acgala[c] + pplhis[c] --> acgal6p[c] + phis__L[c],,0.0,1000.0,C8H15NO6,0,c
acgala[c],r_1059,N-Acetyl-D-galactosamine,acgala[c] <=> acgala[e],Transport,-1000.0,1000.0,C8H15NO6,0,c
acgal6p[c],r_1055,N-Acetyl-D-galactosamine 6-phosphate,acgala[c] + pplhis[c] --> acgal6p[c] + phis__L[c],,0.0,1000.0,C8H16NO9P,0,c
acgal6p[c],r_1056,N-Acetyl-D-galactosamine 6-phosphate,acgal6p[c] + h2o[c] <=> ac[c] + galam6p[c],,-1000.0,1000.0,C8H16NO9P,0,c
galam6p[c],r_1056,D-Galactosamine 6-phosphate,acgal6p[c] + h2o[c] <=> ac[c] + galam6p[c],,-1000.0,1000.0,C6H14NO8P,0,c
galam6p[c],r_1057,D-Galactosamine 6-phosphate,galam6p[c] + h2o[c] --> nh3[c] + tag6p__D[c],,0.0,1000.0,C6H14NO8P,0,c
tag6p__D[c],r_1058,D-Tagatose 6-phosphate,tag6p__D[c] <=> f6p[c],,-1000.0,1000.0,C6H11O9P,-2,c
tag6p__D[c],r_1057,D-Tagatose 6-phosphate,galam6p[c] + h2o[c] --> nh3[c] + tag6p__D[c],,0.0,1000.0,C6H11O9P,-2,c
acgala[e],r_1059,N-Acetyl-D-galactosamine,acgala[c] <=> acgala[e],Transport,-1000.0,1000.0,C8H15NO6,0,e
acgala[e],r_1060,N-Acetyl-D-galactosamine,acgala[e] --> ,Exchange,0.0,1000.0,C8H15NO6,0,e
n4acld[c],r_1064,N(gamma)-Acetyldiaminobutyrate,24dab[c] + accoa[c] --> coa[c] + n4acld[c],,0.0,1000.0,C6H12N2O3,0,c
n4acld[c],r_1065,N(gamma)-Acetyldiaminobutyrate,n4acld[c] --> ecto__L[c] + h2o[c] + h[c],,0.0,1000.0,C6H12N2O3,0,c
